id,page_name,action,entity_type,entity_id,details,user_id,user_name,created_at
1,Test,test,test,test-id,"{""message"":""Test activity created successfully""}",1,Test User,2025-04-02T18:31:39.618Z
2,Test,test,test,test-id,"{""message"":""Test activity created successfully""}",1,Test User,2025-04-02T18:37:16.146Z
3,Test,test,test,test-id,"{""message"":""Test activity created successfully""}",1,Test User,2025-04-02T18:38:15.223Z
4,LoadOperations,update,loadingOperation,70,"{""changedFields"":"""",""oldStatus"":""LOADING"",""newStatus"":""LOADING"",""operationId"":70,""referenceNumber"":""64441""}",11,DIVYANG PATEL,2025-04-02T18:49:49.650Z
5,LoadOperations,update,loadingOperation,72,"{""changedFields"":""status"",""oldStatus"":""LOADING"",""newStatus"":""READY≈DESP"",""operationId"":72,""referenceNumber"":""64433""}",14,YASH S PATEL,2025-04-02T23:43:07.160Z
6,LoadOperations,update,loadingOperation,73,"{""changedFields"":"""",""oldStatus"":""LOADING"",""newStatus"":""LOADING"",""operationId"":73,""referenceNumber"":""64434""}",5,BADELAL VARMA,2025-04-03T03:51:10.371Z
7,LoadOperations,update,loadingOperation,74,"{""changedFields"":"""",""oldStatus"":""LOADING"",""newStatus"":""LOADING"",""operationId"":74,""referenceNumber"":""64414""}",4,YAGNIK PATEL,2025-04-03T03:59:12.992Z
8,LoadOperations,update,loadingOperation,74,"{""changedFields"":"""",""oldStatus"":""LOADING"",""newStatus"":""LOADING"",""operationId"":74,""referenceNumber"":""64414""}",4,YAGNIK PATEL,2025-04-03T03:59:13.950Z
9,LoadOperations,update,loadingOperation,75,"{""changedFields"":"""",""oldStatus"":""LOADING"",""newStatus"":""LOADING"",""operationId"":75,""referenceNumber"":""64413""}",4,YAGNIK PATEL,2025-04-03T04:02:58.774Z
10,LoadOperations,update,loadingOperation,75,"{""changedFields"":"""",""oldStatus"":""LOADING"",""newStatus"":""LOADING"",""operationId"":75,""referenceNumber"":""64413""}",4,YAGNIK PATEL,2025-04-03T04:03:31.808Z
11,LoadOperations,update,loadingOperation,79,"{""changedFields"":"""",""oldStatus"":""LOADING"",""newStatus"":""LOADING"",""operationId"":79,""referenceNumber"":""64437""}",5,BADELAL VARMA,2025-04-03T04:36:31.035Z
12,LoadOperations,update,loadingOperation,80,"{""changedFields"":"""",""oldStatus"":""LOADING"",""newStatus"":""LOADING"",""operationId"":80,""referenceNumber"":""64436""}",5,BADELAL VARMA,2025-04-03T04:39:53.550Z
13,LoadOperations,update,loadingOperation,81,"{""changedFields"":"""",""oldStatus"":""LOADING"",""newStatus"":""LOADING"",""operationId"":81,""referenceNumber"":""64409""}",4,YAGNIK PATEL,2025-04-03T04:47:47.391Z
14,LoadOperations,update,loadingOperation,80,"{""changedFields"":""status"",""oldStatus"":""LOADING"",""newStatus"":""READY≈DESP"",""operationId"":80,""referenceNumber"":""64436""}",5,BADELAL VARMA,2025-04-03T04:57:51.337Z
15,LoadOperations,update,loadingOperation,79,"{""changedFields"":"""",""oldStatus"":""LOADING"",""newStatus"":""LOADING"",""operationId"":79,""referenceNumber"":""64437""}",5,BADELAL VARMA,2025-04-03T05:00:28.813Z
16,LoadOperations,update,loadingOperation,82,"{""changedFields"":"""",""oldStatus"":""LOADING"",""newStatus"":""LOADING"",""operationId"":82,""referenceNumber"":""64440""}",4,YAGNIK PATEL,2025-04-03T05:00:54.642Z
17,LoadOperations,update,loadingOperation,80,"{""changedFields"":"""",""oldStatus"":""READY≈DESP"",""newStatus"":""READY≈DESP"",""operationId"":80,""referenceNumber"":""64436""}",5,BADELAL VARMA,2025-04-03T05:04:50.429Z
18,LoadOperations,update,loadingOperation,79,"{""changedFields"":""status"",""oldStatus"":""LOADING"",""newStatus"":""READY≈DESP"",""operationId"":79,""referenceNumber"":""64437""}",5,BADELAL VARMA,2025-04-03T05:05:10.445Z
19,LoadOperations,update,loadingOperation,75,"{""changedFields"":""status"",""oldStatus"":""LOADING"",""newStatus"":""READY≈DESP"",""operationId"":75,""referenceNumber"":""64413""}",4,YAGNIK PATEL,2025-04-03T05:05:23.660Z
20,LoadOperations,update,loadingOperation,77,"{""changedFields"":""status"",""oldStatus"":""LOADING"",""newStatus"":""READY≈DESP"",""operationId"":77,""referenceNumber"":""64431""}",9,Dharmesh,2025-04-03T05:13:17.290Z
21,LoadOperations,update,loadingOperation,76,"{""changedFields"":""status"",""oldStatus"":""LOADING"",""newStatus"":""READY≈DESP"",""operationId"":76,""referenceNumber"":""64432""}",7,DIVYESH PATEL,2025-04-03T05:14:16.564Z
22,LoadOperations,update,loadingOperation,73,"{""changedFields"":""status"",""oldStatus"":""LOADING"",""newStatus"":""READY≈DESP"",""operationId"":73,""referenceNumber"":""64434""}",5,BADELAL VARMA,2025-04-03T05:14:51.349Z
23,LoadOperations,update,loadingOperation,84,"{""changedFields"":"""",""oldStatus"":""LOADING"",""newStatus"":""LOADING"",""operationId"":84,""referenceNumber"":""64439""}",5,BADELAL VARMA,2025-04-03T05:25:08.032Z
24,LoadOperations,update,loadingOperation,81,"{""changedFields"":""status"",""oldStatus"":""LOADING"",""newStatus"":""READY≈DESP"",""operationId"":81,""referenceNumber"":""64409""}",4,YAGNIK PATEL,2025-04-03T05:26:38.849Z
25,LoadOperations,update,loadingOperation,81,"{""changedFields"":"""",""oldStatus"":""READY≈DESP"",""newStatus"":""READY≈DESP"",""operationId"":81,""referenceNumber"":""64409""}",4,YAGNIK PATEL,2025-04-03T05:26:45.789Z
26,LoadOperations,update,loadingOperation,71,"{""changedFields"":""status"",""oldStatus"":""LOADING"",""newStatus"":""READY≈DESP"",""operationId"":71,""referenceNumber"":""64404""}",12,AKSHAY PATEL,2025-04-03T05:31:41.666Z
27,LoadOperations,update,loadingOperation,71,"{""changedFields"":"""",""oldStatus"":""READY≈DESP"",""newStatus"":""READY≈DESP"",""operationId"":71,""referenceNumber"":""64404""}",12,AKSHAY PATEL,2025-04-03T05:31:44.799Z
28,LoadOperations,update,loadingOperation,71,"{""changedFields"":"""",""oldStatus"":""READY≈DESP"",""newStatus"":""READY≈DESP"",""operationId"":71,""referenceNumber"":""64404""}",12,AKSHAY PATEL,2025-04-03T05:31:45.649Z
29,LoadOperations,update,loadingOperation,71,"{""changedFields"":"""",""oldStatus"":""READY≈DESP"",""newStatus"":""READY≈DESP"",""operationId"":71,""referenceNumber"":""64404""}",12,AKSHAY PATEL,2025-04-03T05:31:45.654Z
30,LoadOperations,update,loadingOperation,71,"{""changedFields"":"""",""oldStatus"":""READY≈DESP"",""newStatus"":""READY≈DESP"",""operationId"":71,""referenceNumber"":""64404""}",12,AKSHAY PATEL,2025-04-03T05:32:27.305Z
31,LoadOperations,update,loadingOperation,71,"{""changedFields"":"""",""oldStatus"":""READY≈DESP"",""newStatus"":""READY≈DESP"",""operationId"":71,""referenceNumber"":""64404""}",12,AKSHAY PATEL,2025-04-03T05:32:27.722Z
32,LoadOperations,update,loadingOperation,71,"{""changedFields"":"""",""oldStatus"":""READY≈DESP"",""newStatus"":""READY≈DESP"",""operationId"":71,""referenceNumber"":""64404""}",12,AKSHAY PATEL,2025-04-03T05:34:57.111Z
33,LoadOperations,update,loadingOperation,64,"{""changedFields"":"""",""oldStatus"":""LOADING"",""newStatus"":""LOADING"",""operationId"":64,""referenceNumber"":""64408""}",11,DIVYANG PATEL,2025-04-03T05:37:06.290Z
34,LoadOperations,update,loadingOperation,64,"{""changedFields"":""status"",""oldStatus"":""LOADING"",""newStatus"":""READY≈DESP"",""operationId"":64,""referenceNumber"":""64408""}",11,DIVYANG PATEL,2025-04-03T05:37:11.916Z
35,LoadOperations,update,loadingOperation,64,"{""changedFields"":"""",""oldStatus"":""READY≈DESP"",""newStatus"":""READY≈DESP"",""operationId"":64,""referenceNumber"":""64408""}",11,DIVYANG PATEL,2025-04-03T05:37:15.260Z
36,LoadOperations,update,loadingOperation,78,"{""changedFields"":""status"",""oldStatus"":""LOADING"",""newStatus"":""READY≈DESP"",""operationId"":78,""referenceNumber"":""64411""}",9,Dharmesh,2025-04-03T05:42:09.503Z
37,LoadOperations,update,loadingOperation,78,"{""changedFields"":"""",""oldStatus"":""READY≈DESP"",""newStatus"":""READY≈DESP"",""operationId"":78,""referenceNumber"":""64411""}",9,Dharmesh,2025-04-03T05:42:12.333Z
38,LoadOperations,update,loadingOperation,74,"{""changedFields"":"""",""oldStatus"":""LOADING"",""newStatus"":""LOADING"",""operationId"":74,""referenceNumber"":""64414""}",4,YAGNIK PATEL,2025-04-03T05:51:59.283Z
39,LoadOperations,update,loadingOperation,74,"{""changedFields"":""status"",""oldStatus"":""LOADING"",""newStatus"":""READY≈DESP"",""operationId"":74,""referenceNumber"":""64414""}",4,YAGNIK PATEL,2025-04-03T05:52:05.096Z
40,LoadOperations,update,loadingOperation,74,"{""changedFields"":"""",""oldStatus"":""READY≈DESP"",""newStatus"":""READY≈DESP"",""operationId"":74,""referenceNumber"":""64414""}",4,YAGNIK PATEL,2025-04-03T05:52:06.821Z
41,LoadOperations,update,loadingOperation,82,"{""changedFields"":""status"",""oldStatus"":""LOADING"",""newStatus"":""READY≈DESP"",""operationId"":82,""referenceNumber"":""64440""}",4,YAGNIK PATEL,2025-04-03T05:56:01.548Z
42,LoadOperations,update,loadingOperation,89,"{""changedFields"":""status"",""oldStatus"":""LOADING"",""newStatus"":""READY≈DESP"",""operationId"":89,""referenceNumber"":""64438""}",5,BADELAL VARMA,2025-04-03T06:09:28.679Z
43,LoadOperations,update,loadingOperation,84,"{""changedFields"":""status"",""oldStatus"":""LOADING"",""newStatus"":""READY≈DESP"",""operationId"":84,""referenceNumber"":""64439""}",5,BADELAL VARMA,2025-04-03T06:10:33.196Z
44,LoadOperations,update,loadingOperation,90,"{""changedFields"":""status"",""oldStatus"":""LOADING"",""newStatus"":""READY≈DESP"",""operationId"":90,""referenceNumber"":""64447""}",4,YAGNIK PATEL,2025-04-03T06:15:22.418Z
45,LoadOperations,update,loadingOperation,91,"{""changedFields"":"""",""oldStatus"":""LOADING"",""newStatus"":""LOADING"",""operationId"":91,""referenceNumber"":""64446""}",4,YAGNIK PATEL,2025-04-03T06:15:57.503Z
46,LoadOperations,update,loadingOperation,91,"{""changedFields"":"""",""oldStatus"":""LOADING"",""newStatus"":""LOADING"",""operationId"":91,""referenceNumber"":""64446""}",4,YAGNIK PATEL,2025-04-03T06:15:58.366Z
47,LoadOperations,update,loadingOperation,91,"{""changedFields"":""status"",""oldStatus"":""LOADING"",""newStatus"":""READY≈DESP"",""operationId"":91,""referenceNumber"":""64446""}",4,YAGNIK PATEL,2025-04-03T06:16:21.456Z
48,LoadOperations,update,loadingOperation,92,"{""changedFields"":"""",""oldStatus"":""LOADING"",""newStatus"":""LOADING"",""operationId"":92,""referenceNumber"":""64425""}",4,YAGNIK PATEL,2025-04-03T06:17:41.139Z
49,LoadOperations,update,loadingOperation,94,"{""changedFields"":""status"",""oldStatus"":""LOADING"",""newStatus"":""READY≈DESP"",""operationId"":94,""referenceNumber"":""64429""}",7,DIVYESH PATEL,2025-04-03T06:25:22.239Z
50,LoadOperations,update,loadingOperation,95,"{""changedFields"":"""",""oldStatus"":""LOADING"",""newStatus"":""LOADING"",""operationId"":95,""referenceNumber"":""64424""}",7,DIVYESH PATEL,2025-04-03T06:32:14.744Z
51,LoadOperations,update,loadingOperation,96,"{""changedFields"":"""",""oldStatus"":""LOADING"",""newStatus"":""LOADING"",""operationId"":96,""referenceNumber"":""64443""}",5,BADELAL VARMA,2025-04-03T06:44:20.309Z
52,LoadOperations,update,loadingOperation,96,"{""changedFields"":""status"",""oldStatus"":""LOADING"",""newStatus"":""READY≈DESP"",""operationId"":96,""referenceNumber"":""64443""}",5,BADELAL VARMA,2025-04-03T07:06:51.396Z
53,Sales,create,sale,107,"{""orderNumber"":""64379"",""dealer"":""GANESH TRADING CO - BASMAT"",""quantity"":800,""amount"":0,""status"":""PENDING DESP""}",4,YAGNIK PATEL,2025-04-03T08:07:20.777Z
54,Sales,create,sale,108,"{""orderNumber"":""64427"",""dealer"":""SANGAM ENTERPRISES - BANER"",""quantity"":648,""amount"":0,""status"":""PENDING DESP""}",11,DIVYANG PATEL,2025-04-03T08:07:21.712Z
55,Sales,create,sale,109,"{""orderNumber"":""64383"",""dealer"":""MAHESH AGENCY - NEWASA"",""quantity"":752,""amount"":0,""status"":""PENDING DESP""}",4,YAGNIK PATEL,2025-04-03T08:07:21.846Z
56,Sales,create,sale,110,"{""orderNumber"":""64441"",""dealer"":""CHHAYA ENTERPRISES - AMBERNATH"",""quantity"":995,""amount"":169436,""status"":""PENDING DESP""}",11,DIVYANG PATEL,2025-04-03T08:07:21.908Z
57,Sales,create,sale,111,"{""orderNumber"":""64411"",""dealer"":""AMARNATH AGENCY - LATUR"",""quantity"":897,""amount"":0,""status"":""PENDING DESP""}",9,Dharmesh,2025-04-03T08:07:22.255Z
58,Sales,create,sale,112,"{""orderNumber"":""64388"",""dealer"":""SONA ENTERPRISES - SHEVGAON"",""quantity"":879,""amount"":0,""status"":""PENDING DESP""}",4,YAGNIK PATEL,2025-04-03T08:07:22.429Z
59,Sales,create,sale,113,"{""orderNumber"":""64433"",""dealer"":""SHRUSHTI ENTERPRISES - KHALAPUR"",""quantity"":827,""amount"":0,""status"":""PENDING DESP""}",14,YASH S PATEL,2025-04-03T08:07:22.975Z
60,Sales,create,sale,114,"{""orderNumber"":""64432"",""dealer"":""K K MARKETING - KADAV"",""quantity"":845,""amount"":0,""status"":""PENDING DESP""}",7,DIVYESH PATEL,2025-04-03T08:07:23.031Z
61,Sales,create,sale,115,"{""orderNumber"":""64412"",""dealer"":""AMARNATH AGENCY - LATUR"",""quantity"":496,""amount"":0,""status"":""PENDING DESP""}",12,AKSHAY PATEL,2025-04-03T08:07:23.533Z
62,Sales,create,sale,116,"{""orderNumber"":""64404"",""dealer"":""SAI SAMARTH AGENCY - VAIJAPUR"",""quantity"":992,""amount"":0,""status"":""PENDING DESP""}",12,AKSHAY PATEL,2025-04-03T08:07:23.648Z
63,Sales,create,sale,117,"{""orderNumber"":""64417"",""dealer"":""JAGDMBA AGENCIES - OMERGA"",""quantity"":950,""amount"":0,""status"":""PENDING DESP""}",12,AKSHAY PATEL,2025-04-03T08:07:23.831Z
64,Sales,create,sale,118,"{""orderNumber"":""64445"",""dealer"":""GURUKRUPA ENTERPRISES - KALAMBOLI"",""quantity"":900,""amount"":0,""status"":""PENDING DESP""}",14,YASH S PATEL,2025-04-03T08:07:24.079Z
65,Sales,create,sale,119,"{""orderNumber"":""64418"",""dealer"":""SAI AGENCY - UJANI"",""quantity"":785,""amount"":0,""status"":""PENDING DESP""}",11,DIVYANG PATEL,2025-04-03T08:07:24.360Z
66,LoadOperations,update,loadingOperation,83,"{""changedFields"":""status"",""oldStatus"":""LOADING"",""newStatus"":""READY≈DESP"",""operationId"":83,""referenceNumber"":""64442""}",9,Dharmesh,2025-04-03T08:13:07.863Z
67,LoadOperations,update,loadingOperation,83,"{""changedFields"":"""",""oldStatus"":""READY≈DESP"",""newStatus"":""READY≈DESP"",""operationId"":83,""referenceNumber"":""64442""}",9,Dharmesh,2025-04-03T08:13:14.350Z
68,LoadOperations,update,loadingOperation,98,"{""changedFields"":"""",""oldStatus"":""LOADING"",""newStatus"":""LOADING"",""operationId"":98,""referenceNumber"":""64402""}",5,BADELAL VARMA,2025-04-03T08:14:10.488Z
69,LoadOperations,update,loadingOperation,98,"{""changedFields"":""status"",""oldStatus"":""LOADING"",""newStatus"":""READY≈DESP"",""operationId"":98,""referenceNumber"":""64402""}",5,BADELAL VARMA,2025-04-03T08:41:37.940Z
70,LoadOperations,update,loadingOperation,98,"{""changedFields"":"""",""oldStatus"":""READY≈DESP"",""newStatus"":""READY≈DESP"",""operationId"":98,""referenceNumber"":""64402""}",5,BADELAL VARMA,2025-04-03T08:41:45.867Z
71,Sales,create,sale,122,"{""orderNumber"":""64359"",""dealer"":""OMKAR DISTRIBUTORS - NARAYANGAON"",""quantity"":879,""amount"":597271,""status"":""PENDING DESP""}",3,Yash patel,2025-04-03T08:46:19.006Z
72,LoadOperations,update,loadingOperation,69,"{""changedFields"":"""",""oldStatus"":""LOADING"",""newStatus"":""LOADING"",""operationId"":69,""referenceNumber"":""64445""}",14,YASH S PATEL,2025-04-03T08:49:59.373Z
73,LoadOperations,update,loadingOperation,64,"{""changedFields"":"""",""oldStatus"":""READY≈DESP"",""newStatus"":""READY≈DESP"",""operationId"":64,""referenceNumber"":""64408""}",11,DIVYANG PATEL,2025-04-03T08:50:00.584Z
74,LoadOperations,update,loadingOperation,69,"{""changedFields"":""status"",""oldStatus"":""LOADING"",""newStatus"":""READY≈DESP"",""operationId"":69,""referenceNumber"":""64445""}",14,YASH S PATEL,2025-04-03T08:50:06.188Z
75,LoadOperations,update,loadingOperation,69,"{""changedFields"":"""",""oldStatus"":""READY≈DESP"",""newStatus"":""READY≈DESP"",""operationId"":69,""referenceNumber"":""64445""}",14,YASH S PATEL,2025-04-03T08:50:26.119Z
76,Sales,create,sale,123,"{""orderNumber"":""64359"",""dealer"":""OMKAR DISTRIBUTORS - NARAYANGAON"",""quantity"":879,""amount"":597271,""status"":""PENDING DESP""}",3,Yash patel,2025-04-03T08:51:07.155Z
77,Sales,delete,sale,118,"{""orderNumber"":""64445"",""dealer"":""GURUKRUPA ENTERPRISES - KALAMBOLI"",""quantity"":900,""amount"":0,""status"":""PENDING DESP"",""date"":""2025-04-03T08:06:15.346Z""}",14,YASH S PATEL,2025-04-03T08:51:19.388Z
78,Sales,delete,sale,113,"{""orderNumber"":""64433"",""dealer"":""SHRUSHTI ENTERPRISES - KHALAPUR"",""quantity"":827,""amount"":0,""status"":""PENDING DESP"",""date"":""2025-04-03T08:06:15.345Z""}",14,YASH S PATEL,2025-04-03T08:51:34.466Z
79,Sales,delete,sale,114,"{""orderNumber"":""64432"",""dealer"":""K K MARKETING - KADAV"",""quantity"":845,""amount"":0,""status"":""PENDING DESP"",""date"":""2025-04-03T08:06:15.345Z""}",7,DIVYESH PATEL,2025-04-03T08:51:39.094Z
80,Sales,delete,sale,83,"{""orderNumber"":""64388"",""dealer"":""SONA ENTERPRISES - SHEVGAON"",""quantity"":879,""amount"":0,""status"":""PENDING DESP"",""date"":""2025-04-02T15:50:54.361Z""}",4,YAGNIK PATEL,2025-04-03T08:53:31.749Z
81,Sales,delete,sale,112,"{""orderNumber"":""64388"",""dealer"":""SONA ENTERPRISES - SHEVGAON"",""quantity"":879,""amount"":0,""status"":""PENDING DESP"",""date"":""2025-04-03T08:06:15.344Z""}",4,YAGNIK PATEL,2025-04-03T08:53:31.815Z
82,Sales,delete,sale,82,"{""orderNumber"":""64389"",""dealer"":""DNYANESHWAR MAULI ENTERPRISES - KEDGAON"",""quantity"":870,""amount"":0,""status"":""PENDING DESP"",""date"":""2025-04-02T15:50:54.361Z""}",4,YAGNIK PATEL,2025-04-03T08:53:31.833Z
83,Sales,delete,sale,79,"{""orderNumber"":""64359"",""dealer"":""OMKAR DISTRIBUTORS - NARAYANGAON"",""quantity"":879,""amount"":0,""status"":""PENDING DESP"",""date"":""2025-04-02T15:50:54.361Z""}",3,Yash patel,2025-04-03T08:53:32.033Z
84,LoadOperations,update,loadingOperation,70,"{""changedFields"":"""",""oldStatus"":""LOADING"",""newStatus"":""LOADING"",""operationId"":70,""referenceNumber"":""64441""}",11,DIVYANG PATEL,2025-04-03T08:54:45.635Z
85,Sales,delete,sale,108,"{""orderNumber"":""64427"",""dealer"":""SANGAM ENTERPRISES - BANER"",""quantity"":648,""amount"":0,""status"":""PENDING DESP"",""date"":""2025-04-03T08:06:15.343Z""}",11,DIVYANG PATEL,2025-04-03T08:54:49.104Z
86,LoadOperations,update,loadingOperation,70,"{""changedFields"":""status"",""oldStatus"":""LOADING"",""newStatus"":""READY≈DESP"",""operationId"":70,""referenceNumber"":""64441""}",11,DIVYANG PATEL,2025-04-03T08:54:49.893Z
87,LoadOperations,update,loadingOperation,70,"{""changedFields"":"""",""oldStatus"":""READY≈DESP"",""newStatus"":""READY≈DESP"",""operationId"":70,""referenceNumber"":""64441""}",11,DIVYANG PATEL,2025-04-03T08:55:02.046Z
88,Sales,delete,sale,111,"{""orderNumber"":""64411"",""dealer"":""AMARNATH AGENCY - LATUR"",""quantity"":897,""amount"":0,""status"":""PENDING DESP"",""date"":""2025-04-03T08:06:15.344Z""}",9,Dharmesh,2025-04-03T08:55:24.722Z
89,LoadOperations,update,loadingOperation,101,"{""changedFields"":""status"",""oldStatus"":""LOADING"",""newStatus"":""READY≈DESP"",""operationId"":101,""referenceNumber"":""64410""}",3,Yash patel,2025-04-03T08:55:36.026Z
90,LoadOperations,update,loadingOperation,101,"{""changedFields"":""status"",""oldStatus"":""LOADING"",""newStatus"":""READY≈DESP"",""operationId"":101,""referenceNumber"":""64410""}",3,Yash patel,2025-04-03T08:55:36.033Z
91,LoadOperations,update,loadingOperation,101,"{""changedFields"":""status"",""oldStatus"":""READY≈DESP"",""newStatus"":""LOADING"",""operationId"":101,""referenceNumber"":""64410""}",3,Yash patel,2025-04-03T08:56:01.812Z
92,LoadOperations,update,loadingOperation,101,"{""changedFields"":"""",""oldStatus"":""LOADING"",""newStatus"":""LOADING"",""operationId"":101,""referenceNumber"":""64410""}",3,Yash patel,2025-04-03T08:56:02.294Z
93,LoadOperations,update,loadingOperation,101,"{""changedFields"":"""",""oldStatus"":""LOADING"",""newStatus"":""LOADING"",""operationId"":101,""referenceNumber"":""64410""}",3,Yash patel,2025-04-03T08:56:02.775Z
94,LoadOperations,update,loadingOperation,101,"{""changedFields"":"""",""oldStatus"":""LOADING"",""newStatus"":""LOADING"",""operationId"":101,""referenceNumber"":""64410""}",3,Yash patel,2025-04-03T08:56:02.941Z
95,Sales,delete,sale,109,"{""orderNumber"":""64383"",""dealer"":""MAHESH AGENCY - NEWASA"",""quantity"":752,""amount"":0,""status"":""PENDING DESP"",""date"":""2025-04-03T08:06:15.344Z""}",4,YAGNIK PATEL,2025-04-03T08:56:22.810Z
96,LoadOperations,update,loadingOperation,101,"{""changedFields"":"""",""oldStatus"":""LOADING"",""newStatus"":""LOADING"",""operationId"":101,""referenceNumber"":""64410""}",3,Yash patel,2025-04-03T08:56:30.416Z
97,Sales,delete,sale,65,"{""orderNumber"":""64383"",""dealer"":""MAHESH AGENCY - NEWASA"",""quantity"":752,""amount"":0,""status"":""PENDING DESP"",""date"":""2025-04-02T15:50:54.359Z""}",4,YAGNIK PATEL,2025-04-03T08:56:32.370Z
98,LoadOperations,update,loadingOperation,101,"{""changedFields"":""status"",""oldStatus"":""LOADING"",""newStatus"":""READY≈DESP"",""operationId"":101,""referenceNumber"":""64410""}",3,Yash patel,2025-04-03T08:56:34.684Z
99,LoadOperations,update,loadingOperation,101,"{""changedFields"":"""",""oldStatus"":""READY≈DESP"",""newStatus"":""READY≈DESP"",""operationId"":101,""referenceNumber"":""64410""}",3,Yash patel,2025-04-03T08:56:38.161Z
100,LoadOperations,update,loadingOperation,68,"{""changedFields"":""status"",""oldStatus"":""LOADING"",""newStatus"":""READY≈DESP"",""operationId"":68,""referenceNumber"":""64418""}",11,DIVYANG PATEL,2025-04-03T09:01:01.273Z
101,LoadOperations,update,loadingOperation,68,"{""changedFields"":"""",""oldStatus"":""READY≈DESP"",""newStatus"":""READY≈DESP"",""operationId"":68,""referenceNumber"":""64418""}",11,DIVYANG PATEL,2025-04-03T09:02:06.104Z
102,LoadOperations,update,loadingOperation,68,"{""changedFields"":"""",""oldStatus"":""READY≈DESP"",""newStatus"":""READY≈DESP"",""operationId"":68,""referenceNumber"":""64418""}",11,DIVYANG PATEL,2025-04-03T09:02:06.200Z
103,LoadOperations,update,loadingOperation,68,"{""changedFields"":"""",""oldStatus"":""READY≈DESP"",""newStatus"":""READY≈DESP"",""operationId"":68,""referenceNumber"":""64418""}",11,DIVYANG PATEL,2025-04-03T09:02:06.250Z
104,LoadOperations,update,loadingOperation,68,"{""changedFields"":"""",""oldStatus"":""READY≈DESP"",""newStatus"":""READY≈DESP"",""operationId"":68,""referenceNumber"":""64418""}",11,DIVYANG PATEL,2025-04-03T09:02:06.265Z
105,LoadOperations,update,loadingOperation,68,"{""changedFields"":""status"",""oldStatus"":""READY≈DESP"",""newStatus"":""LOADING"",""operationId"":68,""referenceNumber"":""64418""}",11,DIVYANG PATEL,2025-04-03T09:02:06.593Z
106,LoadOperations,update,loadingOperation,68,"{""changedFields"":"""",""oldStatus"":""READY≈DESP"",""newStatus"":""READY≈DESP"",""operationId"":68,""referenceNumber"":""64418""}",11,DIVYANG PATEL,2025-04-03T09:02:06.600Z
107,LoadOperations,update,loadingOperation,68,"{""changedFields"":"""",""oldStatus"":""READY≈DESP"",""newStatus"":""READY≈DESP"",""operationId"":68,""referenceNumber"":""64418""}",11,DIVYANG PATEL,2025-04-03T09:02:06.687Z
108,LoadOperations,update,loadingOperation,68,"{""changedFields"":"""",""oldStatus"":""READY≈DESP"",""newStatus"":""READY≈DESP"",""operationId"":68,""referenceNumber"":""64418""}",11,DIVYANG PATEL,2025-04-03T09:02:06.753Z
109,LoadOperations,update,loadingOperation,68,"{""changedFields"":"""",""oldStatus"":""READY≈DESP"",""newStatus"":""READY≈DESP"",""operationId"":68,""referenceNumber"":""64418""}",11,DIVYANG PATEL,2025-04-03T09:02:06.770Z
110,LoadOperations,update,loadingOperation,68,"{""changedFields"":"""",""oldStatus"":""READY≈DESP"",""newStatus"":""READY≈DESP"",""operationId"":68,""referenceNumber"":""64418""}",11,DIVYANG PATEL,2025-04-03T09:02:07.087Z
111,LoadOperations,update,loadingOperation,68,"{""changedFields"":"""",""oldStatus"":""READY≈DESP"",""newStatus"":""READY≈DESP"",""operationId"":68,""referenceNumber"":""64418""}",11,DIVYANG PATEL,2025-04-03T09:02:07.088Z
112,LoadOperations,update,loadingOperation,68,"{""changedFields"":"""",""oldStatus"":""READY≈DESP"",""newStatus"":""READY≈DESP"",""operationId"":68,""referenceNumber"":""64418""}",11,DIVYANG PATEL,2025-04-03T09:02:09.892Z
113,LoadOperations,update,loadingOperation,68,"{""changedFields"":"""",""oldStatus"":""READY≈DESP"",""newStatus"":""READY≈DESP"",""operationId"":68,""referenceNumber"":""64418""}",11,DIVYANG PATEL,2025-04-03T09:02:10.010Z
114,LoadOperations,update,loadingOperation,68,"{""changedFields"":"""",""oldStatus"":""READY≈DESP"",""newStatus"":""READY≈DESP"",""operationId"":68,""referenceNumber"":""64418""}",11,DIVYANG PATEL,2025-04-03T09:02:10.012Z
115,LoadOperations,update,loadingOperation,68,"{""changedFields"":"""",""oldStatus"":""READY≈DESP"",""newStatus"":""READY≈DESP"",""operationId"":68,""referenceNumber"":""64418""}",11,DIVYANG PATEL,2025-04-03T09:02:10.324Z
116,LoadOperations,update,loadingOperation,68,"{""changedFields"":"""",""oldStatus"":""READY≈DESP"",""newStatus"":""READY≈DESP"",""operationId"":68,""referenceNumber"":""64418""}",11,DIVYANG PATEL,2025-04-03T09:02:10.335Z
123,LoadOperations,update,loadingOperation,68,"{""changedFields"":"""",""oldStatus"":""READY≈DESP"",""newStatus"":""READY≈DESP"",""operationId"":68,""referenceNumber"":""64418""}",11,DIVYANG PATEL,2025-04-03T09:02:17.423Z
125,LoadOperations,update,loadingOperation,68,"{""changedFields"":"""",""oldStatus"":""READY≈DESP"",""newStatus"":""READY≈DESP"",""operationId"":68,""referenceNumber"":""64418""}",11,DIVYANG PATEL,2025-04-03T09:02:17.599Z
127,LoadOperations,update,loadingOperation,68,"{""changedFields"":"""",""oldStatus"":""READY≈DESP"",""newStatus"":""READY≈DESP"",""operationId"":68,""referenceNumber"":""64418""}",11,DIVYANG PATEL,2025-04-03T09:02:17.812Z
117,LoadOperations,update,loadingOperation,68,"{""changedFields"":"""",""oldStatus"":""READY≈DESP"",""newStatus"":""READY≈DESP"",""operationId"":68,""referenceNumber"":""64418""}",11,DIVYANG PATEL,2025-04-03T09:02:10.379Z
124,LoadOperations,update,loadingOperation,68,"{""changedFields"":"""",""oldStatus"":""READY≈DESP"",""newStatus"":""READY≈DESP"",""operationId"":68,""referenceNumber"":""64418""}",11,DIVYANG PATEL,2025-04-03T09:02:17.496Z
126,LoadOperations,update,loadingOperation,68,"{""changedFields"":"""",""oldStatus"":""READY≈DESP"",""newStatus"":""READY≈DESP"",""operationId"":68,""referenceNumber"":""64418""}",11,DIVYANG PATEL,2025-04-03T09:02:17.706Z
118,LoadOperations,update,loadingOperation,68,"{""changedFields"":"""",""oldStatus"":""READY≈DESP"",""newStatus"":""READY≈DESP"",""operationId"":68,""referenceNumber"":""64418""}",11,DIVYANG PATEL,2025-04-03T09:02:10.495Z
119,LoadOperations,update,loadingOperation,68,"{""changedFields"":"""",""oldStatus"":""READY≈DESP"",""newStatus"":""READY≈DESP"",""operationId"":68,""referenceNumber"":""64418""}",11,DIVYANG PATEL,2025-04-03T09:02:10.499Z
120,LoadOperations,update,loadingOperation,68,"{""changedFields"":"""",""oldStatus"":""READY≈DESP"",""newStatus"":""READY≈DESP"",""operationId"":68,""referenceNumber"":""64418""}",11,DIVYANG PATEL,2025-04-03T09:02:10.804Z
121,LoadOperations,update,loadingOperation,68,"{""changedFields"":"""",""oldStatus"":""READY≈DESP"",""newStatus"":""READY≈DESP"",""operationId"":68,""referenceNumber"":""64418""}",11,DIVYANG PATEL,2025-04-03T09:02:12.075Z
122,LoadOperations,update,loadingOperation,68,"{""changedFields"":"""",""oldStatus"":""READY≈DESP"",""newStatus"":""READY≈DESP"",""operationId"":68,""referenceNumber"":""64418""}",11,DIVYANG PATEL,2025-04-03T09:02:17.338Z
128,Sales,batch-delete,sale,61,"{""orderNumber"":""64301"",""dealer"":""SHRI NARAYANA AGENCIES - GANGAKHED"",""quantity"":89,""amount"":68373,""status"":""PENDING DESP"",""date"":""02-04-2025""}",2,Vraj,2025-04-03T09:02:34.804Z
129,LoadOperations,update,loadingOperation,65,"{""changedFields"":""status"",""oldStatus"":""LOADING"",""newStatus"":""READY≈DESP"",""operationId"":65,""referenceNumber"":""64426""}",11,DIVYANG PATEL,2025-04-03T09:05:21.892Z
130,LoadOperations,update,loadingOperation,65,"{""changedFields"":"""",""oldStatus"":""READY≈DESP"",""newStatus"":""READY≈DESP"",""operationId"":65,""referenceNumber"":""64426""}",11,DIVYANG PATEL,2025-04-03T09:05:32.544Z
131,LoadOperations,update,loadingOperation,31,"{""changedFields"":""status"",""oldStatus"":""READY≈DESP"",""newStatus"":""LOADING"",""operationId"":31,""referenceNumber"":""64363""}",2,Vraj,2025-04-03T09:07:35.637Z
132,LoadOperations,update,loadingOperation,31,"{""changedFields"":""status"",""oldStatus"":""LOADING"",""newStatus"":""READY≈DESP"",""operationId"":31,""referenceNumber"":""64363""}",2,Vraj,2025-04-03T09:07:48.187Z
133,Sales,create,sale,127,"{""orderNumber"":""64359"",""dealer"":""OMKAR DISTRIBUTORS - NARAYANGAON"",""quantity"":879,""amount"":597271,""status"":""PENDING DESP""}",3,Yash patel,2025-04-03T09:09:44.957Z
134,LoadOperations,update,loadingOperation,92,"{""changedFields"":""status"",""oldStatus"":""LOADING"",""newStatus"":""READY≈DESP"",""operationId"":92,""referenceNumber"":""64425""}",4,YAGNIK PATEL,2025-04-03T09:09:46.327Z
135,LoadOperations,update,loadingOperation,99,"{""changedFields"":""status"",""oldStatus"":""LOADING"",""newStatus"":""READY≈DESP"",""operationId"":99,""referenceNumber"":""64422""}",9,Dharmesh,2025-04-03T09:14:21.290Z
136,Sales,create,sale,129,"{""orderNumber"":""64359"",""dealer"":""OMKAR DISTRIBUTORS - NARAYANGAON"",""quantity"":879,""amount"":597271,""status"":""PENDING DESP""}",3,Yash patel,2025-04-03T09:14:26.872Z
137,LoadOperations,update,loadingOperation,99,"{""changedFields"":""status"",""oldStatus"":""READY≈DESP"",""newStatus"":""LOADING"",""operationId"":99,""referenceNumber"":""64422""}",9,Dharmesh,2025-04-03T09:14:55.984Z
138,LoadOperations,update,loadingOperation,99,"{""changedFields"":"""",""oldStatus"":""LOADING"",""newStatus"":""LOADING"",""operationId"":99,""referenceNumber"":""64422""}",9,Dharmesh,2025-04-03T09:14:56.462Z
139,LoadOperations,update,loadingOperation,99,"{""changedFields"":"""",""oldStatus"":""LOADING"",""newStatus"":""LOADING"",""operationId"":99,""referenceNumber"":""64422""}",9,Dharmesh,2025-04-03T09:14:56.945Z
140,LoadOperations,update,loadingOperation,99,"{""changedFields"":""status"",""oldStatus"":""LOADING"",""newStatus"":""READY≈DESP"",""operationId"":99,""referenceNumber"":""64422""}",9,Dharmesh,2025-04-03T09:16:04.901Z
141,LoadOperations,update,loadingOperation,99,"{""changedFields"":"""",""oldStatus"":""READY≈DESP"",""newStatus"":""READY≈DESP"",""operationId"":99,""referenceNumber"":""64422""}",9,Dharmesh,2025-04-03T09:16:12.432Z
142,LoadOperations,update,loadingOperation,99,"{""changedFields"":"""",""oldStatus"":""READY≈DESP"",""newStatus"":""READY≈DESP"",""operationId"":99,""referenceNumber"":""64422""}",9,Dharmesh,2025-04-03T09:16:12.604Z
143,LoadOperations,update,loadingOperation,99,"{""changedFields"":"""",""oldStatus"":""READY≈DESP"",""newStatus"":""READY≈DESP"",""operationId"":99,""referenceNumber"":""64422""}",9,Dharmesh,2025-04-03T09:16:12.748Z
144,LoadOperations,update,loadingOperation,103,"{""changedFields"":"""",""oldStatus"":""LOADING"",""newStatus"":""LOADING"",""operationId"":103,""referenceNumber"":""64428""}",4,YAGNIK PATEL,2025-04-03T09:19:04.515Z
145,LoadOperations,update,loadingOperation,103,"{""changedFields"":""status"",""oldStatus"":""LOADING"",""newStatus"":""READY≈DESP"",""operationId"":103,""referenceNumber"":""64428""}",4,YAGNIK PATEL,2025-04-03T09:20:10.576Z
146,LoadOperations,update,loadingOperation,103,"{""changedFields"":"""",""oldStatus"":""READY≈DESP"",""newStatus"":""READY≈DESP"",""operationId"":103,""referenceNumber"":""64428""}",4,YAGNIK PATEL,2025-04-03T09:20:15.522Z
147,LoadOperations,update,loadingOperation,97,"{""changedFields"":""status"",""oldStatus"":""LOADING"",""newStatus"":""READY≈DESP"",""operationId"":97,""referenceNumber"":""64405""}",7,DIVYESH PATEL,2025-04-03T09:21:12.434Z
148,LoadOperations,update,loadingOperation,97,"{""changedFields"":"""",""oldStatus"":""READY≈DESP"",""newStatus"":""READY≈DESP"",""operationId"":97,""referenceNumber"":""64405""}",7,DIVYESH PATEL,2025-04-03T09:21:26.966Z
149,LoadOperations,update,loadingOperation,97,"{""changedFields"":"""",""oldStatus"":""READY≈DESP"",""newStatus"":""READY≈DESP"",""operationId"":97,""referenceNumber"":""64405""}",7,DIVYESH PATEL,2025-04-03T09:21:28.262Z
150,LoadOperations,update,loadingOperation,97,"{""changedFields"":"""",""oldStatus"":""READY≈DESP"",""newStatus"":""READY≈DESP"",""operationId"":97,""referenceNumber"":""64405""}",7,DIVYESH PATEL,2025-04-03T09:21:28.337Z
151,LoadOperations,update,loadingOperation,97,"{""changedFields"":"""",""oldStatus"":""READY≈DESP"",""newStatus"":""READY≈DESP"",""operationId"":97,""referenceNumber"":""64405""}",7,DIVYESH PATEL,2025-04-03T09:21:28.514Z
152,LoadOperations,update,loadingOperation,97,"{""changedFields"":"""",""oldStatus"":""READY≈DESP"",""newStatus"":""READY≈DESP"",""operationId"":97,""referenceNumber"":""64405""}",7,DIVYESH PATEL,2025-04-03T09:21:28.635Z
153,LoadOperations,update,loadingOperation,97,"{""changedFields"":"""",""oldStatus"":""READY≈DESP"",""newStatus"":""READY≈DESP"",""operationId"":97,""referenceNumber"":""64405""}",7,DIVYESH PATEL,2025-04-03T09:21:32.025Z
154,Sales,create,sale,133,"{""orderNumber"":""64405"",""dealer"":""BALAJI AGENCIES - ASTHI"",""quantity"":940,""amount"":0,""status"":""PENDING DESP""}",7,DIVYESH PATEL,2025-04-03T09:22:14.416Z
155,LoadOperations,update,loadingOperation,95,"{""changedFields"":""status"",""oldStatus"":""LOADING"",""newStatus"":""READY≈DESP"",""operationId"":95,""referenceNumber"":""64424""}",7,DIVYESH PATEL,2025-04-03T09:22:52.883Z
156,LoadOperations,update,loadingOperation,95,"{""changedFields"":""status"",""oldStatus"":""LOADING"",""newStatus"":""READY≈DESP"",""operationId"":95,""referenceNumber"":""64424""}",7,DIVYESH PATEL,2025-04-03T09:22:53.080Z
157,LoadOperations,update,loadingOperation,72,"{""changedFields"":"""",""oldStatus"":""READY≈DESP"",""newStatus"":""READY≈DESP"",""operationId"":72,""referenceNumber"":""64433""}",14,YASH S PATEL,2025-04-03T09:23:10.849Z
158,LoadOperations,update,loadingOperation,72,"{""changedFields"":"""",""oldStatus"":""READY≈DESP"",""newStatus"":""READY≈DESP"",""operationId"":72,""referenceNumber"":""64433""}",14,YASH S PATEL,2025-04-03T09:23:20.147Z
159,LoadOperations,update,loadingOperation,105,"{""changedFields"":"""",""oldStatus"":""LOADING"",""newStatus"":""LOADING"",""operationId"":105,""referenceNumber"":""64403""}",7,DIVYESH PATEL,2025-04-03T09:23:50.351Z
160,LoadOperations,update,loadingOperation,77,"{""changedFields"":"""",""oldStatus"":""READY≈DESP"",""newStatus"":""READY≈DESP"",""operationId"":77,""referenceNumber"":""64431""}",9,Dharmesh,2025-04-03T09:23:54.160Z
161,LoadOperations,update,loadingOperation,77,"{""changedFields"":"""",""oldStatus"":""READY≈DESP"",""newStatus"":""READY≈DESP"",""operationId"":77,""referenceNumber"":""64431""}",9,Dharmesh,2025-04-03T09:23:58.153Z
162,LoadOperations,update,loadingOperation,83,"{""changedFields"":"""",""oldStatus"":""READY≈DESP"",""newStatus"":""READY≈DESP"",""operationId"":83,""referenceNumber"":""64442""}",9,Dharmesh,2025-04-03T09:24:26.172Z
163,Sales,create,sale,136,"{""orderNumber"":""64359"",""dealer"":""OMKAR DISTRIBUTORS - NARAYANGAON"",""quantity"":879,""amount"":597271,""status"":""PENDING DESP""}",3,Yash patel,2025-04-03T09:24:46.082Z
164,LoadOperations,update,loadingOperation,90,"{""changedFields"":"""",""oldStatus"":""READY≈DESP"",""newStatus"":""READY≈DESP"",""operationId"":90,""referenceNumber"":""64447""}",4,YAGNIK PATEL,2025-04-03T09:24:47.403Z
165,LoadOperations,update,loadingOperation,105,"{""changedFields"":""status"",""oldStatus"":""LOADING"",""newStatus"":""READY≈DESP"",""operationId"":105,""referenceNumber"":""64403""}",7,DIVYESH PATEL,2025-04-03T09:27:59.653Z
166,LoadOperations,update,loadingOperation,105,"{""changedFields"":"""",""oldStatus"":""READY≈DESP"",""newStatus"":""READY≈DESP"",""operationId"":105,""referenceNumber"":""64403""}",7,DIVYESH PATEL,2025-04-03T09:28:01.588Z
167,LoadOperations,update,loadingOperation,35,"{""changedFields"":"""",""oldStatus"":""READY≈DESP"",""newStatus"":""READY≈DESP"",""operationId"":35,""referenceNumber"":""64374""}",9,Dharmesh,2025-04-03T09:28:38.993Z
168,Sales,create,sale,138,"{""orderNumber"":""64420"",""dealer"":""DAMKONDWAR AGENCY - MUKRAMABAD"",""quantity"":861,""amount"":0,""status"":""PENDING DESP""}",9,Dharmesh,2025-04-03T09:28:53.778Z
169,Sales,create,sale,139,"{""orderNumber"":""64423"",""dealer"":""MAHESH ENTERPRISES - HADAPSAR"",""quantity"":694,""amount"":0,""status"":""PENDING DESP""}",9,Dharmesh,2025-04-03T09:28:53.840Z
170,Sales,create,sale,140,"{""orderNumber"":""64421"",""dealer"":""MAHAVEER TRADERS - LOHA"",""quantity"":859,""amount"":0,""status"":""PENDING DESP""}",5,BADELAL VARMA,2025-04-03T09:28:53.866Z
171,Sales,create,sale,141,"{""orderNumber"":""64430"",""dealer"":""SHIVSAI AGENCY - ALIBAUG"",""quantity"":733,""amount"":0,""status"":""PENDING DESP""}",9,Dharmesh,2025-04-03T09:28:53.876Z
172,Sales,create,sale,142,"{""orderNumber"":""64403"",""dealer"":""OM GURUDATTA AGENCY - KANNAD"",""quantity"":766,""amount"":0,""status"":""PENDING DESP""}",7,DIVYESH PATEL,2025-04-03T09:28:54.130Z
173,LoadOperations,update,loadingOperation,100,"{""changedFields"":""status"",""oldStatus"":""LOADING"",""newStatus"":""READY≈DESP"",""operationId"":100,""referenceNumber"":""64423""}",9,Dharmesh,2025-04-03T09:29:25.461Z
174,LoadOperations,update,loadingOperation,100,"{""changedFields"":"""",""oldStatus"":""READY≈DESP"",""newStatus"":""READY≈DESP"",""operationId"":100,""referenceNumber"":""64423""}",9,Dharmesh,2025-04-03T09:29:25.613Z
175,LoadOperations,update,loadingOperation,102,"{""changedFields"":"""",""oldStatus"":""LOADING"",""newStatus"":""LOADING"",""operationId"":102,""referenceNumber"":""64421""}",5,BADELAL VARMA,2025-04-03T09:29:42.321Z
176,LoadOperations,update,loadingOperation,102,"{""changedFields"":""status"",""oldStatus"":""LOADING"",""newStatus"":""READY≈DESP"",""operationId"":102,""referenceNumber"":""64421""}",5,BADELAL VARMA,2025-04-03T09:29:51.546Z
177,LoadOperations,update,loadingOperation,39,"{""changedFields"":"""",""oldStatus"":""READY≈DESP"",""newStatus"":""READY≈DESP"",""operationId"":39,""referenceNumber"":""64387""}",5,BADELAL VARMA,2025-04-03T09:29:53.366Z
178,LoadOperations,update,loadingOperation,100,"{""changedFields"":"""",""oldStatus"":""READY≈DESP"",""newStatus"":""READY≈DESP"",""operationId"":100,""referenceNumber"":""64423""}",9,Dharmesh,2025-04-03T09:30:23.445Z
179,LoadOperations,update,loadingOperation,40,"{""changedFields"":"""",""oldStatus"":""READY≈DESP"",""newStatus"":""READY≈DESP"",""operationId"":40,""referenceNumber"":""64381""}",4,YAGNIK PATEL,2025-04-03T09:30:27.917Z
180,LoadOperations,update,loadingOperation,60,"{""changedFields"":"""",""oldStatus"":""READY≈DESP"",""newStatus"":""READY≈DESP"",""operationId"":60,""referenceNumber"":""64389""}",4,YAGNIK PATEL,2025-04-03T09:31:38.145Z
181,LoadOperations,update,loadingOperation,78,"{""changedFields"":"""",""oldStatus"":""READY≈DESP"",""newStatus"":""READY≈DESP"",""operationId"":78,""referenceNumber"":""64411""}",9,Dharmesh,2025-04-03T09:34:00.644Z
182,LoadOperations,update,loadingOperation,71,"{""changedFields"":"""",""oldStatus"":""READY≈DESP"",""newStatus"":""READY≈DESP"",""operationId"":71,""referenceNumber"":""64404""}",12,AKSHAY PATEL,2025-04-03T09:34:27.206Z
183,LoadOperations,update,loadingOperation,64,"{""changedFields"":"""",""oldStatus"":""READY≈DESP"",""newStatus"":""READY≈DESP"",""operationId"":64,""referenceNumber"":""64408""}",11,DIVYANG PATEL,2025-04-03T09:34:40.757Z
184,LoadOperations,update,loadingOperation,101,"{""changedFields"":"""",""oldStatus"":""READY≈DESP"",""newStatus"":""READY≈DESP"",""operationId"":101,""referenceNumber"":""64410""}",3,Yash patel,2025-04-03T09:34:54.843Z
185,LoadOperations,update,loadingOperation,67,"{""changedFields"":"""",""oldStatus"":""READY≈DESP"",""newStatus"":""READY≈DESP"",""operationId"":67,""referenceNumber"":""64412""}",12,AKSHAY PATEL,2025-04-03T09:35:30.425Z
186,LoadOperations,update,loadingOperation,63,"{""changedFields"":"""",""oldStatus"":""READY≈DESP"",""newStatus"":""READY≈DESP"",""operationId"":63,""referenceNumber"":""64417""}",12,AKSHAY PATEL,2025-04-03T09:36:24.335Z
187,Sales,create,sale,143,"{""orderNumber"":""64359"",""dealer"":""OMKAR DISTRIBUTORS - NARAYANGAON"",""quantity"":879,""amount"":597271,""status"":""PENDING DESP""}",3,Yash patel,2025-04-03T09:36:24.885Z
188,LoadOperations,update,loadingOperation,68,"{""changedFields"":"""",""oldStatus"":""READY≈DESP"",""newStatus"":""READY≈DESP"",""operationId"":68,""referenceNumber"":""64418""}",11,DIVYANG PATEL,2025-04-03T09:37:10.264Z
189,LoadOperations,update,loadingOperation,66,"{""changedFields"":"""",""oldStatus"":""READY≈DESP"",""newStatus"":""READY≈DESP"",""operationId"":66,""referenceNumber"":""64427""}",11,DIVYANG PATEL,2025-04-03T09:37:27.024Z
190,LoadOperations,update,loadingOperation,73,"{""changedFields"":"""",""oldStatus"":""READY≈DESP"",""newStatus"":""READY≈DESP"",""operationId"":73,""referenceNumber"":""64434""}",5,BADELAL VARMA,2025-04-03T09:37:41.179Z
191,Sales,batch-delete,sale,129,"{""orderNumber"":""64359"",""dealer"":""OMKAR DISTRIBUTORS - NARAYANGAON"",""quantity"":879,""amount"":597271,""status"":""PENDING DESP"",""date"":""2025-04-02""}",3,Yash patel,2025-04-03T09:40:15.033Z
192,Sales,batch-delete,sale,127,"{""orderNumber"":""64359"",""dealer"":""OMKAR DISTRIBUTORS - NARAYANGAON"",""quantity"":879,""amount"":597271,""status"":""PENDING DESP"",""date"":""2025-04-03T09:09:41.370Z""}",3,Yash patel,2025-04-03T09:40:15.344Z
193,Sales,batch-delete,sale,123,"{""orderNumber"":""64359"",""dealer"":""OMKAR DISTRIBUTORS - NARAYANGAON"",""quantity"":879,""amount"":597271,""status"":""PENDING DESP"",""date"":""2025-04-03T08:51:03.536Z""}",3,Yash patel,2025-04-03T09:40:15.637Z
194,Sales,batch-delete,sale,122,"{""orderNumber"":""64359"",""dealer"":""OMKAR DISTRIBUTORS - NARAYANGAON"",""quantity"":879,""amount"":597271,""status"":""PENDING DESP"",""date"":""2025-04-03T08:46:15.404Z""}",3,Yash patel,2025-04-03T09:40:15.929Z
195,Sales,batch-delete,sale,85,"{""orderNumber"":""64359"",""dealer"":""OMKAR DISTRIBUTORS - NARAYANGAON"",""quantity"":879,""amount"":597271,""status"":""PENDING DESP"",""date"":""2025-04-02T15:57:33.732Z""}",3,Yash patel,2025-04-03T09:40:16.220Z
196,Sales,batch-delete,sale,77,"{""orderNumber"":""64360"",""dealer"":""OMKAR DISTRIBUTORS - NARAYANGAON"",""quantity"":790,""amount"":0,""status"":""PENDING DESP"",""date"":""2025-04-02T15:50:54.361Z""}",3,Yash patel,2025-04-03T09:40:16.512Z
197,Sales,batch-delete,sale,47,"{""orderNumber"":""64359"",""dealer"":""OMKAR DISTRIBUTORS - NARAYANGAON"",""quantity"":879,""amount"":597271,""status"":""PENDING DESP"",""date"":""02-04-2025""}",3,Yash patel,2025-04-03T09:40:16.806Z
198,Sales,batch-delete,sale,78,"{""orderNumber"":""64361"",""dealer"":""RAJLAXMI ENTERPRISES - SATARA"",""quantity"":894,""amount"":0,""status"":""PENDING DESP"",""date"":""2025-04-02T15:50:54.361Z""}",9,Dharmesh,2025-04-03T09:40:17.100Z
199,Sales,batch-delete,sale,67,"{""orderNumber"":""64362"",""dealer"":""SATPUTE & SONS - SATARA"",""quantity"":864,""amount"":0,""status"":""PENDING DESP"",""date"":""2025-04-02T15:50:54.359Z""}",9,Dharmesh,2025-04-03T09:40:17.391Z
200,Sales,batch-delete,sale,75,"{""orderNumber"":""64366"",""dealer"":""NAVYA ENTERPRISES - GHANSOLI"",""quantity"":1106,""amount"":0,""status"":""PENDING DESP"",""date"":""2025-04-02T15:50:54.360Z""}",9,Dharmesh,2025-04-03T09:40:17.684Z
201,Sales,batch-delete,sale,71,"{""orderNumber"":""64367"",""dealer"":""SAI KRUPA ENTERPRISE - KALYAN"",""quantity"":729,""amount"":0,""status"":""PENDING DESP"",""date"":""2025-04-02T15:50:54.360Z""}",3,Yash patel,2025-04-03T09:40:17.977Z
202,Sales,batch-delete,sale,72,"{""orderNumber"":""64368"",""dealer"":""PRAGATI SALES AGENCY - VASHI"",""quantity"":728,""amount"":0,""status"":""PENDING DESP"",""date"":""2025-04-02T15:50:54.360Z""}",3,Yash patel,2025-04-03T09:40:18.269Z
203,Sales,batch-delete,sale,74,"{""orderNumber"":""64369"",""dealer"":""PRABHU SALES AGENCY - PANVEL"",""quantity"":847,""amount"":0,""status"":""PENDING DESP"",""date"":""2025-04-02T15:50:54.360Z""}",3,Yash patel,2025-04-03T09:40:18.563Z
204,Sales,batch-delete,sale,84,"{""orderNumber"":""64370"",""dealer"":""VAHANVATI AGENCY - KHED"",""quantity"":812,""amount"":581353,""status"":""PENDING DESP"",""date"":""2025-04-02T15:53:27.959Z""}",3,Yash patel,2025-04-03T09:40:18.855Z
205,Sales,batch-delete,sale,64,"{""orderNumber"":""64370"",""dealer"":""VAHANVATI AGENCY - KHED"",""quantity"":812,""amount"":0,""status"":""PENDING DESP"",""date"":""2025-04-02T15:50:54.358Z""}",3,Yash patel,2025-04-03T09:40:19.148Z
206,Sales,batch-delete,sale,63,"{""orderNumber"":""64370"",""dealer"":""VAHANVATI AGENCY - KHED"",""quantity"":812,""amount"":581353,""status"":""PENDING DESP"",""date"":""2025-04-02T15:47:07.889Z""}",3,Yash patel,2025-04-03T09:40:19.438Z
207,Sales,batch-delete,sale,52,"{""orderNumber"":""64370"",""dealer"":""VAHANVATI AGENCY - KHED"",""quantity"":810,""amount"":578885,""status"":""PENDING DESP"",""date"":""02-04-2025""}",3,Yash patel,2025-04-03T09:40:19.734Z
208,Sales,batch-delete,sale,69,"{""orderNumber"":""64371"",""dealer"":""HASMUKH TEA DEPOT - DAPOLI"",""quantity"":763,""amount"":0,""status"":""PENDING DESP"",""date"":""2025-04-02T15:50:54.359Z""}",9,Dharmesh,2025-04-03T09:40:20.027Z
209,Sales,batch-delete,sale,81,"{""orderNumber"":""64372"",""dealer"":""PRAMUKH AGENCY - ROHA"",""quantity"":738,""amount"":0,""status"":""PENDING DESP"",""date"":""2025-04-02T15:50:54.361Z""}",4,YAGNIK PATEL,2025-04-03T09:40:20.323Z
210,Sales,batch-delete,sale,73,"{""orderNumber"":""64378"",""dealer"":""S K SALES - DIVA"",""quantity"":884,""amount"":0,""status"":""PENDING DESP"",""date"":""2025-04-02T15:50:54.360Z""}",4,YAGNIK PATEL,2025-04-03T09:40:20.615Z
211,Sales,batch-delete,sale,107,"{""orderNumber"":""64379"",""dealer"":""GANESH TRADING CO - BASMAT"",""quantity"":800,""amount"":0,""status"":""PENDING DESP"",""date"":""2025-04-03T08:06:15.342Z""}",4,YAGNIK PATEL,2025-04-03T09:40:20.907Z
212,Sales,batch-delete,sale,66,"{""orderNumber"":""64379"",""dealer"":""GANESH TRADING CO - BASMAT"",""quantity"":800,""amount"":0,""status"":""PENDING DESP"",""date"":""2025-04-02T15:50:54.359Z""}",4,YAGNIK PATEL,2025-04-03T09:40:21.205Z
213,Sales,batch-delete,sale,80,"{""orderNumber"":""64381"",""dealer"":""MAHESH ENTERPRISES - HADAPSAR"",""quantity"":878,""amount"":0,""status"":""PENDING DESP"",""date"":""2025-04-02T15:50:54.361Z""}",4,YAGNIK PATEL,2025-04-03T09:40:21.501Z
214,LoadOperations,update,loadingOperation,73,"{""changedFields"":"""",""oldStatus"":""READY≈DESP"",""newStatus"":""READY≈DESP"",""operationId"":73,""referenceNumber"":""64434""}",5,BADELAL VARMA,2025-04-03T09:41:04.562Z
215,LoadOperations,update,loadingOperation,78,"{""changedFields"":"""",""oldStatus"":""READY≈DESP"",""newStatus"":""READY≈DESP"",""operationId"":78,""referenceNumber"":""64411""}",9,Dharmesh,2025-04-03T09:41:29.533Z
216,LoadOperations,update,loadingOperation,93,"{""changedFields"":"""",""oldStatus"":""LOADING"",""newStatus"":""LOADING"",""operationId"":93,""referenceNumber"":""64430""}",9,Dharmesh,2025-04-03T09:44:13.768Z
217,LoadOperations,update,loadingOperation,104,"{""changedFields"":"""",""oldStatus"":""LOADING"",""newStatus"":""LOADING"",""operationId"":104,""referenceNumber"":""64420""}",9,Dharmesh,2025-04-03T09:44:24.803Z
218,LoadOperations,update,loadingOperation,102,"{""changedFields"":"""",""oldStatus"":""READY≈DESP"",""newStatus"":""READY≈DESP"",""operationId"":102,""referenceNumber"":""64421""}",5,BADELAL VARMA,2025-04-03T09:45:35.434Z
219,Sales,create,sale,144,"{""orderNumber"":""64359"",""dealer"":""OMKAR DISTRIBUTORS - NARAYANGAON"",""quantity"":879,""amount"":597271,""status"":""PENDING DESP""}",3,Yash patel,2025-04-03T09:46:49.268Z
220,LoadOperations,update,loadingOperation,106,"{""changedFields"":"""",""oldStatus"":""LOADING"",""newStatus"":""LOADING"",""operationId"":106,""referenceNumber"":""64407""}",5,BADELAL VARMA,2025-04-03T09:47:41.255Z
221,Sales,batch-delete,sale,143,"{""orderNumber"":""64359"",""dealer"":""OMKAR DISTRIBUTORS - NARAYANGAON"",""quantity"":879,""amount"":597271,""status"":""PENDING DESP"",""date"":""2025-04-02""}",3,Yash patel,2025-04-03T09:49:07.341Z
222,Sales,batch-delete,sale,142,"{""orderNumber"":""64403"",""dealer"":""OM GURUDATTA AGENCY - KANNAD"",""quantity"":766,""amount"":0,""status"":""PENDING DESP"",""date"":""2025-04-03""}",7,DIVYESH PATEL,2025-04-03T09:49:07.643Z
223,Sales,batch-delete,sale,116,"{""orderNumber"":""64404"",""dealer"":""SAI SAMARTH AGENCY - VAIJAPUR"",""quantity"":992,""amount"":0,""status"":""PENDING DESP"",""date"":""2025-04-03T08:06:15.346Z""}",12,AKSHAY PATEL,2025-04-03T09:49:07.946Z
224,Sales,batch-delete,sale,133,"{""orderNumber"":""64405"",""dealer"":""BALAJI AGENCIES - ASTHI"",""quantity"":940,""amount"":0,""status"":""PENDING DESP"",""date"":""2025-04-03""}",7,DIVYESH PATEL,2025-04-03T09:49:08.248Z
225,Sales,batch-delete,sale,125,"{""orderNumber"":""64410"",""dealer"":""SHIVAM MARKETING - PATHARI"",""quantity"":930,""amount"":669033,""status"":""PENDING DESP"",""date"":""03-04-2025""}",3,Yash patel,2025-04-03T09:49:08.550Z
226,Sales,batch-delete,sale,115,"{""orderNumber"":""64412"",""dealer"":""AMARNATH AGENCY - LATUR"",""quantity"":496,""amount"":0,""status"":""PENDING DESP"",""date"":""2025-04-03T08:06:15.345Z""}",12,AKSHAY PATEL,2025-04-03T09:49:08.850Z
227,Sales,batch-delete,sale,117,"{""orderNumber"":""64417"",""dealer"":""JAGDMBA AGENCIES - OMERGA"",""quantity"":950,""amount"":0,""status"":""PENDING DESP"",""date"":""2025-04-03T08:06:15.346Z""}",12,AKSHAY PATEL,2025-04-03T09:49:09.152Z
228,Sales,batch-delete,sale,135,"{""orderNumber"":""64424"",""dealer"":""RAJASHREE SALES - RASTA PETH"",""quantity"":728,""amount"":547946,""status"":""PENDING DESP"",""date"":""03-04-2025""}",7,DIVYESH PATEL,2025-04-03T09:49:09.456Z
229,LoadOperations,update,loadingOperation,104,"{""changedFields"":""status"",""oldStatus"":""LOADING"",""newStatus"":""READY≈DESP"",""operationId"":104,""referenceNumber"":""64420""}",9,Dharmesh,2025-04-03T09:52:14.502Z
230,LoadOperations,update,loadingOperation,104,"{""changedFields"":"""",""oldStatus"":""READY≈DESP"",""newStatus"":""READY≈DESP"",""operationId"":104,""referenceNumber"":""64420""}",9,Dharmesh,2025-04-03T09:52:19.585Z
231,LoadOperations,update,loadingOperation,107,"{""changedFields"":"""",""oldStatus"":""LOADING"",""newStatus"":""LOADING"",""operationId"":107,""referenceNumber"":""64435""}",4,YAGNIK PATEL,2025-04-03T09:53:19.414Z
232,Sales,create,sale,145,"{""orderNumber"":""64436"",""dealer"":""SHOURYA ENTERPRISES - RAJAPUR"",""quantity"":541,""amount"":0,""status"":""PENDING DESP""}",5,BADELAL VARMA,2025-04-03T09:53:23.274Z
233,Sales,create,sale,146,"{""orderNumber"":""64433"",""dealer"":""SHRUSHTI ENTERPRISES - KHALAPUR"",""quantity"":827,""amount"":0,""status"":""PENDING DESP""}",14,YASH S PATEL,2025-04-03T09:53:24.276Z
234,Sales,create,sale,147,"{""orderNumber"":""64445"",""dealer"":""GURUKRUPA ENTERPRISES - KALAMBOLI"",""quantity"":900,""amount"":0,""status"":""PENDING DESP""}",14,YASH S PATEL,2025-04-03T09:53:24.930Z
235,Sales,create,sale,148,"{""orderNumber"":""64441"",""dealer"":""CHHAYA ENTERPRISES - AMBERNATH"",""quantity"":995,""amount"":169436,""status"":""PENDING DESP""}",11,DIVYANG PATEL,2025-04-03T09:53:25.874Z
236,Sales,create,sale,149,"{""orderNumber"":""64414"",""dealer"":""F K DISTRIBUTORS - DHARASHIV"",""quantity"":868,""amount"":0,""status"":""PENDING DESP""}",4,YAGNIK PATEL,2025-04-03T09:53:26.182Z
237,Sales,create,sale,150,"{""orderNumber"":""64413"",""dealer"":""VISHNUPANT TRADERS - KALAMB"",""quantity"":436,""amount"":0,""status"":""PENDING DESP""}",4,YAGNIK PATEL,2025-04-03T09:53:26.828Z
238,Sales,create,sale,151,"{""orderNumber"":""64411"",""dealer"":""AMARNATH AGENCY - LATUR"",""quantity"":897,""amount"":0,""status"":""PENDING DESP""}",9,Dharmesh,2025-04-03T09:53:27.132Z
239,Sales,create,sale,152,"{""orderNumber"":""64409"",""dealer"":""ISHWARKRUPA MARKETING - PARLI VAIJNATH"",""quantity"":947,""amount"":0,""status"":""PENDING DESP""}",4,YAGNIK PATEL,2025-04-03T09:53:27.590Z
240,Sales,create,sale,153,"{""orderNumber"":""64442"",""dealer"":""UMANG AGENCY - SHELAR"",""quantity"":876,""amount"":0,""status"":""PENDING DESP""}",9,Dharmesh,2025-04-03T09:53:27.784Z
241,Sales,create,sale,154,"{""orderNumber"":""64440"",""dealer"":""VEDANT ENTERPRISES - SAWANTWADI"",""quantity"":856,""amount"":0,""status"":""PENDING DESP""}",4,YAGNIK PATEL,2025-04-03T09:53:28.631Z
242,LoadOperations,update,loadingOperation,107,"{""changedFields"":""status"",""oldStatus"":""LOADING"",""newStatus"":""READY≈DESP"",""operationId"":107,""referenceNumber"":""64435""}",4,YAGNIK PATEL,2025-04-03T09:53:56.627Z
243,LoadOperations,update,loadingOperation,107,"{""changedFields"":"""",""oldStatus"":""READY≈DESP"",""newStatus"":""READY≈DESP"",""operationId"":107,""referenceNumber"":""64435""}",4,YAGNIK PATEL,2025-04-03T09:54:01.380Z
244,LoadOperations,update,loadingOperation,108,"{""changedFields"":"""",""oldStatus"":""LOADING"",""newStatus"":""LOADING"",""operationId"":108,""referenceNumber"":""64415""}",6,PRIYANK PATEL,2025-04-03T09:54:52.298Z
245,Sales,create,sale,156,"{""orderNumber"":""64359"",""dealer"":""OMKAR DISTRIBUTORS - NARAYANGAON"",""quantity"":879,""amount"":597271,""status"":""PENDING DESP""}",3,Yash patel,2025-04-03T09:57:25.784Z
246,LoadOperations,update,loadingOperation,109,"{""changedFields"":"""",""oldStatus"":""LOADING"",""newStatus"":""LOADING"",""operationId"":109,""referenceNumber"":""64416""}",6,PRIYANK PATEL,2025-04-03T09:57:59.140Z
247,Sales,create,sale,157,"{""orderNumber"":""64359"",""dealer"":""OMKAR DISTRIBUTORS - NARAYANGAON"",""quantity"":879,""amount"":597271,""status"":""PENDING DESP""}",3,Yash patel,2025-04-03T10:02:43.792Z
248,Sales,batch-delete,sale,156,"{""orderNumber"":""64359"",""dealer"":""OMKAR DISTRIBUTORS - NARAYANGAON"",""quantity"":879,""amount"":597271,""status"":""PENDING DESP"",""date"":""2025-04-02""}",3,Yash patel,2025-04-03T10:05:01.467Z
249,Sales,batch-delete,sale,144,"{""orderNumber"":""64359"",""dealer"":""OMKAR DISTRIBUTORS - NARAYANGAON"",""quantity"":879,""amount"":597271,""status"":""PENDING DESP"",""date"":""2025-04-02""}",3,Yash patel,2025-04-03T10:05:01.775Z
250,Sales,create,sale,158,"{""orderNumber"":""64359"",""dealer"":""OMKAR DISTRIBUTORS - NARAYANGAON"",""quantity"":879,""amount"":597271,""status"":""PENDING DESP""}",3,Yash patel,2025-04-03T10:11:48.381Z
251,Sales,create,sale,159,"{""orderNumber"":""64359"",""dealer"":""OMKAR DISTRIBUTORS - NARAYANGAON"",""quantity"":879,""amount"":597271,""status"":""PENDING DESP""}",3,Yash patel,2025-04-03T10:15:14.658Z
252,Sales,batch-delete,sale,158,"{""orderNumber"":""64359"",""dealer"":""OMKAR DISTRIBUTORS - NARAYANGAON"",""quantity"":879,""amount"":597271,""status"":""PENDING DESP"",""date"":""2025-04-02T15:50:54.359Z""}",3,Yash patel,2025-04-03T10:15:48.897Z
253,Sales,batch-delete,sale,157,"{""orderNumber"":""64359"",""dealer"":""OMKAR DISTRIBUTORS - NARAYANGAON"",""quantity"":879,""amount"":597271,""status"":""PENDING DESP"",""date"":""2025-04-02T15:50:54.359Z""}",3,Yash patel,2025-04-03T10:15:49.196Z
254,Sales,batch-delete,sale,146,"{""orderNumber"":""64433"",""dealer"":""SHRUSHTI ENTERPRISES - KHALAPUR"",""quantity"":827,""amount"":0,""status"":""PENDING DESP"",""date"":""2025-04-03T15:50:54.359Z""}",14,YASH S PATEL,2025-04-03T10:18:16.508Z
255,Sales,batch-delete,sale,145,"{""orderNumber"":""64436"",""dealer"":""SHOURYA ENTERPRISES - RAJAPUR"",""quantity"":541,""amount"":0,""status"":""PENDING DESP"",""date"":""2025-04-03T15:50:54.359Z""}",5,BADELAL VARMA,2025-04-03T10:18:16.798Z
256,Sales,batch-delete,sale,154,"{""orderNumber"":""64440"",""dealer"":""VEDANT ENTERPRISES - SAWANTWADI"",""quantity"":856,""amount"":0,""status"":""PENDING DESP"",""date"":""2025-04-03T15:50:54.359Z""}",4,YAGNIK PATEL,2025-04-03T10:18:17.088Z
257,Sales,batch-delete,sale,148,"{""orderNumber"":""64441"",""dealer"":""CHHAYA ENTERPRISES - AMBERNATH"",""quantity"":995,""amount"":169436,""status"":""PENDING DESP"",""date"":""2025-04-03T15:50:54.359Z""}",11,DIVYANG PATEL,2025-04-03T10:18:17.379Z
258,Sales,batch-delete,sale,153,"{""orderNumber"":""64442"",""dealer"":""UMANG AGENCY - SHELAR"",""quantity"":876,""amount"":0,""status"":""PENDING DESP"",""date"":""2025-04-03T15:50:54.359Z""}",9,Dharmesh,2025-04-03T10:18:17.675Z
259,Sales,batch-delete,sale,152,"{""orderNumber"":""64409"",""dealer"":""ISHWARKRUPA MARKETING - PARLI VAIJNATH"",""quantity"":947,""amount"":0,""status"":""PENDING DESP"",""date"":""2025-04-03T15:50:54.359Z""}",4,YAGNIK PATEL,2025-04-03T10:20:06.103Z
260,Sales,batch-delete,sale,151,"{""orderNumber"":""64411"",""dealer"":""AMARNATH AGENCY - LATUR"",""quantity"":897,""amount"":0,""status"":""PENDING DESP"",""date"":""2025-04-03T15:50:54.359Z""}",9,Dharmesh,2025-04-03T10:20:06.304Z
261,Sales,batch-delete,sale,150,"{""orderNumber"":""64413"",""dealer"":""VISHNUPANT TRADERS - KALAMB"",""quantity"":436,""amount"":0,""status"":""PENDING DESP"",""date"":""2025-04-03T15:50:54.359Z""}",4,YAGNIK PATEL,2025-04-03T10:20:06.464Z
262,Sales,batch-delete,sale,149,"{""orderNumber"":""64414"",""dealer"":""F K DISTRIBUTORS - DHARASHIV"",""quantity"":868,""amount"":0,""status"":""PENDING DESP"",""date"":""2025-04-03T15:50:54.359Z""}",4,YAGNIK PATEL,2025-04-03T10:20:06.609Z
263,Sales,create,sale,160,"{""orderNumber"":""64359"",""dealer"":""OMKAR DISTRIBUTORS - NARAYANGAON"",""quantity"":879,""amount"":597271,""status"":""PENDING DESP""}",3,Yash patel,2025-04-03T10:23:15.552Z
264,Sales,delete,sale,136,"{""orderNumber"":""64359"",""dealer"":""OMKAR DISTRIBUTORS - NARAYANGAON"",""quantity"":879,""amount"":597271,""status"":""PENDING DESP"",""date"":""2025-04-02T15:50:54.359Z""}",3,Yash patel,2025-04-03T10:24:00.739Z
265,Sales,create,sale,161,"{""orderNumber"":""64407"",""dealer"":""TANMAY MARKETING - AMBEJOGAI"",""quantity"":749,""amount"":0,""status"":""PENDING DESP""}",5,BADELAL VARMA,2025-04-03T10:24:36.859Z
266,LoadOperations,update,loadingOperation,110,"{""changedFields"":"""",""oldStatus"":""LOADING"",""newStatus"":""LOADING"",""operationId"":110,""referenceNumber"":""64444""}",4,YAGNIK PATEL,2025-04-03T10:26:52.835Z
267,LoadOperations,update,loadingOperation,111,"{""changedFields"":"""",""oldStatus"":""LOADING"",""newStatus"":""LOADING"",""operationId"":111,""referenceNumber"":""64406""}",5,BADELAL VARMA,2025-04-03T10:29:31.661Z
268,LoadOperations,update,loadingOperation,111,"{""changedFields"":"""",""oldStatus"":""LOADING"",""newStatus"":""LOADING"",""operationId"":111,""referenceNumber"":""64406""}",5,BADELAL VARMA,2025-04-03T10:29:56.683Z
269,Sales,create,sale,164,"{""orderNumber"":""64361"",""dealer"":""RAJLAXMI ENTERPRISES - SATARA"",""quantity"":894,""amount"":0,""status"":""PENDING DESP""}",9,Dharmesh,2025-04-03T12:30:04.080Z
279,Sales,create,sale,171,"{""orderNumber"":""64385"",""dealer"":""MAHAVIR TRADERS - PATHARDI"",""quantity"":898,""amount"":0,""status"":""PENDING DESP""}",2,Vraj,2025-04-03T12:30:04.143Z
271,Sales,create,sale,179,"{""orderNumber"":""64387"",""dealer"":""VAIBHAV AGENCY - AHMEDNAGAR"",""quantity"":911,""amount"":0,""status"":""PENDING DESP""}",5,BADELAL VARMA,2025-04-03T12:30:04.085Z
282,Sales,create,sale,176,"{""orderNumber"":""64376"",""dealer"":""VIJAY LAXMI ENTERPRISES - BHIWANDI"",""quantity"":639,""amount"":0,""status"":""PENDING DESP""}",5,BADELAL VARMA,2025-04-03T12:30:04.155Z
270,Sales,create,sale,168,"{""orderNumber"":""64441"",""dealer"":""CHHAYA ENTERPRISES - AMBERNATH"",""quantity"":995,""amount"":0,""status"":""PENDING DESP""}",11,DIVYANG PATEL,2025-04-03T12:30:04.083Z
280,Sales,create,sale,165,"{""orderNumber"":""64359"",""dealer"":""OMKAR DISTRIBUTORS - NARAYANGAON"",""quantity"":879,""amount"":0,""status"":""PENDING DESP""}",3,Yash patel,2025-04-03T12:30:04.144Z
272,Sales,create,sale,167,"{""orderNumber"":""64418"",""dealer"":""SAI AGENCY - UJANI"",""quantity"":809,""amount"":0,""status"":""PENDING DESP""}",11,DIVYANG PATEL,2025-04-03T12:30:04.084Z
273,Sales,create,sale,162,"{""orderNumber"":""64370"",""dealer"":""VAHANVATI AGENCY - KHED"",""quantity"":812,""amount"":581353,""status"":""PENDING DESP""}",3,Yash patel,2025-04-03T12:30:04.117Z
274,Sales,create,sale,163,"{""orderNumber"":""64412"",""dealer"":""AMARNATH AGENCY - LATUR"",""quantity"":496,""amount"":0,""status"":""PENDING DESP""}",12,AKSHAY PATEL,2025-04-03T12:30:04.124Z
275,Sales,create,sale,166,"{""orderNumber"":""64433"",""dealer"":""SHRUSHTI ENTERPRISES - KHALAPUR"",""quantity"":827,""amount"":0,""status"":""PENDING DESP""}",14,YASH S PATEL,2025-04-03T12:30:04.124Z
276,Sales,create,sale,169,"{""orderNumber"":""64408"",""dealer"":""SHREYAS AGENCY - MAJALGAON"",""quantity"":917,""amount"":0,""status"":""PENDING DESP""}",11,DIVYANG PATEL,2025-04-03T12:30:04.127Z
277,Sales,create,sale,170,"{""orderNumber"":""64388"",""dealer"":""SONA ENTERPRISES - SHEVGAON"",""quantity"":879,""amount"":0,""status"":""PENDING DESP""}",4,YAGNIK PATEL,2025-04-03T12:30:04.129Z
278,Sales,create,sale,175,"{""orderNumber"":""64367"",""dealer"":""SAI KRUPA ENTERPRISE - KALYAN"",""quantity"":729,""amount"":0,""status"":""PENDING DESP""}",3,Yash patel,2025-04-03T12:30:04.129Z
281,Sales,create,sale,172,"{""orderNumber"":""64381"",""dealer"":""MAHESH ENTERPRISES - HADAPSAR"",""quantity"":878,""amount"":0,""status"":""PENDING DESP""}",4,YAGNIK PATEL,2025-04-03T12:30:04.155Z
283,Sales,create,sale,173,"{""orderNumber"":""64374"",""dealer"":""CHHAYA ENTERPRISES - AMBERNATH"",""quantity"":732,""amount"":0,""status"":""PENDING DESP""}",9,Dharmesh,2025-04-03T12:30:04.163Z
284,Sales,create,sale,174,"{""orderNumber"":""64384"",""dealer"":""SHREE GAJANAN AGENCIES - SHRIRAMPUR"",""quantity"":769,""amount"":0,""status"":""PENDING DESP""}",4,YAGNIK PATEL,2025-04-03T12:30:04.168Z
285,Sales,create,sale,178,"{""orderNumber"":""64356"",""dealer"":""SHREE VYANKATESH TRADERS - WALUJ"",""quantity"":977,""amount"":0,""status"":""PENDING DESP""}",5,BADELAL VARMA,2025-04-03T12:30:04.169Z
286,Sales,create,sale,177,"{""orderNumber"":""64355"",""dealer"":""JAIN DISTRIBUTORS - C S NAGAR"",""quantity"":824,""amount"":0,""status"":""PENDING DESP""}",4,YAGNIK PATEL,2025-04-03T12:30:04.172Z
287,LoadOperations,update,loadingOperation,110,"{""changedFields"":""status"",""oldStatus"":""LOADING"",""newStatus"":""READY≈DESP"",""operationId"":110,""referenceNumber"":""64444""}",4,YAGNIK PATEL,2025-04-03T12:35:46.897Z
288,LoadOperations,update,loadingOperation,93,"{""changedFields"":""status"",""oldStatus"":""LOADING"",""newStatus"":""READY≈DESP"",""operationId"":93,""referenceNumber"":""64430""}",9,Dharmesh,2025-04-03T12:38:48.510Z
289,LoadOperations,update,loadingOperation,93,"{""changedFields"":"""",""oldStatus"":""READY≈DESP"",""newStatus"":""READY≈DESP"",""operationId"":93,""referenceNumber"":""64430""}",9,Dharmesh,2025-04-03T12:38:48.736Z
290,LoadOperations,update,loadingOperation,93,"{""changedFields"":"""",""oldStatus"":""READY≈DESP"",""newStatus"":""READY≈DESP"",""operationId"":93,""referenceNumber"":""64430""}",9,Dharmesh,2025-04-03T12:38:48.853Z
291,LoadOperations,update,loadingOperation,93,"{""changedFields"":"""",""oldStatus"":""READY≈DESP"",""newStatus"":""READY≈DESP"",""operationId"":93,""referenceNumber"":""64430""}",9,Dharmesh,2025-04-03T12:38:48.969Z
292,LoadOperations,update,loadingOperation,93,"{""changedFields"":"""",""oldStatus"":""READY≈DESP"",""newStatus"":""READY≈DESP"",""operationId"":93,""referenceNumber"":""64430""}",9,Dharmesh,2025-04-03T12:38:49.237Z
293,LoadOperations,update,loadingOperation,93,"{""changedFields"":"""",""oldStatus"":""READY≈DESP"",""newStatus"":""READY≈DESP"",""operationId"":93,""referenceNumber"":""64430""}",9,Dharmesh,2025-04-03T12:38:49.337Z
294,LoadOperations,update,loadingOperation,93,"{""changedFields"":"""",""oldStatus"":""READY≈DESP"",""newStatus"":""READY≈DESP"",""operationId"":93,""referenceNumber"":""64430""}",9,Dharmesh,2025-04-03T12:38:49.467Z
295,LoadOperations,update,loadingOperation,93,"{""changedFields"":"""",""oldStatus"":""READY≈DESP"",""newStatus"":""READY≈DESP"",""operationId"":93,""referenceNumber"":""64430""}",9,Dharmesh,2025-04-03T12:38:49.717Z
296,LoadOperations,update,loadingOperation,93,"{""changedFields"":"""",""oldStatus"":""READY≈DESP"",""newStatus"":""READY≈DESP"",""operationId"":93,""referenceNumber"":""64430""}",9,Dharmesh,2025-04-03T12:38:49.827Z
297,LoadOperations,update,loadingOperation,109,"{""changedFields"":""status"",""oldStatus"":""LOADING"",""newStatus"":""READY≈DESP"",""operationId"":109,""referenceNumber"":""64416""}",6,PRIYANK PATEL,2025-04-03T12:43:13.499Z
298,LoadOperations,update,loadingOperation,109,"{""changedFields"":"""",""oldStatus"":""READY≈DESP"",""newStatus"":""READY≈DESP"",""operationId"":109,""referenceNumber"":""64416""}",6,PRIYANK PATEL,2025-04-03T12:43:16.155Z
299,LoadOperations,update,loadingOperation,109,"{""changedFields"":"""",""oldStatus"":""READY≈DESP"",""newStatus"":""READY≈DESP"",""operationId"":109,""referenceNumber"":""64416""}",6,PRIYANK PATEL,2025-04-03T12:43:16.331Z
300,LoadOperations,update,loadingOperation,109,"{""changedFields"":"""",""oldStatus"":""READY≈DESP"",""newStatus"":""READY≈DESP"",""operationId"":109,""referenceNumber"":""64416""}",6,PRIYANK PATEL,2025-04-03T12:43:16.404Z
301,LoadOperations,update,loadingOperation,109,"{""changedFields"":"""",""oldStatus"":""READY≈DESP"",""newStatus"":""READY≈DESP"",""operationId"":109,""referenceNumber"":""64416""}",6,PRIYANK PATEL,2025-04-03T12:43:16.469Z
302,LoadOperations,update,loadingOperation,109,"{""changedFields"":"""",""oldStatus"":""READY≈DESP"",""newStatus"":""READY≈DESP"",""operationId"":109,""referenceNumber"":""64416""}",6,PRIYANK PATEL,2025-04-03T12:43:16.638Z
303,LoadOperations,update,loadingOperation,109,"{""changedFields"":"""",""oldStatus"":""READY≈DESP"",""newStatus"":""READY≈DESP"",""operationId"":109,""referenceNumber"":""64416""}",6,PRIYANK PATEL,2025-04-03T12:43:16.814Z
304,LoadOperations,update,loadingOperation,109,"{""changedFields"":"""",""oldStatus"":""READY≈DESP"",""newStatus"":""READY≈DESP"",""operationId"":109,""referenceNumber"":""64416""}",6,PRIYANK PATEL,2025-04-03T12:43:16.883Z
305,LoadOperations,update,loadingOperation,109,"{""changedFields"":"""",""oldStatus"":""READY≈DESP"",""newStatus"":""READY≈DESP"",""operationId"":109,""referenceNumber"":""64416""}",6,PRIYANK PATEL,2025-04-03T12:43:16.950Z
306,LoadOperations,update,loadingOperation,109,"{""changedFields"":"""",""oldStatus"":""READY≈DESP"",""newStatus"":""READY≈DESP"",""operationId"":109,""referenceNumber"":""64416""}",6,PRIYANK PATEL,2025-04-03T12:43:17.137Z
307,LoadOperations,update,loadingOperation,109,"{""changedFields"":"""",""oldStatus"":""READY≈DESP"",""newStatus"":""READY≈DESP"",""operationId"":109,""referenceNumber"":""64416""}",6,PRIYANK PATEL,2025-04-03T12:43:17.307Z
308,LoadOperations,update,loadingOperation,109,"{""changedFields"":"""",""oldStatus"":""READY≈DESP"",""newStatus"":""READY≈DESP"",""operationId"":109,""referenceNumber"":""64416""}",6,PRIYANK PATEL,2025-04-03T12:43:17.368Z
309,LoadOperations,update,loadingOperation,109,"{""changedFields"":"""",""oldStatus"":""READY≈DESP"",""newStatus"":""READY≈DESP"",""operationId"":109,""referenceNumber"":""64416""}",6,PRIYANK PATEL,2025-04-03T12:43:17.431Z
310,LoadOperations,update,loadingOperation,109,"{""changedFields"":"""",""oldStatus"":""READY≈DESP"",""newStatus"":""READY≈DESP"",""operationId"":109,""referenceNumber"":""64416""}",6,PRIYANK PATEL,2025-04-03T12:43:17.625Z
311,LoadOperations,update,loadingOperation,109,"{""changedFields"":"""",""oldStatus"":""READY≈DESP"",""newStatus"":""READY≈DESP"",""operationId"":109,""referenceNumber"":""64416""}",6,PRIYANK PATEL,2025-04-03T12:43:17.795Z
312,LoadOperations,update,loadingOperation,109,"{""changedFields"":"""",""oldStatus"":""READY≈DESP"",""newStatus"":""READY≈DESP"",""operationId"":109,""referenceNumber"":""64416""}",6,PRIYANK PATEL,2025-04-03T12:43:17.857Z
313,LoadOperations,update,loadingOperation,109,"{""changedFields"":"""",""oldStatus"":""READY≈DESP"",""newStatus"":""READY≈DESP"",""operationId"":109,""referenceNumber"":""64416""}",6,PRIYANK PATEL,2025-04-03T12:43:17.913Z
314,LoadOperations,update,loadingOperation,109,"{""changedFields"":"""",""oldStatus"":""READY≈DESP"",""newStatus"":""READY≈DESP"",""operationId"":109,""referenceNumber"":""64416""}",6,PRIYANK PATEL,2025-04-03T12:43:18.129Z
315,LoadOperations,update,loadingOperation,108,"{""changedFields"":""status"",""oldStatus"":""LOADING"",""newStatus"":""READY≈DESP"",""operationId"":108,""referenceNumber"":""64415""}",6,PRIYANK PATEL,2025-04-03T12:48:55.713Z
316,LoadOperations,update,loadingOperation,108,"{""changedFields"":""status"",""oldStatus"":""LOADING"",""newStatus"":""READY≈DESP"",""operationId"":108,""referenceNumber"":""64415""}",6,PRIYANK PATEL,2025-04-03T12:48:55.752Z
317,LoadOperations,update,loadingOperation,108,"{""changedFields"":"""",""oldStatus"":""READY≈DESP"",""newStatus"":""READY≈DESP"",""operationId"":108,""referenceNumber"":""64415""}",6,PRIYANK PATEL,2025-04-03T12:48:55.825Z
318,LoadOperations,update,loadingOperation,108,"{""changedFields"":"""",""oldStatus"":""READY≈DESP"",""newStatus"":""READY≈DESP"",""operationId"":108,""referenceNumber"":""64415""}",6,PRIYANK PATEL,2025-04-03T12:48:55.893Z
319,LoadOperations,update,loadingOperation,108,"{""changedFields"":"""",""oldStatus"":""READY≈DESP"",""newStatus"":""READY≈DESP"",""operationId"":108,""referenceNumber"":""64415""}",6,PRIYANK PATEL,2025-04-03T12:48:55.988Z
320,LoadOperations,update,loadingOperation,108,"{""changedFields"":"""",""oldStatus"":""READY≈DESP"",""newStatus"":""READY≈DESP"",""operationId"":108,""referenceNumber"":""64415""}",6,PRIYANK PATEL,2025-04-03T12:48:56.066Z
321,LoadOperations,update,loadingOperation,108,"{""changedFields"":"""",""oldStatus"":""READY≈DESP"",""newStatus"":""READY≈DESP"",""operationId"":108,""referenceNumber"":""64415""}",6,PRIYANK PATEL,2025-04-03T12:48:56.315Z
322,LoadOperations,update,loadingOperation,108,"{""changedFields"":"""",""oldStatus"":""READY≈DESP"",""newStatus"":""READY≈DESP"",""operationId"":108,""referenceNumber"":""64415""}",6,PRIYANK PATEL,2025-04-03T12:49:46.149Z
323,LoadOperations,update,loadingOperation,106,"{""changedFields"":""status"",""oldStatus"":""LOADING"",""newStatus"":""READY≈DESP"",""operationId"":106,""referenceNumber"":""64407""}",5,BADELAL VARMA,2025-04-03T12:50:59.458Z
324,LoadOperations,update,loadingOperation,106,"{""changedFields"":"""",""oldStatus"":""READY≈DESP"",""newStatus"":""READY≈DESP"",""operationId"":106,""referenceNumber"":""64407""}",5,BADELAL VARMA,2025-04-03T12:51:02.351Z
325,LoadOperations,update,loadingOperation,106,"{""changedFields"":"""",""oldStatus"":""READY≈DESP"",""newStatus"":""READY≈DESP"",""operationId"":106,""referenceNumber"":""64407""}",5,BADELAL VARMA,2025-04-03T12:51:02.509Z
326,LoadOperations,update,loadingOperation,106,"{""changedFields"":"""",""oldStatus"":""READY≈DESP"",""newStatus"":""READY≈DESP"",""operationId"":106,""referenceNumber"":""64407""}",5,BADELAL VARMA,2025-04-03T12:51:02.661Z
327,LoadOperations,update,loadingOperation,106,"{""changedFields"":"""",""oldStatus"":""READY≈DESP"",""newStatus"":""READY≈DESP"",""operationId"":106,""referenceNumber"":""64407""}",5,BADELAL VARMA,2025-04-03T12:51:02.811Z
328,LoadOperations,update,loadingOperation,111,"{""changedFields"":""status"",""oldStatus"":""LOADING"",""newStatus"":""READY≈DESP"",""operationId"":111,""referenceNumber"":""64406""}",5,BADELAL VARMA,2025-04-03T12:53:49.149Z
329,LoadOperations,update,loadingOperation,111,"{""changedFields"":"""",""oldStatus"":""READY≈DESP"",""newStatus"":""READY≈DESP"",""operationId"":111,""referenceNumber"":""64406""}",5,BADELAL VARMA,2025-04-03T12:53:49.343Z
330,LoadOperations,update,loadingOperation,111,"{""changedFields"":"""",""oldStatus"":""READY≈DESP"",""newStatus"":""READY≈DESP"",""operationId"":111,""referenceNumber"":""64406""}",5,BADELAL VARMA,2025-04-03T12:53:49.375Z
331,LoadOperations,update,loadingOperation,111,"{""changedFields"":"""",""oldStatus"":""READY≈DESP"",""newStatus"":""READY≈DESP"",""operationId"":111,""referenceNumber"":""64406""}",5,BADELAL VARMA,2025-04-03T12:53:50.006Z
332,LoadOperations,update,loadingOperation,111,"{""changedFields"":"""",""oldStatus"":""READY≈DESP"",""newStatus"":""READY≈DESP"",""operationId"":111,""referenceNumber"":""64406""}",5,BADELAL VARMA,2025-04-03T12:53:50.020Z
333,LoadOperations,update,loadingOperation,111,"{""changedFields"":"""",""oldStatus"":""READY≈DESP"",""newStatus"":""READY≈DESP"",""operationId"":111,""referenceNumber"":""64406""}",5,BADELAL VARMA,2025-04-03T12:53:50.022Z
334,LoadOperations,update,loadingOperation,111,"{""changedFields"":"""",""oldStatus"":""READY≈DESP"",""newStatus"":""READY≈DESP"",""operationId"":111,""referenceNumber"":""64406""}",5,BADELAL VARMA,2025-04-03T12:53:50.354Z
335,LoadOperations,update,loadingOperation,111,"{""changedFields"":"""",""oldStatus"":""READY≈DESP"",""newStatus"":""READY≈DESP"",""operationId"":111,""referenceNumber"":""64406""}",5,BADELAL VARMA,2025-04-03T12:53:50.506Z
336,LoadOperations,update,loadingOperation,111,"{""changedFields"":"""",""oldStatus"":""READY≈DESP"",""newStatus"":""READY≈DESP"",""operationId"":111,""referenceNumber"":""64406""}",5,BADELAL VARMA,2025-04-03T12:53:50.509Z
337,LoadOperations,update,loadingOperation,111,"{""changedFields"":"""",""oldStatus"":""READY≈DESP"",""newStatus"":""READY≈DESP"",""operationId"":111,""referenceNumber"":""64406""}",5,BADELAL VARMA,2025-04-03T12:53:50.514Z
338,LoadOperations,update,loadingOperation,111,"{""changedFields"":"""",""oldStatus"":""READY≈DESP"",""newStatus"":""READY≈DESP"",""operationId"":111,""referenceNumber"":""64406""}",5,BADELAL VARMA,2025-04-03T12:53:50.846Z
339,LoadOperations,update,loadingOperation,111,"{""changedFields"":"""",""oldStatus"":""READY≈DESP"",""newStatus"":""READY≈DESP"",""operationId"":111,""referenceNumber"":""64406""}",5,BADELAL VARMA,2025-04-03T12:53:51.147Z
340,LoadOperations,update,loadingOperation,111,"{""changedFields"":"""",""oldStatus"":""READY≈DESP"",""newStatus"":""READY≈DESP"",""operationId"":111,""referenceNumber"":""64406""}",5,BADELAL VARMA,2025-04-03T12:53:51.150Z
341,LoadOperations,update,loadingOperation,111,"{""changedFields"":"""",""oldStatus"":""READY≈DESP"",""newStatus"":""READY≈DESP"",""operationId"":111,""referenceNumber"":""64406""}",5,BADELAL VARMA,2025-04-03T12:53:51.348Z
342,LoadOperations,update,loadingOperation,112,"{""changedFields"":""status"",""oldStatus"":""LOADING"",""newStatus"":""READY≈DESP"",""operationId"":112,""referenceNumber"":""64448""}",3,Yash patel,2025-04-03T13:00:49.085Z
343,LoadOperations,update,loadingOperation,113,"{""changedFields"":"""",""oldStatus"":""LOADING"",""newStatus"":""LOADING"",""operationId"":113,""referenceNumber"":""64419""}",3,Yash patel,2025-04-03T13:04:21.002Z
344,LoadOperations,update,loadingOperation,113,"{""changedFields"":""status"",""oldStatus"":""LOADING"",""newStatus"":""READY≈DESP"",""operationId"":113,""referenceNumber"":""64419""}",3,Yash patel,2025-04-03T13:04:21.153Z
345,LoadOperations,update,loadingOperation,113,"{""changedFields"":"""",""oldStatus"":""READY≈DESP"",""newStatus"":""READY≈DESP"",""operationId"":113,""referenceNumber"":""64419""}",3,Yash patel,2025-04-03T13:04:21.219Z
346,LoadOperations,update,loadingOperation,113,"{""changedFields"":"""",""oldStatus"":""READY≈DESP"",""newStatus"":""READY≈DESP"",""operationId"":113,""referenceNumber"":""64419""}",3,Yash patel,2025-04-03T13:04:21.282Z
347,LoadOperations,update,loadingOperation,113,"{""changedFields"":"""",""oldStatus"":""READY≈DESP"",""newStatus"":""READY≈DESP"",""operationId"":113,""referenceNumber"":""64419""}",3,Yash patel,2025-04-03T13:04:21.310Z
348,LoadOperations,update,loadingOperation,113,"{""changedFields"":"""",""oldStatus"":""READY≈DESP"",""newStatus"":""READY≈DESP"",""operationId"":113,""referenceNumber"":""64419""}",3,Yash patel,2025-04-03T13:04:21.355Z
349,LoadOperations,update,loadingOperation,113,"{""changedFields"":"""",""oldStatus"":""READY≈DESP"",""newStatus"":""READY≈DESP"",""operationId"":113,""referenceNumber"":""64419""}",3,Yash patel,2025-04-03T13:04:21.472Z
350,LoadOperations,update,loadingOperation,113,"{""changedFields"":"""",""oldStatus"":""READY≈DESP"",""newStatus"":""READY≈DESP"",""operationId"":113,""referenceNumber"":""64419""}",3,Yash patel,2025-04-03T13:04:21.687Z
351,LoadOperations,update,loadingOperation,113,"{""changedFields"":"""",""oldStatus"":""READY≈DESP"",""newStatus"":""READY≈DESP"",""operationId"":113,""referenceNumber"":""64419""}",3,Yash patel,2025-04-03T13:04:21.777Z
352,LoadOperations,update,loadingOperation,114,"{""changedFields"":"""",""oldStatus"":""LOADING"",""newStatus"":""LOADING"",""operationId"":114,""referenceNumber"":""64500""}",11,DIVYANG PATEL,2025-04-03T13:25:54.692Z
353,LoadOperations,update,loadingOperation,116,"{""changedFields"":"""",""oldStatus"":""LOADING"",""newStatus"":""LOADING"",""operationId"":116,""referenceNumber"":""64500""}",11,DIVYANG PATEL,2025-04-03T13:41:21.406Z
354,LoadOperations,update,loadingOperation,115,"{""changedFields"":"""",""oldStatus"":""LOADING"",""newStatus"":""LOADING"",""operationId"":115,""referenceNumber"":""64515""}",16,TEJASH M PATEL,2025-04-03T13:47:06.249Z
355,LoadOperations,update,loadingOperation,117,"{""changedFields"":"""",""oldStatus"":""LOADING"",""newStatus"":""LOADING"",""operationId"":117,""referenceNumber"":""64512""}",11,DIVYANG PATEL,2025-04-03T14:25:48.462Z
356,LoadOperations,update,loadingOperation,118,"{""changedFields"":"""",""oldStatus"":""LOADING"",""newStatus"":""LOADING"",""operationId"":118,""referenceNumber"":""64489""}",16,TEJASH M PATEL,2025-04-03T14:44:12.867Z
357,LoadOperations,update,loadingOperation,118,"{""changedFields"":"""",""oldStatus"":""LOADING"",""newStatus"":""LOADING"",""operationId"":118,""referenceNumber"":""64489""}",16,TEJASH M PATEL,2025-04-03T14:44:15.146Z
358,LoadOperations,update,loadingOperation,73,"{""changedFields"":"""",""oldStatus"":""READY≈DESP"",""newStatus"":""READY≈DESP"",""operationId"":73,""referenceNumber"":""64434""}",5,BADELAL VARMA,2025-04-03T15:28:50.910Z
359,LoadOperations,update,loadingOperation,110,"{""changedFields"":"""",""oldStatus"":""READY≈DESP"",""newStatus"":""READY≈DESP"",""operationId"":110,""referenceNumber"":""64444""}",4,YAGNIK PATEL,2025-04-03T15:29:32.126Z
360,LoadOperations,update,loadingOperation,110,"{""changedFields"":"""",""oldStatus"":""READY≈DESP"",""newStatus"":""READY≈DESP"",""operationId"":110,""referenceNumber"":""64444""}",4,YAGNIK PATEL,2025-04-03T15:29:32.968Z
361,LoadOperations,update,loadingOperation,119,"{""changedFields"":"""",""oldStatus"":""LOADING"",""newStatus"":""LOADING"",""operationId"":119,""referenceNumber"":""64511""}",11,DIVYANG PATEL,2025-04-03T16:07:42.979Z
362,LoadOperations,update,loadingOperation,120,"{""changedFields"":"""",""oldStatus"":""LOADING"",""newStatus"":""LOADING"",""operationId"":120,""referenceNumber"":""64499""}",13,DEVEN PATEL,2025-04-03T16:15:58.477Z
363,LoadOperations,update,loadingOperation,120,"{""changedFields"":"""",""oldStatus"":""LOADING"",""newStatus"":""LOADING"",""operationId"":120,""referenceNumber"":""64499""}",13,DEVEN PATEL,2025-04-03T16:51:59.476Z
364,LoadOperations,update,loadingOperation,120,"{""changedFields"":"""",""oldStatus"":""LOADING"",""newStatus"":""LOADING"",""operationId"":120,""referenceNumber"":""64499""}",13,DEVEN PATEL,2025-04-03T16:51:59.784Z
365,LoadOperations,update,loadingOperation,115,"{""changedFields"":""status"",""oldStatus"":""LOADING"",""newStatus"":""READY≈DESP"",""operationId"":115,""referenceNumber"":""64515""}",16,TEJASH M PATEL,2025-04-03T17:13:45.154Z
366,LoadOperations,update,loadingOperation,115,"{""changedFields"":"""",""oldStatus"":""READY≈DESP"",""newStatus"":""READY≈DESP"",""operationId"":115,""referenceNumber"":""64515""}",16,TEJASH M PATEL,2025-04-03T17:13:49.768Z
367,LoadOperations,update,loadingOperation,121,"{""changedFields"":"""",""oldStatus"":""LOADING"",""newStatus"":""LOADING"",""operationId"":121,""referenceNumber"":""64509""}",13,DEVEN PATEL,2025-04-03T17:33:46.380Z
368,LoadOperations,update,loadingOperation,121,"{""changedFields"":"""",""oldStatus"":""LOADING"",""newStatus"":""LOADING"",""operationId"":121,""referenceNumber"":""64509""}",13,DEVEN PATEL,2025-04-03T17:33:51.184Z
369,LoadOperations,update,loadingOperation,122,"{""changedFields"":"""",""oldStatus"":""LOADING"",""newStatus"":""LOADING"",""operationId"":122,""referenceNumber"":""64504""}",16,TEJASH M PATEL,2025-04-03T17:38:47.557Z
370,LoadOperations,update,loadingOperation,116,"{""changedFields"":""status"",""oldStatus"":""LOADING"",""newStatus"":""READY≈DESP"",""operationId"":116,""referenceNumber"":""64500""}",11,DIVYANG PATEL,2025-04-03T17:43:32.011Z
371,LoadOperations,update,loadingOperation,123,"{""changedFields"":"""",""oldStatus"":""LOADING"",""newStatus"":""LOADING"",""operationId"":123,""referenceNumber"":""64505""}",11,DIVYANG PATEL,2025-04-03T17:50:34.979Z
372,LoadOperations,update,loadingOperation,119,"{""changedFields"":""status"",""oldStatus"":""LOADING"",""newStatus"":""READY≈DESP"",""operationId"":119,""referenceNumber"":""64511""}",11,DIVYANG PATEL,2025-04-03T18:42:15.705Z
373,LoadOperations,update,loadingOperation,119,"{""changedFields"":"""",""oldStatus"":""READY≈DESP"",""newStatus"":""READY≈DESP"",""operationId"":119,""referenceNumber"":""64511""}",11,DIVYANG PATEL,2025-04-03T18:42:30.329Z
374,LoadOperations,update,loadingOperation,119,"{""changedFields"":"""",""oldStatus"":""READY≈DESP"",""newStatus"":""READY≈DESP"",""operationId"":119,""referenceNumber"":""64511""}",11,DIVYANG PATEL,2025-04-03T18:42:36.361Z
375,LoadOperations,update,loadingOperation,120,"{""changedFields"":""status"",""oldStatus"":""LOADING"",""newStatus"":""READY≈DESP"",""operationId"":120,""referenceNumber"":""64499""}",13,DEVEN PATEL,2025-04-03T18:52:42.408Z
376,LoadOperations,update,loadingOperation,120,"{""changedFields"":"""",""oldStatus"":""READY≈DESP"",""newStatus"":""READY≈DESP"",""operationId"":120,""referenceNumber"":""64499""}",13,DEVEN PATEL,2025-04-03T18:52:43.277Z
377,LoadOperations,update,loadingOperation,120,"{""changedFields"":"""",""oldStatus"":""READY≈DESP"",""newStatus"":""READY≈DESP"",""operationId"":120,""referenceNumber"":""64499""}",13,DEVEN PATEL,2025-04-03T18:52:43.295Z
378,LoadOperations,update,loadingOperation,120,"{""changedFields"":"""",""oldStatus"":""READY≈DESP"",""newStatus"":""READY≈DESP"",""operationId"":120,""referenceNumber"":""64499""}",13,DEVEN PATEL,2025-04-03T18:52:44.283Z
379,LoadOperations,update,loadingOperation,120,"{""changedFields"":"""",""oldStatus"":""READY≈DESP"",""newStatus"":""READY≈DESP"",""operationId"":120,""referenceNumber"":""64499""}",13,DEVEN PATEL,2025-04-03T18:52:44.897Z
380,LoadOperations,update,loadingOperation,120,"{""changedFields"":"""",""oldStatus"":""READY≈DESP"",""newStatus"":""READY≈DESP"",""operationId"":120,""referenceNumber"":""64499""}",13,DEVEN PATEL,2025-04-03T18:52:44.931Z
381,LoadOperations,update,loadingOperation,120,"{""changedFields"":"""",""oldStatus"":""READY≈DESP"",""newStatus"":""READY≈DESP"",""operationId"":120,""referenceNumber"":""64499""}",13,DEVEN PATEL,2025-04-03T18:52:44.943Z
382,LoadOperations,update,loadingOperation,123,"{""changedFields"":"""",""oldStatus"":""LOADING"",""newStatus"":""LOADING"",""operationId"":123,""referenceNumber"":""64505""}",11,DIVYANG PATEL,2025-04-03T18:56:45.664Z
383,LoadOperations,update,loadingOperation,121,"{""changedFields"":""status"",""oldStatus"":""LOADING"",""newStatus"":""READY≈DESP"",""operationId"":121,""referenceNumber"":""64509""}",13,DEVEN PATEL,2025-04-03T19:18:02.291Z
384,LoadOperations,update,loadingOperation,121,"{""changedFields"":"""",""oldStatus"":""READY≈DESP"",""newStatus"":""READY≈DESP"",""operationId"":121,""referenceNumber"":""64509""}",13,DEVEN PATEL,2025-04-03T19:18:02.424Z
385,LoadOperations,update,loadingOperation,121,"{""changedFields"":"""",""oldStatus"":""READY≈DESP"",""newStatus"":""READY≈DESP"",""operationId"":121,""referenceNumber"":""64509""}",13,DEVEN PATEL,2025-04-03T19:18:02.690Z
386,Sales,create,sale,193,"{""orderNumber"":""64414"",""dealer"":""F K DISTRIBUTORS - DHARASHIV"",""quantity"":868,""amount"":0,""status"":""PENDING DESP""}",4,YAGNIK PATEL,2025-04-04T01:40:46.208Z
387,Sales,create,sale,192,"{""orderNumber"":""64383"",""dealer"":""MAHESH AGENCY - NEWASA"",""quantity"":752,""amount"":0,""status"":""PENDING DESP""}",4,YAGNIK PATEL,2025-04-04T01:40:46.229Z
388,Sales,create,sale,195,"{""orderNumber"":""64417"",""dealer"":""JAGDMBA AGENCIES - OMERGA"",""quantity"":950,""amount"":0,""status"":""PENDING DESP""}",12,AKSHAY PATEL,2025-04-04T01:40:46.233Z
397,Sales,create,sale,204,"{""orderNumber"":""64442"",""dealer"":""UMANG AGENCY - SHELAR"",""quantity"":876,""amount"":0,""status"":""PENDING DESP""}",9,Dharmesh,2025-04-04T01:40:46.283Z
389,Sales,create,sale,194,"{""orderNumber"":""64370"",""dealer"":""VAHANVATI AGENCY - KHED"",""quantity"":812,""amount"":0,""status"":""PENDING DESP""}",3,Yash patel,2025-04-04T01:40:46.236Z
390,Sales,create,sale,196,"{""orderNumber"":""64389"",""dealer"":""DNYANESHWAR MAULI ENTERPRISES - KEDGAON"",""quantity"":870,""amount"":0,""status"":""PENDING DESP""}",4,YAGNIK PATEL,2025-04-04T01:40:46.249Z
391,Sales,create,sale,199,"{""orderNumber"":""64382"",""dealer"":""AASWAD ENTERPRISES - SANGAMNER"",""quantity"":724,""amount"":0,""status"":""PENDING DESP""}",5,BADELAL VARMA,2025-04-04T01:40:46.253Z
392,Sales,create,sale,198,"{""orderNumber"":""64434"",""dealer"":""OM ENTERPRISES - MURBAD"",""quantity"":905,""amount"":0,""status"":""PENDING DESP""}",5,BADELAL VARMA,2025-04-04T01:40:46.255Z
398,Sales,create,sale,203,"{""orderNumber"":""64368"",""dealer"":""PRAGATI SALES AGENCY - VASHI"",""quantity"":728,""amount"":0,""status"":""PENDING DESP""}",3,Yash patel,2025-04-04T01:40:46.288Z
400,Sales,create,sale,206,"{""orderNumber"":""64378"",""dealer"":""S K SALES - DIVA"",""quantity"":884,""amount"":0,""status"":""PENDING DESP""}",4,YAGNIK PATEL,2025-04-04T01:40:46.294Z
401,Sales,create,sale,207,"{""orderNumber"":""64367"",""dealer"":""SAI KRUPA ENTERPRISE - KALYAN"",""quantity"":729,""amount"":0,""status"":""PENDING DESP""}",3,Yash patel,2025-04-04T01:40:46.297Z
393,Sales,create,sale,197,"{""orderNumber"":""64408"",""dealer"":""SHREYAS AGENCY - MAJALGAON"",""quantity"":917,""amount"":0,""status"":""PENDING DESP""}",11,DIVYANG PATEL,2025-04-04T01:40:46.259Z
394,Sales,create,sale,200,"{""orderNumber"":""64418"",""dealer"":""SAI AGENCY - UJANI"",""quantity"":809,""amount"":0,""status"":""PENDING DESP""}",11,DIVYANG PATEL,2025-04-04T01:40:46.270Z
395,Sales,create,sale,201,"{""orderNumber"":""64369"",""dealer"":""PRABHU SALES AGENCY - PANVEL"",""quantity"":847,""amount"":0,""status"":""PENDING DESP""}",3,Yash patel,2025-04-04T01:40:46.275Z
396,Sales,create,sale,202,"{""orderNumber"":""64441"",""dealer"":""CHHAYA ENTERPRISES - AMBERNATH"",""quantity"":995,""amount"":0,""status"":""PENDING DESP""}",11,DIVYANG PATEL,2025-04-04T01:40:46.280Z
399,Sales,create,sale,205,"{""orderNumber"":""64384"",""dealer"":""SHREE GAJANAN AGENCIES - SHRIRAMPUR"",""quantity"":769,""amount"":0,""status"":""PENDING DESP""}",4,YAGNIK PATEL,2025-04-04T01:40:46.293Z
402,Sales,batch-delete,sale,68,"{""orderNumber"":""64408"",""dealer"":""SHREYAS AGENCY - MAJALGAON"",""quantity"":821,""amount"":0,""status"":""PENDING DESP"",""date"":""2025-04-03T15:50:54.359Z""}",11,DIVYANG PATEL,2025-04-04T01:43:54.999Z
403,Sales,batch-delete,sale,169,"{""orderNumber"":""64408"",""dealer"":""SHREYAS AGENCY - MAJALGAON"",""quantity"":917,""amount"":0,""status"":""PENDING DESP"",""date"":""2025-04-03""}",11,DIVYANG PATEL,2025-04-04T01:43:55.192Z
404,Sales,batch-delete,sale,163,"{""orderNumber"":""64412"",""dealer"":""AMARNATH AGENCY - LATUR"",""quantity"":496,""amount"":0,""status"":""PENDING DESP"",""date"":""2025-04-03""}",12,AKSHAY PATEL,2025-04-04T01:43:55.374Z
405,Sales,batch-delete,sale,193,"{""orderNumber"":""64414"",""dealer"":""F K DISTRIBUTORS - DHARASHIV"",""quantity"":868,""amount"":0,""status"":""PENDING DESP"",""date"":""2025-04-03""}",4,YAGNIK PATEL,2025-04-04T01:43:55.555Z
406,Sales,batch-delete,sale,183,"{""orderNumber"":""64415"",""dealer"":""BHAGWAN MAHAVIR ENTERPRISES - BARSHI"",""quantity"":615,""amount"":424877,""status"":""PENDING DESP"",""date"":""03-04-2025""}",6,PRIYANK PATEL,2025-04-04T01:43:55.735Z
407,Sales,batch-delete,sale,195,"{""orderNumber"":""64417"",""dealer"":""JAGDMBA AGENCIES - OMERGA"",""quantity"":950,""amount"":0,""status"":""PENDING DESP"",""date"":""2025-04-03""}",12,AKSHAY PATEL,2025-04-04T01:43:55.982Z
408,Sales,batch-delete,sale,119,"{""orderNumber"":""64418"",""dealer"":""SAI AGENCY - UJANI"",""quantity"":785,""amount"":0,""status"":""PENDING DESP"",""date"":""2025-04-03T15:50:54.359Z""}",11,DIVYANG PATEL,2025-04-04T01:43:56.165Z
409,Sales,batch-delete,sale,167,"{""orderNumber"":""64418"",""dealer"":""SAI AGENCY - UJANI"",""quantity"":809,""amount"":0,""status"":""PENDING DESP"",""date"":""2025-04-03""}",11,DIVYANG PATEL,2025-04-04T01:43:56.346Z
410,Sales,delete,sale,160,"{""orderNumber"":""64359"",""dealer"":""OMKAR DISTRIBUTORS - NARAYANGAON"",""quantity"":879,""amount"":597271,""status"":""PENDING DESP"",""date"":""2025-04-02""}",3,Yash patel,2025-04-04T01:44:32.785Z
411,Sales,delete,sale,165,"{""orderNumber"":""64359"",""dealer"":""OMKAR DISTRIBUTORS - NARAYANGAON"",""quantity"":879,""amount"":0,""status"":""PENDING DESP"",""date"":""2025-04-02""}",3,Yash patel,2025-04-04T01:44:56.448Z
412,Sales,batch-delete,sale,166,"{""orderNumber"":""64433"",""dealer"":""SHRUSHTI ENTERPRISES - KHALAPUR"",""quantity"":827,""amount"":0,""status"":""PENDING DESP"",""date"":""2025-04-03""}",14,YASH S PATEL,2025-04-04T01:47:36.358Z
413,Sales,batch-delete,sale,198,"{""orderNumber"":""64434"",""dealer"":""OM ENTERPRISES - MURBAD"",""quantity"":905,""amount"":0,""status"":""PENDING DESP"",""date"":""2025-04-03""}",5,BADELAL VARMA,2025-04-04T01:47:36.559Z
414,Sales,batch-delete,sale,202,"{""orderNumber"":""64441"",""dealer"":""CHHAYA ENTERPRISES - AMBERNATH"",""quantity"":995,""amount"":0,""status"":""PENDING DESP"",""date"":""2025-04-03""}",11,DIVYANG PATEL,2025-04-04T01:47:36.745Z
415,Sales,batch-delete,sale,168,"{""orderNumber"":""64441"",""dealer"":""CHHAYA ENTERPRISES - AMBERNATH"",""quantity"":995,""amount"":0,""status"":""PENDING DESP"",""date"":""2025-04-03""}",11,DIVYANG PATEL,2025-04-04T01:47:36.930Z
416,Sales,batch-delete,sale,204,"{""orderNumber"":""64442"",""dealer"":""UMANG AGENCY - SHELAR"",""quantity"":876,""amount"":0,""status"":""PENDING DESP"",""date"":""2025-04-03""}",9,Dharmesh,2025-04-04T01:47:37.118Z
417,LoadOperations,update,loadingOperation,124,"{""changedFields"":"""",""oldStatus"":""LOADING"",""newStatus"":""LOADING"",""operationId"":124,""referenceNumber"":""64501""}",13,DEVEN PATEL,2025-04-04T03:41:32.448Z
418,LoadOperations,update,loadingOperation,125,"{""changedFields"":"""",""oldStatus"":""LOADING"",""newStatus"":""LOADING"",""operationId"":125,""referenceNumber"":""64484""}",12,AKSHAY PATEL,2025-04-04T03:52:26.487Z
419,LoadOperations,update,loadingOperation,125,"{""changedFields"":"""",""oldStatus"":""LOADING"",""newStatus"":""LOADING"",""operationId"":125,""referenceNumber"":""64484""}",12,AKSHAY PATEL,2025-04-04T03:52:32.285Z
420,LoadOperations,update,loadingOperation,118,"{""changedFields"":"""",""oldStatus"":""LOADING"",""newStatus"":""LOADING"",""operationId"":118,""referenceNumber"":""64489""}",16,TEJASH M PATEL,2025-04-04T04:04:22.853Z
421,LoadOperations,update,loadingOperation,118,"{""changedFields"":""status"",""oldStatus"":""LOADING"",""newStatus"":""READY≈DESP"",""operationId"":118,""referenceNumber"":""64489""}",16,TEJASH M PATEL,2025-04-04T04:04:28.083Z
422,LoadOperations,update,loadingOperation,127,"{""changedFields"":""status"",""oldStatus"":""LOADING"",""newStatus"":""READY≈DESP"",""operationId"":127,""referenceNumber"":""64486""}",4,YAGNIK PATEL,2025-04-04T04:17:43.972Z
423,LoadOperations,update,loadingOperation,127,"{""changedFields"":"""",""oldStatus"":""READY≈DESP"",""newStatus"":""READY≈DESP"",""operationId"":127,""referenceNumber"":""64486""}",4,YAGNIK PATEL,2025-04-04T04:18:41.271Z
424,LoadOperations,update,loadingOperation,117,"{""changedFields"":""status"",""oldStatus"":""LOADING"",""newStatus"":""READY≈DESP"",""operationId"":117,""referenceNumber"":""64512""}",11,DIVYANG PATEL,2025-04-04T04:22:23.496Z
425,LoadOperations,update,loadingOperation,126,"{""changedFields"":"""",""oldStatus"":""LOADING"",""newStatus"":""LOADING"",""operationId"":126,""referenceNumber"":""64502""}",9,Dharmesh,2025-04-04T04:22:57.717Z
426,LoadOperations,update,loadingOperation,126,"{""changedFields"":"""",""oldStatus"":""LOADING"",""newStatus"":""LOADING"",""operationId"":126,""referenceNumber"":""64502""}",9,Dharmesh,2025-04-04T04:24:15.505Z
427,LoadOperations,update,loadingOperation,122,"{""changedFields"":""status"",""oldStatus"":""LOADING"",""newStatus"":""READY≈DESP"",""operationId"":122,""referenceNumber"":""64504""}",16,TEJASH M PATEL,2025-04-04T04:24:22.187Z
428,LoadOperations,update,loadingOperation,124,"{""changedFields"":"""",""oldStatus"":""LOADING"",""newStatus"":""LOADING"",""operationId"":124,""referenceNumber"":""64501""}",13,DEVEN PATEL,2025-04-04T04:26:06.896Z
429,LoadOperations,update,loadingOperation,126,"{""changedFields"":"""",""oldStatus"":""LOADING"",""newStatus"":""LOADING"",""operationId"":126,""referenceNumber"":""64502""}",9,Dharmesh,2025-04-04T04:28:00.339Z
430,LoadOperations,update,loadingOperation,126,"{""changedFields"":"""",""oldStatus"":""LOADING"",""newStatus"":""LOADING"",""operationId"":126,""referenceNumber"":""64502""}",9,Dharmesh,2025-04-04T04:28:02.020Z
431,LoadOperations,update,loadingOperation,128,"{""changedFields"":"""",""oldStatus"":""LOADING"",""newStatus"":""LOADING"",""operationId"":128,""referenceNumber"":""64485""}",6,PRIYANK PATEL,2025-04-04T04:29:52.300Z
432,LoadOperations,update,loadingOperation,128,"{""changedFields"":"""",""oldStatus"":""LOADING"",""newStatus"":""LOADING"",""operationId"":128,""referenceNumber"":""64485""}",6,PRIYANK PATEL,2025-04-04T04:31:16.676Z
433,LoadOperations,update,loadingOperation,129,"{""changedFields"":"""",""oldStatus"":""LOADING"",""newStatus"":""LOADING"",""operationId"":129,""referenceNumber"":""64494""}",5,BADELAL VARMA,2025-04-04T04:35:10.428Z
434,LoadOperations,update,loadingOperation,126,"{""changedFields"":"""",""oldStatus"":""LOADING"",""newStatus"":""LOADING"",""operationId"":126,""referenceNumber"":""64502""}",9,Dharmesh,2025-04-04T04:35:55.242Z
435,LoadOperations,update,loadingOperation,130,"{""changedFields"":"""",""oldStatus"":""LOADING"",""newStatus"":""LOADING"",""operationId"":130,""referenceNumber"":""64493""}",4,YAGNIK PATEL,2025-04-04T04:36:59.066Z
436,LoadOperations,update,loadingOperation,131,"{""changedFields"":"""",""oldStatus"":""LOADING"",""newStatus"":""LOADING"",""operationId"":131,""referenceNumber"":""64487""}",12,AKSHAY PATEL,2025-04-04T04:39:27.655Z
437,LoadOperations,update,loadingOperation,131,"{""changedFields"":"""",""oldStatus"":""LOADING"",""newStatus"":""LOADING"",""operationId"":131,""referenceNumber"":""64487""}",12,AKSHAY PATEL,2025-04-04T04:40:46.717Z
438,LoadOperations,update,loadingOperation,126,"{""changedFields"":"""",""oldStatus"":""LOADING"",""newStatus"":""LOADING"",""operationId"":126,""referenceNumber"":""64502""}",9,Dharmesh,2025-04-04T04:43:08.616Z
439,LoadOperations,update,loadingOperation,132,"{""changedFields"":"""",""oldStatus"":""LOADING"",""newStatus"":""LOADING"",""operationId"":132,""referenceNumber"":""64510""}",5,BADELAL VARMA,2025-04-04T04:43:45.753Z
440,LoadOperations,update,loadingOperation,132,"{""changedFields"":"""",""oldStatus"":""LOADING"",""newStatus"":""LOADING"",""operationId"":132,""referenceNumber"":""64510""}",5,BADELAL VARMA,2025-04-04T04:43:46.580Z
441,LoadOperations,update,loadingOperation,132,"{""changedFields"":"""",""oldStatus"":""LOADING"",""newStatus"":""LOADING"",""operationId"":132,""referenceNumber"":""64510""}",5,BADELAL VARMA,2025-04-04T04:44:25.391Z
442,LoadOperations,update,loadingOperation,132,"{""changedFields"":"""",""oldStatus"":""LOADING"",""newStatus"":""LOADING"",""operationId"":132,""referenceNumber"":""64510""}",5,BADELAL VARMA,2025-04-04T04:44:29.256Z
443,LoadOperations,update,loadingOperation,124,"{""changedFields"":""status"",""oldStatus"":""LOADING"",""newStatus"":""READY≈DESP"",""operationId"":124,""referenceNumber"":""64501""}",13,DEVEN PATEL,2025-04-04T04:56:09.926Z
444,LoadOperations,update,loadingOperation,133,"{""changedFields"":"""",""oldStatus"":""LOADING"",""newStatus"":""LOADING"",""operationId"":133,""referenceNumber"":""64495""}",5,BADELAL VARMA,2025-04-04T05:11:23.827Z
445,LoadOperations,update,loadingOperation,123,"{""changedFields"":""status"",""oldStatus"":""LOADING"",""newStatus"":""READY≈DESP"",""operationId"":123,""referenceNumber"":""64505""}",11,DIVYANG PATEL,2025-04-04T05:16:32.899Z
446,Sales,create,sale,214,"{""orderNumber"":""64359"",""dealer"":""OMKAR DISTRIBUTORS - NARAYANGAON"",""quantity"":879,""amount"":597271,""status"":""PENDING DESP""}",3,Yash patel,2025-04-04T05:16:41.001Z
447,LoadOperations,update,loadingOperation,124,"{""changedFields"":"""",""oldStatus"":""READY≈DESP"",""newStatus"":""READY≈DESP"",""operationId"":124,""referenceNumber"":""64501""}",13,DEVEN PATEL,2025-04-04T05:23:09.054Z
448,LoadOperations,update,loadingOperation,135,"{""changedFields"":"""",""oldStatus"":""LOADING"",""newStatus"":""LOADING"",""operationId"":135,""referenceNumber"":""64488""}",5,BADELAL VARMA,2025-04-04T05:29:27.769Z
449,LoadOperations,update,loadingOperation,132,"{""changedFields"":""status"",""oldStatus"":""LOADING"",""newStatus"":""READY≈DESP"",""operationId"":132,""referenceNumber"":""64510""}",5,BADELAL VARMA,2025-04-04T05:36:04.028Z
450,LoadOperations,update,loadingOperation,132,"{""changedFields"":""status"",""oldStatus"":""LOADING"",""newStatus"":""READY≈DESP"",""operationId"":132,""referenceNumber"":""64510""}",5,BADELAL VARMA,2025-04-04T05:36:04.043Z
451,LoadOperations,update,loadingOperation,132,"{""changedFields"":""status"",""oldStatus"":""LOADING"",""newStatus"":""READY≈DESP"",""operationId"":132,""referenceNumber"":""64510""}",5,BADELAL VARMA,2025-04-04T05:36:04.046Z
452,LoadOperations,update,loadingOperation,132,"{""changedFields"":""status"",""oldStatus"":""LOADING"",""newStatus"":""READY≈DESP"",""operationId"":132,""referenceNumber"":""64510""}",5,BADELAL VARMA,2025-04-04T05:36:04.123Z
453,LoadOperations,update,loadingOperation,137,"{""changedFields"":"""",""oldStatus"":""LOADING"",""newStatus"":""LOADING"",""operationId"":137,""referenceNumber"":""64479""}",12,AKSHAY PATEL,2025-04-04T05:43:51.473Z
454,LoadOperations,update,loadingOperation,132,"{""changedFields"":"""",""oldStatus"":""READY≈DESP"",""newStatus"":""READY≈DESP"",""operationId"":132,""referenceNumber"":""64510""}",5,BADELAL VARMA,2025-04-04T05:58:24.609Z
455,LoadOperations,update,loadingOperation,138,"{""changedFields"":"""",""oldStatus"":""LOADING"",""newStatus"":""LOADING"",""operationId"":138,""referenceNumber"":""64503""}",6,PRIYANK PATEL,2025-04-04T06:02:25.651Z
456,LoadOperations,update,loadingOperation,138,"{""changedFields"":"""",""oldStatus"":""LOADING"",""newStatus"":""LOADING"",""operationId"":138,""referenceNumber"":""64503""}",6,PRIYANK PATEL,2025-04-04T06:02:25.653Z
457,LoadOperations,update,loadingOperation,138,"{""changedFields"":"""",""oldStatus"":""LOADING"",""newStatus"":""LOADING"",""operationId"":138,""referenceNumber"":""64503""}",6,PRIYANK PATEL,2025-04-04T06:02:25.754Z
458,LoadOperations,update,loadingOperation,139,"{""changedFields"":"""",""oldStatus"":""LOADING"",""newStatus"":""LOADING"",""operationId"":139,""referenceNumber"":""64496""}",12,AKSHAY PATEL,2025-04-04T06:02:53.619Z
459,LoadOperations,update,loadingOperation,133,"{""changedFields"":""status"",""oldStatus"":""LOADING"",""newStatus"":""READY≈DESP"",""operationId"":133,""referenceNumber"":""64495""}",5,BADELAL VARMA,2025-04-04T06:10:42.031Z
460,LoadOperations,update,loadingOperation,129,"{""changedFields"":""status"",""oldStatus"":""LOADING"",""newStatus"":""READY≈DESP"",""operationId"":129,""referenceNumber"":""64494""}",5,BADELAL VARMA,2025-04-04T06:11:20.749Z
461,Sales,create,sale,221,"{""orderNumber"":""64429"",""dealer"":""JAISWAL ENTERPRISES - PEN"",""quantity"":913,""amount"":645660,""status"":""PENDING DESP""}",7,DIVYESH PATEL,2025-04-04T06:17:45.895Z
462,Sales,create,sale,222,"{""orderNumber"":""64494"",""dealer"":""TULJA ENTERPRISES - KHATAV"",""quantity"":322,""amount"":0,""status"":""PENDING DESP""}",5,BADELAL VARMA,2025-04-04T06:17:45.925Z
463,Sales,create,sale,223,"{""orderNumber"":""64509"",""dealer"":""JAY AMBE TRADERS - JAWAHAR"",""quantity"":882,""amount"":0,""status"":""PENDING DESP""}",13,DEVEN PATEL,2025-04-04T06:17:46.856Z
464,Sales,create,sale,224,"{""orderNumber"":""64489"",""dealer"":""SHIV ENTERPRISES - KONDHWA"",""quantity"":828,""amount"":0,""status"":""PENDING DESP""}",16,TEJASH M PATEL,2025-04-04T06:17:47.164Z
465,Sales,create,sale,225,"{""orderNumber"":""64505"",""dealer"":""EKDANT ENTERPRISES - TITWALA"",""quantity"":860,""amount"":0,""status"":""PENDING DESP""}",11,DIVYANG PATEL,2025-04-04T06:17:47.352Z
466,Sales,create,sale,226,"{""orderNumber"":""64486"",""dealer"":""PADMAVATI AGENCY - KATRAJ BIBWEWADI"",""quantity"":849,""amount"":0,""status"":""PENDING DESP""}",4,YAGNIK PATEL,2025-04-04T06:17:47.412Z
467,Sales,create,sale,227,"{""orderNumber"":""64500"",""dealer"":""CHHAYA ENTERPRISES - AMBERNATH"",""quantity"":887,""amount"":0,""status"":""PENDING DESP""}",11,DIVYANG PATEL,2025-04-04T06:17:47.765Z
468,Sales,create,sale,228,"{""orderNumber"":""64444"",""dealer"":""CHINMAY TRADERS - SINHAGADH"",""quantity"":868,""amount"":0,""status"":""PENDING DESP""}",4,YAGNIK PATEL,2025-04-04T06:17:47.915Z
469,Sales,create,sale,229,"{""orderNumber"":""64406"",""dealer"":""RAMLING AGENCY - WADWANI"",""quantity"":165,""amount"":0,""status"":""PENDING DESP""}",5,BADELAL VARMA,2025-04-04T06:17:48.171Z
470,Sales,create,sale,230,"{""orderNumber"":""64448"",""dealer"":""AVENUE SUPERMARTS LTD - NIMSHIRGAON"",""quantity"":975,""amount"":0,""status"":""PENDING DESP""}",3,Yash patel,2025-04-04T06:17:48.232Z
471,Sales,create,sale,231,"{""orderNumber"":""64419"",""dealer"":""SIDDHESHWAR AGENCIES - NILANGA"",""quantity"":863,""amount"":0,""status"":""PENDING DESP""}",3,Yash patel,2025-04-04T06:17:48.289Z
472,LoadOperations,update,loadingOperation,128,"{""changedFields"":""status"",""oldStatus"":""LOADING"",""newStatus"":""READY≈DESP"",""operationId"":128,""referenceNumber"":""64485""}",6,PRIYANK PATEL,2025-04-04T06:21:18.957Z
473,LoadOperations,update,loadingOperation,125,"{""changedFields"":""status"",""oldStatus"":""LOADING"",""newStatus"":""READY≈DESP"",""operationId"":125,""referenceNumber"":""64484""}",12,AKSHAY PATEL,2025-04-04T06:22:30.791Z
474,LoadOperations,update,loadingOperation,125,"{""changedFields"":"""",""oldStatus"":""READY≈DESP"",""newStatus"":""READY≈DESP"",""operationId"":125,""referenceNumber"":""64484""}",12,AKSHAY PATEL,2025-04-04T06:22:46.110Z
475,LoadOperations,update,loadingOperation,140,"{""changedFields"":"""",""oldStatus"":""LOADING"",""newStatus"":""LOADING"",""operationId"":140,""referenceNumber"":""64506""}",5,BADELAL VARMA,2025-04-04T06:23:01.959Z
476,Sales,create,sale,234,"{""orderNumber"":""64429"",""dealer"":""JAISWAL ENTERPRISES - PEN"",""quantity"":913,""amount"":645660,""status"":""PENDING DESP""}",7,DIVYESH PATEL,2025-04-04T06:23:27.184Z
477,Sales,create,sale,235,"{""orderNumber"":""64448"",""dealer"":""AVENUE SUPERMARTS LTD - NIMSHIRGAON"",""quantity"":975,""amount"":0,""status"":""PENDING DESP""}",3,Yash patel,2025-04-04T06:23:33.186Z
478,Sales,create,sale,236,"{""orderNumber"":""64489"",""dealer"":""SHIV ENTERPRISES - KONDHWA"",""quantity"":828,""amount"":0,""status"":""PENDING DESP""}",16,TEJASH M PATEL,2025-04-04T06:23:34.046Z
479,Sales,create,sale,237,"{""orderNumber"":""64511"",""dealer"":""BHAIRAV ENTERPRISES - RABALE"",""quantity"":739,""amount"":0,""status"":""PENDING DESP""}",11,DIVYANG PATEL,2025-04-04T06:23:34.670Z
480,Sales,create,sale,238,"{""orderNumber"":""64500"",""dealer"":""CHHAYA ENTERPRISES - AMBERNATH"",""quantity"":887,""amount"":0,""status"":""PENDING DESP""}",11,DIVYANG PATEL,2025-04-04T06:23:35.326Z
481,Sales,create,sale,239,"{""orderNumber"":""64419"",""dealer"":""SIDDHESHWAR AGENCIES - NILANGA"",""quantity"":863,""amount"":0,""status"":""PENDING DESP""}",3,Yash patel,2025-04-04T06:23:35.388Z
482,Sales,create,sale,240,"{""orderNumber"":""64406"",""dealer"":""RAMLING AGENCY - WADWANI"",""quantity"":165,""amount"":0,""status"":""PENDING DESP""}",5,BADELAL VARMA,2025-04-04T06:23:35.518Z
483,Sales,create,sale,241,"{""orderNumber"":""64515"",""dealer"":""SHUBHANKAR AGENCY - PARNER"",""quantity"":777,""amount"":0,""status"":""PENDING DESP""}",16,TEJASH M PATEL,2025-04-04T06:23:35.585Z
484,Sales,create,sale,242,"{""orderNumber"":""64444"",""dealer"":""CHINMAY TRADERS - SINHAGADH"",""quantity"":868,""amount"":0,""status"":""PENDING DESP""}",4,YAGNIK PATEL,2025-04-04T06:23:35.802Z
485,Sales,create,sale,243,"{""orderNumber"":""64509"",""dealer"":""JAY AMBE TRADERS - JAWAHAR"",""quantity"":882,""amount"":0,""status"":""PENDING DESP""}",13,DEVEN PATEL,2025-04-04T06:23:35.969Z
486,LoadOperations,update,loadingOperation,134,"{""changedFields"":"""",""oldStatus"":""LOADING"",""newStatus"":""LOADING"",""operationId"":134,""referenceNumber"":""64480""}",12,AKSHAY PATEL,2025-04-04T06:24:44.699Z
487,LoadOperations,update,loadingOperation,134,"{""changedFields"":"""",""oldStatus"":""LOADING"",""newStatus"":""LOADING"",""operationId"":134,""referenceNumber"":""64480""}",12,AKSHAY PATEL,2025-04-04T06:24:45.408Z
488,LoadOperations,update,loadingOperation,136,"{""changedFields"":"""",""oldStatus"":""LOADING"",""newStatus"":""LOADING"",""operationId"":136,""referenceNumber"":""64491""}",5,BADELAL VARMA,2025-04-04T06:25:16.662Z
489,LoadOperations,update,loadingOperation,132,"{""changedFields"":""status"",""oldStatus"":""READY≈DESP"",""newStatus"":""LOADING"",""operationId"":132,""referenceNumber"":""64510""}",5,BADELAL VARMA,2025-04-04T06:27:13.759Z
490,LoadOperations,update,loadingOperation,126,"{""changedFields"":""status"",""oldStatus"":""LOADING"",""newStatus"":""READY≈DESP"",""operationId"":126,""referenceNumber"":""64502""}",9,Dharmesh,2025-04-04T06:29:59.214Z
491,LoadOperations,update,loadingOperation,126,"{""changedFields"":"""",""oldStatus"":""READY≈DESP"",""newStatus"":""READY≈DESP"",""operationId"":126,""referenceNumber"":""64502""}",9,Dharmesh,2025-04-04T06:30:00.422Z
492,LoadOperations,update,loadingOperation,126,"{""changedFields"":"""",""oldStatus"":""READY≈DESP"",""newStatus"":""READY≈DESP"",""operationId"":126,""referenceNumber"":""64502""}",9,Dharmesh,2025-04-04T06:30:00.585Z
493,LoadOperations,update,loadingOperation,126,"{""changedFields"":"""",""oldStatus"":""READY≈DESP"",""newStatus"":""READY≈DESP"",""operationId"":126,""referenceNumber"":""64502""}",9,Dharmesh,2025-04-04T06:30:01.102Z
494,LoadOperations,update,loadingOperation,126,"{""changedFields"":"""",""oldStatus"":""READY≈DESP"",""newStatus"":""READY≈DESP"",""operationId"":126,""referenceNumber"":""64502""}",9,Dharmesh,2025-04-04T06:30:01.545Z
495,Sales,create,sale,245,"{""orderNumber"":""64359"",""dealer"":""OMKAR DISTRIBUTORS - NARAYANGAON"",""quantity"":879,""amount"":597271,""status"":""PENDING DESP""}",3,Yash patel,2025-04-04T06:34:16.551Z
496,Sales,batch-delete,sale,218,"{""orderNumber"":""64510"",""dealer"":""SHREE JALARAM AGENCIES - JAMBHULPADA"",""quantity"":756,""amount"":548543,""status"":""PENDING DESP"",""date"":""04-04-2025""}",5,BADELAL VARMA,2025-04-04T06:36:38.073Z
497,Sales,batch-delete,sale,217,"{""orderNumber"":""64510"",""dealer"":""SHREE JALARAM AGENCIES - JAMBHULPADA"",""quantity"":756,""amount"":548543,""status"":""PENDING DESP"",""date"":""04-04-2025""}",5,BADELAL VARMA,2025-04-04T06:36:38.260Z
498,Sales,batch-delete,sale,216,"{""orderNumber"":""64510"",""dealer"":""SHREE JALARAM AGENCIES - JAMBHULPADA"",""quantity"":756,""amount"":548543,""status"":""PENDING DESP"",""date"":""04-04-2025""}",5,BADELAL VARMA,2025-04-04T06:36:38.450Z
499,Sales,batch-delete,sale,215,"{""orderNumber"":""64510"",""dealer"":""SHREE JALARAM AGENCIES - JAMBHULPADA"",""quantity"":756,""amount"":548543,""status"":""PENDING DESP"",""date"":""04-04-2025""}",5,BADELAL VARMA,2025-04-04T06:36:38.639Z
500,Sales,delete,sale,222,"{""orderNumber"":""64494"",""dealer"":""TULJA ENTERPRISES - KHATAV"",""quantity"":322,""amount"":0,""status"":""PENDING DESP"",""date"":""2025-04-04""}",5,BADELAL VARMA,2025-04-04T06:37:10.796Z
501,Sales,delete,sale,224,"{""orderNumber"":""64489"",""dealer"":""SHIV ENTERPRISES - KONDHWA"",""quantity"":828,""amount"":0,""status"":""PENDING DESP"",""date"":""2025-04-04""}",16,TEJASH M PATEL,2025-04-04T06:37:22.196Z
502,LoadOperations,update,loadingOperation,141,"{""changedFields"":"""",""oldStatus"":""LOADING"",""newStatus"":""LOADING"",""operationId"":141,""referenceNumber"":""64510""}",6,PRIYANK PATEL,2025-04-04T06:37:30.911Z
503,ProformaSlips,update,proformaSlip,902,"{""changedFields"":""totalQuantity, totalVolume"",""orderNumber"":""64510"",""partyName"":""SHREE JALARAM AGENCIES - JAMBHULPADA"",""totalQuantity"":760,""totalVolume"":""2383.13""}",2,Vraj,2025-04-04T06:38:52.780Z
504,ProformaSlips,update,proformaSlip,902,"{""changedFields"":""totalQuantity, totalVolume"",""orderNumber"":""64510"",""partyName"":""SHREE JALARAM AGENCIES - JAMBHULPADA"",""totalQuantity"":761,""totalVolume"":""2384.39""}",2,Vraj,2025-04-04T06:39:03.836Z
505,ProformaSlips,update,proformaSlip,902,"{""changedFields"":""totalQuantity, totalVolume"",""orderNumber"":""64510"",""partyName"":""SHREE JALARAM AGENCIES - JAMBHULPADA"",""totalQuantity"":760,""totalVolume"":""2383.13""}",2,Vraj,2025-04-04T06:39:04.315Z
506,ProformaSlips,update,proformaSlip,902,"{""changedFields"":""totalQuantity, totalVolume"",""orderNumber"":""64510"",""partyName"":""SHREE JALARAM AGENCIES - JAMBHULPADA"",""totalQuantity"":761,""totalVolume"":""2384.39""}",2,Vraj,2025-04-04T06:39:09.441Z
507,ProformaSlips,update,proformaSlip,902,"{""changedFields"":""totalQuantity, totalVolume"",""orderNumber"":""64510"",""partyName"":""SHREE JALARAM AGENCIES - JAMBHULPADA"",""totalQuantity"":760,""totalVolume"":""2383.13""}",2,Vraj,2025-04-04T06:39:14.618Z
508,ProformaSlips,update,proformaSlip,902,"{""changedFields"":""totalQuantity, totalVolume"",""orderNumber"":""64510"",""partyName"":""SHREE JALARAM AGENCIES - JAMBHULPADA"",""totalQuantity"":761,""totalVolume"":""2384.39""}",2,Vraj,2025-04-04T06:39:16.706Z
509,ProformaSlips,update,proformaSlip,902,"{""changedFields"":"""",""orderNumber"":""64510"",""partyName"":""SHREE JALARAM AGENCIES - JAMBHULPADA"",""totalQuantity"":761,""totalVolume"":""2384.39""}",2,Vraj,2025-04-04T06:39:17.435Z
510,ProformaSlips,update,proformaSlip,902,"{""changedFields"":"""",""orderNumber"":""64510"",""partyName"":""SHREE JALARAM AGENCIES - JAMBHULPADA"",""totalQuantity"":761,""totalVolume"":""2384.39""}",2,Vraj,2025-04-04T06:39:21.898Z
511,ProformaSlips,update,proformaSlip,902,"{""changedFields"":"""",""orderNumber"":""64510"",""partyName"":""SHREE JALARAM AGENCIES - JAMBHULPADA"",""totalQuantity"":761,""totalVolume"":""2384.39""}",2,Vraj,2025-04-04T06:39:27.595Z
512,ProformaSlips,update,proformaSlip,902,"{""changedFields"":"""",""orderNumber"":""64510"",""partyName"":""SHREE JALARAM AGENCIES - JAMBHULPADA"",""totalQuantity"":761,""totalVolume"":""2384.39""}",2,Vraj,2025-04-04T06:39:36.059Z
513,ProformaSlips,update,proformaSlip,902,"{""changedFields"":"""",""orderNumber"":""64510"",""partyName"":""SHREE JALARAM AGENCIES - JAMBHULPADA"",""totalQuantity"":761,""totalVolume"":""2384.39""}",2,Vraj,2025-04-04T06:39:55.448Z
514,ProformaSlips,update,proformaSlip,902,"{""changedFields"":"""",""orderNumber"":""64510"",""partyName"":""SHREE JALARAM AGENCIES - JAMBHULPADA"",""totalQuantity"":761,""totalVolume"":""2384.39""}",2,Vraj,2025-04-04T06:40:17.636Z
515,ProformaSlips,update,proformaSlip,902,"{""changedFields"":"""",""orderNumber"":""64510"",""partyName"":""SHREE JALARAM AGENCIES - JAMBHULPADA"",""totalQuantity"":761,""totalVolume"":""2384.39""}",2,Vraj,2025-04-04T06:40:18.080Z
516,ProformaSlips,update,proformaSlip,902,"{""changedFields"":"""",""orderNumber"":""64510"",""partyName"":""SHREE JALARAM AGENCIES - JAMBHULPADA"",""totalQuantity"":761,""totalVolume"":""2384.39""}",2,Vraj,2025-04-04T06:40:20.622Z
517,ProformaSlips,update,proformaSlip,902,"{""changedFields"":"""",""orderNumber"":""64510"",""partyName"":""SHREE JALARAM AGENCIES - JAMBHULPADA"",""totalQuantity"":761,""totalVolume"":""2384.39""}",2,Vraj,2025-04-04T06:40:20.623Z
518,ProformaSlips,update,proformaSlip,902,"{""changedFields"":"""",""orderNumber"":""64510"",""partyName"":""SHREE JALARAM AGENCIES - JAMBHULPADA"",""totalQuantity"":761,""totalVolume"":""2384.39""}",2,Vraj,2025-04-04T06:40:20.669Z
519,ProformaSlips,update,proformaSlip,902,"{""changedFields"":"""",""orderNumber"":""64510"",""partyName"":""SHREE JALARAM AGENCIES - JAMBHULPADA"",""totalQuantity"":761,""totalVolume"":""2384.39""}",2,Vraj,2025-04-04T06:40:21.062Z
520,ProformaSlips,update,proformaSlip,902,"{""changedFields"":"""",""orderNumber"":""64510"",""partyName"":""SHREE JALARAM AGENCIES - JAMBHULPADA"",""totalQuantity"":761,""totalVolume"":""2384.39""}",2,Vraj,2025-04-04T06:40:21.077Z
521,ProformaSlips,update,proformaSlip,902,"{""changedFields"":"""",""orderNumber"":""64510"",""partyName"":""SHREE JALARAM AGENCIES - JAMBHULPADA"",""totalQuantity"":761,""totalVolume"":""2384.39""}",2,Vraj,2025-04-04T06:40:21.100Z
522,ProformaSlips,update,proformaSlip,902,"{""changedFields"":"""",""orderNumber"":""64510"",""partyName"":""SHREE JALARAM AGENCIES - JAMBHULPADA"",""totalQuantity"":761,""totalVolume"":""2384.39""}",2,Vraj,2025-04-04T06:40:21.104Z
523,ProformaSlips,update,proformaSlip,902,"{""changedFields"":"""",""orderNumber"":""64510"",""partyName"":""SHREE JALARAM AGENCIES - JAMBHULPADA"",""totalQuantity"":761,""totalVolume"":""2384.39""}",2,Vraj,2025-04-04T06:40:21.145Z
524,LoadOperations,update,loadingOperation,134,"{""changedFields"":""status"",""oldStatus"":""LOADING"",""newStatus"":""READY≈DESP"",""operationId"":134,""referenceNumber"":""64480""}",12,AKSHAY PATEL,2025-04-04T06:41:07.320Z
525,LoadOperations,update,loadingOperation,143,"{""changedFields"":"""",""oldStatus"":""LOADING"",""newStatus"":""LOADING"",""operationId"":143,""referenceNumber"":""64492""}",12,AKSHAY PATEL,2025-04-04T06:45:37.600Z
526,LoadOperations,update,loadingOperation,137,"{""changedFields"":""status"",""oldStatus"":""LOADING"",""newStatus"":""READY≈DESP"",""operationId"":137,""referenceNumber"":""64479""}",12,AKSHAY PATEL,2025-04-04T06:46:35.692Z
527,ProformaSlips,update,proformaSlip,902,"{""changedFields"":""totalVolume"",""orderNumber"":""64510"",""partyName"":""SHREE JALARAM AGENCIES - JAMBHULPADA"",""totalQuantity"":756,""totalVolume"":""2378.09""}",2,Vraj,2025-04-04T06:53:04.467Z
528,ProformaSlips,update,proformaSlip,902,"{""changedFields"":""totalVolume"",""orderNumber"":""64510"",""partyName"":""SHREE JALARAM AGENCIES - JAMBHULPADA"",""totalQuantity"":796,""totalVolume"":""2428.49""}",2,Vraj,2025-04-04T06:53:55.175Z
529,ProformaSlips,update,proformaSlip,902,"{""changedFields"":""totalQuantity, totalVolume"",""orderNumber"":""64510"",""partyName"":""SHREE JALARAM AGENCIES - JAMBHULPADA"",""totalQuantity"":795,""totalVolume"":""2427.23""}",2,Vraj,2025-04-04T06:54:36.213Z
530,ProformaSlips,update,proformaSlip,902,"{""changedFields"":""totalQuantity"",""orderNumber"":""64510"",""partyName"":""SHREE JALARAM AGENCIES - JAMBHULPADA"",""totalQuantity"":795,""totalVolume"":""2427.23""}",2,Vraj,2025-04-04T06:54:51.027Z
531,ProformaSlips,update,proformaSlip,902,"{""changedFields"":""totalQuantity"",""orderNumber"":""64510"",""partyName"":""SHREE JALARAM AGENCIES - JAMBHULPADA"",""totalQuantity"":795,""totalVolume"":""2427.23""}",2,Vraj,2025-04-04T06:54:56.828Z
532,ProformaSlips,update,proformaSlip,902,"{""changedFields"":""totalQuantity, totalVolume"",""orderNumber"":""64510"",""partyName"":""SHREE JALARAM AGENCIES - JAMBHULPADA"",""totalQuantity"":0,""totalVolume"":""0.00""}",2,Vraj,2025-04-04T06:55:08.601Z
533,ProformaSlips,update,proformaSlip,902,"{""changedFields"":""totalQuantity"",""orderNumber"":""64510"",""partyName"":""SHREE JALARAM AGENCIES - JAMBHULPADA"",""totalQuantity"":794,""totalVolume"":""0.00""}",2,Vraj,2025-04-04T06:55:08.648Z
534,ProformaSlips,update,proformaSlip,902,"{""changedFields"":"""",""orderNumber"":""64510"",""partyName"":""SHREE JALARAM AGENCIES - JAMBHULPADA"",""totalQuantity"":0,""totalVolume"":""0.00""}",2,Vraj,2025-04-04T06:55:08.668Z
535,ProformaSlips,update,proformaSlip,902,"{""changedFields"":""totalQuantity"",""orderNumber"":""64510"",""partyName"":""SHREE JALARAM AGENCIES - JAMBHULPADA"",""totalQuantity"":0,""totalVolume"":""0.00""}",2,Vraj,2025-04-04T06:55:08.707Z
536,ProformaSlips,update,proformaSlip,902,"{""changedFields"":""totalQuantity"",""orderNumber"":""64510"",""partyName"":""SHREE JALARAM AGENCIES - JAMBHULPADA"",""totalQuantity"":795,""totalVolume"":""0.00""}",2,Vraj,2025-04-04T06:55:08.737Z
537,ProformaSlips,update,proformaSlip,902,"{""changedFields"":""totalQuantity"",""orderNumber"":""64510"",""partyName"":""SHREE JALARAM AGENCIES - JAMBHULPADA"",""totalQuantity"":0,""totalVolume"":""0.00""}",2,Vraj,2025-04-04T06:55:09.039Z
538,ProformaSlips,update,proformaSlip,902,"{""changedFields"":"""",""orderNumber"":""64510"",""partyName"":""SHREE JALARAM AGENCIES - JAMBHULPADA"",""totalQuantity"":0,""totalVolume"":""0.00""}",2,Vraj,2025-04-04T06:55:09.082Z
539,ProformaSlips,update,proformaSlip,902,"{""changedFields"":"""",""orderNumber"":""64510"",""partyName"":""SHREE JALARAM AGENCIES - JAMBHULPADA"",""totalQuantity"":0,""totalVolume"":""0.00""}",2,Vraj,2025-04-04T06:55:09.152Z
540,ProformaSlips,update,proformaSlip,902,"{""changedFields"":"""",""orderNumber"":""64510"",""partyName"":""SHREE JALARAM AGENCIES - JAMBHULPADA"",""totalQuantity"":0,""totalVolume"":""0.00""}",2,Vraj,2025-04-04T06:55:09.205Z
541,ProformaSlips,update,proformaSlip,902,"{""changedFields"":"""",""orderNumber"":""64510"",""partyName"":""SHREE JALARAM AGENCIES - JAMBHULPADA"",""totalQuantity"":0,""totalVolume"":""0.00""}",2,Vraj,2025-04-04T06:55:09.206Z
542,ProformaSlips,update,proformaSlip,902,"{""changedFields"":"""",""orderNumber"":""64510"",""partyName"":""SHREE JALARAM AGENCIES - JAMBHULPADA"",""totalQuantity"":0,""totalVolume"":""0.00""}",2,Vraj,2025-04-04T06:55:09.238Z
543,ProformaSlips,update,proformaSlip,902,"{""changedFields"":"""",""orderNumber"":""64510"",""partyName"":""SHREE JALARAM AGENCIES - JAMBHULPADA"",""totalQuantity"":0,""totalVolume"":""0.00""}",2,Vraj,2025-04-04T06:55:09.539Z
544,ProformaSlips,update,proformaSlip,902,"{""changedFields"":"""",""orderNumber"":""64510"",""partyName"":""SHREE JALARAM AGENCIES - JAMBHULPADA"",""totalQuantity"":0,""totalVolume"":""0.00""}",2,Vraj,2025-04-04T06:55:09.571Z
545,ProformaSlips,update,proformaSlip,902,"{""changedFields"":"""",""orderNumber"":""64510"",""partyName"":""SHREE JALARAM AGENCIES - JAMBHULPADA"",""totalQuantity"":0,""totalVolume"":""0.00""}",2,Vraj,2025-04-04T06:55:09.648Z
546,ProformaSlips,update,proformaSlip,902,"{""changedFields"":"""",""orderNumber"":""64510"",""partyName"":""SHREE JALARAM AGENCIES - JAMBHULPADA"",""totalQuantity"":0,""totalVolume"":""0.00""}",2,Vraj,2025-04-04T06:55:09.698Z
552,ProformaSlips,update,proformaSlip,902,"{""changedFields"":"""",""orderNumber"":""64510"",""partyName"":""SHREE JALARAM AGENCIES - JAMBHULPADA"",""totalQuantity"":0,""totalVolume"":""0.00""}",2,Vraj,2025-04-04T06:55:10.189Z
557,ProformaSlips,update,proformaSlip,902,"{""changedFields"":"""",""orderNumber"":""64510"",""partyName"":""SHREE JALARAM AGENCIES - JAMBHULPADA"",""totalQuantity"":0,""totalVolume"":""0.00""}",2,Vraj,2025-04-04T06:55:10.630Z
564,ProformaSlips,update,proformaSlip,902,"{""changedFields"":"""",""orderNumber"":""64510"",""partyName"":""SHREE JALARAM AGENCIES - JAMBHULPADA"",""totalQuantity"":0,""totalVolume"":""0.00""}",2,Vraj,2025-04-04T06:55:11.164Z
583,ProformaSlips,update,proformaSlip,902,"{""changedFields"":"""",""orderNumber"":""64510"",""partyName"":""SHREE JALARAM AGENCIES - JAMBHULPADA"",""totalQuantity"":0,""totalVolume"":""0.00""}",2,Vraj,2025-04-04T06:55:12.763Z
547,ProformaSlips,update,proformaSlip,902,"{""changedFields"":"""",""orderNumber"":""64510"",""partyName"":""SHREE JALARAM AGENCIES - JAMBHULPADA"",""totalQuantity"":0,""totalVolume"":""0.00""}",2,Vraj,2025-04-04T06:55:09.699Z
551,ProformaSlips,update,proformaSlip,902,"{""changedFields"":"""",""orderNumber"":""64510"",""partyName"":""SHREE JALARAM AGENCIES - JAMBHULPADA"",""totalQuantity"":0,""totalVolume"":""0.00""}",2,Vraj,2025-04-04T06:55:10.142Z
558,ProformaSlips,update,proformaSlip,902,"{""changedFields"":"""",""orderNumber"":""64510"",""partyName"":""SHREE JALARAM AGENCIES - JAMBHULPADA"",""totalQuantity"":0,""totalVolume"":""0.00""}",2,Vraj,2025-04-04T06:55:10.678Z
563,ProformaSlips,update,proformaSlip,902,"{""changedFields"":"""",""orderNumber"":""64510"",""partyName"":""SHREE JALARAM AGENCIES - JAMBHULPADA"",""totalQuantity"":0,""totalVolume"":""0.00""}",2,Vraj,2025-04-04T06:55:11.122Z
567,ProformaSlips,update,proformaSlip,902,"{""changedFields"":"""",""orderNumber"":""64510"",""partyName"":""SHREE JALARAM AGENCIES - JAMBHULPADA"",""totalQuantity"":0,""totalVolume"":""0.00""}",2,Vraj,2025-04-04T06:55:11.629Z
578,ProformaSlips,update,proformaSlip,902,"{""changedFields"":"""",""orderNumber"":""64510"",""partyName"":""SHREE JALARAM AGENCIES - JAMBHULPADA"",""totalQuantity"":0,""totalVolume"":""0.00""}",2,Vraj,2025-04-04T06:55:12.282Z
579,ProformaSlips,update,proformaSlip,902,"{""changedFields"":"""",""orderNumber"":""64510"",""partyName"":""SHREE JALARAM AGENCIES - JAMBHULPADA"",""totalQuantity"":0,""totalVolume"":""0.00""}",2,Vraj,2025-04-04T06:55:12.611Z
548,ProformaSlips,update,proformaSlip,902,"{""changedFields"":"""",""orderNumber"":""64510"",""partyName"":""SHREE JALARAM AGENCIES - JAMBHULPADA"",""totalQuantity"":0,""totalVolume"":""0.00""}",2,Vraj,2025-04-04T06:55:09.737Z
550,ProformaSlips,update,proformaSlip,902,"{""changedFields"":"""",""orderNumber"":""64510"",""partyName"":""SHREE JALARAM AGENCIES - JAMBHULPADA"",""totalQuantity"":0,""totalVolume"":""0.00""}",2,Vraj,2025-04-04T06:55:10.060Z
559,ProformaSlips,update,proformaSlip,902,"{""changedFields"":"""",""orderNumber"":""64510"",""partyName"":""SHREE JALARAM AGENCIES - JAMBHULPADA"",""totalQuantity"":0,""totalVolume"":""0.00""}",2,Vraj,2025-04-04T06:55:10.693Z
562,ProformaSlips,update,proformaSlip,902,"{""changedFields"":"""",""orderNumber"":""64510"",""partyName"":""SHREE JALARAM AGENCIES - JAMBHULPADA"",""totalQuantity"":0,""totalVolume"":""0.00""}",2,Vraj,2025-04-04T06:55:11.050Z
566,ProformaSlips,update,proformaSlip,902,"{""changedFields"":"""",""orderNumber"":""64510"",""partyName"":""SHREE JALARAM AGENCIES - JAMBHULPADA"",""totalQuantity"":0,""totalVolume"":""0.00""}",2,Vraj,2025-04-04T06:55:11.241Z
570,ProformaSlips,update,proformaSlip,902,"{""changedFields"":"""",""orderNumber"":""64510"",""partyName"":""SHREE JALARAM AGENCIES - JAMBHULPADA"",""totalQuantity"":0,""totalVolume"":""0.00""}",2,Vraj,2025-04-04T06:55:11.736Z
575,ProformaSlips,update,proformaSlip,902,"{""changedFields"":"""",""orderNumber"":""64510"",""partyName"":""SHREE JALARAM AGENCIES - JAMBHULPADA"",""totalQuantity"":0,""totalVolume"":""0.00""}",2,Vraj,2025-04-04T06:55:12.219Z
582,ProformaSlips,update,proformaSlip,902,"{""changedFields"":"""",""orderNumber"":""64510"",""partyName"":""SHREE JALARAM AGENCIES - JAMBHULPADA"",""totalQuantity"":0,""totalVolume"":""0.00""}",2,Vraj,2025-04-04T06:55:12.743Z
549,ProformaSlips,update,proformaSlip,902,"{""changedFields"":"""",""orderNumber"":""64510"",""partyName"":""SHREE JALARAM AGENCIES - JAMBHULPADA"",""totalQuantity"":0,""totalVolume"":""0.00""}",2,Vraj,2025-04-04T06:55:10.049Z
572,ProformaSlips,update,proformaSlip,902,"{""changedFields"":"""",""orderNumber"":""64510"",""partyName"":""SHREE JALARAM AGENCIES - JAMBHULPADA"",""totalQuantity"":0,""totalVolume"":""0.00""}",2,Vraj,2025-04-04T06:55:11.786Z
573,ProformaSlips,update,proformaSlip,902,"{""changedFields"":"""",""orderNumber"":""64510"",""partyName"":""SHREE JALARAM AGENCIES - JAMBHULPADA"",""totalQuantity"":0,""totalVolume"":""0.00""}",2,Vraj,2025-04-04T06:55:12.124Z
553,ProformaSlips,update,proformaSlip,902,"{""changedFields"":"""",""orderNumber"":""64510"",""partyName"":""SHREE JALARAM AGENCIES - JAMBHULPADA"",""totalQuantity"":0,""totalVolume"":""0.00""}",2,Vraj,2025-04-04T06:55:10.193Z
556,ProformaSlips,update,proformaSlip,902,"{""changedFields"":"""",""orderNumber"":""64510"",""partyName"":""SHREE JALARAM AGENCIES - JAMBHULPADA"",""totalQuantity"":0,""totalVolume"":""0.00""}",2,Vraj,2025-04-04T06:55:10.550Z
560,ProformaSlips,update,proformaSlip,902,"{""changedFields"":"""",""orderNumber"":""64510"",""partyName"":""SHREE JALARAM AGENCIES - JAMBHULPADA"",""totalQuantity"":0,""totalVolume"":""0.00""}",2,Vraj,2025-04-04T06:55:10.743Z
561,ProformaSlips,update,proformaSlip,902,"{""changedFields"":"""",""orderNumber"":""64510"",""partyName"":""SHREE JALARAM AGENCIES - JAMBHULPADA"",""totalQuantity"":0,""totalVolume"":""0.00""}",2,Vraj,2025-04-04T06:55:11.041Z
571,ProformaSlips,update,proformaSlip,902,"{""changedFields"":"""",""orderNumber"":""64510"",""partyName"":""SHREE JALARAM AGENCIES - JAMBHULPADA"",""totalQuantity"":0,""totalVolume"":""0.00""}",2,Vraj,2025-04-04T06:55:11.779Z
574,ProformaSlips,update,proformaSlip,902,"{""changedFields"":"""",""orderNumber"":""64510"",""partyName"":""SHREE JALARAM AGENCIES - JAMBHULPADA"",""totalQuantity"":0,""totalVolume"":""0.00""}",2,Vraj,2025-04-04T06:55:12.150Z
584,ProformaSlips,update,proformaSlip,902,"{""changedFields"":"""",""orderNumber"":""64510"",""partyName"":""SHREE JALARAM AGENCIES - JAMBHULPADA"",""totalQuantity"":0,""totalVolume"":""0.00""}",2,Vraj,2025-04-04T06:55:12.779Z
554,ProformaSlips,update,proformaSlip,902,"{""changedFields"":"""",""orderNumber"":""64510"",""partyName"":""SHREE JALARAM AGENCIES - JAMBHULPADA"",""totalQuantity"":0,""totalVolume"":""0.00""}",2,Vraj,2025-04-04T06:55:10.239Z
555,ProformaSlips,update,proformaSlip,902,"{""changedFields"":"""",""orderNumber"":""64510"",""partyName"":""SHREE JALARAM AGENCIES - JAMBHULPADA"",""totalQuantity"":0,""totalVolume"":""0.00""}",2,Vraj,2025-04-04T06:55:10.549Z
565,ProformaSlips,update,proformaSlip,902,"{""changedFields"":"""",""orderNumber"":""64510"",""partyName"":""SHREE JALARAM AGENCIES - JAMBHULPADA"",""totalQuantity"":0,""totalVolume"":""0.00""}",2,Vraj,2025-04-04T06:55:11.197Z
568,ProformaSlips,update,proformaSlip,902,"{""changedFields"":"""",""orderNumber"":""64510"",""partyName"":""SHREE JALARAM AGENCIES - JAMBHULPADA"",""totalQuantity"":0,""totalVolume"":""0.00""}",2,Vraj,2025-04-04T06:55:11.635Z
577,ProformaSlips,update,proformaSlip,902,"{""changedFields"":"""",""orderNumber"":""64510"",""partyName"":""SHREE JALARAM AGENCIES - JAMBHULPADA"",""totalQuantity"":0,""totalVolume"":""0.00""}",2,Vraj,2025-04-04T06:55:12.273Z
580,ProformaSlips,update,proformaSlip,902,"{""changedFields"":"""",""orderNumber"":""64510"",""partyName"":""SHREE JALARAM AGENCIES - JAMBHULPADA"",""totalQuantity"":0,""totalVolume"":""0.00""}",2,Vraj,2025-04-04T06:55:12.643Z
569,ProformaSlips,update,proformaSlip,902,"{""changedFields"":"""",""orderNumber"":""64510"",""partyName"":""SHREE JALARAM AGENCIES - JAMBHULPADA"",""totalQuantity"":0,""totalVolume"":""0.00""}",2,Vraj,2025-04-04T06:55:11.692Z
576,ProformaSlips,update,proformaSlip,902,"{""changedFields"":"""",""orderNumber"":""64510"",""partyName"":""SHREE JALARAM AGENCIES - JAMBHULPADA"",""totalQuantity"":0,""totalVolume"":""0.00""}",2,Vraj,2025-04-04T06:55:12.233Z
581,ProformaSlips,update,proformaSlip,902,"{""changedFields"":"""",""orderNumber"":""64510"",""partyName"":""SHREE JALARAM AGENCIES - JAMBHULPADA"",""totalQuantity"":0,""totalVolume"":""0.00""}",2,Vraj,2025-04-04T06:55:12.713Z
585,ProformaSlips,update,proformaSlip,902,"{""changedFields"":""totalQuantity, totalVolume"",""orderNumber"":""64510"",""partyName"":""SHREE JALARAM AGENCIES - JAMBHULPADA"",""totalQuantity"":792,""totalVolume"":""2423.45""}",2,Vraj,2025-04-04T06:56:47.955Z
586,ProformaSlips,update,proformaSlip,902,"{""changedFields"":""totalQuantity"",""orderNumber"":""64510"",""partyName"":""SHREE JALARAM AGENCIES - JAMBHULPADA"",""totalQuantity"":792,""totalVolume"":""2423.45""}",2,Vraj,2025-04-04T06:57:04.779Z
587,ProformaSlips,update,proformaSlip,902,"{""changedFields"":""totalQuantity"",""orderNumber"":""64510"",""partyName"":""SHREE JALARAM AGENCIES - JAMBHULPADA"",""totalQuantity"":792,""totalVolume"":""2423.45""}",2,Vraj,2025-04-04T06:58:08.484Z
588,ProformaSlips,update,proformaSlip,902,"{""changedFields"":""totalQuantity, totalVolume"",""orderNumber"":""64510"",""partyName"":""SHREE JALARAM AGENCIES - JAMBHULPADA"",""totalQuantity"":791,""totalVolume"":""2422.19""}",2,Vraj,2025-04-04T06:59:28.077Z
589,LoadOperations,update,loadingOperation,135,"{""changedFields"":""status"",""oldStatus"":""LOADING"",""newStatus"":""READY≈DESP"",""operationId"":135,""referenceNumber"":""64488""}",5,BADELAL VARMA,2025-04-04T07:00:04.863Z
590,LoadOperations,update,loadingOperation,135,"{""changedFields"":"""",""oldStatus"":""READY≈DESP"",""newStatus"":""READY≈DESP"",""operationId"":135,""referenceNumber"":""64488""}",5,BADELAL VARMA,2025-04-04T07:00:23.247Z
591,ProformaSlips,update,proformaSlip,902,"{""changedFields"":""totalQuantity"",""orderNumber"":""64510"",""partyName"":""SHREE JALARAM AGENCIES - JAMBHULPADA"",""totalQuantity"":791,""totalVolume"":""2422.19""}",2,Vraj,2025-04-04T07:00:34.542Z
592,ProformaSlips,update,proformaSlip,902,"{""changedFields"":""totalQuantity, totalVolume"",""orderNumber"":""64510"",""partyName"":""SHREE JALARAM AGENCIES - JAMBHULPADA"",""totalQuantity"":790,""totalVolume"":""2420.93""}",2,Vraj,2025-04-04T07:00:38.080Z
593,ProformaSlips,update,proformaSlip,902,"{""changedFields"":"""",""orderNumber"":""64510"",""partyName"":""SHREE JALARAM AGENCIES - JAMBHULPADA"",""totalQuantity"":790,""totalVolume"":""2420.93""}",2,Vraj,2025-04-04T07:00:39.185Z
594,ProformaSlips,update,proformaSlip,902,"{""changedFields"":"""",""orderNumber"":""64510"",""partyName"":""SHREE JALARAM AGENCIES - JAMBHULPADA"",""totalQuantity"":790,""totalVolume"":""2420.93""}",2,Vraj,2025-04-04T07:00:43.629Z
595,ProformaSlips,update,proformaSlip,902,"{""changedFields"":""totalQuantity"",""orderNumber"":""64510"",""partyName"":""SHREE JALARAM AGENCIES - JAMBHULPADA"",""totalQuantity"":790,""totalVolume"":""2420.93""}",2,Vraj,2025-04-04T07:00:49.903Z
596,ProformaSlips,update,proformaSlip,902,"{""changedFields"":""totalQuantity"",""orderNumber"":""64510"",""partyName"":""SHREE JALARAM AGENCIES - JAMBHULPADA"",""totalQuantity"":790,""totalVolume"":""2420.93""}",2,Vraj,2025-04-04T07:00:57.764Z
597,ProformaSlips,update,proformaSlip,902,"{""changedFields"":""totalQuantity"",""orderNumber"":""64510"",""partyName"":""SHREE JALARAM AGENCIES - JAMBHULPADA"",""totalQuantity"":790,""totalVolume"":""2420.93""}",2,Vraj,2025-04-04T07:00:57.824Z
598,ProformaSlips,update,proformaSlip,902,"{""changedFields"":""totalQuantity"",""orderNumber"":""64510"",""partyName"":""SHREE JALARAM AGENCIES - JAMBHULPADA"",""totalQuantity"":790,""totalVolume"":""2420.93""}",2,Vraj,2025-04-04T07:00:57.825Z
599,ProformaSlips,update,proformaSlip,902,"{""changedFields"":""totalQuantity"",""orderNumber"":""64510"",""partyName"":""SHREE JALARAM AGENCIES - JAMBHULPADA"",""totalQuantity"":790,""totalVolume"":""2420.93""}",2,Vraj,2025-04-04T07:01:07.990Z
600,ProformaSlips,update,proformaSlip,902,"{""changedFields"":""totalQuantity"",""orderNumber"":""64510"",""partyName"":""SHREE JALARAM AGENCIES - JAMBHULPADA"",""totalQuantity"":790,""totalVolume"":""2420.93""}",2,Vraj,2025-04-04T07:01:15.728Z
601,ProformaSlips,update,proformaSlip,902,"{""changedFields"":""totalQuantity"",""orderNumber"":""64510"",""partyName"":""SHREE JALARAM AGENCIES - JAMBHULPADA"",""totalQuantity"":790,""totalVolume"":""2420.93""}",2,Vraj,2025-04-04T07:01:19.452Z
602,ProformaSlips,update,proformaSlip,902,"{""changedFields"":""totalQuantity"",""orderNumber"":""64510"",""partyName"":""SHREE JALARAM AGENCIES - JAMBHULPADA"",""totalQuantity"":790,""totalVolume"":""2420.93""}",2,Vraj,2025-04-04T07:01:29.229Z
603,ProformaSlips,update,proformaSlip,902,"{""changedFields"":""totalQuantity"",""orderNumber"":""64510"",""partyName"":""SHREE JALARAM AGENCIES - JAMBHULPADA"",""totalQuantity"":790,""totalVolume"":""2420.93""}",2,Vraj,2025-04-04T07:01:34.009Z
604,ProformaSlips,update,proformaSlip,902,"{""changedFields"":""totalQuantity"",""orderNumber"":""64510"",""partyName"":""SHREE JALARAM AGENCIES - JAMBHULPADA"",""totalQuantity"":790,""totalVolume"":""2420.93""}",2,Vraj,2025-04-04T07:01:34.046Z
605,ProformaSlips,update,proformaSlip,902,"{""changedFields"":""totalQuantity"",""orderNumber"":""64510"",""partyName"":""SHREE JALARAM AGENCIES - JAMBHULPADA"",""totalQuantity"":790,""totalVolume"":""2420.93""}",2,Vraj,2025-04-04T07:01:41.120Z
606,ProformaSlips,update,proformaSlip,902,"{""changedFields"":"""",""orderNumber"":""64510"",""partyName"":""SHREE JALARAM AGENCIES - JAMBHULPADA"",""totalQuantity"":790,""totalVolume"":""2420.93""}",2,Vraj,2025-04-04T07:01:41.228Z
607,ProformaSlips,update,proformaSlip,902,"{""changedFields"":"""",""orderNumber"":""64510"",""partyName"":""SHREE JALARAM AGENCIES - JAMBHULPADA"",""totalQuantity"":790,""totalVolume"":""2420.93""}",2,Vraj,2025-04-04T07:01:41.266Z
608,ProformaSlips,update,proformaSlip,902,"{""changedFields"":"""",""orderNumber"":""64510"",""partyName"":""SHREE JALARAM AGENCIES - JAMBHULPADA"",""totalQuantity"":790,""totalVolume"":""2420.93""}",2,Vraj,2025-04-04T07:01:41.477Z
609,ProformaSlips,update,proformaSlip,902,"{""changedFields"":"""",""orderNumber"":""64510"",""partyName"":""SHREE JALARAM AGENCIES - JAMBHULPADA"",""totalQuantity"":790,""totalVolume"":""2420.93""}",2,Vraj,2025-04-04T07:01:41.610Z
610,ProformaSlips,update,proformaSlip,902,"{""changedFields"":"""",""orderNumber"":""64510"",""partyName"":""SHREE JALARAM AGENCIES - JAMBHULPADA"",""totalQuantity"":790,""totalVolume"":""2420.93""}",2,Vraj,2025-04-04T07:01:41.693Z
611,ProformaSlips,update,proformaSlip,902,"{""changedFields"":"""",""orderNumber"":""64510"",""partyName"":""SHREE JALARAM AGENCIES - JAMBHULPADA"",""totalQuantity"":790,""totalVolume"":""2420.93""}",2,Vraj,2025-04-04T07:01:41.713Z
612,ProformaSlips,update,proformaSlip,902,"{""changedFields"":""totalQuantity"",""orderNumber"":""64510"",""partyName"":""SHREE JALARAM AGENCIES - JAMBHULPADA"",""totalQuantity"":790,""totalVolume"":""2420.93""}",2,Vraj,2025-04-04T07:01:54.318Z
613,ProformaSlips,delete,proformaSlip,902,"{""orderNumber"":""64510"",""partyName"":""SHREE JALARAM AGENCIES - JAMBHULPADA"",""orderDate"":""2025-04-04"",""totalQuantity"":790,""totalVolume"":""2420.93""}",2,Vraj,2025-04-04T07:03:12.259Z
614,LoadOperations,update,loadingOperation,145,"{""changedFields"":"""",""oldStatus"":""LOADING"",""newStatus"":""LOADING"",""operationId"":145,""referenceNumber"":""64478""}",5,BADELAL VARMA,2025-04-04T07:04:41.538Z
615,LoadOperations,update,loadingOperation,146,"{""changedFields"":"""",""oldStatus"":""LOADING"",""newStatus"":""LOADING"",""operationId"":146,""referenceNumber"":""64510""}",4,YAGNIK PATEL,2025-04-04T07:10:25.178Z
616,LoadOperations,update,loadingOperation,144,"{""changedFields"":"""",""oldStatus"":""LOADING"",""newStatus"":""LOADING"",""operationId"":144,""referenceNumber"":""64498""}",9,Dharmesh,2025-04-04T07:11:56.542Z
617,LoadOperations,update,loadingOperation,147,"{""changedFields"":"""",""oldStatus"":""LOADING"",""newStatus"":""LOADING"",""operationId"":147,""referenceNumber"":""64477""}",5,BADELAL VARMA,2025-04-04T08:06:48.307Z
618,LoadOperations,update,loadingOperation,148,"{""changedFields"":"""",""oldStatus"":""LOADING"",""newStatus"":""LOADING"",""operationId"":148,""referenceNumber"":""64513""}",6,PRIYANK PATEL,2025-04-04T08:39:08.040Z
619,LoadOperations,update,loadingOperation,148,"{""changedFields"":"""",""oldStatus"":""LOADING"",""newStatus"":""LOADING"",""operationId"":148,""referenceNumber"":""64513""}",6,PRIYANK PATEL,2025-04-04T08:39:09.417Z
620,LoadOperations,update,loadingOperation,148,"{""changedFields"":"""",""oldStatus"":""LOADING"",""newStatus"":""LOADING"",""operationId"":148,""referenceNumber"":""64513""}",6,PRIYANK PATEL,2025-04-04T08:39:28.766Z
621,LoadOperations,update,loadingOperation,149,"{""changedFields"":"""",""oldStatus"":""LOADING"",""newStatus"":""LOADING"",""operationId"":149,""referenceNumber"":""64514""}",9,Dharmesh,2025-04-04T08:43:46.373Z
622,LoadOperations,update,loadingOperation,149,"{""changedFields"":"""",""oldStatus"":""LOADING"",""newStatus"":""LOADING"",""operationId"":149,""referenceNumber"":""64514""}",9,Dharmesh,2025-04-04T08:43:47.584Z
623,LoadOperations,update,loadingOperation,149,"{""changedFields"":"""",""oldStatus"":""LOADING"",""newStatus"":""LOADING"",""operationId"":149,""referenceNumber"":""64514""}",9,Dharmesh,2025-04-04T08:43:47.769Z
624,LoadOperations,update,loadingOperation,149,"{""changedFields"":"""",""oldStatus"":""LOADING"",""newStatus"":""LOADING"",""operationId"":149,""referenceNumber"":""64514""}",9,Dharmesh,2025-04-04T08:43:47.954Z
625,LoadOperations,update,loadingOperation,145,"{""changedFields"":""status"",""oldStatus"":""LOADING"",""newStatus"":""READY≈DESP"",""operationId"":145,""referenceNumber"":""64478""}",5,BADELAL VARMA,2025-04-04T08:44:00.239Z
626,LoadOperations,update,loadingOperation,147,"{""changedFields"":""status"",""oldStatus"":""LOADING"",""newStatus"":""READY≈DESP"",""operationId"":147,""referenceNumber"":""64477""}",5,BADELAL VARMA,2025-04-04T08:45:49.241Z
627,LoadOperations,update,loadingOperation,138,"{""changedFields"":""status"",""oldStatus"":""LOADING"",""newStatus"":""READY≈DESP"",""operationId"":138,""referenceNumber"":""64503""}",6,PRIYANK PATEL,2025-04-04T10:10:06.193Z
628,LoadOperations,update,loadingOperation,130,"{""changedFields"":""status"",""oldStatus"":""LOADING"",""newStatus"":""READY≈DESP"",""operationId"":130,""referenceNumber"":""64493""}",4,YAGNIK PATEL,2025-04-04T10:19:10.226Z
629,LoadOperations,update,loadingOperation,130,"{""changedFields"":"""",""oldStatus"":""READY≈DESP"",""newStatus"":""READY≈DESP"",""operationId"":130,""referenceNumber"":""64493""}",4,YAGNIK PATEL,2025-04-04T10:19:19.771Z
630,LoadOperations,update,loadingOperation,152,"{""changedFields"":"""",""oldStatus"":""LOADING"",""newStatus"":""LOADING"",""operationId"":152,""referenceNumber"":""64508""}",12,AKSHAY PATEL,2025-04-04T10:37:19.848Z
631,LoadOperations,update,loadingOperation,152,"{""changedFields"":""status"",""oldStatus"":""LOADING"",""newStatus"":""READY≈DESP"",""operationId"":152,""referenceNumber"":""64508""}",12,AKSHAY PATEL,2025-04-04T10:38:30.151Z
632,LoadOperations,update,loadingOperation,143,"{""changedFields"":""status"",""oldStatus"":""LOADING"",""newStatus"":""READY≈DESP"",""operationId"":143,""referenceNumber"":""64492""}",12,AKSHAY PATEL,2025-04-04T10:40:13.404Z
633,LoadOperations,update,loadingOperation,153,"{""changedFields"":"""",""oldStatus"":""LOADING"",""newStatus"":""LOADING"",""operationId"":153,""referenceNumber"":""64483""}",9,Dharmesh,2025-04-04T10:42:25.329Z
634,LoadOperations,update,loadingOperation,154,"{""changedFields"":"""",""oldStatus"":""LOADING"",""newStatus"":""LOADING"",""operationId"":154,""referenceNumber"":""64507""}",5,BADELAL VARMA,2025-04-04T11:03:08.749Z
635,LoadOperations,update,loadingOperation,155,"{""changedFields"":""status"",""oldStatus"":""LOADING"",""newStatus"":""READY≈DESP"",""operationId"":155,""referenceNumber"":""64476""}",12,AKSHAY PATEL,2025-04-04T11:05:41.260Z
636,LoadOperations,update,loadingOperation,131,"{""changedFields"":""status"",""oldStatus"":""LOADING"",""newStatus"":""READY≈DESP"",""operationId"":131,""referenceNumber"":""64487""}",12,AKSHAY PATEL,2025-04-04T11:08:44.910Z
637,LoadOperations,update,loadingOperation,131,"{""changedFields"":""status"",""oldStatus"":""LOADING"",""newStatus"":""READY≈DESP"",""operationId"":131,""referenceNumber"":""64487""}",12,AKSHAY PATEL,2025-04-04T11:08:44.926Z
638,LoadOperations,update,loadingOperation,139,"{""changedFields"":""status"",""oldStatus"":""LOADING"",""newStatus"":""READY≈DESP"",""operationId"":139,""referenceNumber"":""64496""}",12,AKSHAY PATEL,2025-04-04T11:09:48.388Z
639,LoadOperations,update,loadingOperation,139,"{""changedFields"":"""",""oldStatus"":""READY≈DESP"",""newStatus"":""READY≈DESP"",""operationId"":139,""referenceNumber"":""64496""}",12,AKSHAY PATEL,2025-04-04T11:09:49.612Z
640,LoadOperations,update,loadingOperation,156,"{""changedFields"":"""",""oldStatus"":""LOADING"",""newStatus"":""LOADING"",""operationId"":156,""referenceNumber"":""64490""}",12,AKSHAY PATEL,2025-04-04T11:12:21.400Z
641,LoadOperations,update,loadingOperation,146,"{""changedFields"":""status"",""oldStatus"":""LOADING"",""newStatus"":""READY≈DESP"",""operationId"":146,""referenceNumber"":""64510""}",4,YAGNIK PATEL,2025-04-04T11:19:27.498Z
642,LoadOperations,update,loadingOperation,146,"{""changedFields"":"""",""oldStatus"":""READY≈DESP"",""newStatus"":""READY≈DESP"",""operationId"":146,""referenceNumber"":""64510""}",4,YAGNIK PATEL,2025-04-04T11:19:32.020Z
643,LoadOperations,update,loadingOperation,158,"{""changedFields"":"""",""oldStatus"":""LOADING"",""newStatus"":""LOADING"",""operationId"":158,""referenceNumber"":""64482""}",5,BADELAL VARMA,2025-04-04T11:22:10.983Z
644,LoadOperations,update,loadingOperation,158,"{""changedFields"":""status"",""oldStatus"":""LOADING"",""newStatus"":""READY≈DESP"",""operationId"":158,""referenceNumber"":""64482""}",5,BADELAL VARMA,2025-04-04T11:23:07.451Z
645,LoadOperations,update,loadingOperation,158,"{""changedFields"":"""",""oldStatus"":""READY≈DESP"",""newStatus"":""READY≈DESP"",""operationId"":158,""referenceNumber"":""64482""}",5,BADELAL VARMA,2025-04-04T11:23:08.607Z
646,LoadOperations,update,loadingOperation,157,"{""changedFields"":"""",""oldStatus"":""LOADING"",""newStatus"":""LOADING"",""operationId"":157,""referenceNumber"":""64481""}",5,BADELAL VARMA,2025-04-04T11:23:38.090Z
647,LoadOperations,update,loadingOperation,157,"{""changedFields"":""status"",""oldStatus"":""LOADING"",""newStatus"":""READY≈DESP"",""operationId"":157,""referenceNumber"":""64481""}",5,BADELAL VARMA,2025-04-04T11:24:36.999Z
648,LoadOperations,update,loadingOperation,157,"{""changedFields"":""status"",""oldStatus"":""LOADING"",""newStatus"":""READY≈DESP"",""operationId"":157,""referenceNumber"":""64481""}",5,BADELAL VARMA,2025-04-04T11:24:37.003Z
649,LoadOperations,update,loadingOperation,157,"{""changedFields"":"""",""oldStatus"":""READY≈DESP"",""newStatus"":""READY≈DESP"",""operationId"":157,""referenceNumber"":""64481""}",5,BADELAL VARMA,2025-04-04T11:24:39.218Z
650,LoadOperations,update,loadingOperation,157,"{""changedFields"":"""",""oldStatus"":""READY≈DESP"",""newStatus"":""READY≈DESP"",""operationId"":157,""referenceNumber"":""64481""}",5,BADELAL VARMA,2025-04-04T11:25:01.243Z
1369,Sales,create,sale,454,"{""orderNumber"":""64544"",""dealer"":""SUBHASH AGENCY - BHUDARGAD"",""quantity"":432,""amount"":0,""status"":""PENDING DESP""}",12,AKSHAY PATEL,2025-04-08T09:13:10.111Z
651,LoadOperations,update,loadingOperation,140,"{""changedFields"":""status"",""oldStatus"":""LOADING"",""newStatus"":""READY≈DESP"",""operationId"":140,""referenceNumber"":""64506""}",5,BADELAL VARMA,2025-04-04T11:30:33.441Z
652,LoadOperations,update,loadingOperation,140,"{""changedFields"":"""",""oldStatus"":""READY≈DESP"",""newStatus"":""READY≈DESP"",""operationId"":140,""referenceNumber"":""64506""}",5,BADELAL VARMA,2025-04-04T11:30:41.715Z
653,LoadOperations,update,loadingOperation,149,"{""changedFields"":"""",""oldStatus"":""LOADING"",""newStatus"":""LOADING"",""operationId"":149,""referenceNumber"":""64514""}",9,Dharmesh,2025-04-04T11:36:32.379Z
654,LoadOperations,update,loadingOperation,148,"{""changedFields"":""status"",""oldStatus"":""LOADING"",""newStatus"":""READY≈DESP"",""operationId"":148,""referenceNumber"":""64513""}",6,PRIYANK PATEL,2025-04-04T11:37:26.800Z
655,LoadOperations,update,loadingOperation,149,"{""changedFields"":"""",""oldStatus"":""LOADING"",""newStatus"":""LOADING"",""operationId"":149,""referenceNumber"":""64514""}",9,Dharmesh,2025-04-04T11:38:35.534Z
656,LoadOperations,update,loadingOperation,149,"{""changedFields"":"""",""oldStatus"":""LOADING"",""newStatus"":""LOADING"",""operationId"":149,""referenceNumber"":""64514""}",9,Dharmesh,2025-04-04T11:38:38.051Z
657,LoadOperations,update,loadingOperation,154,"{""changedFields"":""status"",""oldStatus"":""LOADING"",""newStatus"":""READY≈DESP"",""operationId"":154,""referenceNumber"":""64507""}",5,BADELAL VARMA,2025-04-04T11:40:27.584Z
658,LoadOperations,update,loadingOperation,149,"{""changedFields"":""status"",""oldStatus"":""LOADING"",""newStatus"":""READY≈DESP"",""operationId"":149,""referenceNumber"":""64514""}",9,Dharmesh,2025-04-04T11:42:12.567Z
659,LoadOperations,update,loadingOperation,144,"{""changedFields"":"""",""oldStatus"":""LOADING"",""newStatus"":""LOADING"",""operationId"":144,""referenceNumber"":""64498""}",9,Dharmesh,2025-04-04T12:00:24.744Z
660,LoadOperations,update,loadingOperation,144,"{""changedFields"":""status"",""oldStatus"":""LOADING"",""newStatus"":""READY≈DESP"",""operationId"":144,""referenceNumber"":""64498""}",9,Dharmesh,2025-04-04T12:00:43.155Z
661,LoadOperations,update,loadingOperation,144,"{""changedFields"":"""",""oldStatus"":""READY≈DESP"",""newStatus"":""READY≈DESP"",""operationId"":144,""referenceNumber"":""64498""}",9,Dharmesh,2025-04-04T12:00:44.423Z
662,LoadOperations,update,loadingOperation,159,"{""changedFields"":"""",""oldStatus"":""LOADING"",""newStatus"":""LOADING"",""operationId"":159,""referenceNumber"":""64475""}",5,BADELAL VARMA,2025-04-04T12:02:04.840Z
663,LoadOperations,update,loadingOperation,159,"{""changedFields"":""status"",""oldStatus"":""LOADING"",""newStatus"":""READY≈DESP"",""operationId"":159,""referenceNumber"":""64475""}",5,BADELAL VARMA,2025-04-04T12:21:18.141Z
664,LoadOperations,update,loadingOperation,136,"{""changedFields"":""status"",""oldStatus"":""LOADING"",""newStatus"":""READY≈DESP"",""operationId"":136,""referenceNumber"":""64491""}",5,BADELAL VARMA,2025-04-04T12:28:08.484Z
665,ProformaSlips,update,proformaSlip,882,"{""changedFields"":""totalVolume"",""orderNumber"":""64490"",""partyName"":""SHIV ENTERPRISES - KONDHWA"",""totalQuantity"":727,""totalVolume"":""2567.13""}",2,Vraj,2025-04-04T13:51:58.019Z
666,ProformaSlips,update,proformaSlip,882,"{""changedFields"":""totalVolume"",""orderNumber"":""64490"",""partyName"":""SHIV ENTERPRISES - KONDHWA"",""totalQuantity"":759,""totalVolume"":""2655.45""}",2,Vraj,2025-04-04T13:52:20.065Z
667,ProformaSlips,update,proformaSlip,882,"{""changedFields"":""totalVolume"",""orderNumber"":""64490"",""partyName"":""SHIV ENTERPRISES - KONDHWA"",""totalQuantity"":789,""totalVolume"":""2753.55""}",2,Vraj,2025-04-04T13:52:37.070Z
668,ProformaSlips,update,proformaSlip,882,"{""changedFields"":""totalVolume"",""orderNumber"":""64490"",""partyName"":""SHIV ENTERPRISES - KONDHWA"",""totalQuantity"":819,""totalVolume"":""2868.45""}",2,Vraj,2025-04-04T13:53:07.316Z
669,ProformaSlips,update,proformaSlip,882,"{""changedFields"":""totalVolume"",""orderNumber"":""64490"",""partyName"":""SHIV ENTERPRISES - KONDHWA"",""totalQuantity"":843,""totalVolume"":""2956.05""}",2,Vraj,2025-04-04T13:53:32.374Z
670,LoadOperations,update,loadingOperation,160,"{""changedFields"":"""",""oldStatus"":""LOADING"",""newStatus"":""LOADING"",""operationId"":160,""referenceNumber"":""64497""}",5,BADELAL VARMA,2025-04-04T14:06:24.732Z
671,LoadOperations,update,loadingOperation,156,"{""changedFields"":""status"",""oldStatus"":""LOADING"",""newStatus"":""READY≈DESP"",""operationId"":156,""referenceNumber"":""64490""}",12,AKSHAY PATEL,2025-04-04T14:10:19.383Z
672,LoadOperations,update,loadingOperation,160,"{""changedFields"":""status"",""oldStatus"":""LOADING"",""newStatus"":""READY≈DESP"",""operationId"":160,""referenceNumber"":""64497""}",5,BADELAL VARMA,2025-04-04T14:29:10.099Z
673,ProformaSlips,delete,proformaSlip,978,"{""orderNumber"":""64585"",""partyName"":""RADHIKA AGENCIES - PARBHANI"",""orderDate"":""2025-04-05"",""totalQuantity"":743,""totalVolume"":""16627.40""}",2,Vraj,2025-04-04T17:42:33.331Z
674,ProformaSlips,delete,proformaSlip,977,"{""orderNumber"":""64584"",""partyName"":""SARSWATI AGENCY - WRANGA PHATHA"",""orderDate"":""2025-04-05"",""totalQuantity"":436,""totalVolume"":""9598.80""}",2,Vraj,2025-04-04T17:42:34.089Z
675,ProformaSlips,delete,proformaSlip,976,"{""orderNumber"":""64583"",""partyName"":""SHRI SAI AGENCIES - MAHAGAON"",""orderDate"":""2025-04-05"",""totalQuantity"":440,""totalVolume"":""10240.00""}",2,Vraj,2025-04-04T17:42:34.731Z
676,ProformaSlips,delete,proformaSlip,975,"{""orderNumber"":""64582"",""partyName"":""OM AGENCIES - HINGOLI"",""orderDate"":""2025-04-05"",""totalQuantity"":903,""totalVolume"":""19919.10""}",2,Vraj,2025-04-04T17:42:35.380Z
677,ProformaSlips,delete,proformaSlip,974,"{""orderNumber"":""64581"",""partyName"":""SHREE ENTERPRISES - KHIRKIYA"",""orderDate"":""2025-04-05"",""totalQuantity"":839,""totalVolume"":""16619.50""}",2,Vraj,2025-04-04T17:42:36.041Z
678,ProformaSlips,delete,proformaSlip,973,"{""orderNumber"":""64580"",""partyName"":""BALAJI SALES - ITARSI"",""orderDate"":""2025-04-05"",""totalQuantity"":1011,""totalVolume"":""19894.10""}",2,Vraj,2025-04-04T17:42:36.696Z
679,ProformaSlips,delete,proformaSlip,972,"{""orderNumber"":""64579"",""partyName"":""SHRIVIKA ENTERPRISES - GAMHARIA"",""orderDate"":""2025-04-05"",""totalQuantity"":687,""totalVolume"":""16669.30""}",2,Vraj,2025-04-04T17:42:37.351Z
680,ProformaSlips,delete,proformaSlip,971,"{""orderNumber"":""64578"",""partyName"":""RADHIKA AGENCIES - PARBHANI"",""orderDate"":""2025-04-05"",""totalQuantity"":826,""totalVolume"":""19354.30""}",2,Vraj,2025-04-04T17:42:38.005Z
681,ProformaSlips,delete,proformaSlip,970,"{""orderNumber"":""64577"",""partyName"":""G M SALES - RAJGURUNAGAR"",""orderDate"":""2025-04-05"",""totalQuantity"":682,""totalVolume"":""16410.80""}",2,Vraj,2025-04-04T17:42:38.675Z
682,ProformaSlips,delete,proformaSlip,969,"{""orderNumber"":""64576"",""partyName"":""MHATRE ENTERPRISES - NAVELI"",""orderDate"":""2025-04-05"",""totalQuantity"":919,""totalVolume"":""20954.70""}",2,Vraj,2025-04-04T17:42:39.332Z
683,ProformaSlips,delete,proformaSlip,968,"{""orderNumber"":""64575"",""partyName"":""SHREE GOVIND ENTERPRISES - KONGAON"",""orderDate"":""2025-04-05"",""totalQuantity"":742,""totalVolume"":""17009.70""}",2,Vraj,2025-04-04T17:42:39.988Z
684,ProformaSlips,delete,proformaSlip,967,"{""orderNumber"":""64574"",""partyName"":""SUSHILA ENTERPRISES - KALYAN"",""orderDate"":""2025-04-05"",""totalQuantity"":886,""totalVolume"":""22725.10""}",2,Vraj,2025-04-04T17:42:40.644Z
685,ProformaSlips,delete,proformaSlip,966,"{""orderNumber"":""64573"",""partyName"":""S K SALES - DIVA"",""orderDate"":""2025-04-05"",""totalQuantity"":935,""totalVolume"":""24121.00""}",2,Vraj,2025-04-04T17:42:41.295Z
1370,Sales,create,sale,455,"{""orderNumber"":""64532"",""dealer"":""SARSWATI AGENCY - SHIRALA"",""quantity"":215,""amount"":0,""status"":""PENDING DESP""}",5,BADELAL VARMA,2025-04-08T09:13:10.115Z
686,ProformaSlips,delete,proformaSlip,965,"{""orderNumber"":""64572"",""partyName"":""JAY AMBE MARKETING - VADA"",""orderDate"":""2025-04-05"",""totalQuantity"":882,""totalVolume"":""22094.60""}",2,Vraj,2025-04-04T17:42:41.948Z
687,ProformaSlips,delete,proformaSlip,964,"{""orderNumber"":""64571"",""partyName"":""OM ENTERPRISES - MURBAD"",""orderDate"":""2025-04-05"",""totalQuantity"":878,""totalVolume"":""22476.80""}",2,Vraj,2025-04-04T17:42:42.603Z
688,ProformaSlips,delete,proformaSlip,963,"{""orderNumber"":""64570"",""partyName"":""CHHAYA ENTERPRISES - AMBERNATH"",""orderDate"":""2025-04-05"",""totalQuantity"":906,""totalVolume"":""22798.50""}",2,Vraj,2025-04-04T17:42:43.276Z
689,ProformaSlips,delete,proformaSlip,962,"{""orderNumber"":""64569"",""partyName"":""GURUPRASAD ENTERPRISES - THANE"",""orderDate"":""2025-04-05"",""totalQuantity"":920,""totalVolume"":""23749.90""}",2,Vraj,2025-04-04T17:42:43.938Z
709,ProformaSlips,delete,proformaSlip,942,"{""orderNumber"":""64549"",""partyName"":""NEW BALLALESHWR AGENCY - SANGLI"",""orderDate"":""2025-04-05"",""totalQuantity"":827,""totalVolume"":""25643.30""}",2,Vraj,2025-04-04T17:42:57.154Z
710,ProformaSlips,delete,proformaSlip,941,"{""orderNumber"":""64548"",""partyName"":""SHRI RAM MARKETING - JAYSINGPUR"",""orderDate"":""2025-04-05"",""totalQuantity"":381,""totalVolume"":""11265.80""}",2,Vraj,2025-04-04T17:42:57.804Z
711,ProformaSlips,delete,proformaSlip,940,"{""orderNumber"":""64547"",""partyName"":""GURUMAULI ENTERPRISES - TASGAON"",""orderDate"":""2025-04-05"",""totalQuantity"":454,""totalVolume"":""13503.00""}",2,Vraj,2025-04-04T17:42:58.457Z
713,ProformaSlips,delete,proformaSlip,938,"{""orderNumber"":""64545"",""partyName"":""SWARUP AGENCY - KOLHAPUR"",""orderDate"":""2025-04-05"",""totalQuantity"":825,""totalVolume"":""25473.40""}",2,Vraj,2025-04-04T17:42:59.747Z
714,ProformaSlips,delete,proformaSlip,937,"{""orderNumber"":""64544"",""partyName"":""SUBHASH AGENCY - BHUDARGAD"",""orderDate"":""2025-04-05"",""totalQuantity"":427,""totalVolume"":""9735.70""}",2,Vraj,2025-04-04T17:43:00.398Z
715,ProformaSlips,delete,proformaSlip,936,"{""orderNumber"":""64543"",""partyName"":""SACHIN AGENCIES - KOLHAPUR"",""orderDate"":""2025-04-05"",""totalQuantity"":492,""totalVolume"":""15655.10""}",2,Vraj,2025-04-04T17:43:01.117Z
690,ProformaSlips,delete,proformaSlip,961,"{""orderNumber"":""64568"",""partyName"":""KARTHIK  ENTERPRISES - THANE"",""orderDate"":""2025-04-05"",""totalQuantity"":917,""totalVolume"":""23941.70""}",2,Vraj,2025-04-04T17:42:44.652Z
691,ProformaSlips,delete,proformaSlip,960,"{""orderNumber"":""64567"",""partyName"":""PRAGATI SALES AGENCY - VASHI"",""orderDate"":""2025-04-05"",""totalQuantity"":847,""totalVolume"":""21456.40""}",2,Vraj,2025-04-04T17:42:45.298Z
702,ProformaSlips,delete,proformaSlip,949,"{""orderNumber"":""64556"",""partyName"":""RAGHAV ENTERPRISES - SOLAPUR"",""orderDate"":""2025-04-05"",""totalQuantity"":827,""totalVolume"":""26833.50""}",2,Vraj,2025-04-04T17:42:52.543Z
703,ProformaSlips,delete,proformaSlip,948,"{""orderNumber"":""64555"",""partyName"":""RAGHAV ENTERPRISES - SOLAPUR"",""orderDate"":""2025-04-05"",""totalQuantity"":271,""totalVolume"":""6912.30""}",2,Vraj,2025-04-04T17:42:53.185Z
704,ProformaSlips,delete,proformaSlip,947,"{""orderNumber"":""64554"",""partyName"":""HIREN RETAILING ENTERPRISES - SOLAPUR"",""orderDate"":""2025-04-05"",""totalQuantity"":616,""totalVolume"":""18299.60""}",2,Vraj,2025-04-04T17:42:53.840Z
705,ProformaSlips,delete,proformaSlip,946,"{""orderNumber"":""64553"",""partyName"":""JAY SHANKAR TRADING - KARAD"",""orderDate"":""2025-04-05"",""totalQuantity"":988,""totalVolume"":""25468.50""}",2,Vraj,2025-04-04T17:42:54.486Z
706,ProformaSlips,delete,proformaSlip,945,"{""orderNumber"":""64552"",""partyName"":""SHREENATH AGENCY - KARAD"",""orderDate"":""2025-04-05"",""totalQuantity"":685,""totalVolume"":""21141.70""}",2,Vraj,2025-04-04T17:42:55.196Z
692,ProformaSlips,delete,proformaSlip,959,"{""orderNumber"":""64566"",""partyName"":""VIGHNESH ENTERPRISES - ULWE"",""orderDate"":""2025-04-05"",""totalQuantity"":238,""totalVolume"":""5907.10""}",2,Vraj,2025-04-04T17:42:45.953Z
693,ProformaSlips,delete,proformaSlip,958,"{""orderNumber"":""64565"",""partyName"":""YACHIKET ENTERPRISES - NAVI MUMBAI"",""orderDate"":""2025-04-05"",""totalQuantity"":479,""totalVolume"":""12800.60""}",2,Vraj,2025-04-04T17:42:46.598Z
694,ProformaSlips,delete,proformaSlip,957,"{""orderNumber"":""64564"",""partyName"":""KIRTAN AGENCY - URAN"",""orderDate"":""2025-04-05"",""totalQuantity"":965,""totalVolume"":""22688.60""}",2,Vraj,2025-04-04T17:42:47.244Z
695,ProformaSlips,delete,proformaSlip,956,"{""orderNumber"":""64563"",""partyName"":""SAI GANESH AGENCY - SALAV"",""orderDate"":""2025-04-05"",""totalQuantity"":748,""totalVolume"":""20502.20""}",2,Vraj,2025-04-04T17:42:47.888Z
716,ProformaSlips,delete,proformaSlip,935,"{""orderNumber"":""64542"",""partyName"":""SACHIN AGENCIES - KOLHAPUR"",""orderDate"":""2025-04-05"",""totalQuantity"":840,""totalVolume"":""25174.80""}",2,Vraj,2025-04-04T17:43:01.775Z
717,ProformaSlips,delete,proformaSlip,934,"{""orderNumber"":""64541"",""partyName"":""SUMAN TRADERS - PETH VADGAON"",""orderDate"":""2025-04-05"",""totalQuantity"":488,""totalVolume"":""15278.70""}",2,Vraj,2025-04-04T17:43:02.432Z
696,ProformaSlips,delete,proformaSlip,955,"{""orderNumber"":""64562"",""partyName"":""PRABHU SALES AGENCY - PANVEL"",""orderDate"":""2025-04-05"",""totalQuantity"":859,""totalVolume"":""22729.90""}",2,Vraj,2025-04-04T17:42:48.591Z
697,ProformaSlips,delete,proformaSlip,954,"{""orderNumber"":""64561"",""partyName"":""VAHANVATI AGENCY - KHED"",""orderDate"":""2025-04-05"",""totalQuantity"":323,""totalVolume"":""6555.80""}",2,Vraj,2025-04-04T17:42:49.246Z
698,ProformaSlips,delete,proformaSlip,953,"{""orderNumber"":""64560"",""partyName"":""HASMUKH TEA DEPOT - DAPOLI"",""orderDate"":""2025-04-05"",""totalQuantity"":553,""totalVolume"":""14955.20""}",2,Vraj,2025-04-04T17:42:49.894Z
699,ProformaSlips,delete,proformaSlip,952,"{""orderNumber"":""64559"",""partyName"":""PARSHURAM NARAYAN BHINGARDE - SANGMESHWAR"",""orderDate"":""2025-04-05"",""totalQuantity"":723,""totalVolume"":""21210.50""}",2,Vraj,2025-04-04T17:42:50.598Z
700,ProformaSlips,delete,proformaSlip,951,"{""orderNumber"":""64558"",""partyName"":""SHIV SALES - SOLAPUR"",""orderDate"":""2025-04-05"",""totalQuantity"":808,""totalVolume"":""25335.40""}",2,Vraj,2025-04-04T17:42:51.245Z
701,ProformaSlips,delete,proformaSlip,950,"{""orderNumber"":""64557"",""partyName"":""SHIV SALES - SOLAPUR"",""orderDate"":""2025-04-05"",""totalQuantity"":899,""totalVolume"":""26778.20""}",2,Vraj,2025-04-04T17:42:51.894Z
707,ProformaSlips,delete,proformaSlip,944,"{""orderNumber"":""64551"",""partyName"":""LALA AGENCIES - MIRAJ"",""orderDate"":""2025-04-05"",""totalQuantity"":578,""totalVolume"":""17806.30""}",2,Vraj,2025-04-04T17:42:55.842Z
708,ProformaSlips,delete,proformaSlip,943,"{""orderNumber"":""64550"",""partyName"":""NAMARATA AGENCY - MALGAON"",""orderDate"":""2025-04-05"",""totalQuantity"":118,""totalVolume"":""3602.30""}",2,Vraj,2025-04-04T17:42:56.502Z
712,ProformaSlips,delete,proformaSlip,939,"{""orderNumber"":""64546"",""partyName"":""ADITYA ENTERPRISES - VITA"",""orderDate"":""2025-04-05"",""totalQuantity"":880,""totalVolume"":""25105.70""}",2,Vraj,2025-04-04T17:42:59.103Z
718,ProformaSlips,delete,proformaSlip,933,"{""orderNumber"":""64540"",""partyName"":""HANUMANDAS KRUPA MARKETING - SHIROLI"",""orderDate"":""2025-04-05"",""totalQuantity"":350,""totalVolume"":""10063.50""}",2,Vraj,2025-04-04T17:43:03.083Z
719,ProformaSlips,delete,proformaSlip,932,"{""orderNumber"":""64539"",""partyName"":""RISHIRAJ AGENCY - CHINCHWAD"",""orderDate"":""2025-04-05"",""totalQuantity"":528,""totalVolume"":""14996.00""}",2,Vraj,2025-04-04T17:43:03.731Z
720,ProformaSlips,delete,proformaSlip,931,"{""orderNumber"":""64538"",""partyName"":""SHREE SAI DATTA ENTERPRISES - KOLHAPUR"",""orderDate"":""2025-04-05"",""totalQuantity"":394,""totalVolume"":""10819.90""}",2,Vraj,2025-04-04T17:43:04.387Z
721,ProformaSlips,delete,proformaSlip,930,"{""orderNumber"":""64537"",""partyName"":""MAHALAXMI AGENCY - KOLHAPUR"",""orderDate"":""2025-04-05"",""totalQuantity"":826,""totalVolume"":""24188.00""}",2,Vraj,2025-04-04T17:43:05.029Z
722,ProformaSlips,delete,proformaSlip,929,"{""orderNumber"":""64536"",""partyName"":""SHREE BIRADEV MARKETING - ICHALKARANJI"",""orderDate"":""2025-04-05"",""totalQuantity"":838,""totalVolume"":""24934.00""}",2,Vraj,2025-04-04T17:43:05.747Z
723,ProformaSlips,delete,proformaSlip,928,"{""orderNumber"":""64535"",""partyName"":""RAJDEEP AGENCIES - MALHARPETH"",""orderDate"":""2025-04-05"",""totalQuantity"":459,""totalVolume"":""14362.50""}",2,Vraj,2025-04-04T17:43:06.390Z
724,ProformaSlips,delete,proformaSlip,927,"{""orderNumber"":""64534"",""partyName"":""JYOTIRLING TRADERS & SIDHAI AGENCY - MALKAPUR"",""orderDate"":""2025-04-05"",""totalQuantity"":407,""totalVolume"":""11315.30""}",2,Vraj,2025-04-04T17:43:07.025Z
725,ProformaSlips,delete,proformaSlip,926,"{""orderNumber"":""64533"",""partyName"":""BHAGYODYA AGENCIES - ISLAMPUR"",""orderDate"":""2025-04-05"",""totalQuantity"":580,""totalVolume"":""16852.30""}",2,Vraj,2025-04-04T17:43:07.708Z
726,ProformaSlips,delete,proformaSlip,925,"{""orderNumber"":""64532"",""partyName"":""SARSWATI AGENCY - SHIRALA"",""orderDate"":""2025-04-05"",""totalQuantity"":215,""totalVolume"":""5738.30""}",2,Vraj,2025-04-04T17:43:08.346Z
727,LoadOperations,update,loadingOperation,164,"{""changedFields"":"""",""oldStatus"":""LOADING"",""newStatus"":""LOADING"",""operationId"":164,""referenceNumber"":""64578""}",11,DIVYANG PATEL,2025-04-04T17:59:15.288Z
728,LoadOperations,update,loadingOperation,164,"{""changedFields"":""status"",""oldStatus"":""LOADING"",""newStatus"":""READY≈DESP"",""operationId"":164,""referenceNumber"":""64578""}",11,DIVYANG PATEL,2025-04-04T18:01:14.627Z
729,LoadOperations,update,loadingOperation,165,"{""changedFields"":"""",""oldStatus"":""LOADING"",""newStatus"":""LOADING"",""operationId"":165,""referenceNumber"":""64570""}",16,TEJASH M PATEL,2025-04-04T18:07:40.009Z
730,LoadOperations,update,loadingOperation,165,"{""changedFields"":""status"",""oldStatus"":""LOADING"",""newStatus"":""READY≈DESP"",""operationId"":165,""referenceNumber"":""64570""}",16,TEJASH M PATEL,2025-04-04T18:11:30.881Z
731,LoadOperations,update,loadingOperation,165,"{""changedFields"":"""",""oldStatus"":""READY≈DESP"",""newStatus"":""READY≈DESP"",""operationId"":165,""referenceNumber"":""64570""}",16,TEJASH M PATEL,2025-04-04T18:11:31.248Z
732,LoadOperations,update,loadingOperation,165,"{""changedFields"":"""",""oldStatus"":""READY≈DESP"",""newStatus"":""READY≈DESP"",""operationId"":165,""referenceNumber"":""64570""}",16,TEJASH M PATEL,2025-04-04T18:11:31.393Z
733,LoadOperations,update,loadingOperation,166,"{""changedFields"":"""",""oldStatus"":""LOADING"",""newStatus"":""LOADING"",""operationId"":166,""referenceNumber"":""64549""}",16,TEJASH M PATEL,2025-04-04T18:14:05.571Z
734,LoadOperations,update,loadingOperation,167,"{""changedFields"":"""",""oldStatus"":""LOADING"",""newStatus"":""LOADING"",""operationId"":167,""referenceNumber"":""64572""}",16,TEJASH M PATEL,2025-04-04T18:19:44.676Z
735,LoadOperations,update,loadingOperation,168,"{""changedFields"":"""",""oldStatus"":""LOADING"",""newStatus"":""LOADING"",""operationId"":168,""referenceNumber"":""64542""}",11,DIVYANG PATEL,2025-04-04T18:20:51.135Z
736,LoadOperations,update,loadingOperation,168,"{""changedFields"":""status"",""oldStatus"":""LOADING"",""newStatus"":""READY≈DESP"",""operationId"":168,""referenceNumber"":""64542""}",11,DIVYANG PATEL,2025-04-04T18:24:17.807Z
737,LoadOperations,update,loadingOperation,170,"{""changedFields"":"""",""oldStatus"":""LOADING"",""newStatus"":""LOADING"",""operationId"":170,""referenceNumber"":""64559""}",11,DIVYANG PATEL,2025-04-04T19:25:05.882Z
738,LoadOperations,update,loadingOperation,166,"{""changedFields"":""status"",""oldStatus"":""LOADING"",""newStatus"":""READY≈DESP"",""operationId"":166,""referenceNumber"":""64549""}",16,TEJASH M PATEL,2025-04-04T19:27:09.117Z
739,LoadOperations,update,loadingOperation,170,"{""changedFields"":""status"",""oldStatus"":""LOADING"",""newStatus"":""READY≈DESP"",""operationId"":170,""referenceNumber"":""64559""}",11,DIVYANG PATEL,2025-04-04T19:27:50.671Z
740,LoadOperations,update,loadingOperation,167,"{""changedFields"":""status"",""oldStatus"":""LOADING"",""newStatus"":""READY≈DESP"",""operationId"":167,""referenceNumber"":""64572""}",16,TEJASH M PATEL,2025-04-04T19:36:03.313Z
741,LoadOperations,update,loadingOperation,172,"{""changedFields"":"""",""oldStatus"":""LOADING"",""newStatus"":""LOADING"",""operationId"":172,""referenceNumber"":""64546""}",5,BADELAL VARMA,2025-04-05T03:49:01.989Z
742,LoadOperations,update,loadingOperation,173,"{""changedFields"":"""",""oldStatus"":""LOADING"",""newStatus"":""LOADING"",""operationId"":173,""referenceNumber"":""64558""}",4,YAGNIK PATEL,2025-04-05T03:57:09.812Z
743,LoadOperations,update,loadingOperation,173,"{""changedFields"":"""",""oldStatus"":""LOADING"",""newStatus"":""LOADING"",""operationId"":173,""referenceNumber"":""64558""}",4,YAGNIK PATEL,2025-04-05T03:57:11.317Z
744,LoadOperations,update,loadingOperation,173,"{""changedFields"":"""",""oldStatus"":""LOADING"",""newStatus"":""LOADING"",""operationId"":173,""referenceNumber"":""64558""}",4,YAGNIK PATEL,2025-04-05T03:57:46.971Z
745,LoadOperations,update,loadingOperation,173,"{""changedFields"":"""",""oldStatus"":""LOADING"",""newStatus"":""LOADING"",""operationId"":173,""referenceNumber"":""64558""}",4,YAGNIK PATEL,2025-04-05T03:59:59.096Z
746,LoadOperations,update,loadingOperation,173,"{""changedFields"":"""",""oldStatus"":""LOADING"",""newStatus"":""LOADING"",""operationId"":173,""referenceNumber"":""64558""}",4,YAGNIK PATEL,2025-04-05T04:00:05.076Z
747,LoadOperations,update,loadingOperation,171,"{""changedFields"":"""",""oldStatus"":""LOADING"",""newStatus"":""LOADING"",""operationId"":171,""referenceNumber"":""64537""}",12,AKSHAY PATEL,2025-04-05T04:00:53.101Z
748,LoadOperations,update,loadingOperation,171,"{""changedFields"":"""",""oldStatus"":""LOADING"",""newStatus"":""LOADING"",""operationId"":171,""referenceNumber"":""64537""}",12,AKSHAY PATEL,2025-04-05T04:00:53.825Z
749,LoadOperations,update,loadingOperation,174,"{""changedFields"":"""",""oldStatus"":""LOADING"",""newStatus"":""LOADING"",""operationId"":174,""referenceNumber"":""64577""}",5,BADELAL VARMA,2025-04-05T04:06:55.095Z
750,LoadOperations,update,loadingOperation,174,"{""changedFields"":""status"",""oldStatus"":""LOADING"",""newStatus"":""READY≈DESP"",""operationId"":174,""referenceNumber"":""64577""}",5,BADELAL VARMA,2025-04-05T04:07:30.634Z
751,LoadOperations,update,loadingOperation,175,"{""changedFields"":"""",""oldStatus"":""LOADING"",""newStatus"":""LOADING"",""operationId"":175,""referenceNumber"":""64562""}",4,YAGNIK PATEL,2025-04-05T04:09:23.590Z
752,LoadOperations,update,loadingOperation,175,"{""changedFields"":""status"",""oldStatus"":""LOADING"",""newStatus"":""READY≈DESP"",""operationId"":175,""referenceNumber"":""64562""}",4,YAGNIK PATEL,2025-04-05T04:09:47.908Z
753,LoadOperations,update,loadingOperation,176,"{""changedFields"":"""",""oldStatus"":""LOADING"",""newStatus"":""LOADING"",""operationId"":176,""referenceNumber"":""64541""}",4,YAGNIK PATEL,2025-04-05T04:11:25.434Z
754,LoadOperations,update,loadingOperation,176,"{""changedFields"":""status"",""oldStatus"":""LOADING"",""newStatus"":""READY≈DESP"",""operationId"":176,""referenceNumber"":""64541""}",4,YAGNIK PATEL,2025-04-05T04:12:59.320Z
755,LoadOperations,update,loadingOperation,176,"{""changedFields"":"""",""oldStatus"":""READY≈DESP"",""newStatus"":""READY≈DESP"",""operationId"":176,""referenceNumber"":""64541""}",4,YAGNIK PATEL,2025-04-05T04:13:07.729Z
756,LoadOperations,update,loadingOperation,177,"{""changedFields"":"""",""oldStatus"":""LOADING"",""newStatus"":""LOADING"",""operationId"":177,""referenceNumber"":""64540""}",4,YAGNIK PATEL,2025-04-05T04:13:40.505Z
757,LoadOperations,update,loadingOperation,177,"{""changedFields"":"""",""oldStatus"":""LOADING"",""newStatus"":""LOADING"",""operationId"":177,""referenceNumber"":""64540""}",4,YAGNIK PATEL,2025-04-05T04:14:11.526Z
758,LoadOperations,update,loadingOperation,177,"{""changedFields"":""status"",""oldStatus"":""LOADING"",""newStatus"":""READY≈DESP"",""operationId"":177,""referenceNumber"":""64540""}",4,YAGNIK PATEL,2025-04-05T04:14:23.222Z
759,LoadOperations,update,loadingOperation,177,"{""changedFields"":"""",""oldStatus"":""READY≈DESP"",""newStatus"":""READY≈DESP"",""operationId"":177,""referenceNumber"":""64540""}",4,YAGNIK PATEL,2025-04-05T04:14:24.360Z
760,LoadOperations,update,loadingOperation,178,"{""changedFields"":"""",""oldStatus"":""LOADING"",""newStatus"":""LOADING"",""operationId"":178,""referenceNumber"":""64557""}",4,YAGNIK PATEL,2025-04-05T04:17:37.267Z
761,LoadOperations,update,loadingOperation,178,"{""changedFields"":""status"",""oldStatus"":""LOADING"",""newStatus"":""READY≈DESP"",""operationId"":178,""referenceNumber"":""64557""}",4,YAGNIK PATEL,2025-04-05T04:17:39.911Z
762,LoadOperations,update,loadingOperation,173,"{""changedFields"":""status"",""oldStatus"":""LOADING"",""newStatus"":""READY≈DESP"",""operationId"":173,""referenceNumber"":""64558""}",4,YAGNIK PATEL,2025-04-05T04:20:42.376Z
763,LoadOperations,update,loadingOperation,179,"{""changedFields"":"""",""oldStatus"":""LOADING"",""newStatus"":""LOADING"",""operationId"":179,""referenceNumber"":""64571""}",4,YAGNIK PATEL,2025-04-05T04:23:30.425Z
764,LoadOperations,update,loadingOperation,180,"{""changedFields"":"""",""oldStatus"":""LOADING"",""newStatus"":""LOADING"",""operationId"":180,""referenceNumber"":""64564""}",5,BADELAL VARMA,2025-04-05T04:32:09.980Z
765,LoadOperations,update,loadingOperation,180,"{""changedFields"":"""",""oldStatus"":""LOADING"",""newStatus"":""LOADING"",""operationId"":180,""referenceNumber"":""64564""}",5,BADELAL VARMA,2025-04-05T04:32:10.934Z
766,LoadOperations,update,loadingOperation,181,"{""changedFields"":"""",""oldStatus"":""LOADING"",""newStatus"":""LOADING"",""operationId"":181,""referenceNumber"":""64545""}",12,AKSHAY PATEL,2025-04-05T04:37:05.778Z
767,Sales,create,sale,284,"{""orderNumber"":""64359"",""dealer"":""OMKAR DISTRIBUTORS - NARAYANGAON"",""quantity"":879,""amount"":597271,""status"":""PENDING DESP""}",3,Yash patel,2025-04-05T05:45:56.785Z
768,LoadOperations,update,loadingOperation,181,"{""changedFields"":"""",""oldStatus"":""LOADING"",""newStatus"":""LOADING"",""operationId"":181,""referenceNumber"":""64545""}",12,AKSHAY PATEL,2025-04-05T05:53:11.713Z
769,LoadOperations,update,loadingOperation,182,"{""changedFields"":"""",""oldStatus"":""LOADING"",""newStatus"":""LOADING"",""operationId"":182,""referenceNumber"":""64534""}",12,AKSHAY PATEL,2025-04-05T05:56:15.298Z
770,LoadOperations,update,loadingOperation,179,"{""changedFields"":""status"",""oldStatus"":""LOADING"",""newStatus"":""READY≈DESP"",""operationId"":179,""referenceNumber"":""64571""}",4,YAGNIK PATEL,2025-04-05T05:57:10.430Z
771,LoadOperations,update,loadingOperation,179,"{""changedFields"":"""",""oldStatus"":""READY≈DESP"",""newStatus"":""READY≈DESP"",""operationId"":179,""referenceNumber"":""64571""}",4,YAGNIK PATEL,2025-04-05T05:57:21.481Z
772,LoadOperations,update,loadingOperation,180,"{""changedFields"":""status"",""oldStatus"":""LOADING"",""newStatus"":""READY≈DESP"",""operationId"":180,""referenceNumber"":""64564""}",5,BADELAL VARMA,2025-04-05T05:57:21.776Z
773,LoadOperations,update,loadingOperation,180,"{""changedFields"":"""",""oldStatus"":""READY≈DESP"",""newStatus"":""READY≈DESP"",""operationId"":180,""referenceNumber"":""64564""}",5,BADELAL VARMA,2025-04-05T05:57:55.795Z
774,LoadOperations,update,loadingOperation,183,"{""changedFields"":"""",""oldStatus"":""LOADING"",""newStatus"":""LOADING"",""operationId"":183,""referenceNumber"":""64535""}",12,AKSHAY PATEL,2025-04-05T05:59:21.923Z
775,LoadOperations,update,loadingOperation,184,"{""changedFields"":"""",""oldStatus"":""LOADING"",""newStatus"":""LOADING"",""operationId"":184,""referenceNumber"":""64561""}",4,YAGNIK PATEL,2025-04-05T05:59:40.281Z
776,LoadOperations,update,loadingOperation,185,"{""changedFields"":"""",""oldStatus"":""LOADING"",""newStatus"":""LOADING"",""operationId"":185,""referenceNumber"":""64560""}",4,YAGNIK PATEL,2025-04-05T06:00:18.754Z
777,LoadOperations,update,loadingOperation,185,"{""changedFields"":""status"",""oldStatus"":""LOADING"",""newStatus"":""READY≈DESP"",""operationId"":185,""referenceNumber"":""64560""}",4,YAGNIK PATEL,2025-04-05T06:00:48.192Z
778,LoadOperations,update,loadingOperation,185,"{""changedFields"":""status"",""oldStatus"":""LOADING"",""newStatus"":""READY≈DESP"",""operationId"":185,""referenceNumber"":""64560""}",4,YAGNIK PATEL,2025-04-05T06:00:48.213Z
779,LoadOperations,update,loadingOperation,185,"{""changedFields"":"""",""oldStatus"":""READY≈DESP"",""newStatus"":""READY≈DESP"",""operationId"":185,""referenceNumber"":""64560""}",4,YAGNIK PATEL,2025-04-05T06:00:53.148Z
780,LoadOperations,update,loadingOperation,185,"{""changedFields"":"""",""oldStatus"":""READY≈DESP"",""newStatus"":""READY≈DESP"",""operationId"":185,""referenceNumber"":""64560""}",4,YAGNIK PATEL,2025-04-05T06:00:55.074Z
781,LoadOperations,update,loadingOperation,186,"{""changedFields"":"""",""oldStatus"":""LOADING"",""newStatus"":""LOADING"",""operationId"":186,""referenceNumber"":""64536""}",4,YAGNIK PATEL,2025-04-05T06:01:56.630Z
782,LoadOperations,update,loadingOperation,188,"{""changedFields"":"""",""oldStatus"":""LOADING"",""newStatus"":""LOADING"",""operationId"":188,""referenceNumber"":""64554""}",5,BADELAL VARMA,2025-04-05T06:05:59.950Z
783,LoadOperations,update,loadingOperation,187,"{""changedFields"":"""",""oldStatus"":""LOADING"",""newStatus"":""LOADING"",""operationId"":187,""referenceNumber"":""64555""}",5,BADELAL VARMA,2025-04-05T06:06:28.193Z
784,LoadOperations,update,loadingOperation,184,"{""changedFields"":""status"",""oldStatus"":""LOADING"",""newStatus"":""READY≈DESP"",""operationId"":184,""referenceNumber"":""64561""}",4,YAGNIK PATEL,2025-04-05T06:10:37.510Z
785,Sales,create,sale,290,"{""orderNumber"":""64502"",""dealer"":""LAXMI MARKETING - BADLAPUR"",""quantity"":969,""amount"":625826,""status"":""PENDING DESP""}",9,Dharmesh,2025-04-05T06:17:01.141Z
786,LoadOperations,update,loadingOperation,188,"{""changedFields"":""status"",""oldStatus"":""LOADING"",""newStatus"":""READY≈DESP"",""operationId"":188,""referenceNumber"":""64554""}",5,BADELAL VARMA,2025-04-05T06:19:29.094Z
787,LoadOperations,update,loadingOperation,187,"{""changedFields"":""status"",""oldStatus"":""LOADING"",""newStatus"":""READY≈DESP"",""operationId"":187,""referenceNumber"":""64555""}",5,BADELAL VARMA,2025-04-05T06:22:06.772Z
788,LoadOperations,update,loadingOperation,189,"{""changedFields"":"""",""oldStatus"":""LOADING"",""newStatus"":""LOADING"",""operationId"":189,""referenceNumber"":""64563""}",12,AKSHAY PATEL,2025-04-05T06:25:49.866Z
789,LoadOperations,update,loadingOperation,190,"{""changedFields"":"""",""oldStatus"":""LOADING"",""newStatus"":""LOADING"",""operationId"":190,""referenceNumber"":""64551""}",5,BADELAL VARMA,2025-04-05T06:26:54.092Z
790,LoadOperations,update,loadingOperation,191,"{""changedFields"":"""",""oldStatus"":""LOADING"",""newStatus"":""LOADING"",""operationId"":191,""referenceNumber"":""64569""}",12,AKSHAY PATEL,2025-04-05T06:32:32.653Z
791,LoadOperations,update,loadingOperation,186,"{""changedFields"":""status"",""oldStatus"":""LOADING"",""newStatus"":""READY≈DESP"",""operationId"":186,""referenceNumber"":""64536""}",4,YAGNIK PATEL,2025-04-05T06:33:20.946Z
792,LoadOperations,update,loadingOperation,186,"{""changedFields"":"""",""oldStatus"":""READY≈DESP"",""newStatus"":""READY≈DESP"",""operationId"":186,""referenceNumber"":""64536""}",4,YAGNIK PATEL,2025-04-05T06:33:21.195Z
793,LoadOperations,update,loadingOperation,186,"{""changedFields"":"""",""oldStatus"":""READY≈DESP"",""newStatus"":""READY≈DESP"",""operationId"":186,""referenceNumber"":""64536""}",4,YAGNIK PATEL,2025-04-05T06:33:38.252Z
794,LoadOperations,update,loadingOperation,186,"{""changedFields"":"""",""oldStatus"":""READY≈DESP"",""newStatus"":""READY≈DESP"",""operationId"":186,""referenceNumber"":""64536""}",4,YAGNIK PATEL,2025-04-05T06:33:54.985Z
795,LoadOperations,update,loadingOperation,192,"{""changedFields"":"""",""oldStatus"":""LOADING"",""newStatus"":""LOADING"",""operationId"":192,""referenceNumber"":""64573""}",4,YAGNIK PATEL,2025-04-05T06:37:01.529Z
796,LoadOperations,update,loadingOperation,193,"{""changedFields"":"""",""oldStatus"":""LOADING"",""newStatus"":""LOADING"",""operationId"":193,""referenceNumber"":""64550""}",5,BADELAL VARMA,2025-04-05T06:51:54.616Z
797,LoadOperations,update,loadingOperation,193,"{""changedFields"":""status"",""oldStatus"":""LOADING"",""newStatus"":""READY≈DESP"",""operationId"":193,""referenceNumber"":""64550""}",5,BADELAL VARMA,2025-04-05T06:59:47.201Z
798,LoadOperations,update,loadingOperation,190,"{""changedFields"":""status"",""oldStatus"":""LOADING"",""newStatus"":""READY≈DESP"",""operationId"":190,""referenceNumber"":""64551""}",5,BADELAL VARMA,2025-04-05T07:00:23.699Z
799,LoadOperations,update,loadingOperation,172,"{""changedFields"":""status"",""oldStatus"":""LOADING"",""newStatus"":""READY≈DESP"",""operationId"":172,""referenceNumber"":""64546""}",5,BADELAL VARMA,2025-04-05T07:53:00.323Z
800,LoadOperations,update,loadingOperation,194,"{""changedFields"":"""",""oldStatus"":""LOADING"",""newStatus"":""LOADING"",""operationId"":194,""referenceNumber"":""64566""}",12,AKSHAY PATEL,2025-04-05T07:55:52.702Z
801,LoadOperations,update,loadingOperation,194,"{""changedFields"":"""",""oldStatus"":""LOADING"",""newStatus"":""LOADING"",""operationId"":194,""referenceNumber"":""64566""}",12,AKSHAY PATEL,2025-04-05T07:55:54.414Z
802,LoadOperations,update,loadingOperation,195,"{""changedFields"":"""",""oldStatus"":""LOADING"",""newStatus"":""LOADING"",""operationId"":195,""referenceNumber"":""64576""}",5,BADELAL VARMA,2025-04-05T07:57:24.819Z
803,LoadOperations,update,loadingOperation,196,"{""changedFields"":"""",""oldStatus"":""LOADING"",""newStatus"":""LOADING"",""operationId"":196,""referenceNumber"":""64565""}",12,AKSHAY PATEL,2025-04-05T07:57:31.245Z
804,LoadOperations,update,loadingOperation,192,"{""changedFields"":""status"",""oldStatus"":""LOADING"",""newStatus"":""READY≈DESP"",""operationId"":192,""referenceNumber"":""64573""}",4,YAGNIK PATEL,2025-04-05T08:37:16.981Z
805,LoadOperations,update,loadingOperation,195,"{""changedFields"":""status"",""oldStatus"":""LOADING"",""newStatus"":""READY≈DESP"",""operationId"":195,""referenceNumber"":""64576""}",5,BADELAL VARMA,2025-04-05T08:44:20.087Z
806,LoadOperations,update,loadingOperation,196,"{""changedFields"":""status"",""oldStatus"":""LOADING"",""newStatus"":""READY≈DESP"",""operationId"":196,""referenceNumber"":""64565""}",12,AKSHAY PATEL,2025-04-05T08:44:28.641Z
807,LoadOperations,update,loadingOperation,195,"{""changedFields"":"""",""oldStatus"":""READY≈DESP"",""newStatus"":""READY≈DESP"",""operationId"":195,""referenceNumber"":""64576""}",5,BADELAL VARMA,2025-04-05T08:44:28.770Z
808,LoadOperations,update,loadingOperation,198,"{""changedFields"":"""",""oldStatus"":""LOADING"",""newStatus"":""LOADING"",""operationId"":198,""referenceNumber"":""64567""}",5,BADELAL VARMA,2025-04-05T08:45:30.572Z
809,LoadOperations,update,loadingOperation,191,"{""changedFields"":""status"",""oldStatus"":""LOADING"",""newStatus"":""READY≈DESP"",""operationId"":191,""referenceNumber"":""64569""}",12,AKSHAY PATEL,2025-04-05T08:46:16.453Z
810,LoadOperations,update,loadingOperation,189,"{""changedFields"":""status"",""oldStatus"":""LOADING"",""newStatus"":""READY≈DESP"",""operationId"":189,""referenceNumber"":""64563""}",12,AKSHAY PATEL,2025-04-05T08:47:26.348Z
811,LoadOperations,update,loadingOperation,189,"{""changedFields"":"""",""oldStatus"":""READY≈DESP"",""newStatus"":""READY≈DESP"",""operationId"":189,""referenceNumber"":""64563""}",12,AKSHAY PATEL,2025-04-05T08:47:33.129Z
812,LoadOperations,update,loadingOperation,183,"{""changedFields"":""status"",""oldStatus"":""LOADING"",""newStatus"":""READY≈DESP"",""operationId"":183,""referenceNumber"":""64535""}",12,AKSHAY PATEL,2025-04-05T08:47:46.415Z
813,LoadOperations,update,loadingOperation,182,"{""changedFields"":""status"",""oldStatus"":""LOADING"",""newStatus"":""READY≈DESP"",""operationId"":182,""referenceNumber"":""64534""}",12,AKSHAY PATEL,2025-04-05T08:48:08.403Z
814,LoadOperations,update,loadingOperation,181,"{""changedFields"":""status"",""oldStatus"":""LOADING"",""newStatus"":""READY≈DESP"",""operationId"":181,""referenceNumber"":""64545""}",12,AKSHAY PATEL,2025-04-05T08:48:34.570Z
815,LoadOperations,update,loadingOperation,181,"{""changedFields"":"""",""oldStatus"":""READY≈DESP"",""newStatus"":""READY≈DESP"",""operationId"":181,""referenceNumber"":""64545""}",12,AKSHAY PATEL,2025-04-05T08:48:40.318Z
816,LoadOperations,update,loadingOperation,171,"{""changedFields"":""status"",""oldStatus"":""LOADING"",""newStatus"":""READY≈DESP"",""operationId"":171,""referenceNumber"":""64537""}",12,AKSHAY PATEL,2025-04-05T08:50:35.819Z
1372,Sales,create,sale,457,"{""orderNumber"":""64553"",""dealer"":""JAY SHANKAR TRADING - KARAD"",""quantity"":986,""amount"":0,""status"":""PENDING DESP""}",11,DIVYANG PATEL,2025-04-08T09:13:10.151Z
817,LoadOperations,update,loadingOperation,171,"{""changedFields"":"""",""oldStatus"":""READY≈DESP"",""newStatus"":""READY≈DESP"",""operationId"":171,""referenceNumber"":""64537""}",12,AKSHAY PATEL,2025-04-05T08:50:40.699Z
818,LoadOperations,update,loadingOperation,197,"{""changedFields"":"""",""oldStatus"":""LOADING"",""newStatus"":""LOADING"",""operationId"":197,""referenceNumber"":""64568""}",4,YAGNIK PATEL,2025-04-05T08:52:38.366Z
819,LoadOperations,update,loadingOperation,199,"{""changedFields"":"""",""oldStatus"":""LOADING"",""newStatus"":""LOADING"",""operationId"":199,""referenceNumber"":""64574""}",12,AKSHAY PATEL,2025-04-05T08:54:24.055Z
820,LoadOperations,update,loadingOperation,194,"{""changedFields"":""status"",""oldStatus"":""LOADING"",""newStatus"":""READY≈DESP"",""operationId"":194,""referenceNumber"":""64566""}",12,AKSHAY PATEL,2025-04-05T08:56:29.719Z
821,LoadOperations,update,loadingOperation,196,"{""changedFields"":"""",""oldStatus"":""READY≈DESP"",""newStatus"":""READY≈DESP"",""operationId"":196,""referenceNumber"":""64565""}",12,AKSHAY PATEL,2025-04-05T09:08:54.733Z
822,LoadOperations,update,loadingOperation,200,"{""changedFields"":"""",""oldStatus"":""LOADING"",""newStatus"":""LOADING"",""operationId"":200,""referenceNumber"":""64575""}",5,BADELAL VARMA,2025-04-05T09:24:36.600Z
823,LoadOperations,update,loadingOperation,200,"{""changedFields"":"""",""oldStatus"":""LOADING"",""newStatus"":""LOADING"",""operationId"":200,""referenceNumber"":""64575""}",5,BADELAL VARMA,2025-04-05T09:24:45.458Z
824,LoadOperations,update,loadingOperation,198,"{""changedFields"":""status"",""oldStatus"":""LOADING"",""newStatus"":""READY≈DESP"",""operationId"":198,""referenceNumber"":""64567""}",5,BADELAL VARMA,2025-04-05T09:28:45.407Z
825,LoadOperations,update,loadingOperation,198,"{""changedFields"":"""",""oldStatus"":""READY≈DESP"",""newStatus"":""READY≈DESP"",""operationId"":198,""referenceNumber"":""64567""}",5,BADELAL VARMA,2025-04-05T09:28:53.418Z
826,LoadOperations,update,loadingOperation,199,"{""changedFields"":""status"",""oldStatus"":""LOADING"",""newStatus"":""READY≈DESP"",""operationId"":199,""referenceNumber"":""64574""}",12,AKSHAY PATEL,2025-04-05T09:35:07.806Z
827,LoadOperations,update,loadingOperation,201,"{""changedFields"":"""",""oldStatus"":""LOADING"",""newStatus"":""LOADING"",""operationId"":201,""referenceNumber"":""64552""}",4,YAGNIK PATEL,2025-04-05T09:39:17.007Z
828,LoadOperations,update,loadingOperation,201,"{""changedFields"":""status"",""oldStatus"":""LOADING"",""newStatus"":""READY≈DESP"",""operationId"":201,""referenceNumber"":""64552""}",4,YAGNIK PATEL,2025-04-05T09:40:48.351Z
829,LoadOperations,update,loadingOperation,201,"{""changedFields"":"""",""oldStatus"":""READY≈DESP"",""newStatus"":""READY≈DESP"",""operationId"":201,""referenceNumber"":""64552""}",4,YAGNIK PATEL,2025-04-05T09:40:52.496Z
830,LoadOperations,update,loadingOperation,203,"{""changedFields"":"""",""oldStatus"":""LOADING"",""newStatus"":""LOADING"",""operationId"":203,""referenceNumber"":""64539""}",4,YAGNIK PATEL,2025-04-05T09:49:50.321Z
831,LoadOperations,update,loadingOperation,204,"{""changedFields"":"""",""oldStatus"":""LOADING"",""newStatus"":""LOADING"",""operationId"":204,""referenceNumber"":""64538""}",4,YAGNIK PATEL,2025-04-05T09:50:14.843Z
832,LoadOperations,update,loadingOperation,202,"{""changedFields"":"""",""oldStatus"":""LOADING"",""newStatus"":""LOADING"",""operationId"":202,""referenceNumber"":""64543""}",12,AKSHAY PATEL,2025-04-05T09:53:34.666Z
833,LoadOperations,update,loadingOperation,202,"{""changedFields"":""status"",""oldStatus"":""LOADING"",""newStatus"":""READY≈DESP"",""operationId"":202,""referenceNumber"":""64543""}",12,AKSHAY PATEL,2025-04-05T09:53:50.634Z
834,LoadOperations,update,loadingOperation,205,"{""changedFields"":"""",""oldStatus"":""LOADING"",""newStatus"":""LOADING"",""operationId"":205,""referenceNumber"":""64544""}",12,AKSHAY PATEL,2025-04-05T09:55:48.167Z
835,LoadOperations,update,loadingOperation,200,"{""changedFields"":""status"",""oldStatus"":""LOADING"",""newStatus"":""READY≈DESP"",""operationId"":200,""referenceNumber"":""64575""}",5,BADELAL VARMA,2025-04-05T10:05:50.518Z
836,LoadOperations,update,loadingOperation,206,"{""changedFields"":"""",""oldStatus"":""LOADING"",""newStatus"":""LOADING"",""operationId"":206,""referenceNumber"":""64532""}",5,BADELAL VARMA,2025-04-05T10:11:53.451Z
837,LoadOperations,update,loadingOperation,205,"{""changedFields"":""status"",""oldStatus"":""LOADING"",""newStatus"":""READY≈DESP"",""operationId"":205,""referenceNumber"":""64544""}",12,AKSHAY PATEL,2025-04-05T10:20:25.584Z
838,LoadOperations,update,loadingOperation,206,"{""changedFields"":"""",""oldStatus"":""LOADING"",""newStatus"":""LOADING"",""operationId"":206,""referenceNumber"":""64532""}",5,BADELAL VARMA,2025-04-05T10:20:52.348Z
839,LoadOperations,update,loadingOperation,207,"{""changedFields"":"""",""oldStatus"":""LOADING"",""newStatus"":""LOADING"",""operationId"":207,""referenceNumber"":""64533""}",5,BADELAL VARMA,2025-04-05T10:26:04.850Z
840,LoadOperations,update,loadingOperation,197,"{""changedFields"":""status"",""oldStatus"":""LOADING"",""newStatus"":""READY≈DESP"",""operationId"":197,""referenceNumber"":""64568""}",4,YAGNIK PATEL,2025-04-05T10:33:44.184Z
841,LoadOperations,update,loadingOperation,197,"{""changedFields"":"""",""oldStatus"":""READY≈DESP"",""newStatus"":""READY≈DESP"",""operationId"":197,""referenceNumber"":""64568""}",4,YAGNIK PATEL,2025-04-05T10:33:52.215Z
842,LoadOperations,update,loadingOperation,203,"{""changedFields"":""status"",""oldStatus"":""LOADING"",""newStatus"":""READY≈DESP"",""operationId"":203,""referenceNumber"":""64539""}",4,YAGNIK PATEL,2025-04-05T10:47:20.568Z
843,LoadOperations,update,loadingOperation,203,"{""changedFields"":"""",""oldStatus"":""READY≈DESP"",""newStatus"":""READY≈DESP"",""operationId"":203,""referenceNumber"":""64539""}",4,YAGNIK PATEL,2025-04-05T10:47:21.254Z
844,LoadOperations,update,loadingOperation,203,"{""changedFields"":"""",""oldStatus"":""READY≈DESP"",""newStatus"":""READY≈DESP"",""operationId"":203,""referenceNumber"":""64539""}",4,YAGNIK PATEL,2025-04-05T10:47:21.561Z
845,LoadOperations,update,loadingOperation,204,"{""changedFields"":""status"",""oldStatus"":""LOADING"",""newStatus"":""READY≈DESP"",""operationId"":204,""referenceNumber"":""64538""}",4,YAGNIK PATEL,2025-04-05T10:48:28.779Z
846,LoadOperations,update,loadingOperation,204,"{""changedFields"":"""",""oldStatus"":""READY≈DESP"",""newStatus"":""READY≈DESP"",""operationId"":204,""referenceNumber"":""64538""}",4,YAGNIK PATEL,2025-04-05T10:48:33.885Z
847,LoadOperations,update,loadingOperation,207,"{""changedFields"":""status"",""oldStatus"":""LOADING"",""newStatus"":""READY≈DESP"",""operationId"":207,""referenceNumber"":""64533""}",5,BADELAL VARMA,2025-04-05T10:58:43.990Z
848,ProformaSlips,delete,proformaSlip,1093,"{""orderNumber"":""64646"",""partyName"":""SHRI SWAMI SAMARTH AGENCY - NARSI"",""orderDate"":""2025-04-06"",""totalQuantity"":688,""totalVolume"":""2491.80""}",2,Vraj,2025-04-05T11:01:18.422Z
849,ProformaSlips,delete,proformaSlip,1092,"{""orderNumber"":""64645"",""partyName"":""SHREE SAI AGENCIES - NANDED"",""orderDate"":""2025-04-06"",""totalQuantity"":786,""totalVolume"":""2446.60""}",2,Vraj,2025-04-05T11:01:21.094Z
850,ProformaSlips,delete,proformaSlip,1091,"{""orderNumber"":""64644"",""partyName"":""SHRI AMAR AGENCIES - BETUL"",""orderDate"":""2025-04-06"",""totalQuantity"":974,""totalVolume"":""2787.20""}",2,Vraj,2025-04-05T11:01:23.816Z
851,ProformaSlips,delete,proformaSlip,1090,"{""orderNumber"":""64643"",""partyName"":""DARBAR ENTERPRISES - GOGAWAN"",""orderDate"":""2025-04-06"",""totalQuantity"":809,""totalVolume"":""2545.30""}",2,Vraj,2025-04-05T11:01:26.450Z
852,ProformaSlips,delete,proformaSlip,1089,"{""orderNumber"":""64642"",""partyName"":""SIYA AGENCY - SANAWAD"",""orderDate"":""2025-04-06"",""totalQuantity"":523,""totalVolume"":""1564.80""}",2,Vraj,2025-04-05T11:01:28.985Z
853,ProformaSlips,delete,proformaSlip,1088,"{""orderNumber"":""64641"",""partyName"":""BHAVYA ENTERPRISES - BARWAHA"",""orderDate"":""2025-04-06"",""totalQuantity"":394,""totalVolume"":""1234.60""}",2,Vraj,2025-04-05T11:01:31.615Z
854,ProformaSlips,delete,proformaSlip,1087,"{""orderNumber"":""64640"",""partyName"":""PARTH AGENCY - JHIRANIYA"",""orderDate"":""2025-04-06"",""totalQuantity"":596,""totalVolume"":""1923.90""}",2,Vraj,2025-04-05T11:01:34.271Z
860,ProformaSlips,delete,proformaSlip,1081,"{""orderNumber"":""64634"",""partyName"":""KIRANAKART - BHIWANDI"",""orderDate"":""2025-04-06"",""totalQuantity"":793,""totalVolume"":""2188.70""}",2,Vraj,2025-04-05T11:01:49.944Z
862,ProformaSlips,delete,proformaSlip,1079,"{""orderNumber"":""64632"",""partyName"":""KIRANAKART - DOHALE"",""orderDate"":""2025-04-06"",""totalQuantity"":683,""totalVolume"":""1885.10""}",2,Vraj,2025-04-05T11:01:56.885Z
866,ProformaSlips,delete,proformaSlip,1075,"{""orderNumber"":""64628"",""partyName"":""OM AGENCY - SANGAMNER"",""orderDate"":""2025-04-06"",""totalQuantity"":420,""totalVolume"":""1525.40""}",2,Vraj,2025-04-05T11:02:09.203Z
870,ProformaSlips,delete,proformaSlip,1071,"{""orderNumber"":""64624"",""partyName"":""RUCHITA TRADERS - DEOLALI RAHURI"",""orderDate"":""2025-04-06"",""totalQuantity"":554,""totalVolume"":""1995.10""}",2,Vraj,2025-04-05T11:02:20.005Z
874,ProformaSlips,delete,proformaSlip,1067,"{""orderNumber"":""64620"",""partyName"":""AASWAD ENTERPRISES - SANGAMNER"",""orderDate"":""2025-04-06"",""totalQuantity"":659,""totalVolume"":""2335.50""}",2,Vraj,2025-04-05T11:02:30.547Z
875,ProformaSlips,delete,proformaSlip,1066,"{""orderNumber"":""64619"",""partyName"":""SHRI SWAMI SAMARTH AGENCY - NARSI"",""orderDate"":""2025-04-06"",""totalQuantity"":612,""totalVolume"":""2127.50""}",2,Vraj,2025-04-05T11:02:33.218Z
880,ProformaSlips,delete,proformaSlip,1061,"{""orderNumber"":""64614"",""partyName"":""SHREE SAI AGENCIES - NANDED"",""orderDate"":""2025-04-06"",""totalQuantity"":340,""totalVolume"":""1211.60""}",2,Vraj,2025-04-05T11:02:46.647Z
882,ProformaSlips,delete,proformaSlip,1059,"{""orderNumber"":""64612"",""partyName"":""MAHEK AGENCY - MUMBRA"",""orderDate"":""2025-04-06"",""totalQuantity"":708,""totalVolume"":""2627.10""}",2,Vraj,2025-04-05T11:02:51.936Z
889,ProformaSlips,delete,proformaSlip,1052,"{""orderNumber"":""64605"",""partyName"":""DHANLAXMI TRADERS - KHOPOLI"",""orderDate"":""2025-04-06"",""totalQuantity"":554,""totalVolume"":""2014.40""}",2,Vraj,2025-04-05T11:03:10.323Z
900,ProformaSlips,delete,proformaSlip,1041,"{""orderNumber"":""64594"",""partyName"":""RANA AGENCY - PAITHAN"",""orderDate"":""2025-04-06"",""totalQuantity"":724,""totalVolume"":""2551.40""}",2,Vraj,2025-04-05T11:03:35.333Z
855,ProformaSlips,delete,proformaSlip,1086,"{""orderNumber"":""64639"",""partyName"":""AADARSH AGENCIES - BHIKANGAON"",""orderDate"":""2025-04-06"",""totalQuantity"":319,""totalVolume"":""905.10""}",2,Vraj,2025-04-05T11:01:36.892Z
856,ProformaSlips,delete,proformaSlip,1085,"{""orderNumber"":""64638"",""partyName"":""BALAJI MARKETING - KASRAWAD"",""orderDate"":""2025-04-06"",""totalQuantity"":965,""totalVolume"":""2847.60""}",2,Vraj,2025-04-05T11:01:39.357Z
863,ProformaSlips,delete,proformaSlip,1078,"{""orderNumber"":""64631"",""partyName"":""SHYAM AGENCY - BHIWANDI"",""orderDate"":""2025-04-06"",""totalQuantity"":156,""totalVolume"":""608.20""}",2,Vraj,2025-04-05T11:01:59.543Z
864,ProformaSlips,delete,proformaSlip,1077,"{""orderNumber"":""64630"",""partyName"":""OM SAI AGENCY - AKOLE, AHMEDNAGAR"",""orderDate"":""2025-04-06"",""totalQuantity"":598,""totalVolume"":""2223.80""}",2,Vraj,2025-04-05T11:02:02.754Z
865,ProformaSlips,delete,proformaSlip,1076,"{""orderNumber"":""64629"",""partyName"":""OM SAI AGENCY - AKOLE, AHMEDNAGAR"",""orderDate"":""2025-04-06"",""totalQuantity"":300,""totalVolume"":""1030.40""}",2,Vraj,2025-04-05T11:02:06.548Z
867,ProformaSlips,delete,proformaSlip,1074,"{""orderNumber"":""64627"",""partyName"":""SWARA ENTERPRISES - SANGAMNER"",""orderDate"":""2025-04-06"",""totalQuantity"":658,""totalVolume"":""2371.80""}",2,Vraj,2025-04-05T11:02:11.919Z
869,ProformaSlips,delete,proformaSlip,1072,"{""orderNumber"":""64625"",""partyName"":""SHREE GAJANAN AGENCIES - SHRIRAMPUR"",""orderDate"":""2025-04-06"",""totalQuantity"":618,""totalVolume"":""2271.60""}",2,Vraj,2025-04-05T11:02:17.306Z
884,ProformaSlips,delete,proformaSlip,1057,"{""orderNumber"":""64610"",""partyName"":""YASHVI ENTERPRISE - DOMBIVLI"",""orderDate"":""2025-04-06"",""totalQuantity"":559,""totalVolume"":""2055.30""}",2,Vraj,2025-04-05T11:02:57.229Z
886,ProformaSlips,delete,proformaSlip,1055,"{""orderNumber"":""64608"",""partyName"":""GURUKRUPA ENTERPRISES - KALAMBOLI"",""orderDate"":""2025-04-06"",""totalQuantity"":689,""totalVolume"":""2490.70""}",2,Vraj,2025-04-05T11:03:02.546Z
891,ProformaSlips,delete,proformaSlip,1050,"{""orderNumber"":""64603"",""partyName"":""OMKAR DISTRIBUTORS - NARAYANGAON"",""orderDate"":""2025-04-06"",""totalQuantity"":714,""totalVolume"":""2526.90""}",2,Vraj,2025-04-05T11:03:15.625Z
895,ProformaSlips,delete,proformaSlip,1046,"{""orderNumber"":""64599"",""partyName"":""SANSKRUTI ENTERPRISES - WAGHOLI"",""orderDate"":""2025-04-06"",""totalQuantity"":515,""totalVolume"":""1777.60""}",2,Vraj,2025-04-05T11:03:22.079Z
897,ProformaSlips,delete,proformaSlip,1044,"{""orderNumber"":""64597"",""partyName"":""KESHARIYA AGENCIES - MANJARI"",""orderDate"":""2025-04-06"",""totalQuantity"":755,""totalVolume"":""2650.70""}",2,Vraj,2025-04-05T11:03:27.351Z
899,ProformaSlips,delete,proformaSlip,1042,"{""orderNumber"":""64595"",""partyName"":""AMARNATH AGENCY - LATUR"",""orderDate"":""2025-04-06"",""totalQuantity"":789,""totalVolume"":""2559.90""}",2,Vraj,2025-04-05T11:03:32.700Z
903,ProformaSlips,delete,proformaSlip,1038,"{""orderNumber"":""64591"",""partyName"":""BAJRANG TRADERS - C S NAGAR"",""orderDate"":""2025-04-06"",""totalQuantity"":420,""totalVolume"":""1474.60""}",2,Vraj,2025-04-05T11:03:43.069Z
857,ProformaSlips,delete,proformaSlip,1084,"{""orderNumber"":""64637"",""partyName"":""BALAJI MARKETING - KASRAWAD"",""orderDate"":""2025-04-06"",""totalQuantity"":294,""totalVolume"":""1053.50""}",2,Vraj,2025-04-05T11:01:42.040Z
859,ProformaSlips,delete,proformaSlip,1082,"{""orderNumber"":""64635"",""partyName"":""AVENUE SUPERMARTS LTD - CHANDKHED"",""orderDate"":""2025-04-06"",""totalQuantity"":800,""totalVolume"":""2208.00""}",2,Vraj,2025-04-05T11:01:47.286Z
877,ProformaSlips,delete,proformaSlip,1064,"{""orderNumber"":""64617"",""partyName"":""F K DISTRIBUTORS - DHARASHIV"",""orderDate"":""2025-04-06"",""totalQuantity"":548,""totalVolume"":""2009.20""}",2,Vraj,2025-04-05T11:02:38.668Z
879,ProformaSlips,delete,proformaSlip,1062,"{""orderNumber"":""64615"",""partyName"":""SARSWATI AGENCY - WRANGA PHATHA"",""orderDate"":""2025-04-06"",""totalQuantity"":191,""totalVolume"":""735.30""}",2,Vraj,2025-04-05T11:02:44.012Z
881,ProformaSlips,delete,proformaSlip,1060,"{""orderNumber"":""64613"",""partyName"":""OM ENTERPRISES - MURBAD"",""orderDate"":""2025-04-06"",""totalQuantity"":675,""totalVolume"":""2438.00""}",2,Vraj,2025-04-05T11:02:49.298Z
888,ProformaSlips,delete,proformaSlip,1053,"{""orderNumber"":""64606"",""partyName"":""MAHI ENTERPRISES - MAHAD"",""orderDate"":""2025-04-06"",""totalQuantity"":662,""totalVolume"":""2423.40""}",2,Vraj,2025-04-05T11:03:07.826Z
896,ProformaSlips,delete,proformaSlip,1045,"{""orderNumber"":""64598"",""partyName"":""MAHESH ENTERPRISES - HADAPSAR"",""orderDate"":""2025-04-06"",""totalQuantity"":599,""totalVolume"":""2143.10""}",2,Vraj,2025-04-05T11:03:24.703Z
901,ProformaSlips,delete,proformaSlip,1040,"{""orderNumber"":""64593"",""partyName"":""SHREE VYANKATESH TRADERS - WALUJ"",""orderDate"":""2025-04-06"",""totalQuantity"":721,""totalVolume"":""2498.50""}",2,Vraj,2025-04-05T11:03:37.971Z
905,ProformaSlips,delete,proformaSlip,1036,"{""orderNumber"":""64589"",""partyName"":""PUJA BHAKTI DISTRIBUTORS - C S NAGAR"",""orderDate"":""2025-04-06"",""totalQuantity"":685,""totalVolume"":""2490.40""}",2,Vraj,2025-04-05T11:03:48.333Z
910,LoadOperations,update,loadingOperation,206,"{""changedFields"":"""",""oldStatus"":""READY≈DESP"",""newStatus"":""READY≈DESP"",""operationId"":206,""referenceNumber"":""64532""}",5,BADELAL VARMA,2025-04-05T11:05:22.039Z
858,ProformaSlips,delete,proformaSlip,1083,"{""orderNumber"":""64636"",""partyName"":""PANWAR TRADING COMPANY - MAHESHWAR"",""orderDate"":""2025-04-06"",""totalQuantity"":533,""totalVolume"":""1772.80""}",2,Vraj,2025-04-05T11:01:44.655Z
868,ProformaSlips,delete,proformaSlip,1073,"{""orderNumber"":""64626"",""partyName"":""SHRI GURUKRUPA AGENCIES - AGADGAON"",""orderDate"":""2025-04-06"",""totalQuantity"":675,""totalVolume"":""2431.20""}",2,Vraj,2025-04-05T11:02:14.633Z
878,ProformaSlips,delete,proformaSlip,1063,"{""orderNumber"":""64616"",""partyName"":""SHYAM AGENCY - BHIWANDI"",""orderDate"":""2025-04-06"",""totalQuantity"":642,""totalVolume"":""2317.20""}",2,Vraj,2025-04-05T11:02:41.350Z
890,ProformaSlips,delete,proformaSlip,1051,"{""orderNumber"":""64604"",""partyName"":""SAHAJANAND AGENCY - SOLAPUR"",""orderDate"":""2025-04-06"",""totalQuantity"":747,""totalVolume"":""2594.20""}",2,Vraj,2025-04-05T11:03:12.978Z
907,ProformaSlips,delete,proformaSlip,1034,"{""orderNumber"":""64587"",""partyName"":""JAIN DISTRIBUTORS - C S NAGAR"",""orderDate"":""2025-04-06"",""totalQuantity"":228,""totalVolume"":""854.40""}",2,Vraj,2025-04-05T11:03:53.606Z
861,ProformaSlips,delete,proformaSlip,1080,"{""orderNumber"":""64633"",""partyName"":""KIRANAKART - DOHALE"",""orderDate"":""2025-04-06"",""totalQuantity"":683,""totalVolume"":""1885.10""}",2,Vraj,2025-04-05T11:01:52.601Z
871,ProformaSlips,delete,proformaSlip,1070,"{""orderNumber"":""64623"",""partyName"":""TRIMURTI TRADERS - RAHURI"",""orderDate"":""2025-04-06"",""totalQuantity"":617,""totalVolume"":""2220.00""}",2,Vraj,2025-04-05T11:02:22.669Z
872,ProformaSlips,delete,proformaSlip,1069,"{""orderNumber"":""64622"",""partyName"":""VAIBHAV AGENCY - AHMEDNAGAR"",""orderDate"":""2025-04-06"",""totalQuantity"":563,""totalVolume"":""2053.50""}",2,Vraj,2025-04-05T11:02:25.322Z
873,ProformaSlips,delete,proformaSlip,1068,"{""orderNumber"":""64621"",""partyName"":""MAHESH AGENCY - NEWASA"",""orderDate"":""2025-04-06"",""totalQuantity"":668,""totalVolume"":""2374.60""}",2,Vraj,2025-04-05T11:02:27.895Z
876,ProformaSlips,delete,proformaSlip,1065,"{""orderNumber"":""64618"",""partyName"":""SAI AGENCY - KALAS"",""orderDate"":""2025-04-06"",""totalQuantity"":739,""totalVolume"":""2638.30""}",2,Vraj,2025-04-05T11:02:36.035Z
883,ProformaSlips,delete,proformaSlip,1058,"{""orderNumber"":""64611"",""partyName"":""LAXMI MARKETING - BADLAPUR"",""orderDate"":""2025-04-06"",""totalQuantity"":687,""totalVolume"":""2511.30""}",2,Vraj,2025-04-05T11:02:54.597Z
885,ProformaSlips,delete,proformaSlip,1056,"{""orderNumber"":""64609"",""partyName"":""VINAYAK ENTERPRISES - KAMOTHA"",""orderDate"":""2025-04-06"",""totalQuantity"":679,""totalVolume"":""2491.30""}",2,Vraj,2025-04-05T11:02:59.851Z
887,ProformaSlips,delete,proformaSlip,1054,"{""orderNumber"":""64607"",""partyName"":""R G AGENCY - LONERE"",""orderDate"":""2025-04-06"",""totalQuantity"":741,""totalVolume"":""2706.00""}",2,Vraj,2025-04-05T11:03:05.169Z
892,ProformaSlips,delete,proformaSlip,1049,"{""orderNumber"":""64602"",""partyName"":""TIRUPATI ENTERPRISES - KHARADI"",""orderDate"":""2025-04-06"",""totalQuantity"":796,""totalVolume"":""2766.10""}",2,Vraj,2025-04-05T11:03:17.456Z
893,ProformaSlips,delete,proformaSlip,1048,"{""orderNumber"":""64601"",""partyName"":""VAISHNAV ENTERPRISES - PUNE"",""orderDate"":""2025-04-06"",""totalQuantity"":724,""totalVolume"":""2670.80""}",2,Vraj,2025-04-05T11:03:18.699Z
894,ProformaSlips,delete,proformaSlip,1047,"{""orderNumber"":""64600"",""partyName"":""VAISHNAV ENTERPRISES - PUNE"",""orderDate"":""2025-04-06"",""totalQuantity"":128,""totalVolume"":""439.40""}",2,Vraj,2025-04-05T11:03:19.954Z
898,ProformaSlips,delete,proformaSlip,1043,"{""orderNumber"":""64596"",""partyName"":""BRAMHANI SALES - TALEGAON"",""orderDate"":""2025-04-06"",""totalQuantity"":619,""totalVolume"":""2165.70""}",2,Vraj,2025-04-05T11:03:30.018Z
902,ProformaSlips,delete,proformaSlip,1039,"{""orderNumber"":""64592"",""partyName"":""SHREE VYANKATESH TRADERS - WALUJ"",""orderDate"":""2025-04-06"",""totalQuantity"":336,""totalVolume"":""1153.90""}",2,Vraj,2025-04-05T11:03:40.565Z
904,ProformaSlips,delete,proformaSlip,1037,"{""orderNumber"":""64590"",""partyName"":""BAJRANG TRADERS - C S NAGAR"",""orderDate"":""2025-04-06"",""totalQuantity"":568,""totalVolume"":""2141.50""}",2,Vraj,2025-04-05T11:03:45.696Z
906,ProformaSlips,delete,proformaSlip,1035,"{""orderNumber"":""64588"",""partyName"":""PUJA BHAKTI DISTRIBUTORS - C S NAGAR"",""orderDate"":""2025-04-06"",""totalQuantity"":550,""totalVolume"":""1878.10""}",2,Vraj,2025-04-05T11:03:50.985Z
908,ProformaSlips,delete,proformaSlip,1033,"{""orderNumber"":""64586"",""partyName"":""JAIN DISTRIBUTORS - C S NAGAR"",""orderDate"":""2025-04-06"",""totalQuantity"":693,""totalVolume"":""2315.80""}",2,Vraj,2025-04-05T11:03:55.988Z
909,LoadOperations,update,loadingOperation,206,"{""changedFields"":""status"",""oldStatus"":""LOADING"",""newStatus"":""READY≈DESP"",""operationId"":206,""referenceNumber"":""64532""}",5,BADELAL VARMA,2025-04-05T11:05:19.453Z
911,ProformaSlips,update,proformaSlip,1140,"{""changedFields"":""partyName"",""orderNumber"":""64632"",""partyName"":""KIRANAKART - PADGHA"",""totalQuantity"":973,""totalVolume"":""2184.50""}",2,Vraj,2025-04-05T11:45:48.223Z
912,ProformaSlips,update,proformaSlip,1141,"{""changedFields"":""partyName"",""orderNumber"":""64633"",""partyName"":""KIRANAKART - PADGHA"",""totalQuantity"":973,""totalVolume"":""2184.50""}",2,Vraj,2025-04-05T11:46:10.447Z
913,LoadOperations,update,loadingOperation,208,"{""changedFields"":"""",""oldStatus"":""LOADING"",""newStatus"":""LOADING"",""operationId"":208,""referenceNumber"":""64553""}",11,DIVYANG PATEL,2025-04-05T11:56:58.188Z
914,LoadOperations,update,loadingOperation,209,"{""changedFields"":"""",""oldStatus"":""LOADING"",""newStatus"":""LOADING"",""operationId"":209,""referenceNumber"":""64548""}",16,TEJASH M PATEL,2025-04-05T12:34:41.529Z
915,LoadOperations,update,loadingOperation,209,"{""changedFields"":"""",""oldStatus"":""LOADING"",""newStatus"":""LOADING"",""operationId"":209,""referenceNumber"":""64548""}",16,TEJASH M PATEL,2025-04-05T12:34:53.424Z
916,LoadOperations,update,loadingOperation,208,"{""changedFields"":""status"",""oldStatus"":""LOADING"",""newStatus"":""READY≈DESP"",""operationId"":208,""referenceNumber"":""64553""}",11,DIVYANG PATEL,2025-04-05T13:52:04.493Z
917,LoadOperations,update,loadingOperation,153,"{""changedFields"":""status"",""oldStatus"":""LOADING"",""newStatus"":""READY≈DESP"",""operationId"":153,""referenceNumber"":""64483""}",9,Dharmesh,2025-04-05T14:03:56.599Z
918,LoadOperations,update,loadingOperation,153,"{""changedFields"":"""",""oldStatus"":""READY≈DESP"",""newStatus"":""READY≈DESP"",""operationId"":153,""referenceNumber"":""64483""}",9,Dharmesh,2025-04-05T14:04:04.592Z
919,LoadOperations,update,loadingOperation,153,"{""changedFields"":"""",""oldStatus"":""READY≈DESP"",""newStatus"":""READY≈DESP"",""operationId"":153,""referenceNumber"":""64483""}",9,Dharmesh,2025-04-05T14:04:05.355Z
920,LoadOperations,update,loadingOperation,153,"{""changedFields"":"""",""oldStatus"":""READY≈DESP"",""newStatus"":""READY≈DESP"",""operationId"":153,""referenceNumber"":""64483""}",9,Dharmesh,2025-04-05T14:04:06.026Z
921,LoadOperations,update,loadingOperation,217,"{""changedFields"":"""",""oldStatus"":""LOADING"",""newStatus"":""LOADING"",""operationId"":217,""referenceNumber"":""64589""}",16,TEJASH M PATEL,2025-04-05T16:12:40.366Z
922,LoadOperations,update,loadingOperation,229,"{""changedFields"":"""",""oldStatus"":""LOADING"",""newStatus"":""LOADING"",""operationId"":229,""referenceNumber"":""64299""}",2,Vraj,2025-04-05T19:38:26.118Z
923,LoadOperations,update,loadingOperation,239,"{""changedFields"":"""",""oldStatus"":""LOADING"",""newStatus"":""LOADING"",""operationId"":239,""referenceNumber"":""64611""}",11,DIVYANG PATEL,2025-04-06T03:40:18.037Z
924,LoadOperations,update,loadingOperation,241,"{""changedFields"":"""",""oldStatus"":""LOADING"",""newStatus"":""LOADING"",""operationId"":241,""referenceNumber"":""64606""}",12,AKSHAY PATEL,2025-04-06T03:45:28.778Z
925,LoadOperations,update,loadingOperation,242,"{""changedFields"":"""",""oldStatus"":""LOADING"",""newStatus"":""LOADING"",""operationId"":242,""referenceNumber"":""64619""}",5,BADELAL VARMA,2025-04-06T03:57:49.615Z
926,LoadOperations,update,loadingOperation,239,"{""changedFields"":""status"",""oldStatus"":""LOADING"",""newStatus"":""READY≈DESP"",""operationId"":239,""referenceNumber"":""64611""}",11,DIVYANG PATEL,2025-04-06T04:16:32.516Z
927,LoadOperations,update,loadingOperation,244,"{""changedFields"":"""",""oldStatus"":""LOADING"",""newStatus"":""LOADING"",""operationId"":244,""referenceNumber"":""64593""}",16,TEJASH M PATEL,2025-04-06T04:25:17.953Z
928,LoadOperations,update,loadingOperation,244,"{""changedFields"":"""",""oldStatus"":""LOADING"",""newStatus"":""LOADING"",""operationId"":244,""referenceNumber"":""64593""}",16,TEJASH M PATEL,2025-04-06T04:25:18.298Z
929,LoadOperations,update,loadingOperation,245,"{""changedFields"":"""",""oldStatus"":""LOADING"",""newStatus"":""LOADING"",""operationId"":245,""referenceNumber"":""64609""}",12,AKSHAY PATEL,2025-04-06T04:33:04.868Z
930,LoadOperations,update,loadingOperation,245,"{""changedFields"":"""",""oldStatus"":""LOADING"",""newStatus"":""LOADING"",""operationId"":245,""referenceNumber"":""64609""}",12,AKSHAY PATEL,2025-04-06T04:33:09.634Z
931,LoadOperations,update,loadingOperation,244,"{""changedFields"":""status"",""oldStatus"":""LOADING"",""newStatus"":""READY≈DESP"",""operationId"":244,""referenceNumber"":""64593""}",16,TEJASH M PATEL,2025-04-06T04:36:04.762Z
932,LoadOperations,update,loadingOperation,244,"{""changedFields"":"""",""oldStatus"":""READY≈DESP"",""newStatus"":""READY≈DESP"",""operationId"":244,""referenceNumber"":""64593""}",16,TEJASH M PATEL,2025-04-06T04:36:05.022Z
933,LoadOperations,update,loadingOperation,244,"{""changedFields"":"""",""oldStatus"":""READY≈DESP"",""newStatus"":""READY≈DESP"",""operationId"":244,""referenceNumber"":""64593""}",16,TEJASH M PATEL,2025-04-06T04:36:06.643Z
934,LoadOperations,update,loadingOperation,246,"{""changedFields"":"""",""oldStatus"":""LOADING"",""newStatus"":""LOADING"",""operationId"":246,""referenceNumber"":""64600""}",11,DIVYANG PATEL,2025-04-06T04:38:58.011Z
935,LoadOperations,update,loadingOperation,247,"{""changedFields"":"""",""oldStatus"":""LOADING"",""newStatus"":""LOADING"",""operationId"":247,""referenceNumber"":""64599""}",11,DIVYANG PATEL,2025-04-06T04:40:18.699Z
936,LoadOperations,update,loadingOperation,247,"{""changedFields"":"""",""oldStatus"":""LOADING"",""newStatus"":""LOADING"",""operationId"":247,""referenceNumber"":""64599""}",11,DIVYANG PATEL,2025-04-06T04:40:31.449Z
937,LoadOperations,update,loadingOperation,217,"{""changedFields"":""status"",""oldStatus"":""LOADING"",""newStatus"":""READY≈DESP"",""operationId"":217,""referenceNumber"":""64589""}",16,TEJASH M PATEL,2025-04-06T04:49:26.193Z
938,LoadOperations,update,loadingOperation,217,"{""changedFields"":"""",""oldStatus"":""READY≈DESP"",""newStatus"":""READY≈DESP"",""operationId"":217,""referenceNumber"":""64589""}",16,TEJASH M PATEL,2025-04-06T04:49:26.499Z
939,LoadOperations,update,loadingOperation,217,"{""changedFields"":"""",""oldStatus"":""READY≈DESP"",""newStatus"":""READY≈DESP"",""operationId"":217,""referenceNumber"":""64589""}",16,TEJASH M PATEL,2025-04-06T04:49:26.700Z
940,LoadOperations,update,loadingOperation,242,"{""changedFields"":""status"",""oldStatus"":""LOADING"",""newStatus"":""READY≈DESP"",""operationId"":242,""referenceNumber"":""64619""}",5,BADELAL VARMA,2025-04-06T04:54:24.021Z
941,LoadOperations,update,loadingOperation,242,"{""changedFields"":"""",""oldStatus"":""READY≈DESP"",""newStatus"":""READY≈DESP"",""operationId"":242,""referenceNumber"":""64619""}",5,BADELAL VARMA,2025-04-06T04:54:35.011Z
942,LoadOperations,update,loadingOperation,247,"{""changedFields"":""status"",""oldStatus"":""LOADING"",""newStatus"":""READY≈DESP"",""operationId"":247,""referenceNumber"":""64599""}",11,DIVYANG PATEL,2025-04-06T05:01:48.930Z
943,LoadOperations,update,loadingOperation,246,"{""changedFields"":""status"",""oldStatus"":""LOADING"",""newStatus"":""READY≈DESP"",""operationId"":246,""referenceNumber"":""64600""}",11,DIVYANG PATEL,2025-04-06T05:02:24.965Z
944,LoadOperations,update,loadingOperation,241,"{""changedFields"":""status"",""oldStatus"":""LOADING"",""newStatus"":""READY≈DESP"",""operationId"":241,""referenceNumber"":""64606""}",12,AKSHAY PATEL,2025-04-06T05:08:26.453Z
945,LoadOperations,update,loadingOperation,248,"{""changedFields"":"""",""oldStatus"":""LOADING"",""newStatus"":""LOADING"",""operationId"":248,""referenceNumber"":""64607""}",11,DIVYANG PATEL,2025-04-06T05:10:38.923Z
946,LoadOperations,update,loadingOperation,250,"{""changedFields"":"""",""oldStatus"":""LOADING"",""newStatus"":""LOADING"",""operationId"":250,""referenceNumber"":""64604""}",13,DEVEN PATEL,2025-04-06T05:16:15.029Z
947,LoadOperations,update,loadingOperation,250,"{""changedFields"":"""",""oldStatus"":""LOADING"",""newStatus"":""LOADING"",""operationId"":250,""referenceNumber"":""64604""}",13,DEVEN PATEL,2025-04-06T05:16:15.305Z
948,LoadOperations,update,loadingOperation,245,"{""changedFields"":""status"",""oldStatus"":""LOADING"",""newStatus"":""READY≈DESP"",""operationId"":245,""referenceNumber"":""64609""}",12,AKSHAY PATEL,2025-04-06T05:19:08.205Z
949,LoadOperations,update,loadingOperation,245,"{""changedFields"":"""",""oldStatus"":""READY≈DESP"",""newStatus"":""READY≈DESP"",""operationId"":245,""referenceNumber"":""64609""}",12,AKSHAY PATEL,2025-04-06T05:19:25.150Z
950,LoadOperations,update,loadingOperation,251,"{""changedFields"":"""",""oldStatus"":""LOADING"",""newStatus"":""LOADING"",""operationId"":251,""referenceNumber"":""64615""}",12,AKSHAY PATEL,2025-04-06T05:22:44.722Z
951,LoadOperations,update,loadingOperation,250,"{""changedFields"":""status"",""oldStatus"":""LOADING"",""newStatus"":""READY≈DESP"",""operationId"":250,""referenceNumber"":""64604""}",13,DEVEN PATEL,2025-04-06T05:26:15.665Z
952,LoadOperations,update,loadingOperation,250,"{""changedFields"":"""",""oldStatus"":""READY≈DESP"",""newStatus"":""READY≈DESP"",""operationId"":250,""referenceNumber"":""64604""}",13,DEVEN PATEL,2025-04-06T05:26:16.215Z
953,LoadOperations,update,loadingOperation,250,"{""changedFields"":"""",""oldStatus"":""READY≈DESP"",""newStatus"":""READY≈DESP"",""operationId"":250,""referenceNumber"":""64604""}",13,DEVEN PATEL,2025-04-06T05:26:16.507Z
954,LoadOperations,update,loadingOperation,252,"{""changedFields"":"""",""oldStatus"":""LOADING"",""newStatus"":""LOADING"",""operationId"":252,""referenceNumber"":""64595""}",5,BADELAL VARMA,2025-04-06T05:26:57.504Z
955,LoadOperations,update,loadingOperation,252,"{""changedFields"":"""",""oldStatus"":""LOADING"",""newStatus"":""LOADING"",""operationId"":252,""referenceNumber"":""64595""}",5,BADELAL VARMA,2025-04-06T05:27:08.633Z
956,LoadOperations,update,loadingOperation,253,"{""changedFields"":"""",""oldStatus"":""LOADING"",""newStatus"":""LOADING"",""operationId"":253,""referenceNumber"":""64621""}",13,DEVEN PATEL,2025-04-06T05:27:14.169Z
957,LoadOperations,update,loadingOperation,251,"{""changedFields"":""status"",""oldStatus"":""LOADING"",""newStatus"":""READY≈DESP"",""operationId"":251,""referenceNumber"":""64615""}",12,AKSHAY PATEL,2025-04-06T05:29:03.361Z
958,LoadOperations,update,loadingOperation,253,"{""changedFields"":""status"",""oldStatus"":""LOADING"",""newStatus"":""READY≈DESP"",""operationId"":253,""referenceNumber"":""64621""}",13,DEVEN PATEL,2025-04-06T05:30:26.253Z
959,LoadOperations,update,loadingOperation,253,"{""changedFields"":"""",""oldStatus"":""READY≈DESP"",""newStatus"":""READY≈DESP"",""operationId"":253,""referenceNumber"":""64621""}",13,DEVEN PATEL,2025-04-06T05:30:28.439Z
960,LoadOperations,update,loadingOperation,254,"{""changedFields"":"""",""oldStatus"":""LOADING"",""newStatus"":""LOADING"",""operationId"":254,""referenceNumber"":""64614""}",12,AKSHAY PATEL,2025-04-06T05:30:47.781Z
961,GJOperations,update,gjOperation,265,"{""changedFields"":""status"",""oldStatus"":""LOADING"",""newStatus"":""READY≈DESP"",""operationId"":265,""referenceNumber"":""64309""}",2,Vraj,2025-04-06T10:47:28.983Z
962,Sales,create,sale,332,"{""orderNumber"":""64611"",""dealer"":""LAXMI MARKETING - BADLAPUR"",""quantity"":968,""amount"":656155,""status"":""PENDING DESP""}",11,DIVYANG PATEL,2025-04-06T10:50:24.516Z
963,Sales,create,sale,333,"{""orderNumber"":""64484"",""dealer"":""MAHI ENTERPRISES - WARJE"",""quantity"":659,""amount"":468079,""status"":""PENDING DESP""}",12,AKSHAY PATEL,2025-04-06T10:50:26.948Z
964,Sales,create,sale,334,"{""orderNumber"":""64359"",""dealer"":""OMKAR DISTRIBUTORS - NARAYANGAON"",""quantity"":879,""amount"":597271,""status"":""PENDING DESP""}",3,Yash patel,2025-04-06T10:50:29.778Z
965,Sales,delete,sale,331,"{""orderNumber"":""64309"",""dealer"":""SAHAJANAND AGENCY - SOLAPUR"",""quantity"":245,""amount"":138688,""status"":""PENDING DESP"",""date"":""01-04-2025""}",2,Vraj,2025-04-06T10:51:29.459Z
966,GJOperations,update,gjOperation,242,"{""changedFields"":"""",""oldStatus"":""READY≈DESP"",""newStatus"":""READY≈DESP"",""operationId"":242,""referenceNumber"":""64619""}",5,BADELAL VARMA,2025-04-06T11:43:49.289Z
967,GJOperations,update,gjOperation,266,"{""changedFields"":"""",""oldStatus"":""LOADING"",""newStatus"":""LOADING"",""operationId"":266,""referenceNumber"":""64633""}",5,BADELAL VARMA,2025-04-06T11:44:48.001Z
968,GJOperations,update,gjOperation,266,"{""changedFields"":""status"",""oldStatus"":""LOADING"",""newStatus"":""READY≈DESP"",""operationId"":266,""referenceNumber"":""64633""}",5,BADELAL VARMA,2025-04-06T11:45:14.362Z
969,GJOperations,update,gjOperation,267,"{""changedFields"":"""",""oldStatus"":""LOADING"",""newStatus"":""LOADING"",""operationId"":267,""referenceNumber"":""64595""}",5,BADELAL VARMA,2025-04-06T11:46:14.582Z
970,GJOperations,update,gjOperation,267,"{""changedFields"":"""",""oldStatus"":""LOADING"",""newStatus"":""LOADING"",""operationId"":267,""referenceNumber"":""64595""}",5,BADELAL VARMA,2025-04-06T11:46:16.983Z
971,GJOperations,update,gjOperation,267,"{""changedFields"":"""",""oldStatus"":""LOADING"",""newStatus"":""LOADING"",""operationId"":267,""referenceNumber"":""64595""}",5,BADELAL VARMA,2025-04-06T11:46:25.275Z
972,GJOperations,update,gjOperation,267,"{""changedFields"":""status"",""oldStatus"":""LOADING"",""newStatus"":""READY≈DESP"",""operationId"":267,""referenceNumber"":""64595""}",5,BADELAL VARMA,2025-04-06T11:48:37.227Z
973,GJOperations,update,gjOperation,267,"{""changedFields"":""status"",""oldStatus"":""LOADING"",""newStatus"":""READY≈DESP"",""operationId"":267,""referenceNumber"":""64595""}",5,BADELAL VARMA,2025-04-06T11:48:37.245Z
974,GJOperations,update,gjOperation,268,"{""changedFields"":"""",""oldStatus"":""LOADING"",""newStatus"":""LOADING"",""operationId"":268,""referenceNumber"":""64601""}",5,BADELAL VARMA,2025-04-06T11:49:35.700Z
975,GJOperations,update,gjOperation,268,"{""changedFields"":""status"",""oldStatus"":""LOADING"",""newStatus"":""READY≈DESP"",""operationId"":268,""referenceNumber"":""64601""}",5,BADELAL VARMA,2025-04-06T11:52:50.761Z
976,GJOperations,update,gjOperation,269,"{""changedFields"":"""",""oldStatus"":""LOADING"",""newStatus"":""LOADING"",""operationId"":269,""referenceNumber"":""64591""}",16,TEJASH M PATEL,2025-04-06T12:09:25.111Z
977,GJOperations,update,gjOperation,270,"{""changedFields"":"""",""oldStatus"":""LOADING"",""newStatus"":""LOADING"",""operationId"":270,""referenceNumber"":""64592""}",16,TEJASH M PATEL,2025-04-06T12:28:37.185Z
978,GJOperations,update,gjOperation,269,"{""changedFields"":""status"",""oldStatus"":""LOADING"",""newStatus"":""READY≈DESP"",""operationId"":269,""referenceNumber"":""64591""}",16,TEJASH M PATEL,2025-04-06T12:55:40.435Z
979,GJOperations,update,gjOperation,270,"{""changedFields"":""status"",""oldStatus"":""LOADING"",""newStatus"":""READY≈DESP"",""operationId"":270,""referenceNumber"":""64592""}",16,TEJASH M PATEL,2025-04-06T12:59:03.302Z
980,GJOperations,update,gjOperation,271,"{""changedFields"":"""",""oldStatus"":""LOADING"",""newStatus"":""LOADING"",""operationId"":271,""referenceNumber"":""64620""}",16,TEJASH M PATEL,2025-04-06T13:15:47.123Z
981,GJOperations,update,gjOperation,248,"{""changedFields"":""status"",""oldStatus"":""LOADING"",""newStatus"":""READY≈DESP"",""operationId"":248,""referenceNumber"":""64607""}",11,DIVYANG PATEL,2025-04-06T13:32:40.658Z
982,GJOperations,update,gjOperation,248,"{""changedFields"":"""",""oldStatus"":""READY≈DESP"",""newStatus"":""READY≈DESP"",""operationId"":248,""referenceNumber"":""64607""}",11,DIVYANG PATEL,2025-04-06T13:33:11.376Z
983,GJOperations,update,gjOperation,271,"{""changedFields"":""status"",""oldStatus"":""LOADING"",""newStatus"":""READY≈DESP"",""operationId"":271,""referenceNumber"":""64620""}",16,TEJASH M PATEL,2025-04-06T14:30:26.462Z
984,GJOperations,update,gjOperation,272,"{""changedFields"":"""",""oldStatus"":""LOADING"",""newStatus"":""LOADING"",""operationId"":272,""referenceNumber"":""64625""}",16,TEJASH M PATEL,2025-04-06T14:38:59.083Z
985,GJOperations,update,gjOperation,272,"{""changedFields"":""status"",""oldStatus"":""LOADING"",""newStatus"":""READY≈DESP"",""operationId"":272,""referenceNumber"":""64625""}",16,TEJASH M PATEL,2025-04-06T16:18:16.491Z
986,GJOperations,update,gjOperation,273,"{""changedFields"":"""",""oldStatus"":""LOADING"",""newStatus"":""LOADING"",""operationId"":273,""referenceNumber"":""64676""}",16,TEJASH M PATEL,2025-04-06T17:58:45.781Z
987,GJOperations,update,gjOperation,273,"{""changedFields"":"""",""oldStatus"":""LOADING"",""newStatus"":""LOADING"",""operationId"":273,""referenceNumber"":""64676""}",16,TEJASH M PATEL,2025-04-06T17:58:47.782Z
988,GJOperations,update,gjOperation,273,"{""changedFields"":""status"",""oldStatus"":""LOADING"",""newStatus"":""READY≈DESP"",""operationId"":273,""referenceNumber"":""64676""}",16,TEJASH M PATEL,2025-04-06T23:08:28.695Z
989,GJOperations,update,gjOperation,273,"{""changedFields"":"""",""oldStatus"":""READY≈DESP"",""newStatus"":""READY≈DESP"",""operationId"":273,""referenceNumber"":""64676""}",16,TEJASH M PATEL,2025-04-06T23:08:28.828Z
990,GJOperations,update,gjOperation,273,"{""changedFields"":"""",""oldStatus"":""READY≈DESP"",""newStatus"":""READY≈DESP"",""operationId"":273,""referenceNumber"":""64676""}",16,TEJASH M PATEL,2025-04-06T23:08:28.972Z
991,GJOperations,update,gjOperation,273,"{""changedFields"":"""",""oldStatus"":""READY≈DESP"",""newStatus"":""READY≈DESP"",""operationId"":273,""referenceNumber"":""64676""}",16,TEJASH M PATEL,2025-04-06T23:08:29.263Z
992,GJOperations,update,gjOperation,273,"{""changedFields"":"""",""oldStatus"":""READY≈DESP"",""newStatus"":""READY≈DESP"",""operationId"":273,""referenceNumber"":""64676""}",16,TEJASH M PATEL,2025-04-06T23:08:29.423Z
993,GJOperations,update,gjOperation,273,"{""changedFields"":"""",""oldStatus"":""READY≈DESP"",""newStatus"":""READY≈DESP"",""operationId"":273,""referenceNumber"":""64676""}",16,TEJASH M PATEL,2025-04-06T23:08:29.588Z
994,GJOperations,update,gjOperation,273,"{""changedFields"":"""",""oldStatus"":""READY≈DESP"",""newStatus"":""READY≈DESP"",""operationId"":273,""referenceNumber"":""64676""}",16,TEJASH M PATEL,2025-04-06T23:08:30.748Z
995,GJOperations,update,gjOperation,273,"{""changedFields"":"""",""oldStatus"":""READY≈DESP"",""newStatus"":""READY≈DESP"",""operationId"":273,""referenceNumber"":""64676""}",16,TEJASH M PATEL,2025-04-06T23:08:30.960Z
996,GJOperations,update,gjOperation,274,"{""changedFields"":"""",""oldStatus"":""LOADING"",""newStatus"":""LOADING"",""operationId"":274,""referenceNumber"":""64650""}",6,PRIYANK PATEL,2025-04-06T23:11:17.701Z
997,GJOperations,update,gjOperation,275,"{""changedFields"":"""",""oldStatus"":""LOADING"",""newStatus"":""LOADING"",""operationId"":275,""referenceNumber"":""64661""}",4,YAGNIK PATEL,2025-04-07T03:58:25.205Z
998,GJOperations,update,gjOperation,275,"{""changedFields"":"""",""oldStatus"":""LOADING"",""newStatus"":""LOADING"",""operationId"":275,""referenceNumber"":""64661""}",4,YAGNIK PATEL,2025-04-07T04:00:19.003Z
999,GJOperations,update,gjOperation,277,"{""changedFields"":"""",""oldStatus"":""LOADING"",""newStatus"":""LOADING"",""operationId"":277,""referenceNumber"":""64662""}",5,BADELAL VARMA,2025-04-07T04:21:44.786Z
1000,GJOperations,update,gjOperation,277,"{""changedFields"":""status"",""oldStatus"":""LOADING"",""newStatus"":""READY≈DESP"",""operationId"":277,""referenceNumber"":""64662""}",5,BADELAL VARMA,2025-04-07T04:22:00.304Z
1001,GJOperations,update,gjOperation,276,"{""changedFields"":"""",""oldStatus"":""LOADING"",""newStatus"":""LOADING"",""operationId"":276,""referenceNumber"":""64663""}",5,BADELAL VARMA,2025-04-07T04:24:15.681Z
1002,GJOperations,update,gjOperation,278,"{""changedFields"":"""",""oldStatus"":""LOADING"",""newStatus"":""LOADING"",""operationId"":278,""referenceNumber"":""64660""}",5,BADELAL VARMA,2025-04-07T04:29:12.230Z
1003,GJOperations,update,gjOperation,279,"{""changedFields"":"""",""oldStatus"":""LOADING"",""newStatus"":""LOADING"",""operationId"":279,""referenceNumber"":""64675""}",4,YAGNIK PATEL,2025-04-07T04:47:12.654Z
1004,GJOperations,update,gjOperation,280,"{""changedFields"":"""",""oldStatus"":""LOADING"",""newStatus"":""LOADING"",""operationId"":280,""referenceNumber"":""64653""}",5,BADELAL VARMA,2025-04-07T04:53:06.193Z
1005,GJOperations,update,gjOperation,280,"{""changedFields"":"""",""oldStatus"":""LOADING"",""newStatus"":""LOADING"",""operationId"":280,""referenceNumber"":""64653""}",5,BADELAL VARMA,2025-04-07T04:53:07.152Z
1006,GJOperations,update,gjOperation,281,"{""changedFields"":"""",""oldStatus"":""LOADING"",""newStatus"":""LOADING"",""operationId"":281,""referenceNumber"":""64657""}",5,BADELAL VARMA,2025-04-07T04:59:19.697Z
1007,GJOperations,update,gjOperation,282,"{""changedFields"":"""",""oldStatus"":""LOADING"",""newStatus"":""LOADING"",""operationId"":282,""referenceNumber"":""64658""}",12,AKSHAY PATEL,2025-04-07T05:09:39.148Z
1008,GJOperations,update,gjOperation,282,"{""changedFields"":"""",""oldStatus"":""LOADING"",""newStatus"":""LOADING"",""operationId"":282,""referenceNumber"":""64658""}",12,AKSHAY PATEL,2025-04-07T05:09:44.446Z
1009,GJOperations,update,gjOperation,209,"{""changedFields"":""status"",""oldStatus"":""LOADING"",""newStatus"":""READY≈DESP"",""operationId"":209,""referenceNumber"":""64548""}",16,TEJASH M PATEL,2025-04-07T05:16:06.202Z
1010,GJOperations,update,gjOperation,283,"{""changedFields"":"""",""oldStatus"":""LOADING"",""newStatus"":""LOADING"",""operationId"":283,""referenceNumber"":""64670""}",12,AKSHAY PATEL,2025-04-07T05:18:42.194Z
1011,GJOperations,update,gjOperation,283,"{""changedFields"":"""",""oldStatus"":""LOADING"",""newStatus"":""LOADING"",""operationId"":283,""referenceNumber"":""64670""}",12,AKSHAY PATEL,2025-04-07T05:18:52.660Z
1012,GJOperations,update,gjOperation,209,"{""changedFields"":""status"",""oldStatus"":""READY≈DESP"",""newStatus"":""LOADING"",""operationId"":209,""referenceNumber"":""64548""}",16,TEJASH M PATEL,2025-04-07T05:19:14.437Z
1013,GJOperations,update,gjOperation,284,"{""changedFields"":"""",""oldStatus"":""LOADING"",""newStatus"":""LOADING"",""operationId"":284,""referenceNumber"":""64547""}",3,Yash patel,2025-04-07T05:22:33.334Z
1014,GJOperations,update,gjOperation,279,"{""changedFields"":""status"",""oldStatus"":""LOADING"",""newStatus"":""READY≈DESP"",""operationId"":279,""referenceNumber"":""64675""}",4,YAGNIK PATEL,2025-04-07T05:30:58.606Z
1015,GJOperations,update,gjOperation,279,"{""changedFields"":"""",""oldStatus"":""READY≈DESP"",""newStatus"":""READY≈DESP"",""operationId"":279,""referenceNumber"":""64675""}",4,YAGNIK PATEL,2025-04-07T05:30:59.126Z
1016,GJOperations,update,gjOperation,285,"{""changedFields"":"""",""oldStatus"":""LOADING"",""newStatus"":""LOADING"",""operationId"":285,""referenceNumber"":""64673""}",4,YAGNIK PATEL,2025-04-07T05:32:02.134Z
1017,GJOperations,update,gjOperation,284,"{""changedFields"":"""",""oldStatus"":""LOADING"",""newStatus"":""LOADING"",""operationId"":284,""referenceNumber"":""64547""}",3,Yash patel,2025-04-07T05:32:21.597Z
1018,GJOperations,update,gjOperation,284,"{""changedFields"":""status"",""oldStatus"":""LOADING"",""newStatus"":""READY≈DESP"",""operationId"":284,""referenceNumber"":""64547""}",3,Yash patel,2025-04-07T05:32:23.801Z
1019,GJOperations,update,gjOperation,209,"{""changedFields"":""status"",""oldStatus"":""LOADING"",""newStatus"":""READY≈DESP"",""operationId"":209,""referenceNumber"":""64548""}",16,TEJASH M PATEL,2025-04-07T05:35:05.690Z
1020,GJOperations,update,gjOperation,274,"{""changedFields"":""status"",""oldStatus"":""LOADING"",""newStatus"":""READY≈DESP"",""operationId"":274,""referenceNumber"":""64650""}",6,PRIYANK PATEL,2025-04-07T05:42:30.767Z
1021,GJOperations,update,gjOperation,280,"{""changedFields"":""status"",""oldStatus"":""LOADING"",""newStatus"":""READY≈DESP"",""operationId"":280,""referenceNumber"":""64653""}",5,BADELAL VARMA,2025-04-07T05:42:55.674Z
1022,GJOperations,update,gjOperation,286,"{""changedFields"":"""",""oldStatus"":""LOADING"",""newStatus"":""LOADING"",""operationId"":286,""referenceNumber"":""64671""}",12,AKSHAY PATEL,2025-04-07T05:45:14.832Z
1023,GJOperations,update,gjOperation,278,"{""changedFields"":""status"",""oldStatus"":""LOADING"",""newStatus"":""READY≈DESP"",""operationId"":278,""referenceNumber"":""64660""}",5,BADELAL VARMA,2025-04-07T05:45:15.382Z
1024,GJOperations,update,gjOperation,278,"{""changedFields"":"""",""oldStatus"":""READY≈DESP"",""newStatus"":""READY≈DESP"",""operationId"":278,""referenceNumber"":""64660""}",5,BADELAL VARMA,2025-04-07T05:45:25.477Z
1025,GJOperations,update,gjOperation,287,"{""changedFields"":"""",""oldStatus"":""LOADING"",""newStatus"":""LOADING"",""operationId"":287,""referenceNumber"":""64677""}",5,BADELAL VARMA,2025-04-07T05:49:11.085Z
1026,GJOperations,update,gjOperation,288,"{""changedFields"":"""",""oldStatus"":""LOADING"",""newStatus"":""LOADING"",""operationId"":288,""referenceNumber"":""64672""}",4,YAGNIK PATEL,2025-04-07T06:02:07.727Z
1027,GJOperations,update,gjOperation,283,"{""changedFields"":""status"",""oldStatus"":""LOADING"",""newStatus"":""READY≈DESP"",""operationId"":283,""referenceNumber"":""64670""}",12,AKSHAY PATEL,2025-04-07T06:06:25.451Z
1028,GJOperations,update,gjOperation,283,"{""changedFields"":"""",""oldStatus"":""READY≈DESP"",""newStatus"":""READY≈DESP"",""operationId"":283,""referenceNumber"":""64670""}",12,AKSHAY PATEL,2025-04-07T06:07:16.658Z
1029,GJOperations,update,gjOperation,285,"{""changedFields"":"""",""oldStatus"":""LOADING"",""newStatus"":""LOADING"",""operationId"":285,""referenceNumber"":""64673""}",4,YAGNIK PATEL,2025-04-07T06:09:16.812Z
1030,GJOperations,update,gjOperation,285,"{""changedFields"":""status"",""oldStatus"":""LOADING"",""newStatus"":""READY≈DESP"",""operationId"":285,""referenceNumber"":""64673""}",4,YAGNIK PATEL,2025-04-07T06:09:24.224Z
1031,GJOperations,update,gjOperation,285,"{""changedFields"":"""",""oldStatus"":""READY≈DESP"",""newStatus"":""READY≈DESP"",""operationId"":285,""referenceNumber"":""64673""}",4,YAGNIK PATEL,2025-04-07T06:09:33.853Z
1032,GJOperations,update,gjOperation,289,"{""changedFields"":"""",""oldStatus"":""LOADING"",""newStatus"":""LOADING"",""operationId"":289,""referenceNumber"":""64654""}",4,YAGNIK PATEL,2025-04-07T06:10:32.919Z
1033,GJOperations,update,gjOperation,286,"{""changedFields"":""status"",""oldStatus"":""LOADING"",""newStatus"":""READY≈DESP"",""operationId"":286,""referenceNumber"":""64671""}",12,AKSHAY PATEL,2025-04-07T06:10:38.099Z
1034,GJOperations,update,gjOperation,286,"{""changedFields"":"""",""oldStatus"":""READY≈DESP"",""newStatus"":""READY≈DESP"",""operationId"":286,""referenceNumber"":""64671""}",12,AKSHAY PATEL,2025-04-07T06:10:43.790Z
1035,GJOperations,update,gjOperation,289,"{""changedFields"":"""",""oldStatus"":""LOADING"",""newStatus"":""LOADING"",""operationId"":289,""referenceNumber"":""64654""}",4,YAGNIK PATEL,2025-04-07T06:11:22.135Z
1036,GJOperations,update,gjOperation,289,"{""changedFields"":"""",""oldStatus"":""LOADING"",""newStatus"":""LOADING"",""operationId"":289,""referenceNumber"":""64654""}",4,YAGNIK PATEL,2025-04-07T06:11:22.195Z
1037,GJOperations,update,gjOperation,290,"{""changedFields"":"""",""oldStatus"":""LOADING"",""newStatus"":""LOADING"",""operationId"":290,""referenceNumber"":""64669""}",12,AKSHAY PATEL,2025-04-07T06:13:22.599Z
1038,GJOperations,update,gjOperation,287,"{""changedFields"":""status"",""oldStatus"":""LOADING"",""newStatus"":""READY≈DESP"",""operationId"":287,""referenceNumber"":""64677""}",5,BADELAL VARMA,2025-04-07T06:21:12.670Z
1039,GJOperations,update,gjOperation,287,"{""changedFields"":"""",""oldStatus"":""READY≈DESP"",""newStatus"":""READY≈DESP"",""operationId"":287,""referenceNumber"":""64677""}",5,BADELAL VARMA,2025-04-07T06:21:42.032Z
1040,GJOperations,update,gjOperation,277,"{""changedFields"":"""",""oldStatus"":""READY≈DESP"",""newStatus"":""READY≈DESP"",""operationId"":277,""referenceNumber"":""64662""}",5,BADELAL VARMA,2025-04-07T06:24:42.091Z
1041,GJOperations,update,gjOperation,276,"{""changedFields"":""status"",""oldStatus"":""LOADING"",""newStatus"":""READY≈DESP"",""operationId"":276,""referenceNumber"":""64663""}",5,BADELAL VARMA,2025-04-07T06:25:08.195Z
1042,GJOperations,update,gjOperation,291,"{""changedFields"":"""",""oldStatus"":""LOADING"",""newStatus"":""LOADING"",""operationId"":291,""referenceNumber"":""64652""}",5,BADELAL VARMA,2025-04-07T06:40:56.823Z
1043,GJOperations,update,gjOperation,293,"{""changedFields"":"""",""oldStatus"":""LOADING"",""newStatus"":""LOADING"",""operationId"":293,""referenceNumber"":""64655""}",4,YAGNIK PATEL,2025-04-07T06:47:15.281Z
1044,GJOperations,update,gjOperation,293,"{""changedFields"":"""",""oldStatus"":""LOADING"",""newStatus"":""LOADING"",""operationId"":293,""referenceNumber"":""64655""}",4,YAGNIK PATEL,2025-04-07T06:47:50.858Z
1045,GJOperations,update,gjOperation,289,"{""changedFields"":""status"",""oldStatus"":""LOADING"",""newStatus"":""READY≈DESP"",""operationId"":289,""referenceNumber"":""64654""}",4,YAGNIK PATEL,2025-04-07T06:48:31.806Z
1046,GJOperations,update,gjOperation,289,"{""changedFields"":"""",""oldStatus"":""READY≈DESP"",""newStatus"":""READY≈DESP"",""operationId"":289,""referenceNumber"":""64654""}",4,YAGNIK PATEL,2025-04-07T06:48:42.522Z
1047,GJOperations,update,gjOperation,290,"{""changedFields"":""status"",""oldStatus"":""LOADING"",""newStatus"":""READY≈DESP"",""operationId"":290,""referenceNumber"":""64669""}",12,AKSHAY PATEL,2025-04-07T07:11:06.915Z
1048,GJOperations,update,gjOperation,295,"{""changedFields"":"""",""oldStatus"":""LOADING"",""newStatus"":""LOADING"",""operationId"":295,""referenceNumber"":""64679""}",5,BADELAL VARMA,2025-04-07T07:18:45.528Z
1049,GJOperations,update,gjOperation,295,"{""changedFields"":"""",""oldStatus"":""LOADING"",""newStatus"":""LOADING"",""operationId"":295,""referenceNumber"":""64679""}",5,BADELAL VARMA,2025-04-07T07:18:47.890Z
1050,GJOperations,update,gjOperation,296,"{""changedFields"":"""",""oldStatus"":""LOADING"",""newStatus"":""LOADING"",""operationId"":296,""referenceNumber"":""64649""}",4,YAGNIK PATEL,2025-04-07T07:21:53.184Z
1051,GJOperations,update,gjOperation,297,"{""changedFields"":"""",""oldStatus"":""LOADING"",""newStatus"":""LOADING"",""operationId"":297,""referenceNumber"":""64659""}",12,AKSHAY PATEL,2025-04-07T07:53:21.928Z
1052,GJOperations,update,gjOperation,298,"{""changedFields"":"""",""oldStatus"":""LOADING"",""newStatus"":""LOADING"",""operationId"":298,""referenceNumber"":""64664""}",12,AKSHAY PATEL,2025-04-07T07:56:12.675Z
1053,GJOperations,update,gjOperation,295,"{""changedFields"":""status"",""oldStatus"":""LOADING"",""newStatus"":""READY≈DESP"",""operationId"":295,""referenceNumber"":""64679""}",5,BADELAL VARMA,2025-04-07T08:26:39.047Z
1054,GJOperations,update,gjOperation,299,"{""changedFields"":"""",""oldStatus"":""LOADING"",""newStatus"":""LOADING"",""operationId"":299,""referenceNumber"":""64666""}",5,BADELAL VARMA,2025-04-07T08:41:28.784Z
1055,GJOperations,update,gjOperation,299,"{""changedFields"":"""",""oldStatus"":""LOADING"",""newStatus"":""LOADING"",""operationId"":299,""referenceNumber"":""64666""}",5,BADELAL VARMA,2025-04-07T08:41:30.161Z
1056,GJOperations,update,gjOperation,275,"{""changedFields"":""status"",""oldStatus"":""LOADING"",""newStatus"":""READY≈DESP"",""operationId"":275,""referenceNumber"":""64661""}",4,YAGNIK PATEL,2025-04-07T08:42:44.986Z
1057,GJOperations,update,gjOperation,275,"{""changedFields"":"""",""oldStatus"":""READY≈DESP"",""newStatus"":""READY≈DESP"",""operationId"":275,""referenceNumber"":""64661""}",4,YAGNIK PATEL,2025-04-07T08:42:47.391Z
1058,GJOperations,update,gjOperation,296,"{""changedFields"":""status"",""oldStatus"":""LOADING"",""newStatus"":""READY≈DESP"",""operationId"":296,""referenceNumber"":""64649""}",4,YAGNIK PATEL,2025-04-07T08:43:48.058Z
1059,GJOperations,update,gjOperation,296,"{""changedFields"":"""",""oldStatus"":""READY≈DESP"",""newStatus"":""READY≈DESP"",""operationId"":296,""referenceNumber"":""64649""}",4,YAGNIK PATEL,2025-04-07T08:43:53.320Z
1060,GJOperations,update,gjOperation,296,"{""changedFields"":"""",""oldStatus"":""READY≈DESP"",""newStatus"":""READY≈DESP"",""operationId"":296,""referenceNumber"":""64649""}",4,YAGNIK PATEL,2025-04-07T08:44:00.617Z
1061,GJOperations,update,gjOperation,288,"{""changedFields"":""status"",""oldStatus"":""LOADING"",""newStatus"":""READY≈DESP"",""operationId"":288,""referenceNumber"":""64672""}",4,YAGNIK PATEL,2025-04-07T08:44:37.357Z
1062,GJOperations,update,gjOperation,288,"{""changedFields"":"""",""oldStatus"":""READY≈DESP"",""newStatus"":""READY≈DESP"",""operationId"":288,""referenceNumber"":""64672""}",4,YAGNIK PATEL,2025-04-07T08:44:41.455Z
1063,GJOperations,update,gjOperation,300,"{""changedFields"":"""",""oldStatus"":""LOADING"",""newStatus"":""LOADING"",""operationId"":300,""referenceNumber"":""64656""}",4,YAGNIK PATEL,2025-04-07T08:45:43.617Z
1064,GJOperations,update,gjOperation,299,"{""changedFields"":""status"",""oldStatus"":""LOADING"",""newStatus"":""READY≈DESP"",""operationId"":299,""referenceNumber"":""64666""}",5,BADELAL VARMA,2025-04-07T09:10:27.225Z
1065,GJOperations,update,gjOperation,291,"{""changedFields"":""status"",""oldStatus"":""LOADING"",""newStatus"":""READY≈DESP"",""operationId"":291,""referenceNumber"":""64652""}",5,BADELAL VARMA,2025-04-07T09:23:12.081Z
1066,GJOperations,update,gjOperation,301,"{""changedFields"":""status"",""oldStatus"":""LOADING"",""newStatus"":""READY≈DESP"",""operationId"":301,""referenceNumber"":""64586""}",3,Yash patel,2025-04-07T09:25:51.941Z
1067,GJOperations,update,gjOperation,301,"{""changedFields"":""status"",""oldStatus"":""LOADING"",""newStatus"":""READY≈DESP"",""operationId"":301,""referenceNumber"":""64586""}",3,Yash patel,2025-04-07T09:25:51.979Z
1068,GJOperations,update,gjOperation,301,"{""changedFields"":"""",""oldStatus"":""READY≈DESP"",""newStatus"":""READY≈DESP"",""operationId"":301,""referenceNumber"":""64586""}",3,Yash patel,2025-04-07T09:25:52.028Z
1069,GJOperations,update,gjOperation,301,"{""changedFields"":"""",""oldStatus"":""READY≈DESP"",""newStatus"":""READY≈DESP"",""operationId"":301,""referenceNumber"":""64586""}",3,Yash patel,2025-04-07T09:25:52.065Z
1070,GJOperations,update,gjOperation,301,"{""changedFields"":"""",""oldStatus"":""READY≈DESP"",""newStatus"":""READY≈DESP"",""operationId"":301,""referenceNumber"":""64586""}",3,Yash patel,2025-04-07T09:25:52.239Z
1071,GJOperations,update,gjOperation,301,"{""changedFields"":"""",""oldStatus"":""READY≈DESP"",""newStatus"":""READY≈DESP"",""operationId"":301,""referenceNumber"":""64586""}",3,Yash patel,2025-04-07T09:25:52.282Z
1072,GJOperations,update,gjOperation,301,"{""changedFields"":"""",""oldStatus"":""READY≈DESP"",""newStatus"":""READY≈DESP"",""operationId"":301,""referenceNumber"":""64586""}",3,Yash patel,2025-04-07T09:25:52.507Z
1073,GJOperations,update,gjOperation,301,"{""changedFields"":"""",""oldStatus"":""READY≈DESP"",""newStatus"":""READY≈DESP"",""operationId"":301,""referenceNumber"":""64586""}",3,Yash patel,2025-04-07T09:25:52.540Z
1074,GJOperations,update,gjOperation,301,"{""changedFields"":"""",""oldStatus"":""READY≈DESP"",""newStatus"":""READY≈DESP"",""operationId"":301,""referenceNumber"":""64586""}",3,Yash patel,2025-04-07T09:25:52.716Z
1075,GJOperations,update,gjOperation,301,"{""changedFields"":"""",""oldStatus"":""READY≈DESP"",""newStatus"":""READY≈DESP"",""operationId"":301,""referenceNumber"":""64586""}",3,Yash patel,2025-04-07T09:25:52.764Z
1076,GJOperations,update,gjOperation,301,"{""changedFields"":"""",""oldStatus"":""READY≈DESP"",""newStatus"":""READY≈DESP"",""operationId"":301,""referenceNumber"":""64586""}",3,Yash patel,2025-04-07T09:25:52.984Z
1077,GJOperations,update,gjOperation,301,"{""changedFields"":"""",""oldStatus"":""READY≈DESP"",""newStatus"":""READY≈DESP"",""operationId"":301,""referenceNumber"":""64586""}",3,Yash patel,2025-04-07T09:25:53.005Z
1078,GJOperations,update,gjOperation,301,"{""changedFields"":"""",""oldStatus"":""READY≈DESP"",""newStatus"":""READY≈DESP"",""operationId"":301,""referenceNumber"":""64586""}",3,Yash patel,2025-04-07T09:25:53.183Z
1079,GJOperations,update,gjOperation,301,"{""changedFields"":"""",""oldStatus"":""READY≈DESP"",""newStatus"":""READY≈DESP"",""operationId"":301,""referenceNumber"":""64586""}",3,Yash patel,2025-04-07T09:25:53.248Z
1080,GJOperations,update,gjOperation,301,"{""changedFields"":"""",""oldStatus"":""READY≈DESP"",""newStatus"":""READY≈DESP"",""operationId"":301,""referenceNumber"":""64586""}",3,Yash patel,2025-04-07T09:25:53.467Z
1082,GJOperations,update,gjOperation,281,"{""changedFields"":""status"",""oldStatus"":""LOADING"",""newStatus"":""READY≈DESP"",""operationId"":281,""referenceNumber"":""64657""}",5,BADELAL VARMA,2025-04-07T09:26:24.790Z
1081,GJOperations,update,gjOperation,301,"{""changedFields"":"""",""oldStatus"":""READY≈DESP"",""newStatus"":""READY≈DESP"",""operationId"":301,""referenceNumber"":""64586""}",3,Yash patel,2025-04-07T09:25:53.475Z
1083,GJOperations,update,gjOperation,303,"{""changedFields"":""status"",""oldStatus"":""LOADING"",""newStatus"":""READY≈DESP"",""operationId"":303,""referenceNumber"":""64667""}",5,BADELAL VARMA,2025-04-07T09:27:39.130Z
1084,GJOperations,update,gjOperation,303,"{""changedFields"":"""",""oldStatus"":""READY≈DESP"",""newStatus"":""READY≈DESP"",""operationId"":303,""referenceNumber"":""64667""}",5,BADELAL VARMA,2025-04-07T09:27:50.954Z
1085,GJOperations,update,gjOperation,300,"{""changedFields"":""status"",""oldStatus"":""LOADING"",""newStatus"":""READY≈DESP"",""operationId"":300,""referenceNumber"":""64656""}",4,YAGNIK PATEL,2025-04-07T09:27:58.653Z
1086,GJOperations,update,gjOperation,303,"{""changedFields"":""status"",""oldStatus"":""READY≈DESP"",""newStatus"":""LOADING"",""operationId"":303,""referenceNumber"":""64667""}",5,BADELAL VARMA,2025-04-07T09:28:30.894Z
1087,GJOperations,update,gjOperation,302,"{""changedFields"":""status"",""oldStatus"":""LOADING"",""newStatus"":""READY≈DESP"",""operationId"":302,""referenceNumber"":""64587""}",3,Yash patel,2025-04-07T09:28:35.569Z
1088,GJOperations,update,gjOperation,302,"{""changedFields"":"""",""oldStatus"":""READY≈DESP"",""newStatus"":""READY≈DESP"",""operationId"":302,""referenceNumber"":""64587""}",3,Yash patel,2025-04-07T09:28:37.582Z
1089,GJOperations,update,gjOperation,302,"{""changedFields"":"""",""oldStatus"":""READY≈DESP"",""newStatus"":""READY≈DESP"",""operationId"":302,""referenceNumber"":""64587""}",3,Yash patel,2025-04-07T09:28:38.070Z
1090,GJOperations,update,gjOperation,302,"{""changedFields"":"""",""oldStatus"":""READY≈DESP"",""newStatus"":""READY≈DESP"",""operationId"":302,""referenceNumber"":""64587""}",3,Yash patel,2025-04-07T09:28:38.543Z
1091,GJOperations,update,gjOperation,302,"{""changedFields"":"""",""oldStatus"":""READY≈DESP"",""newStatus"":""READY≈DESP"",""operationId"":302,""referenceNumber"":""64587""}",3,Yash patel,2025-04-07T09:28:38.633Z
1092,GJOperations,update,gjOperation,302,"{""changedFields"":"""",""oldStatus"":""READY≈DESP"",""newStatus"":""READY≈DESP"",""operationId"":302,""referenceNumber"":""64587""}",3,Yash patel,2025-04-07T09:28:39.600Z
1093,GJOperations,update,gjOperation,302,"{""changedFields"":"""",""oldStatus"":""READY≈DESP"",""newStatus"":""READY≈DESP"",""operationId"":302,""referenceNumber"":""64587""}",3,Yash patel,2025-04-07T09:28:39.611Z
1094,GJOperations,update,gjOperation,302,"{""changedFields"":"""",""oldStatus"":""READY≈DESP"",""newStatus"":""READY≈DESP"",""operationId"":302,""referenceNumber"":""64587""}",3,Yash patel,2025-04-07T09:28:39.618Z
1095,GJOperations,update,gjOperation,303,"{""changedFields"":"""",""oldStatus"":""LOADING"",""newStatus"":""LOADING"",""operationId"":303,""referenceNumber"":""64667""}",5,BADELAL VARMA,2025-04-07T09:30:36.498Z
1096,GJOperations,update,gjOperation,304,"{""changedFields"":""status"",""oldStatus"":""LOADING"",""newStatus"":""READY≈DESP"",""operationId"":304,""referenceNumber"":""64588""}",3,Yash patel,2025-04-07T09:32:06.397Z
1097,GJOperations,update,gjOperation,305,"{""changedFields"":"""",""oldStatus"":""LOADING"",""newStatus"":""LOADING"",""operationId"":305,""referenceNumber"":""64668""}",12,AKSHAY PATEL,2025-04-07T09:34:40.077Z
1098,GJOperations,update,gjOperation,305,"{""changedFields"":""status"",""oldStatus"":""LOADING"",""newStatus"":""READY≈DESP"",""operationId"":305,""referenceNumber"":""64668""}",12,AKSHAY PATEL,2025-04-07T09:34:41.776Z
1099,GJOperations,update,gjOperation,305,"{""changedFields"":"""",""oldStatus"":""READY≈DESP"",""newStatus"":""READY≈DESP"",""operationId"":305,""referenceNumber"":""64668""}",12,AKSHAY PATEL,2025-04-07T09:34:45.733Z
1100,GJOperations,update,gjOperation,293,"{""changedFields"":""status"",""oldStatus"":""LOADING"",""newStatus"":""READY≈DESP"",""operationId"":293,""referenceNumber"":""64655""}",4,YAGNIK PATEL,2025-04-07T09:39:35.873Z
1101,GJOperations,update,gjOperation,293,"{""changedFields"":"""",""oldStatus"":""READY≈DESP"",""newStatus"":""READY≈DESP"",""operationId"":293,""referenceNumber"":""64655""}",4,YAGNIK PATEL,2025-04-07T09:39:41.734Z
1102,GJOperations,update,gjOperation,293,"{""changedFields"":"""",""oldStatus"":""READY≈DESP"",""newStatus"":""READY≈DESP"",""operationId"":293,""referenceNumber"":""64655""}",4,YAGNIK PATEL,2025-04-07T09:39:42.005Z
1103,GJOperations,update,gjOperation,303,"{""changedFields"":""status"",""oldStatus"":""LOADING"",""newStatus"":""READY≈DESP"",""operationId"":303,""referenceNumber"":""64667""}",5,BADELAL VARMA,2025-04-07T09:58:23.259Z
1104,GJOperations,update,gjOperation,303,"{""changedFields"":"""",""oldStatus"":""READY≈DESP"",""newStatus"":""READY≈DESP"",""operationId"":303,""referenceNumber"":""64667""}",5,BADELAL VARMA,2025-04-07T09:58:30.754Z
1105,GJOperations,update,gjOperation,296,"{""changedFields"":"""",""oldStatus"":""READY≈DESP"",""newStatus"":""READY≈DESP"",""operationId"":296,""referenceNumber"":""64649""}",4,YAGNIK PATEL,2025-04-07T10:09:30.620Z
1106,GJOperations,update,gjOperation,306,"{""changedFields"":""status"",""oldStatus"":""LOADING"",""newStatus"":""READY≈DESP"",""operationId"":306,""referenceNumber"":""64590""}",3,Yash patel,2025-04-07T10:17:22.823Z
1107,GJOperations,update,gjOperation,304,"{""changedFields"":"""",""oldStatus"":""READY≈DESP"",""newStatus"":""READY≈DESP"",""operationId"":304,""referenceNumber"":""64588""}",3,Yash patel,2025-04-07T10:19:15.164Z
1108,GJOperations,update,gjOperation,304,"{""changedFields"":"""",""oldStatus"":""READY≈DESP"",""newStatus"":""READY≈DESP"",""operationId"":304,""referenceNumber"":""64588""}",3,Yash patel,2025-04-07T10:19:16.607Z
1109,GJOperations,update,gjOperation,307,"{""changedFields"":""status"",""oldStatus"":""LOADING"",""newStatus"":""READY≈DESP"",""operationId"":307,""referenceNumber"":""64594""}",3,Yash patel,2025-04-07T10:23:23.245Z
1110,GJOperations,update,gjOperation,308,"{""changedFields"":""status"",""oldStatus"":""LOADING"",""newStatus"":""READY≈DESP"",""operationId"":308,""referenceNumber"":""64596""}",3,Yash patel,2025-04-07T10:28:20.348Z
1111,GJOperations,update,gjOperation,308,"{""changedFields"":"""",""oldStatus"":""READY≈DESP"",""newStatus"":""READY≈DESP"",""operationId"":308,""referenceNumber"":""64596""}",3,Yash patel,2025-04-07T10:29:05.319Z
1112,GJOperations,update,gjOperation,309,"{""changedFields"":""status"",""oldStatus"":""LOADING"",""newStatus"":""READY≈DESP"",""operationId"":309,""referenceNumber"":""64597""}",3,Yash patel,2025-04-07T10:32:39.188Z
1113,GJOperations,update,gjOperation,309,"{""changedFields"":"""",""oldStatus"":""READY≈DESP"",""newStatus"":""READY≈DESP"",""operationId"":309,""referenceNumber"":""64597""}",3,Yash patel,2025-04-07T10:32:50.972Z
1114,GJOperations,update,gjOperation,309,"{""changedFields"":"""",""oldStatus"":""READY≈DESP"",""newStatus"":""READY≈DESP"",""operationId"":309,""referenceNumber"":""64597""}",3,Yash patel,2025-04-07T10:32:51.285Z
1115,GJOperations,update,gjOperation,309,"{""changedFields"":"""",""oldStatus"":""READY≈DESP"",""newStatus"":""READY≈DESP"",""operationId"":309,""referenceNumber"":""64597""}",3,Yash patel,2025-04-07T10:32:51.711Z
1116,GJOperations,update,gjOperation,309,"{""changedFields"":"""",""oldStatus"":""READY≈DESP"",""newStatus"":""READY≈DESP"",""operationId"":309,""referenceNumber"":""64597""}",3,Yash patel,2025-04-07T10:32:51.828Z
1117,GJOperations,update,gjOperation,309,"{""changedFields"":"""",""oldStatus"":""READY≈DESP"",""newStatus"":""READY≈DESP"",""operationId"":309,""referenceNumber"":""64597""}",3,Yash patel,2025-04-07T10:32:52.840Z
1118,GJOperations,update,gjOperation,310,"{""changedFields"":""status"",""oldStatus"":""LOADING"",""newStatus"":""READY≈DESP"",""operationId"":310,""referenceNumber"":""64598""}",3,Yash patel,2025-04-07T10:35:15.867Z
1119,GJOperations,update,gjOperation,310,"{""changedFields"":"""",""oldStatus"":""READY≈DESP"",""newStatus"":""READY≈DESP"",""operationId"":310,""referenceNumber"":""64598""}",3,Yash patel,2025-04-07T10:35:16.710Z
1120,GJOperations,update,gjOperation,310,"{""changedFields"":"""",""oldStatus"":""READY≈DESP"",""newStatus"":""READY≈DESP"",""operationId"":310,""referenceNumber"":""64598""}",3,Yash patel,2025-04-07T10:35:17.323Z
1121,GJOperations,update,gjOperation,310,"{""changedFields"":"""",""oldStatus"":""READY≈DESP"",""newStatus"":""READY≈DESP"",""operationId"":310,""referenceNumber"":""64598""}",3,Yash patel,2025-04-07T10:35:17.542Z
1122,GJOperations,update,gjOperation,310,"{""changedFields"":"""",""oldStatus"":""READY≈DESP"",""newStatus"":""READY≈DESP"",""operationId"":310,""referenceNumber"":""64598""}",3,Yash patel,2025-04-07T10:35:17.687Z
1123,GJOperations,update,gjOperation,310,"{""changedFields"":"""",""oldStatus"":""READY≈DESP"",""newStatus"":""READY≈DESP"",""operationId"":310,""referenceNumber"":""64598""}",3,Yash patel,2025-04-07T10:35:17.849Z
1124,GJOperations,update,gjOperation,311,"{""changedFields"":""status"",""oldStatus"":""LOADING"",""newStatus"":""READY≈DESP"",""operationId"":311,""referenceNumber"":""64602""}",3,Yash patel,2025-04-07T10:39:01.732Z
1125,GJOperations,update,gjOperation,311,"{""changedFields"":"""",""oldStatus"":""READY≈DESP"",""newStatus"":""READY≈DESP"",""operationId"":311,""referenceNumber"":""64602""}",3,Yash patel,2025-04-07T10:39:30.367Z
1126,GJOperations,update,gjOperation,311,"{""changedFields"":"""",""oldStatus"":""READY≈DESP"",""newStatus"":""READY≈DESP"",""operationId"":311,""referenceNumber"":""64602""}",3,Yash patel,2025-04-07T10:39:30.643Z
1127,GJOperations,update,gjOperation,311,"{""changedFields"":"""",""oldStatus"":""READY≈DESP"",""newStatus"":""READY≈DESP"",""operationId"":311,""referenceNumber"":""64602""}",3,Yash patel,2025-04-07T10:39:31.113Z
1128,GJOperations,update,gjOperation,312,"{""changedFields"":""status"",""oldStatus"":""LOADING"",""newStatus"":""READY≈DESP"",""operationId"":312,""referenceNumber"":""64603""}",3,Yash patel,2025-04-07T10:40:54.855Z
1129,GJOperations,update,gjOperation,312,"{""changedFields"":"""",""oldStatus"":""READY≈DESP"",""newStatus"":""READY≈DESP"",""operationId"":312,""referenceNumber"":""64603""}",3,Yash patel,2025-04-07T10:40:55.799Z
1130,GJOperations,update,gjOperation,313,"{""changedFields"":""status"",""oldStatus"":""LOADING"",""newStatus"":""READY≈DESP"",""operationId"":313,""referenceNumber"":""64605""}",3,Yash patel,2025-04-07T10:43:16.248Z
1131,GJOperations,update,gjOperation,313,"{""changedFields"":""status"",""oldStatus"":""READY≈DESP"",""newStatus"":""LOADING"",""operationId"":313,""referenceNumber"":""64605""}",3,Yash patel,2025-04-07T10:43:33.379Z
1132,GJOperations,update,gjOperation,313,"{""changedFields"":""status"",""oldStatus"":""LOADING"",""newStatus"":""READY≈DESP"",""operationId"":313,""referenceNumber"":""64605""}",3,Yash patel,2025-04-07T10:45:31.545Z
1133,GJOperations,update,gjOperation,305,"{""changedFields"":"""",""oldStatus"":""READY≈DESP"",""newStatus"":""READY≈DESP"",""operationId"":305,""referenceNumber"":""64668""}",12,AKSHAY PATEL,2025-04-07T10:46:11.229Z
1134,GJOperations,update,gjOperation,298,"{""changedFields"":""status"",""oldStatus"":""LOADING"",""newStatus"":""READY≈DESP"",""operationId"":298,""referenceNumber"":""64664""}",12,AKSHAY PATEL,2025-04-07T10:47:33.001Z
1135,GJOperations,update,gjOperation,314,"{""changedFields"":"""",""oldStatus"":""LOADING"",""newStatus"":""LOADING"",""operationId"":314,""referenceNumber"":""64608""}",3,Yash patel,2025-04-07T10:48:01.590Z
1136,GJOperations,update,gjOperation,314,"{""changedFields"":""status"",""oldStatus"":""LOADING"",""newStatus"":""READY≈DESP"",""operationId"":314,""referenceNumber"":""64608""}",3,Yash patel,2025-04-07T10:49:45.730Z
1137,GJOperations,update,gjOperation,315,"{""changedFields"":"""",""oldStatus"":""LOADING"",""newStatus"":""LOADING"",""operationId"":315,""referenceNumber"":""64610""}",3,Yash patel,2025-04-07T10:51:01.850Z
1138,GJOperations,update,gjOperation,297,"{""changedFields"":""status"",""oldStatus"":""LOADING"",""newStatus"":""READY≈DESP"",""operationId"":297,""referenceNumber"":""64659""}",12,AKSHAY PATEL,2025-04-07T10:51:30.380Z
1139,GJOperations,update,gjOperation,297,"{""changedFields"":""status"",""oldStatus"":""LOADING"",""newStatus"":""READY≈DESP"",""operationId"":297,""referenceNumber"":""64659""}",12,AKSHAY PATEL,2025-04-07T10:51:30.386Z
1140,GJOperations,update,gjOperation,297,"{""changedFields"":""status"",""oldStatus"":""LOADING"",""newStatus"":""READY≈DESP"",""operationId"":297,""referenceNumber"":""64659""}",12,AKSHAY PATEL,2025-04-07T10:51:30.389Z
1141,GJOperations,update,gjOperation,297,"{""changedFields"":""status"",""oldStatus"":""LOADING"",""newStatus"":""READY≈DESP"",""operationId"":297,""referenceNumber"":""64659""}",12,AKSHAY PATEL,2025-04-07T10:51:30.396Z
1142,GJOperations,update,gjOperation,282,"{""changedFields"":""status"",""oldStatus"":""LOADING"",""newStatus"":""READY≈DESP"",""operationId"":282,""referenceNumber"":""64658""}",12,AKSHAY PATEL,2025-04-07T10:52:09.922Z
1143,GJOperations,update,gjOperation,315,"{""changedFields"":""status"",""oldStatus"":""LOADING"",""newStatus"":""READY≈DESP"",""operationId"":315,""referenceNumber"":""64610""}",3,Yash patel,2025-04-07T10:52:33.645Z
1144,GJOperations,update,gjOperation,316,"{""changedFields"":""status"",""oldStatus"":""LOADING"",""newStatus"":""READY≈DESP"",""operationId"":316,""referenceNumber"":""64612""}",3,Yash patel,2025-04-07T10:56:17.053Z
1145,GJOperations,update,gjOperation,317,"{""changedFields"":""status"",""oldStatus"":""LOADING"",""newStatus"":""READY≈DESP"",""operationId"":317,""referenceNumber"":""64613""}",3,Yash patel,2025-04-07T11:00:01.348Z
1146,GJOperations,update,gjOperation,317,"{""changedFields"":"""",""oldStatus"":""READY≈DESP"",""newStatus"":""READY≈DESP"",""operationId"":317,""referenceNumber"":""64613""}",3,Yash patel,2025-04-07T11:00:01.827Z
1147,GJOperations,update,gjOperation,318,"{""changedFields"":"""",""oldStatus"":""LOADING"",""newStatus"":""LOADING"",""operationId"":318,""referenceNumber"":""64614""}",3,Yash patel,2025-04-07T11:01:28.822Z
1148,GJOperations,update,gjOperation,318,"{""changedFields"":""status"",""oldStatus"":""LOADING"",""newStatus"":""READY≈DESP"",""operationId"":318,""referenceNumber"":""64614""}",3,Yash patel,2025-04-07T11:01:30.366Z
1149,GJOperations,update,gjOperation,319,"{""changedFields"":"""",""oldStatus"":""LOADING"",""newStatus"":""LOADING"",""operationId"":319,""referenceNumber"":""64616""}",3,Yash patel,2025-04-07T11:02:35.000Z
1150,GJOperations,update,gjOperation,319,"{""changedFields"":"""",""oldStatus"":""LOADING"",""newStatus"":""LOADING"",""operationId"":319,""referenceNumber"":""64616""}",3,Yash patel,2025-04-07T11:02:35.758Z
1151,GJOperations,update,gjOperation,320,"{""changedFields"":"""",""oldStatus"":""LOADING"",""newStatus"":""LOADING"",""operationId"":320,""referenceNumber"":""64647""}",5,BADELAL VARMA,2025-04-07T11:04:28.776Z
1152,GJOperations,update,gjOperation,319,"{""changedFields"":"""",""oldStatus"":""LOADING"",""newStatus"":""LOADING"",""operationId"":319,""referenceNumber"":""64616""}",3,Yash patel,2025-04-07T11:06:28.997Z
1153,GJOperations,update,gjOperation,319,"{""changedFields"":""status"",""oldStatus"":""LOADING"",""newStatus"":""READY≈DESP"",""operationId"":319,""referenceNumber"":""64616""}",3,Yash patel,2025-04-07T11:08:10.656Z
1154,GJOperations,update,gjOperation,319,"{""changedFields"":"""",""oldStatus"":""READY≈DESP"",""newStatus"":""READY≈DESP"",""operationId"":319,""referenceNumber"":""64616""}",3,Yash patel,2025-04-07T11:08:31.505Z
1155,GJOperations,update,gjOperation,321,"{""changedFields"":"""",""oldStatus"":""LOADING"",""newStatus"":""LOADING"",""operationId"":321,""referenceNumber"":""64680""}",16,TEJASH M PATEL,2025-04-07T11:53:42.265Z
1156,GJOperations,update,gjOperation,320,"{""changedFields"":""status"",""oldStatus"":""LOADING"",""newStatus"":""READY≈DESP"",""operationId"":320,""referenceNumber"":""64647""}",5,BADELAL VARMA,2025-04-07T12:08:56.278Z
1157,GJOperations,update,gjOperation,323,"{""changedFields"":"""",""oldStatus"":""LOADING"",""newStatus"":""LOADING"",""operationId"":323,""referenceNumber"":""64674""}",12,AKSHAY PATEL,2025-04-07T12:09:51.696Z
1158,GJOperations,update,gjOperation,323,"{""changedFields"":""status"",""oldStatus"":""LOADING"",""newStatus"":""READY≈DESP"",""operationId"":323,""referenceNumber"":""64674""}",12,AKSHAY PATEL,2025-04-07T12:16:42.533Z
1159,GJOperations,update,gjOperation,323,"{""changedFields"":"""",""oldStatus"":""READY≈DESP"",""newStatus"":""READY≈DESP"",""operationId"":323,""referenceNumber"":""64674""}",12,AKSHAY PATEL,2025-04-07T12:16:42.937Z
1160,GJOperations,update,gjOperation,323,"{""changedFields"":"""",""oldStatus"":""READY≈DESP"",""newStatus"":""READY≈DESP"",""operationId"":323,""referenceNumber"":""64674""}",12,AKSHAY PATEL,2025-04-07T12:16:43.145Z
1161,GJOperations,update,gjOperation,324,"{""changedFields"":""status"",""oldStatus"":""LOADING"",""newStatus"":""READY≈DESP"",""operationId"":324,""referenceNumber"":""64617""}",3,Yash patel,2025-04-07T12:19:59.066Z
1162,GJOperations,update,gjOperation,325,"{""changedFields"":"""",""oldStatus"":""LOADING"",""newStatus"":""LOADING"",""operationId"":325,""referenceNumber"":""64618""}",3,Yash patel,2025-04-07T12:20:30.964Z
1163,GJOperations,update,gjOperation,325,"{""changedFields"":""status"",""oldStatus"":""LOADING"",""newStatus"":""READY≈DESP"",""operationId"":325,""referenceNumber"":""64618""}",3,Yash patel,2025-04-07T12:22:33.208Z
1164,GJOperations,update,gjOperation,325,"{""changedFields"":"""",""oldStatus"":""READY≈DESP"",""newStatus"":""READY≈DESP"",""operationId"":325,""referenceNumber"":""64618""}",3,Yash patel,2025-04-07T12:23:01.621Z
1165,GJOperations,update,gjOperation,326,"{""changedFields"":""status"",""oldStatus"":""LOADING"",""newStatus"":""READY≈DESP"",""operationId"":326,""referenceNumber"":""64622""}",3,Yash patel,2025-04-07T12:24:55.184Z
1166,GJOperations,update,gjOperation,326,"{""changedFields"":"""",""oldStatus"":""READY≈DESP"",""newStatus"":""READY≈DESP"",""operationId"":326,""referenceNumber"":""64622""}",3,Yash patel,2025-04-07T12:26:15.895Z
1167,GJOperations,update,gjOperation,326,"{""changedFields"":"""",""oldStatus"":""READY≈DESP"",""newStatus"":""READY≈DESP"",""operationId"":326,""referenceNumber"":""64622""}",3,Yash patel,2025-04-07T12:26:15.952Z
1168,GJOperations,update,gjOperation,326,"{""changedFields"":"""",""oldStatus"":""READY≈DESP"",""newStatus"":""READY≈DESP"",""operationId"":326,""referenceNumber"":""64622""}",3,Yash patel,2025-04-07T12:26:15.994Z
1169,GJOperations,update,gjOperation,326,"{""changedFields"":"""",""oldStatus"":""READY≈DESP"",""newStatus"":""READY≈DESP"",""operationId"":326,""referenceNumber"":""64622""}",3,Yash patel,2025-04-07T12:26:16.111Z
1170,GJOperations,update,gjOperation,326,"{""changedFields"":"""",""oldStatus"":""READY≈DESP"",""newStatus"":""READY≈DESP"",""operationId"":326,""referenceNumber"":""64622""}",3,Yash patel,2025-04-07T12:26:16.179Z
1171,GJOperations,update,gjOperation,326,"{""changedFields"":"""",""oldStatus"":""READY≈DESP"",""newStatus"":""READY≈DESP"",""operationId"":326,""referenceNumber"":""64622""}",3,Yash patel,2025-04-07T12:26:16.224Z
1172,GJOperations,update,gjOperation,326,"{""changedFields"":"""",""oldStatus"":""READY≈DESP"",""newStatus"":""READY≈DESP"",""operationId"":326,""referenceNumber"":""64622""}",3,Yash patel,2025-04-07T12:26:16.437Z
1173,GJOperations,update,gjOperation,326,"{""changedFields"":"""",""oldStatus"":""READY≈DESP"",""newStatus"":""READY≈DESP"",""operationId"":326,""referenceNumber"":""64622""}",3,Yash patel,2025-04-07T12:26:16.471Z
1174,GJOperations,update,gjOperation,327,"{""changedFields"":"""",""oldStatus"":""LOADING"",""newStatus"":""LOADING"",""operationId"":327,""referenceNumber"":""64623""}",3,Yash patel,2025-04-07T12:27:20.768Z
1175,GJOperations,update,gjOperation,327,"{""changedFields"":""status"",""oldStatus"":""LOADING"",""newStatus"":""READY≈DESP"",""operationId"":327,""referenceNumber"":""64623""}",3,Yash patel,2025-04-07T12:29:33.674Z
1176,GJOperations,update,gjOperation,327,"{""changedFields"":"""",""oldStatus"":""READY≈DESP"",""newStatus"":""READY≈DESP"",""operationId"":327,""referenceNumber"":""64623""}",3,Yash patel,2025-04-07T12:30:05.298Z
1177,GJOperations,update,gjOperation,327,"{""changedFields"":"""",""oldStatus"":""READY≈DESP"",""newStatus"":""READY≈DESP"",""operationId"":327,""referenceNumber"":""64623""}",3,Yash patel,2025-04-07T12:30:05.381Z
1178,GJOperations,update,gjOperation,327,"{""changedFields"":"""",""oldStatus"":""READY≈DESP"",""newStatus"":""READY≈DESP"",""operationId"":327,""referenceNumber"":""64623""}",3,Yash patel,2025-04-07T12:30:05.513Z
1179,GJOperations,update,gjOperation,327,"{""changedFields"":"""",""oldStatus"":""READY≈DESP"",""newStatus"":""READY≈DESP"",""operationId"":327,""referenceNumber"":""64623""}",3,Yash patel,2025-04-07T12:30:05.517Z
1180,GJOperations,update,gjOperation,327,"{""changedFields"":"""",""oldStatus"":""READY≈DESP"",""newStatus"":""READY≈DESP"",""operationId"":327,""referenceNumber"":""64623""}",3,Yash patel,2025-04-07T12:30:05.556Z
1181,GJOperations,update,gjOperation,327,"{""changedFields"":"""",""oldStatus"":""READY≈DESP"",""newStatus"":""READY≈DESP"",""operationId"":327,""referenceNumber"":""64623""}",3,Yash patel,2025-04-07T12:30:05.588Z
1182,GJOperations,update,gjOperation,328,"{""changedFields"":"""",""oldStatus"":""LOADING"",""newStatus"":""LOADING"",""operationId"":328,""referenceNumber"":""64624""}",3,Yash patel,2025-04-07T12:31:24.003Z
1183,GJOperations,update,gjOperation,328,"{""changedFields"":""status"",""oldStatus"":""LOADING"",""newStatus"":""READY≈DESP"",""operationId"":328,""referenceNumber"":""64624""}",3,Yash patel,2025-04-07T12:32:38.566Z
1184,GJOperations,update,gjOperation,328,"{""changedFields"":"""",""oldStatus"":""READY≈DESP"",""newStatus"":""READY≈DESP"",""operationId"":328,""referenceNumber"":""64624""}",3,Yash patel,2025-04-07T12:33:13.155Z
1185,GJOperations,update,gjOperation,329,"{""changedFields"":"""",""oldStatus"":""LOADING"",""newStatus"":""LOADING"",""operationId"":329,""referenceNumber"":""64626""}",3,Yash patel,2025-04-07T12:35:05.383Z
1186,GJOperations,update,gjOperation,329,"{""changedFields"":""status"",""oldStatus"":""LOADING"",""newStatus"":""READY≈DESP"",""operationId"":329,""referenceNumber"":""64626""}",3,Yash patel,2025-04-07T12:39:17.048Z
1187,GJOperations,update,gjOperation,329,"{""changedFields"":""status"",""oldStatus"":""LOADING"",""newStatus"":""READY≈DESP"",""operationId"":329,""referenceNumber"":""64626""}",3,Yash patel,2025-04-07T12:39:17.087Z
1188,GJOperations,update,gjOperation,329,"{""changedFields"":"""",""oldStatus"":""READY≈DESP"",""newStatus"":""READY≈DESP"",""operationId"":329,""referenceNumber"":""64626""}",3,Yash patel,2025-04-07T12:39:17.130Z
1189,GJOperations,update,gjOperation,330,"{""changedFields"":"""",""oldStatus"":""LOADING"",""newStatus"":""LOADING"",""operationId"":330,""referenceNumber"":""64627""}",3,Yash patel,2025-04-07T12:41:34.533Z
1190,GJOperations,update,gjOperation,330,"{""changedFields"":""status"",""oldStatus"":""LOADING"",""newStatus"":""READY≈DESP"",""operationId"":330,""referenceNumber"":""64627""}",3,Yash patel,2025-04-07T12:46:10.902Z
1191,GJOperations,update,gjOperation,330,"{""changedFields"":""status"",""oldStatus"":""LOADING"",""newStatus"":""READY≈DESP"",""operationId"":330,""referenceNumber"":""64627""}",3,Yash patel,2025-04-07T12:46:10.921Z
1192,GJOperations,update,gjOperation,330,"{""changedFields"":"""",""oldStatus"":""READY≈DESP"",""newStatus"":""READY≈DESP"",""operationId"":330,""referenceNumber"":""64627""}",3,Yash patel,2025-04-07T12:46:11.109Z
1193,GJOperations,update,gjOperation,322,"{""changedFields"":""status"",""oldStatus"":""LOADING"",""newStatus"":""READY≈DESP"",""operationId"":322,""referenceNumber"":""64678""}",14,YASH S PATEL,2025-04-07T12:59:41.983Z
1194,GJOperations,update,gjOperation,322,"{""changedFields"":"""",""oldStatus"":""READY≈DESP"",""newStatus"":""READY≈DESP"",""operationId"":322,""referenceNumber"":""64678""}",14,YASH S PATEL,2025-04-07T12:59:44.166Z
1195,GJOperations,update,gjOperation,322,"{""changedFields"":"""",""oldStatus"":""READY≈DESP"",""newStatus"":""READY≈DESP"",""operationId"":322,""referenceNumber"":""64678""}",14,YASH S PATEL,2025-04-07T12:59:46.172Z
1196,GJOperations,update,gjOperation,322,"{""changedFields"":"""",""oldStatus"":""READY≈DESP"",""newStatus"":""READY≈DESP"",""operationId"":322,""referenceNumber"":""64678""}",14,YASH S PATEL,2025-04-07T12:59:48.347Z
1197,GJOperations,update,gjOperation,322,"{""changedFields"":"""",""oldStatus"":""READY≈DESP"",""newStatus"":""READY≈DESP"",""operationId"":322,""referenceNumber"":""64678""}",14,YASH S PATEL,2025-04-07T12:59:49.117Z
1201,GJOperations,update,gjOperation,321,"{""changedFields"":""status"",""oldStatus"":""LOADING"",""newStatus"":""READY≈DESP"",""operationId"":321,""referenceNumber"":""64680""}",16,TEJASH M PATEL,2025-04-07T13:01:20.367Z
1212,GJOperations,update,gjOperation,334,"{""changedFields"":""status"",""oldStatus"":""LOADING"",""newStatus"":""READY≈DESP"",""operationId"":334,""referenceNumber"":""64630""}",3,Yash patel,2025-04-07T13:13:23.540Z
1198,GJOperations,update,gjOperation,322,"{""changedFields"":"""",""oldStatus"":""READY≈DESP"",""newStatus"":""READY≈DESP"",""operationId"":322,""referenceNumber"":""64678""}",14,YASH S PATEL,2025-04-07T12:59:49.348Z
1199,GJOperations,update,gjOperation,322,"{""changedFields"":"""",""oldStatus"":""READY≈DESP"",""newStatus"":""READY≈DESP"",""operationId"":322,""referenceNumber"":""64678""}",14,YASH S PATEL,2025-04-07T12:59:49.464Z
1200,GJOperations,update,gjOperation,322,"{""changedFields"":"""",""oldStatus"":""READY≈DESP"",""newStatus"":""READY≈DESP"",""operationId"":322,""referenceNumber"":""64678""}",14,YASH S PATEL,2025-04-07T12:59:49.698Z
1202,GJOperations,update,gjOperation,332,"{""changedFields"":"""",""oldStatus"":""LOADING"",""newStatus"":""LOADING"",""operationId"":332,""referenceNumber"":""64665""}",16,TEJASH M PATEL,2025-04-07T13:02:50.368Z
1206,GJOperations,update,gjOperation,333,"{""changedFields"":"""",""oldStatus"":""READY≈DESP"",""newStatus"":""READY≈DESP"",""operationId"":333,""referenceNumber"":""64629""}",3,Yash patel,2025-04-07T13:07:14.243Z
1208,GJOperations,update,gjOperation,333,"{""changedFields"":"""",""oldStatus"":""READY≈DESP"",""newStatus"":""READY≈DESP"",""operationId"":333,""referenceNumber"":""64629""}",3,Yash patel,2025-04-07T13:07:14.780Z
1211,GJOperations,update,gjOperation,334,"{""changedFields"":""status"",""oldStatus"":""LOADING"",""newStatus"":""READY≈DESP"",""operationId"":334,""referenceNumber"":""64630""}",3,Yash patel,2025-04-07T13:13:23.518Z
1215,GJOperations,update,gjOperation,334,"{""changedFields"":"""",""oldStatus"":""READY≈DESP"",""newStatus"":""READY≈DESP"",""operationId"":334,""referenceNumber"":""64630""}",3,Yash patel,2025-04-07T13:13:44.043Z
1216,GJOperations,update,gjOperation,334,"{""changedFields"":"""",""oldStatus"":""READY≈DESP"",""newStatus"":""READY≈DESP"",""operationId"":334,""referenceNumber"":""64630""}",3,Yash patel,2025-04-07T13:13:45.267Z
1218,GJOperations,update,gjOperation,334,"{""changedFields"":"""",""oldStatus"":""READY≈DESP"",""newStatus"":""READY≈DESP"",""operationId"":334,""referenceNumber"":""64630""}",3,Yash patel,2025-04-07T13:13:46.854Z
1219,GJOperations,update,gjOperation,336,"{""changedFields"":"""",""oldStatus"":""LOADING"",""newStatus"":""LOADING"",""operationId"":336,""referenceNumber"":""64631""}",3,Yash patel,2025-04-07T13:17:09.897Z
1222,GJOperations,update,gjOperation,336,"{""changedFields"":"""",""oldStatus"":""LOADING"",""newStatus"":""LOADING"",""operationId"":336,""referenceNumber"":""64631""}",3,Yash patel,2025-04-07T13:17:10.448Z
1225,GJOperations,update,gjOperation,337,"{""changedFields"":"""",""oldStatus"":""READY≈DESP"",""newStatus"":""READY≈DESP"",""operationId"":337,""referenceNumber"":""64632""}",3,Yash patel,2025-04-07T13:19:58.771Z
1226,GJOperations,update,gjOperation,337,"{""changedFields"":"""",""oldStatus"":""READY≈DESP"",""newStatus"":""READY≈DESP"",""operationId"":337,""referenceNumber"":""64632""}",3,Yash patel,2025-04-07T13:19:58.964Z
1227,GJOperations,update,gjOperation,337,"{""changedFields"":"""",""oldStatus"":""READY≈DESP"",""newStatus"":""READY≈DESP"",""operationId"":337,""referenceNumber"":""64632""}",3,Yash patel,2025-04-07T13:19:59.068Z
1231,GJOperations,update,gjOperation,339,"{""changedFields"":""status"",""oldStatus"":""LOADING"",""newStatus"":""READY≈DESP"",""operationId"":339,""referenceNumber"":""64635""}",3,Yash patel,2025-04-07T13:22:38.335Z
1237,GJOperations,update,gjOperation,319,"{""changedFields"":"""",""oldStatus"":""READY≈DESP"",""newStatus"":""READY≈DESP"",""operationId"":319,""referenceNumber"":""64616""}",3,Yash patel,2025-04-07T13:32:16.491Z
1238,GJOperations,update,gjOperation,319,"{""changedFields"":"""",""oldStatus"":""READY≈DESP"",""newStatus"":""READY≈DESP"",""operationId"":319,""referenceNumber"":""64616""}",3,Yash patel,2025-04-07T13:32:16.807Z
1203,GJOperations,update,gjOperation,331,"{""changedFields"":""status"",""oldStatus"":""LOADING"",""newStatus"":""READY≈DESP"",""operationId"":331,""referenceNumber"":""64628""}",3,Yash patel,2025-04-07T13:04:53.031Z
1204,GJOperations,update,gjOperation,331,"{""changedFields"":""status"",""oldStatus"":""READY≈DESP"",""newStatus"":""LOADING"",""operationId"":331,""referenceNumber"":""64628""}",3,Yash patel,2025-04-07T13:04:53.678Z
1205,GJOperations,update,gjOperation,333,"{""changedFields"":""status"",""oldStatus"":""LOADING"",""newStatus"":""READY≈DESP"",""operationId"":333,""referenceNumber"":""64629""}",3,Yash patel,2025-04-07T13:05:58.435Z
1207,GJOperations,update,gjOperation,333,"{""changedFields"":"""",""oldStatus"":""READY≈DESP"",""newStatus"":""READY≈DESP"",""operationId"":333,""referenceNumber"":""64629""}",3,Yash patel,2025-04-07T13:07:14.594Z
1209,GJOperations,update,gjOperation,333,"{""changedFields"":"""",""oldStatus"":""READY≈DESP"",""newStatus"":""READY≈DESP"",""operationId"":333,""referenceNumber"":""64629""}",3,Yash patel,2025-04-07T13:07:14.893Z
1210,GJOperations,update,gjOperation,334,"{""changedFields"":"""",""oldStatus"":""LOADING"",""newStatus"":""LOADING"",""operationId"":334,""referenceNumber"":""64630""}",3,Yash patel,2025-04-07T13:07:51.015Z
1213,GJOperations,update,gjOperation,334,"{""changedFields"":""status"",""oldStatus"":""LOADING"",""newStatus"":""READY≈DESP"",""operationId"":334,""referenceNumber"":""64630""}",3,Yash patel,2025-04-07T13:13:23.543Z
1214,GJOperations,update,gjOperation,334,"{""changedFields"":""status"",""oldStatus"":""LOADING"",""newStatus"":""READY≈DESP"",""operationId"":334,""referenceNumber"":""64630""}",3,Yash patel,2025-04-07T13:13:23.623Z
1217,GJOperations,update,gjOperation,334,"{""changedFields"":"""",""oldStatus"":""READY≈DESP"",""newStatus"":""READY≈DESP"",""operationId"":334,""referenceNumber"":""64630""}",3,Yash patel,2025-04-07T13:13:45.640Z
1220,GJOperations,update,gjOperation,336,"{""changedFields"":"""",""oldStatus"":""LOADING"",""newStatus"":""LOADING"",""operationId"":336,""referenceNumber"":""64631""}",3,Yash patel,2025-04-07T13:17:10.000Z
1221,GJOperations,update,gjOperation,336,"{""changedFields"":"""",""oldStatus"":""LOADING"",""newStatus"":""LOADING"",""operationId"":336,""referenceNumber"":""64631""}",3,Yash patel,2025-04-07T13:17:10.156Z
1223,GJOperations,update,gjOperation,336,"{""changedFields"":"""",""oldStatus"":""LOADING"",""newStatus"":""LOADING"",""operationId"":336,""referenceNumber"":""64631""}",3,Yash patel,2025-04-07T13:17:10.633Z
1224,GJOperations,update,gjOperation,337,"{""changedFields"":""status"",""oldStatus"":""LOADING"",""newStatus"":""READY≈DESP"",""operationId"":337,""referenceNumber"":""64632""}",3,Yash patel,2025-04-07T13:19:58.592Z
1228,GJOperations,update,gjOperation,337,"{""changedFields"":"""",""oldStatus"":""READY≈DESP"",""newStatus"":""READY≈DESP"",""operationId"":337,""referenceNumber"":""64632""}",3,Yash patel,2025-04-07T13:19:59.171Z
1229,GJOperations,update,gjOperation,338,"{""changedFields"":""status"",""oldStatus"":""LOADING"",""newStatus"":""READY≈DESP"",""operationId"":338,""referenceNumber"":""64634""}",3,Yash patel,2025-04-07T13:21:17.879Z
1230,GJOperations,update,gjOperation,339,"{""changedFields"":""status"",""oldStatus"":""LOADING"",""newStatus"":""READY≈DESP"",""operationId"":339,""referenceNumber"":""64635""}",3,Yash patel,2025-04-07T13:22:38.268Z
1232,GJOperations,update,gjOperation,339,"{""changedFields"":"""",""oldStatus"":""READY≈DESP"",""newStatus"":""READY≈DESP"",""operationId"":339,""referenceNumber"":""64635""}",3,Yash patel,2025-04-07T13:22:43.088Z
1233,GJOperations,update,gjOperation,339,"{""changedFields"":"""",""oldStatus"":""READY≈DESP"",""newStatus"":""READY≈DESP"",""operationId"":339,""referenceNumber"":""64635""}",3,Yash patel,2025-04-07T13:22:51.015Z
1234,GJOperations,update,gjOperation,336,"{""changedFields"":"""",""oldStatus"":""LOADING"",""newStatus"":""LOADING"",""operationId"":336,""referenceNumber"":""64631""}",3,Yash patel,2025-04-07T13:25:53.821Z
1235,GJOperations,update,gjOperation,336,"{""changedFields"":""status"",""oldStatus"":""LOADING"",""newStatus"":""READY≈DESP"",""operationId"":336,""referenceNumber"":""64631""}",3,Yash patel,2025-04-07T13:25:56.873Z
1236,GJOperations,update,gjOperation,331,"{""changedFields"":""status"",""oldStatus"":""LOADING"",""newStatus"":""READY≈DESP"",""operationId"":331,""referenceNumber"":""64628""}",3,Yash patel,2025-04-07T13:26:08.195Z
1239,GJOperations,update,gjOperation,340,"{""changedFields"":""status"",""oldStatus"":""LOADING"",""newStatus"":""READY≈DESP"",""operationId"":340,""referenceNumber"":""64648""}",14,YASH S PATEL,2025-04-07T14:31:40.126Z
1240,GJOperations,update,gjOperation,340,"{""changedFields"":"""",""oldStatus"":""READY≈DESP"",""newStatus"":""READY≈DESP"",""operationId"":340,""referenceNumber"":""64648""}",14,YASH S PATEL,2025-04-07T14:31:48.413Z
1241,GJOperations,update,gjOperation,332,"{""changedFields"":""status"",""oldStatus"":""LOADING"",""newStatus"":""READY≈DESP"",""operationId"":332,""referenceNumber"":""64665""}",16,TEJASH M PATEL,2025-04-07T14:43:23.127Z
1242,GJOperations,update,gjOperation,341,"{""changedFields"":"""",""oldStatus"":""LOADING"",""newStatus"":""LOADING"",""operationId"":341,""referenceNumber"":""64706""}",16,TEJASH M PATEL,2025-04-07T15:13:18.806Z
1243,GJOperations,update,gjOperation,282,"{""changedFields"":"""",""oldStatus"":""READY≈DESP"",""newStatus"":""READY≈DESP"",""operationId"":282,""referenceNumber"":""64658""}",12,AKSHAY PATEL,2025-04-07T16:22:39.585Z
1244,GJOperations,update,gjOperation,340,"{""changedFields"":"""",""oldStatus"":""READY≈DESP"",""newStatus"":""READY≈DESP"",""operationId"":340,""referenceNumber"":""64648""}",14,YASH S PATEL,2025-04-07T16:24:25.830Z
1245,GJOperations,update,gjOperation,340,"{""changedFields"":"""",""oldStatus"":""READY≈DESP"",""newStatus"":""READY≈DESP"",""operationId"":340,""referenceNumber"":""64648""}",14,YASH S PATEL,2025-04-07T16:24:38.230Z
1246,GJOperations,update,gjOperation,340,"{""changedFields"":"""",""oldStatus"":""READY≈DESP"",""newStatus"":""READY≈DESP"",""operationId"":340,""referenceNumber"":""64648""}",14,YASH S PATEL,2025-04-07T16:24:39.178Z
1247,GJOperations,update,gjOperation,340,"{""changedFields"":"""",""oldStatus"":""READY≈DESP"",""newStatus"":""READY≈DESP"",""operationId"":340,""referenceNumber"":""64648""}",14,YASH S PATEL,2025-04-07T16:24:55.649Z
1248,GJOperations,update,gjOperation,340,"{""changedFields"":"""",""oldStatus"":""READY≈DESP"",""newStatus"":""READY≈DESP"",""operationId"":340,""referenceNumber"":""64648""}",14,YASH S PATEL,2025-04-07T16:25:11.777Z
1249,GJOperations,update,gjOperation,340,"{""changedFields"":"""",""oldStatus"":""READY≈DESP"",""newStatus"":""READY≈DESP"",""operationId"":340,""referenceNumber"":""64648""}",14,YASH S PATEL,2025-04-07T16:25:54.076Z
1250,GJOperations,update,gjOperation,340,"{""changedFields"":"""",""oldStatus"":""READY≈DESP"",""newStatus"":""READY≈DESP"",""operationId"":340,""referenceNumber"":""64648""}",14,YASH S PATEL,2025-04-07T16:25:54.484Z
1251,GJOperations,update,gjOperation,340,"{""changedFields"":"""",""oldStatus"":""READY≈DESP"",""newStatus"":""READY≈DESP"",""operationId"":340,""referenceNumber"":""64648""}",14,YASH S PATEL,2025-04-07T16:26:37.136Z
1252,GJOperations,update,gjOperation,340,"{""changedFields"":"""",""oldStatus"":""READY≈DESP"",""newStatus"":""READY≈DESP"",""operationId"":340,""referenceNumber"":""64648""}",14,YASH S PATEL,2025-04-07T16:27:06.938Z
1253,GJOperations,update,gjOperation,343,"{""changedFields"":"""",""oldStatus"":""LOADING"",""newStatus"":""LOADING"",""operationId"":343,""referenceNumber"":""64651""}",13,DEVEN PATEL,2025-04-07T17:00:50.671Z
1254,GJOperations,update,gjOperation,343,"{""changedFields"":"""",""oldStatus"":""LOADING"",""newStatus"":""LOADING"",""operationId"":343,""referenceNumber"":""64651""}",13,DEVEN PATEL,2025-04-07T17:00:51.678Z
1255,GJOperations,update,gjOperation,343,"{""changedFields"":""status"",""oldStatus"":""LOADING"",""newStatus"":""READY≈DESP"",""operationId"":343,""referenceNumber"":""64651""}",13,DEVEN PATEL,2025-04-07T17:09:42.403Z
1256,GJOperations,update,gjOperation,343,"{""changedFields"":"""",""oldStatus"":""READY≈DESP"",""newStatus"":""READY≈DESP"",""operationId"":343,""referenceNumber"":""64651""}",13,DEVEN PATEL,2025-04-07T17:11:09.395Z
1257,GJOperations,update,gjOperation,341,"{""changedFields"":""status"",""oldStatus"":""LOADING"",""newStatus"":""READY≈DESP"",""operationId"":341,""referenceNumber"":""64706""}",16,TEJASH M PATEL,2025-04-07T17:28:11.320Z
1258,GJOperations,update,gjOperation,344,"{""changedFields"":""status"",""oldStatus"":""LOADING"",""newStatus"":""READY≈DESP"",""operationId"":344,""referenceNumber"":""64699""}",14,YASH S PATEL,2025-04-07T18:02:13.765Z
1259,GJOperations,update,gjOperation,344,"{""changedFields"":"""",""oldStatus"":""READY≈DESP"",""newStatus"":""READY≈DESP"",""operationId"":344,""referenceNumber"":""64699""}",14,YASH S PATEL,2025-04-07T18:02:15.474Z
1260,GJOperations,update,gjOperation,344,"{""changedFields"":"""",""oldStatus"":""READY≈DESP"",""newStatus"":""READY≈DESP"",""operationId"":344,""referenceNumber"":""64699""}",14,YASH S PATEL,2025-04-07T18:02:16.612Z
1261,GJOperations,update,gjOperation,342,"{""changedFields"":""status"",""oldStatus"":""LOADING"",""newStatus"":""READY≈DESP"",""operationId"":342,""referenceNumber"":""64730""}",14,YASH S PATEL,2025-04-07T19:14:17.686Z
1262,GJOperations,update,gjOperation,345,"{""changedFields"":"""",""oldStatus"":""LOADING"",""newStatus"":""LOADING"",""operationId"":345,""referenceNumber"":""64716""}",5,BADELAL VARMA,2025-04-08T03:36:17.147Z
1263,GJOperations,update,gjOperation,347,"{""changedFields"":"""",""oldStatus"":""LOADING"",""newStatus"":""LOADING"",""operationId"":347,""referenceNumber"":""64722""}",12,AKSHAY PATEL,2025-04-08T03:53:49.539Z
1264,GJOperations,update,gjOperation,347,"{""changedFields"":"""",""oldStatus"":""LOADING"",""newStatus"":""LOADING"",""operationId"":347,""referenceNumber"":""64722""}",12,AKSHAY PATEL,2025-04-08T03:53:50.643Z
1265,GJOperations,update,gjOperation,348,"{""changedFields"":"""",""oldStatus"":""LOADING"",""newStatus"":""LOADING"",""operationId"":348,""referenceNumber"":""64704""}",12,AKSHAY PATEL,2025-04-08T04:11:00.178Z
1266,GJOperations,update,gjOperation,282,"{""changedFields"":"""",""oldStatus"":""READY≈DESP"",""newStatus"":""READY≈DESP"",""operationId"":282,""referenceNumber"":""64658""}",12,AKSHAY PATEL,2025-04-08T04:11:10.634Z
1267,GJOperations,update,gjOperation,347,"{""changedFields"":"""",""oldStatus"":""LOADING"",""newStatus"":""LOADING"",""operationId"":347,""referenceNumber"":""64722""}",12,AKSHAY PATEL,2025-04-08T04:14:24.006Z
1268,GJOperations,update,gjOperation,349,"{""changedFields"":"""",""oldStatus"":""LOADING"",""newStatus"":""LOADING"",""operationId"":349,""referenceNumber"":""64727""}",5,BADELAL VARMA,2025-04-08T04:14:35.179Z
1269,GJOperations,update,gjOperation,349,"{""changedFields"":"""",""oldStatus"":""LOADING"",""newStatus"":""LOADING"",""operationId"":349,""referenceNumber"":""64727""}",5,BADELAL VARMA,2025-04-08T04:14:35.990Z
1270,GJOperations,update,gjOperation,347,"{""changedFields"":"""",""oldStatus"":""LOADING"",""newStatus"":""LOADING"",""operationId"":347,""referenceNumber"":""64722""}",12,AKSHAY PATEL,2025-04-08T04:15:36.603Z
1271,GJOperations,update,gjOperation,322,"{""changedFields"":"""",""oldStatus"":""READY≈DESP"",""newStatus"":""READY≈DESP"",""operationId"":322,""referenceNumber"":""64678""}",14,YASH S PATEL,2025-04-08T04:16:06.265Z
1272,GJOperations,update,gjOperation,322,"{""changedFields"":"""",""oldStatus"":""READY≈DESP"",""newStatus"":""READY≈DESP"",""operationId"":322,""referenceNumber"":""64678""}",14,YASH S PATEL,2025-04-08T04:16:18.745Z
1273,GJOperations,update,gjOperation,347,"{""changedFields"":"""",""oldStatus"":""LOADING"",""newStatus"":""LOADING"",""operationId"":347,""referenceNumber"":""64722""}",12,AKSHAY PATEL,2025-04-08T04:16:56.239Z
1274,GJOperations,update,gjOperation,322,"{""changedFields"":"""",""oldStatus"":""READY≈DESP"",""newStatus"":""READY≈DESP"",""operationId"":322,""referenceNumber"":""64678""}",14,YASH S PATEL,2025-04-08T04:16:57.214Z
1275,GJOperations,update,gjOperation,322,"{""changedFields"":"""",""oldStatus"":""READY≈DESP"",""newStatus"":""READY≈DESP"",""operationId"":322,""referenceNumber"":""64678""}",14,YASH S PATEL,2025-04-08T04:16:57.305Z
1276,GJOperations,update,gjOperation,322,"{""changedFields"":"""",""oldStatus"":""READY≈DESP"",""newStatus"":""READY≈DESP"",""operationId"":322,""referenceNumber"":""64678""}",14,YASH S PATEL,2025-04-08T04:16:57.386Z
1277,GJOperations,update,gjOperation,322,"{""changedFields"":"""",""oldStatus"":""READY≈DESP"",""newStatus"":""READY≈DESP"",""operationId"":322,""referenceNumber"":""64678""}",14,YASH S PATEL,2025-04-08T04:16:57.441Z
1278,GJOperations,update,gjOperation,322,"{""changedFields"":"""",""oldStatus"":""READY≈DESP"",""newStatus"":""READY≈DESP"",""operationId"":322,""referenceNumber"":""64678""}",14,YASH S PATEL,2025-04-08T04:16:57.455Z
1279,GJOperations,update,gjOperation,322,"{""changedFields"":"""",""oldStatus"":""READY≈DESP"",""newStatus"":""READY≈DESP"",""operationId"":322,""referenceNumber"":""64678""}",14,YASH S PATEL,2025-04-08T04:16:57.537Z
1280,GJOperations,update,gjOperation,322,"{""changedFields"":"""",""oldStatus"":""READY≈DESP"",""newStatus"":""READY≈DESP"",""operationId"":322,""referenceNumber"":""64678""}",14,YASH S PATEL,2025-04-08T04:16:58.110Z
1281,GJOperations,update,gjOperation,322,"{""changedFields"":"""",""oldStatus"":""READY≈DESP"",""newStatus"":""READY≈DESP"",""operationId"":322,""referenceNumber"":""64678""}",14,YASH S PATEL,2025-04-08T04:17:00.360Z
1282,GJOperations,update,gjOperation,322,"{""changedFields"":"""",""oldStatus"":""READY≈DESP"",""newStatus"":""READY≈DESP"",""operationId"":322,""referenceNumber"":""64678""}",14,YASH S PATEL,2025-04-08T04:17:30.791Z
1283,GJOperations,update,gjOperation,349,"{""changedFields"":"""",""oldStatus"":""LOADING"",""newStatus"":""LOADING"",""operationId"":349,""referenceNumber"":""64727""}",5,BADELAL VARMA,2025-04-08T04:17:38.729Z
1284,GJOperations,update,gjOperation,349,"{""changedFields"":"""",""oldStatus"":""LOADING"",""newStatus"":""LOADING"",""operationId"":349,""referenceNumber"":""64727""}",5,BADELAL VARMA,2025-04-08T04:17:50.453Z
1285,GJOperations,update,gjOperation,349,"{""changedFields"":"""",""oldStatus"":""LOADING"",""newStatus"":""LOADING"",""operationId"":349,""referenceNumber"":""64727""}",5,BADELAL VARMA,2025-04-08T04:18:02.201Z
1286,GJOperations,update,gjOperation,346,"{""changedFields"":"""",""oldStatus"":""LOADING"",""newStatus"":""LOADING"",""operationId"":346,""referenceNumber"":""64698""}",14,YASH S PATEL,2025-04-08T04:19:31.826Z
1287,GJOperations,update,gjOperation,346,"{""changedFields"":"""",""oldStatus"":""LOADING"",""newStatus"":""LOADING"",""operationId"":346,""referenceNumber"":""64698""}",14,YASH S PATEL,2025-04-08T04:19:36.796Z
1288,GJOperations,update,gjOperation,346,"{""changedFields"":"""",""oldStatus"":""LOADING"",""newStatus"":""LOADING"",""operationId"":346,""referenceNumber"":""64698""}",14,YASH S PATEL,2025-04-08T04:19:38.158Z
1289,GJOperations,update,gjOperation,346,"{""changedFields"":"""",""oldStatus"":""LOADING"",""newStatus"":""LOADING"",""operationId"":346,""referenceNumber"":""64698""}",14,YASH S PATEL,2025-04-08T04:19:41.504Z
1290,GJOperations,update,gjOperation,346,"{""changedFields"":"""",""oldStatus"":""LOADING"",""newStatus"":""LOADING"",""operationId"":346,""referenceNumber"":""64698""}",14,YASH S PATEL,2025-04-08T04:19:46.447Z
1291,GJOperations,update,gjOperation,350,"{""changedFields"":"""",""oldStatus"":""LOADING"",""newStatus"":""LOADING"",""operationId"":350,""referenceNumber"":""64726""}",12,AKSHAY PATEL,2025-04-08T04:23:30.481Z
1292,GJOperations,update,gjOperation,342,"{""changedFields"":"""",""oldStatus"":""READY≈DESP"",""newStatus"":""READY≈DESP"",""operationId"":342,""referenceNumber"":""64730""}",14,YASH S PATEL,2025-04-08T04:25:01.056Z
1293,GJOperations,update,gjOperation,342,"{""changedFields"":"""",""oldStatus"":""READY≈DESP"",""newStatus"":""READY≈DESP"",""operationId"":342,""referenceNumber"":""64730""}",14,YASH S PATEL,2025-04-08T04:25:18.272Z
1294,GJOperations,update,gjOperation,344,"{""changedFields"":"""",""oldStatus"":""READY≈DESP"",""newStatus"":""READY≈DESP"",""operationId"":344,""referenceNumber"":""64699""}",14,YASH S PATEL,2025-04-08T04:25:52.184Z
1295,GJOperations,update,gjOperation,344,"{""changedFields"":"""",""oldStatus"":""READY≈DESP"",""newStatus"":""READY≈DESP"",""operationId"":344,""referenceNumber"":""64699""}",14,YASH S PATEL,2025-04-08T04:25:57.407Z
1296,GJOperations,update,gjOperation,346,"{""changedFields"":"""",""oldStatus"":""LOADING"",""newStatus"":""LOADING"",""operationId"":346,""referenceNumber"":""64698""}",14,YASH S PATEL,2025-04-08T04:26:24.957Z
1297,GJOperations,update,gjOperation,346,"{""changedFields"":""status"",""oldStatus"":""LOADING"",""newStatus"":""READY≈DESP"",""operationId"":346,""referenceNumber"":""64698""}",14,YASH S PATEL,2025-04-08T04:39:55.084Z
1298,GJOperations,update,gjOperation,346,"{""changedFields"":"""",""oldStatus"":""READY≈DESP"",""newStatus"":""READY≈DESP"",""operationId"":346,""referenceNumber"":""64698""}",14,YASH S PATEL,2025-04-08T04:39:58.522Z
1299,GJOperations,update,gjOperation,349,"{""changedFields"":""status"",""oldStatus"":""LOADING"",""newStatus"":""READY≈DESP"",""operationId"":349,""referenceNumber"":""64727""}",5,BADELAL VARMA,2025-04-08T04:43:42.159Z
1300,GJOperations,update,gjOperation,349,"{""changedFields"":"""",""oldStatus"":""READY≈DESP"",""newStatus"":""READY≈DESP"",""operationId"":349,""referenceNumber"":""64727""}",5,BADELAL VARMA,2025-04-08T04:43:45.498Z
1301,GJOperations,update,gjOperation,352,"{""changedFields"":"""",""oldStatus"":""LOADING"",""newStatus"":""LOADING"",""operationId"":352,""referenceNumber"":""64723""}",5,BADELAL VARMA,2025-04-08T04:50:44.103Z
1302,GJOperations,update,gjOperation,348,"{""changedFields"":""status"",""oldStatus"":""LOADING"",""newStatus"":""READY≈DESP"",""operationId"":348,""referenceNumber"":""64704""}",12,AKSHAY PATEL,2025-04-08T04:58:44.350Z
1303,GJOperations,update,gjOperation,353,"{""changedFields"":"""",""oldStatus"":""LOADING"",""newStatus"":""LOADING"",""operationId"":353,""referenceNumber"":""64712""}",12,AKSHAY PATEL,2025-04-08T05:00:44.986Z
1304,GJOperations,update,gjOperation,351,"{""changedFields"":"""",""oldStatus"":""LOADING"",""newStatus"":""LOADING"",""operationId"":351,""referenceNumber"":""64707""}",14,YASH S PATEL,2025-04-08T05:07:29.650Z
1305,GJOperations,update,gjOperation,351,"{""changedFields"":"""",""oldStatus"":""LOADING"",""newStatus"":""LOADING"",""operationId"":351,""referenceNumber"":""64707""}",14,YASH S PATEL,2025-04-08T05:07:30.952Z
1306,GJOperations,update,gjOperation,355,"{""changedFields"":"""",""oldStatus"":""LOADING"",""newStatus"":""LOADING"",""operationId"":355,""referenceNumber"":""64714""}",4,YAGNIK PATEL,2025-04-08T05:15:13.405Z
1307,GJOperations,update,gjOperation,354,"{""changedFields"":"""",""oldStatus"":""LOADING"",""newStatus"":""LOADING"",""operationId"":354,""referenceNumber"":""64715""}",4,YAGNIK PATEL,2025-04-08T05:15:23.234Z
1308,GJOperations,update,gjOperation,354,"{""changedFields"":"""",""oldStatus"":""LOADING"",""newStatus"":""LOADING"",""operationId"":354,""referenceNumber"":""64715""}",4,YAGNIK PATEL,2025-04-08T05:15:24.499Z
1309,GJOperations,update,gjOperation,345,"{""changedFields"":""status"",""oldStatus"":""LOADING"",""newStatus"":""READY≈DESP"",""operationId"":345,""referenceNumber"":""64716""}",5,BADELAL VARMA,2025-04-08T05:26:50.442Z
1310,GJOperations,update,gjOperation,357,"{""changedFields"":"""",""oldStatus"":""LOADING"",""newStatus"":""LOADING"",""operationId"":357,""referenceNumber"":""64718""}",5,BADELAL VARMA,2025-04-08T05:29:32.222Z
1311,GJOperations,update,gjOperation,357,"{""changedFields"":"""",""oldStatus"":""LOADING"",""newStatus"":""LOADING"",""operationId"":357,""referenceNumber"":""64718""}",5,BADELAL VARMA,2025-04-08T05:32:18.638Z
1312,GJOperations,update,gjOperation,356,"{""changedFields"":"""",""oldStatus"":""LOADING"",""newStatus"":""LOADING"",""operationId"":356,""referenceNumber"":""64729""}",14,YASH S PATEL,2025-04-08T05:33:45.862Z
1313,GJOperations,update,gjOperation,356,"{""changedFields"":""status"",""oldStatus"":""LOADING"",""newStatus"":""READY≈DESP"",""operationId"":356,""referenceNumber"":""64729""}",14,YASH S PATEL,2025-04-08T05:47:53.884Z
1314,GJOperations,update,gjOperation,356,"{""changedFields"":"""",""oldStatus"":""READY≈DESP"",""newStatus"":""READY≈DESP"",""operationId"":356,""referenceNumber"":""64729""}",14,YASH S PATEL,2025-04-08T05:47:53.968Z
1315,GJOperations,update,gjOperation,356,"{""changedFields"":"""",""oldStatus"":""READY≈DESP"",""newStatus"":""READY≈DESP"",""operationId"":356,""referenceNumber"":""64729""}",14,YASH S PATEL,2025-04-08T05:47:54.103Z
1316,GJOperations,update,gjOperation,356,"{""changedFields"":"""",""oldStatus"":""READY≈DESP"",""newStatus"":""READY≈DESP"",""operationId"":356,""referenceNumber"":""64729""}",14,YASH S PATEL,2025-04-08T05:47:54.892Z
1317,GJOperations,update,gjOperation,356,"{""changedFields"":"""",""oldStatus"":""READY≈DESP"",""newStatus"":""READY≈DESP"",""operationId"":356,""referenceNumber"":""64729""}",14,YASH S PATEL,2025-04-08T05:47:55.203Z
1318,GJOperations,update,gjOperation,356,"{""changedFields"":"""",""oldStatus"":""READY≈DESP"",""newStatus"":""READY≈DESP"",""operationId"":356,""referenceNumber"":""64729""}",14,YASH S PATEL,2025-04-08T05:47:55.349Z
1319,GJOperations,update,gjOperation,353,"{""changedFields"":""status"",""oldStatus"":""LOADING"",""newStatus"":""READY≈DESP"",""operationId"":353,""referenceNumber"":""64712""}",12,AKSHAY PATEL,2025-04-08T06:02:24.134Z
1320,GJOperations,update,gjOperation,353,"{""changedFields"":"""",""oldStatus"":""READY≈DESP"",""newStatus"":""READY≈DESP"",""operationId"":353,""referenceNumber"":""64712""}",12,AKSHAY PATEL,2025-04-08T06:02:33.733Z
1321,GJOperations,update,gjOperation,351,"{""changedFields"":""status"",""oldStatus"":""LOADING"",""newStatus"":""READY≈DESP"",""operationId"":351,""referenceNumber"":""64707""}",14,YASH S PATEL,2025-04-08T06:11:47.328Z
1322,GJOperations,update,gjOperation,351,"{""changedFields"":"""",""oldStatus"":""READY≈DESP"",""newStatus"":""READY≈DESP"",""operationId"":351,""referenceNumber"":""64707""}",14,YASH S PATEL,2025-04-08T06:12:18.861Z
1323,GJOperations,update,gjOperation,359,"{""changedFields"":"""",""oldStatus"":""LOADING"",""newStatus"":""LOADING"",""operationId"":359,""referenceNumber"":""64710""}",5,BADELAL VARMA,2025-04-08T06:15:14.612Z
1324,GJOperations,update,gjOperation,360,"{""changedFields"":"""",""oldStatus"":""LOADING"",""newStatus"":""LOADING"",""operationId"":360,""referenceNumber"":""64735""}",4,YAGNIK PATEL,2025-04-08T06:19:51.189Z
1325,GJOperations,update,gjOperation,350,"{""changedFields"":""status"",""oldStatus"":""LOADING"",""newStatus"":""READY≈DESP"",""operationId"":350,""referenceNumber"":""64726""}",12,AKSHAY PATEL,2025-04-08T06:26:30.038Z
1326,GJOperations,update,gjOperation,350,"{""changedFields"":"""",""oldStatus"":""READY≈DESP"",""newStatus"":""READY≈DESP"",""operationId"":350,""referenceNumber"":""64726""}",12,AKSHAY PATEL,2025-04-08T06:26:31.188Z
1327,GJOperations,update,gjOperation,357,"{""changedFields"":""status"",""oldStatus"":""LOADING"",""newStatus"":""READY≈DESP"",""operationId"":357,""referenceNumber"":""64718""}",5,BADELAL VARMA,2025-04-08T06:34:31.153Z
1328,GJOperations,update,gjOperation,357,"{""changedFields"":"""",""oldStatus"":""READY≈DESP"",""newStatus"":""READY≈DESP"",""operationId"":357,""referenceNumber"":""64718""}",5,BADELAL VARMA,2025-04-08T06:34:38.994Z
1329,GJOperations,update,gjOperation,352,"{""changedFields"":""status"",""oldStatus"":""LOADING"",""newStatus"":""READY≈DESP"",""operationId"":352,""referenceNumber"":""64723""}",5,BADELAL VARMA,2025-04-08T06:41:07.856Z
1330,GJOperations,update,gjOperation,352,"{""changedFields"":"""",""oldStatus"":""READY≈DESP"",""newStatus"":""READY≈DESP"",""operationId"":352,""referenceNumber"":""64723""}",5,BADELAL VARMA,2025-04-08T06:41:14.700Z
1331,GJOperations,update,gjOperation,347,"{""changedFields"":""status"",""oldStatus"":""LOADING"",""newStatus"":""READY≈DESP"",""operationId"":347,""referenceNumber"":""64722""}",12,AKSHAY PATEL,2025-04-08T06:42:20.025Z
1332,GJOperations,update,gjOperation,361,"{""changedFields"":"""",""oldStatus"":""LOADING"",""newStatus"":""LOADING"",""operationId"":361,""referenceNumber"":""64694""}",12,AKSHAY PATEL,2025-04-08T06:43:30.100Z
1333,GJOperations,update,gjOperation,362,"{""changedFields"":"""",""oldStatus"":""LOADING"",""newStatus"":""LOADING"",""operationId"":362,""referenceNumber"":""64705""}",5,BADELAL VARMA,2025-04-08T06:44:22.917Z
1334,GJOperations,update,gjOperation,363,"{""changedFields"":"""",""oldStatus"":""LOADING"",""newStatus"":""LOADING"",""operationId"":363,""referenceNumber"":""64717""}",12,AKSHAY PATEL,2025-04-08T06:49:14.186Z
1335,GJOperations,update,gjOperation,358,"{""changedFields"":"""",""oldStatus"":""LOADING"",""newStatus"":""LOADING"",""operationId"":358,""referenceNumber"":""64728""}",14,YASH S PATEL,2025-04-08T06:56:33.909Z
1336,GJOperations,update,gjOperation,364,"{""changedFields"":"""",""oldStatus"":""LOADING"",""newStatus"":""LOADING"",""operationId"":364,""referenceNumber"":""64731""}",4,YAGNIK PATEL,2025-04-08T07:04:50.499Z
1337,GJOperations,update,gjOperation,364,"{""changedFields"":"""",""oldStatus"":""LOADING"",""newStatus"":""LOADING"",""operationId"":364,""referenceNumber"":""64731""}",4,YAGNIK PATEL,2025-04-08T07:04:53.964Z
1338,GJOperations,update,gjOperation,366,"{""changedFields"":""status"",""oldStatus"":""LOADING"",""newStatus"":""READY≈DESP"",""operationId"":366,""referenceNumber"":""64700""}",14,YASH S PATEL,2025-04-08T07:22:13.439Z
1339,GJOperations,update,gjOperation,366,"{""changedFields"":"""",""oldStatus"":""READY≈DESP"",""newStatus"":""READY≈DESP"",""operationId"":366,""referenceNumber"":""64700""}",14,YASH S PATEL,2025-04-08T07:22:21.714Z
1340,GJOperations,update,gjOperation,367,"{""changedFields"":"""",""oldStatus"":""LOADING"",""newStatus"":""LOADING"",""operationId"":367,""referenceNumber"":""64702""}",5,BADELAL VARMA,2025-04-08T08:16:45.776Z
1341,GJOperations,update,gjOperation,362,"{""changedFields"":""status"",""oldStatus"":""LOADING"",""newStatus"":""READY≈DESP"",""operationId"":362,""referenceNumber"":""64705""}",5,BADELAL VARMA,2025-04-08T08:47:04.279Z
1342,GJOperations,update,gjOperation,364,"{""changedFields"":""status"",""oldStatus"":""LOADING"",""newStatus"":""READY≈DESP"",""operationId"":364,""referenceNumber"":""64731""}",4,YAGNIK PATEL,2025-04-08T08:48:48.578Z
1343,GJOperations,update,gjOperation,355,"{""changedFields"":""status"",""oldStatus"":""LOADING"",""newStatus"":""READY≈DESP"",""operationId"":355,""referenceNumber"":""64714""}",4,YAGNIK PATEL,2025-04-08T08:49:34.323Z
1344,GJOperations,update,gjOperation,354,"{""changedFields"":""status"",""oldStatus"":""LOADING"",""newStatus"":""READY≈DESP"",""operationId"":354,""referenceNumber"":""64715""}",4,YAGNIK PATEL,2025-04-08T08:49:53.886Z
1345,GJOperations,update,gjOperation,354,"{""changedFields"":"""",""oldStatus"":""READY≈DESP"",""newStatus"":""READY≈DESP"",""operationId"":354,""referenceNumber"":""64715""}",4,YAGNIK PATEL,2025-04-08T08:49:54.352Z
1346,GJOperations,update,gjOperation,354,"{""changedFields"":"""",""oldStatus"":""READY≈DESP"",""newStatus"":""READY≈DESP"",""operationId"":354,""referenceNumber"":""64715""}",4,YAGNIK PATEL,2025-04-08T08:49:54.535Z
1347,GJOperations,update,gjOperation,368,"{""changedFields"":""status"",""oldStatus"":""LOADING"",""newStatus"":""READY≈DESP"",""operationId"":368,""referenceNumber"":""64724""}",4,YAGNIK PATEL,2025-04-08T08:51:24.093Z
1348,GJOperations,update,gjOperation,368,"{""changedFields"":"""",""oldStatus"":""READY≈DESP"",""newStatus"":""READY≈DESP"",""operationId"":368,""referenceNumber"":""64724""}",4,YAGNIK PATEL,2025-04-08T08:51:28.979Z
1349,GJOperations,update,gjOperation,365,"{""changedFields"":""status"",""oldStatus"":""LOADING"",""newStatus"":""READY≈DESP"",""operationId"":365,""referenceNumber"":""64725""}",14,YASH S PATEL,2025-04-08T08:51:49.884Z
1350,GJOperations,update,gjOperation,365,"{""changedFields"":"""",""oldStatus"":""READY≈DESP"",""newStatus"":""READY≈DESP"",""operationId"":365,""referenceNumber"":""64725""}",14,YASH S PATEL,2025-04-08T08:52:14.951Z
1351,GJOperations,update,gjOperation,365,"{""changedFields"":"""",""oldStatus"":""READY≈DESP"",""newStatus"":""READY≈DESP"",""operationId"":365,""referenceNumber"":""64725""}",14,YASH S PATEL,2025-04-08T08:52:15.542Z
1352,GJOperations,update,gjOperation,365,"{""changedFields"":"""",""oldStatus"":""READY≈DESP"",""newStatus"":""READY≈DESP"",""operationId"":365,""referenceNumber"":""64725""}",14,YASH S PATEL,2025-04-08T08:52:19.480Z
1353,GJOperations,update,gjOperation,369,"{""changedFields"":"""",""oldStatus"":""LOADING"",""newStatus"":""LOADING"",""operationId"":369,""referenceNumber"":""64713""}",4,YAGNIK PATEL,2025-04-08T08:57:18.670Z
1354,GJOperations,update,gjOperation,368,"{""changedFields"":"""",""oldStatus"":""READY≈DESP"",""newStatus"":""READY≈DESP"",""operationId"":368,""referenceNumber"":""64724""}",4,YAGNIK PATEL,2025-04-08T09:01:24.705Z
1355,GJOperations,update,gjOperation,368,"{""changedFields"":"""",""oldStatus"":""READY≈DESP"",""newStatus"":""READY≈DESP"",""operationId"":368,""referenceNumber"":""64724""}",4,YAGNIK PATEL,2025-04-08T09:01:28.256Z
1356,Sales,create,sale,444,"{""orderNumber"":""64587"",""dealer"":""JAIN DISTRIBUTORS - C S NAGAR"",""quantity"":228,""amount"":0,""status"":""PENDING DESP""}",3,Yash patel,2025-04-08T09:13:09.832Z
1357,Sales,create,sale,443,"{""orderNumber"":""64598"",""dealer"":""MAHESH ENTERPRISES - HADAPSAR"",""quantity"":709,""amount"":0,""status"":""PENDING DESP""}",3,Yash patel,2025-04-08T09:13:09.834Z
1358,Sales,create,sale,441,"{""orderNumber"":""64597"",""dealer"":""KESHARIYA AGENCIES - MANJARI"",""quantity"":916,""amount"":0,""status"":""PENDING DESP""}",3,Yash patel,2025-04-08T09:13:09.835Z
1359,Sales,create,sale,442,"{""orderNumber"":""64602"",""dealer"":""TIRUPATI ENTERPRISES - KHARADI"",""quantity"":899,""amount"":0,""status"":""PENDING DESP""}",3,Yash patel,2025-04-08T09:13:09.835Z
1360,Sales,create,sale,445,"{""orderNumber"":""64656"",""dealer"":""AARYA ENTERPRISES - NIGDI"",""quantity"":823,""amount"":0,""status"":""PENDING DESP""}",4,YAGNIK PATEL,2025-04-08T09:13:09.836Z
1361,Sales,create,sale,446,"{""orderNumber"":""64672"",""dealer"":""VIHAN ENTERPRISES - NERAL"",""quantity"":753,""amount"":0,""status"":""PENDING DESP""}",4,YAGNIK PATEL,2025-04-08T09:13:09.839Z
1362,Sales,create,sale,447,"{""orderNumber"":""64677"",""dealer"":""UMANG AGENCY - SHELAR"",""quantity"":857,""amount"":0,""status"":""PENDING DESP""}",5,BADELAL VARMA,2025-04-08T09:13:09.852Z
1363,Sales,create,sale,448,"{""orderNumber"":""64662"",""dealer"":""RUDRA ENTERPRISES - C S NAGAR"",""quantity"":268,""amount"":0,""status"":""PENDING DESP""}",5,BADELAL VARMA,2025-04-08T09:13:09.854Z
1364,Sales,create,sale,449,"{""orderNumber"":""64595"",""dealer"":""AMARNATH AGENCY - LATUR"",""quantity"":979,""amount"":0,""status"":""PENDING DESP""}",5,BADELAL VARMA,2025-04-08T09:13:09.870Z
1365,Sales,create,sale,451,"{""orderNumber"":""64592"",""dealer"":""SHREE VYANKATESH TRADERS - WALUJ"",""quantity"":432,""amount"":0,""status"":""PENDING DESP""}",16,TEJASH M PATEL,2025-04-08T09:13:09.987Z
1366,Sales,create,sale,450,"{""orderNumber"":""64675"",""dealer"":""CHHAYA ENTERPRISES - AMBERNATH"",""quantity"":880,""amount"":0,""status"":""PENDING DESP""}",4,YAGNIK PATEL,2025-04-08T09:13:09.988Z
1367,Sales,create,sale,452,"{""orderNumber"":""64589"",""dealer"":""PUJA BHAKTI DISTRIBUTORS - C S NAGAR"",""quantity"":890,""amount"":0,""status"":""PENDING DESP""}",16,TEJASH M PATEL,2025-04-08T09:13:10.104Z
1368,Sales,create,sale,453,"{""orderNumber"":""64548"",""dealer"":""SHRI RAM MARKETING - JAYSINGPUR"",""quantity"":362,""amount"":0,""status"":""PENDING DESP""}",16,TEJASH M PATEL,2025-04-08T09:13:10.110Z
1374,Sales,create,sale,461,"{""orderNumber"":""64507"",""dealer"":""SHYAM AGENCY - BHIWANDI"",""quantity"":874,""amount"":0,""status"":""PENDING DESP""}",5,BADELAL VARMA,2025-04-08T09:13:10.274Z
1381,Sales,create,sale,466,"{""orderNumber"":""64478"",""dealer"":""MORYA SALES - MORGAON"",""quantity"":317,""amount"":0,""status"":""PENDING DESP""}",5,BADELAL VARMA,2025-04-08T09:13:10.319Z
1391,Sales,create,sale,473,"{""orderNumber"":""64424"",""dealer"":""RAJASHREE SALES - RASTA PETH"",""quantity"":748,""amount"":0,""status"":""PENDING DESP""}",7,DIVYESH PATEL,2025-04-08T09:13:10.592Z
1401,Sales,create,sale,485,"{""orderNumber"":""64354"",""dealer"":""BAJRANG TRADERS - C S NAGAR"",""quantity"":901,""amount"":0,""status"":""PENDING DESP""}",5,BADELAL VARMA,2025-04-08T09:13:10.770Z
1406,Sales,create,sale,491,"{""orderNumber"":""64355"",""dealer"":""JAIN DISTRIBUTORS - C S NAGAR"",""quantity"":824,""amount"":0,""status"":""PENDING DESP""}",4,YAGNIK PATEL,2025-04-08T09:13:12.310Z
1371,Sales,create,sale,456,"{""orderNumber"":""64533"",""dealer"":""BHAGYODYA AGENCIES - ISLAMPUR"",""quantity"":585,""amount"":0,""status"":""PENDING DESP""}",5,BADELAL VARMA,2025-04-08T09:13:10.136Z
1373,Sales,create,sale,458,"{""orderNumber"":""64476"",""dealer"":""OMKAR AGENCIES - SHIRUR"",""quantity"":883,""amount"":0,""status"":""PENDING DESP""}",12,AKSHAY PATEL,2025-04-08T09:13:10.273Z
1375,Sales,create,sale,459,"{""orderNumber"":""64475"",""dealer"":""GAJANAN ENTERPRISES - INDAPUR"",""quantity"":878,""amount"":71761,""status"":""PENDING DESP""}",5,BADELAL VARMA,2025-04-08T09:13:10.276Z
1380,Sales,create,sale,465,"{""orderNumber"":""64510"",""dealer"":""SHREE JALARAM AGENCIES - JAMBHULPADA"",""quantity"":766,""amount"":0,""status"":""PENDING DESP""}",4,YAGNIK PATEL,2025-04-08T09:13:10.318Z
1392,Sales,create,sale,479,"{""orderNumber"":""64443"",""dealer"":""SHRI SWAMI SAMARTH AGENCY - NARSI"",""quantity"":798,""amount"":0,""status"":""PENDING DESP""}",5,BADELAL VARMA,2025-04-08T09:13:10.594Z
1393,Sales,create,sale,475,"{""orderNumber"":""64425"",""dealer"":""VAHANVATI AGENCY - LONAVALA"",""quantity"":973,""amount"":0,""status"":""PENDING DESP""}",4,YAGNIK PATEL,2025-04-08T09:13:10.594Z
1398,Sales,create,sale,483,"{""orderNumber"":""64377"",""dealer"":""EKDANT ENTERPRISES - TITWALA"",""quantity"":899,""amount"":0,""status"":""PENDING DESP""}",4,YAGNIK PATEL,2025-04-08T09:13:10.767Z
1399,Sales,create,sale,484,"{""orderNumber"":""64374"",""dealer"":""CHHAYA ENTERPRISES - AMBERNATH"",""quantity"":732,""amount"":0,""status"":""PENDING DESP""}",9,Dharmesh,2025-04-08T09:13:10.767Z
1376,Sales,create,sale,460,"{""orderNumber"":""64482"",""dealer"":""YASH ENTERPRISES - VAI"",""quantity"":489,""amount"":0,""status"":""PENDING DESP""}",5,BADELAL VARMA,2025-04-08T09:13:10.292Z
1394,Sales,create,sale,478,"{""orderNumber"":""64430"",""dealer"":""SHIVSAI AGENCY - ALIBAUG"",""quantity"":733,""amount"":0,""status"":""PENDING DESP""}",9,Dharmesh,2025-04-08T09:13:10.594Z
1400,Sales,create,sale,482,"{""orderNumber"":""64358"",""dealer"":""SAI AGENCY - KALAS"",""quantity"":691,""amount"":0,""status"":""PENDING DESP""}",5,BADELAL VARMA,2025-04-08T09:13:10.767Z
1377,Sales,create,sale,462,"{""orderNumber"":""64490"",""dealer"":""SHIV ENTERPRISES - KONDHWA"",""quantity"":1069,""amount"":0,""status"":""PENDING DESP""}",12,AKSHAY PATEL,2025-04-08T09:13:10.307Z
1389,Sales,create,sale,477,"{""orderNumber"":""64429"",""dealer"":""JAISWAL ENTERPRISES - PEN"",""quantity"":913,""amount"":0,""status"":""PENDING DESP""}",7,DIVYESH PATEL,2025-04-08T09:13:10.592Z
1397,Sales,create,sale,486,"{""orderNumber"":""64375"",""dealer"":""AMRITKAR ENTERPRISES - DOMBIVLI"",""quantity"":233,""amount"":0,""status"":""PENDING DESP""}",5,BADELAL VARMA,2025-04-08T09:13:10.762Z
1378,Sales,create,sale,463,"{""orderNumber"":""64514"",""dealer"":""RAJ AGENCIES - SHREEGONDA"",""quantity"":425,""amount"":0,""status"":""PENDING DESP""}",9,Dharmesh,2025-04-08T09:13:10.315Z
1388,Sales,create,sale,476,"{""orderNumber"":""64410"",""dealer"":""SHIVAM MARKETING - PATHARI"",""quantity"":940,""amount"":0,""status"":""PENDING DESP""}",3,Yash patel,2025-04-08T09:13:10.591Z
1403,Sales,create,sale,487,"{""orderNumber"":""64382"",""dealer"":""AASWAD ENTERPRISES - SANGAMNER"",""quantity"":724,""amount"":0,""status"":""PENDING DESP""}",5,BADELAL VARMA,2025-04-08T09:13:10.802Z
1404,Sales,create,sale,489,"{""orderNumber"":""64363"",""dealer"":""SHREE BALAJI SERVICES - JALKOT"",""quantity"":892,""amount"":0,""status"":""PENDING DESP""}",2,Vraj,2025-04-08T09:13:12.244Z
1379,Sales,create,sale,464,"{""orderNumber"":""64477"",""dealer"":""GANESH AGENCY - DAUND"",""quantity"":624,""amount"":0,""status"":""PENDING DESP""}",5,BADELAL VARMA,2025-04-08T09:13:10.316Z
1386,Sales,create,sale,474,"{""orderNumber"":""64405"",""dealer"":""BALAJI AGENCIES - ASTHI"",""quantity"":940,""amount"":0,""status"":""PENDING DESP""}",7,DIVYESH PATEL,2025-04-08T09:13:10.591Z
1396,Sales,create,sale,481,"{""orderNumber"":""64359"",""dealer"":""OMKAR DISTRIBUTORS - NARAYANGAON"",""quantity"":879,""amount"":597271,""status"":""PENDING DESP""}",3,Yash patel,2025-04-08T09:13:10.759Z
1382,Sales,create,sale,467,"{""orderNumber"":""64513"",""dealer"":""OMKARESHWAR AGENCY - SHRIGONDA"",""quantity"":505,""amount"":0,""status"":""PENDING DESP""}",6,PRIYANK PATEL,2025-04-08T09:13:10.322Z
1385,Sales,create,sale,470,"{""orderNumber"":""64421"",""dealer"":""MAHAVEER TRADERS - LOHA"",""quantity"":871,""amount"":0,""status"":""PENDING DESP""}",5,BADELAL VARMA,2025-04-08T09:13:10.468Z
1395,Sales,create,sale,480,"{""orderNumber"":""64446"",""dealer"":""JAIN AGENCY - BEED"",""quantity"":433,""amount"":0,""status"":""PENDING DESP""}",4,YAGNIK PATEL,2025-04-08T09:13:10.628Z
1383,Sales,create,sale,468,"{""orderNumber"":""64496"",""dealer"":""SHREYA AGENCIES - AKLUJ"",""quantity"":938,""amount"":0,""status"":""PENDING DESP""}",12,AKSHAY PATEL,2025-04-08T09:13:10.351Z
1387,Sales,create,sale,471,"{""orderNumber"":""64423"",""dealer"":""MAHESH ENTERPRISES - HADAPSAR"",""quantity"":694,""amount"":0,""status"":""PENDING DESP""}",9,Dharmesh,2025-04-08T09:13:10.591Z
1384,Sales,create,sale,469,"{""orderNumber"":""64498"",""dealer"":""JAIN DISTRIBUTORS - C S NAGAR"",""quantity"":909,""amount"":0,""status"":""PENDING DESP""}",9,Dharmesh,2025-04-08T09:13:10.363Z
1390,Sales,create,sale,472,"{""orderNumber"":""64447"",""dealer"":""NAVKAR TRADERS - SHIRUR KASAR"",""quantity"":348,""amount"":0,""status"":""PENDING DESP""}",4,YAGNIK PATEL,2025-04-08T09:13:10.592Z
1402,Sales,create,sale,488,"{""orderNumber"":""64365"",""dealer"":""KIRTAN AGENCY - URAN"",""quantity"":331,""amount"":0,""status"":""PENDING DESP""}",5,BADELAL VARMA,2025-04-08T09:13:10.801Z
1405,Sales,create,sale,490,"{""orderNumber"":""64364"",""dealer"":""VIGHNESH ENTERPRISES - ULWE"",""quantity"":401,""amount"":0,""status"":""PENDING DESP""}",5,BADELAL VARMA,2025-04-08T09:13:12.271Z
1407,GJOperations,update,gjOperation,369,"{""changedFields"":""status"",""oldStatus"":""LOADING"",""newStatus"":""READY≈DESP"",""operationId"":369,""referenceNumber"":""64713""}",4,YAGNIK PATEL,2025-04-08T09:31:07.309Z
1408,GJOperations,update,gjOperation,369,"{""changedFields"":"""",""oldStatus"":""READY≈DESP"",""newStatus"":""READY≈DESP"",""operationId"":369,""referenceNumber"":""64713""}",4,YAGNIK PATEL,2025-04-08T09:31:13.783Z
1409,GJOperations,update,gjOperation,367,"{""changedFields"":""status"",""oldStatus"":""LOADING"",""newStatus"":""READY≈DESP"",""operationId"":367,""referenceNumber"":""64702""}",5,BADELAL VARMA,2025-04-08T09:35:11.266Z
1410,GJOperations,update,gjOperation,370,"{""changedFields"":"""",""oldStatus"":""LOADING"",""newStatus"":""LOADING"",""operationId"":370,""referenceNumber"":""64734""}",5,BADELAL VARMA,2025-04-08T09:39:08.356Z
1411,GJOperations,update,gjOperation,369,"{""changedFields"":"""",""oldStatus"":""READY≈DESP"",""newStatus"":""READY≈DESP"",""operationId"":369,""referenceNumber"":""64713""}",4,YAGNIK PATEL,2025-04-08T09:48:38.478Z
1412,GJOperations,update,gjOperation,370,"{""changedFields"":""status"",""oldStatus"":""LOADING"",""newStatus"":""READY≈DESP"",""operationId"":370,""referenceNumber"":""64734""}",5,BADELAL VARMA,2025-04-08T09:53:37.100Z
1413,GJOperations,update,gjOperation,370,"{""changedFields"":"""",""oldStatus"":""READY≈DESP"",""newStatus"":""READY≈DESP"",""operationId"":370,""referenceNumber"":""64734""}",5,BADELAL VARMA,2025-04-08T09:53:39.167Z
1414,GJOperations,update,gjOperation,371,"{""changedFields"":"""",""oldStatus"":""LOADING"",""newStatus"":""LOADING"",""operationId"":371,""referenceNumber"":""64709""}",5,BADELAL VARMA,2025-04-08T10:19:42.451Z
1415,GJOperations,update,gjOperation,373,"{""changedFields"":""status"",""oldStatus"":""LOADING"",""newStatus"":""READY≈DESP"",""operationId"":373,""referenceNumber"":""64298""}",2,Vraj,2025-04-08T10:20:38.672Z
1416,GJOperations,update,gjOperation,373,"{""changedFields"":"""",""oldStatus"":""READY≈DESP"",""newStatus"":""READY≈DESP"",""operationId"":373,""referenceNumber"":""64298""}",2,Vraj,2025-04-08T10:20:45.104Z
1417,GJOperations,update,gjOperation,374,"{""changedFields"":""status"",""oldStatus"":""LOADING"",""newStatus"":""READY≈DESP"",""operationId"":374,""referenceNumber"":""64299""}",2,Vraj,2025-04-08T10:23:00.414Z
1418,GJOperations,update,gjOperation,377,"{""changedFields"":"""",""oldStatus"":""LOADING"",""newStatus"":""LOADING"",""operationId"":377,""referenceNumber"":""64720""}",3,Yash patel,2025-04-08T10:29:28.493Z
1419,GJOperations,update,gjOperation,377,"{""changedFields"":"""",""oldStatus"":""LOADING"",""newStatus"":""LOADING"",""operationId"":377,""referenceNumber"":""64720""}",3,Yash patel,2025-04-08T10:29:29.485Z
1420,GJOperations,update,gjOperation,377,"{""changedFields"":"""",""oldStatus"":""LOADING"",""newStatus"":""LOADING"",""operationId"":377,""referenceNumber"":""64720""}",3,Yash patel,2025-04-08T10:30:28.628Z
1421,GJOperations,update,gjOperation,371,"{""changedFields"":""status"",""oldStatus"":""LOADING"",""newStatus"":""READY≈DESP"",""operationId"":371,""referenceNumber"":""64709""}",5,BADELAL VARMA,2025-04-08T10:30:52.360Z
1422,GJOperations,update,gjOperation,371,"{""changedFields"":"""",""oldStatus"":""READY≈DESP"",""newStatus"":""READY≈DESP"",""operationId"":371,""referenceNumber"":""64709""}",5,BADELAL VARMA,2025-04-08T10:30:58.643Z
1423,GJOperations,update,gjOperation,359,"{""changedFields"":""status"",""oldStatus"":""LOADING"",""newStatus"":""READY≈DESP"",""operationId"":359,""referenceNumber"":""64710""}",5,BADELAL VARMA,2025-04-08T10:31:39.120Z
1424,GJOperations,update,gjOperation,377,"{""changedFields"":""status"",""oldStatus"":""LOADING"",""newStatus"":""READY≈DESP"",""operationId"":377,""referenceNumber"":""64720""}",3,Yash patel,2025-04-08T10:36:12.991Z
1425,GJOperations,update,gjOperation,377,"{""changedFields"":"""",""oldStatus"":""READY≈DESP"",""newStatus"":""READY≈DESP"",""operationId"":377,""referenceNumber"":""64720""}",3,Yash patel,2025-04-08T10:36:15.662Z
1426,GJOperations,update,gjOperation,377,"{""changedFields"":"""",""oldStatus"":""READY≈DESP"",""newStatus"":""READY≈DESP"",""operationId"":377,""referenceNumber"":""64720""}",3,Yash patel,2025-04-08T10:36:16.630Z
1427,GJOperations,update,gjOperation,377,"{""changedFields"":"""",""oldStatus"":""READY≈DESP"",""newStatus"":""READY≈DESP"",""operationId"":377,""referenceNumber"":""64720""}",3,Yash patel,2025-04-08T10:36:18.136Z
1428,GJOperations,update,gjOperation,380,"{""changedFields"":"""",""oldStatus"":""LOADING"",""newStatus"":""LOADING"",""operationId"":380,""referenceNumber"":""64697""}",3,Yash patel,2025-04-08T10:40:10.941Z
1429,GJOperations,update,gjOperation,380,"{""changedFields"":""status"",""oldStatus"":""LOADING"",""newStatus"":""READY≈DESP"",""operationId"":380,""referenceNumber"":""64697""}",3,Yash patel,2025-04-08T10:40:33.008Z
1430,GJOperations,update,gjOperation,372,"{""changedFields"":"""",""oldStatus"":""LOADING"",""newStatus"":""LOADING"",""operationId"":372,""referenceNumber"":""64708""}",14,YASH S PATEL,2025-04-08T10:48:11.848Z
1431,GJOperations,update,gjOperation,372,"{""changedFields"":"""",""oldStatus"":""LOADING"",""newStatus"":""LOADING"",""operationId"":372,""referenceNumber"":""64708""}",14,YASH S PATEL,2025-04-08T10:49:03.751Z
1432,GJOperations,update,gjOperation,358,"{""changedFields"":""status"",""oldStatus"":""LOADING"",""newStatus"":""READY≈DESP"",""operationId"":358,""referenceNumber"":""64728""}",14,YASH S PATEL,2025-04-08T10:51:46.417Z
1433,GJOperations,update,gjOperation,361,"{""changedFields"":""status"",""oldStatus"":""LOADING"",""newStatus"":""READY≈DESP"",""operationId"":361,""referenceNumber"":""64694""}",12,AKSHAY PATEL,2025-04-08T11:08:00.393Z
1434,GJOperations,update,gjOperation,363,"{""changedFields"":""status"",""oldStatus"":""LOADING"",""newStatus"":""READY≈DESP"",""operationId"":363,""referenceNumber"":""64717""}",12,AKSHAY PATEL,2025-04-08T11:11:36.940Z
1435,GJOperations,update,gjOperation,387,"{""changedFields"":"""",""oldStatus"":""LOADING"",""newStatus"":""LOADING"",""operationId"":387,""referenceNumber"":""64733""}",12,AKSHAY PATEL,2025-04-08T11:14:20.545Z
1436,GJOperations,update,gjOperation,387,"{""changedFields"":"""",""oldStatus"":""LOADING"",""newStatus"":""LOADING"",""operationId"":387,""referenceNumber"":""64733""}",12,AKSHAY PATEL,2025-04-08T11:14:33.508Z
1437,ProformaSlips,delete,proformaSlip,1334,"{""orderNumber"":""64826"",""partyName"":""SHREE SAI AGENCIES - NANDED"",""orderDate"":""2025-04-09"",""totalQuantity"":871,""totalVolume"":""2835.10""}",2,Vraj,2025-04-08T11:31:51.281Z
1438,ProformaSlips,delete,proformaSlip,1333,"{""orderNumber"":""64825"",""partyName"":""SHREE SAI AGENCIES - NANDED"",""orderDate"":""2025-04-09"",""totalQuantity"":841,""totalVolume"":""2870.80""}",2,Vraj,2025-04-08T11:31:51.871Z
1439,ProformaSlips,delete,proformaSlip,1332,"{""orderNumber"":""64824"",""partyName"":""SHREE SAI AGENCIES - NANDED"",""orderDate"":""2025-04-09"",""totalQuantity"":788,""totalVolume"":""2496.80""}",2,Vraj,2025-04-08T11:31:52.473Z
1440,ProformaSlips,delete,proformaSlip,1331,"{""orderNumber"":""64823"",""partyName"":""GANESH TRADING CO - BASMAT"",""orderDate"":""2025-04-09"",""totalQuantity"":782,""totalVolume"":""2499.40""}",2,Vraj,2025-04-08T11:31:53.049Z
1441,ProformaSlips,delete,proformaSlip,1330,"{""orderNumber"":""64822"",""partyName"":""GANESH TRADING CO - BASMAT"",""orderDate"":""2025-04-09"",""totalQuantity"":831,""totalVolume"":""2820.30""}",2,Vraj,2025-04-08T11:31:53.631Z
1442,ProformaSlips,delete,proformaSlip,1329,"{""orderNumber"":""64821"",""partyName"":""M/S.JAIN AGENCIES - AUNDHA"",""orderDate"":""2025-04-09"",""totalQuantity"":870,""totalVolume"":""2793.50""}",2,Vraj,2025-04-08T11:31:54.216Z
1443,ProformaSlips,delete,proformaSlip,1328,"{""orderNumber"":""64820"",""partyName"":""OM AGENCIES - HINGOLI"",""orderDate"":""2025-04-09"",""totalQuantity"":899,""totalVolume"":""2841.80""}",2,Vraj,2025-04-08T11:31:54.802Z
1444,ProformaSlips,delete,proformaSlip,1327,"{""orderNumber"":""64819"",""partyName"":""SIYA AGENCY - SANAWAD"",""orderDate"":""2025-04-09"",""totalQuantity"":778,""totalVolume"":""2374.40""}",2,Vraj,2025-04-08T11:31:55.363Z
1445,ProformaSlips,delete,proformaSlip,1326,"{""orderNumber"":""64818"",""partyName"":""SHRI AMAR AGENCIES - BETUL"",""orderDate"":""2025-04-09"",""totalQuantity"":1022,""totalVolume"":""2855.10""}",2,Vraj,2025-04-08T11:31:55.925Z
1446,ProformaSlips,delete,proformaSlip,1325,"{""orderNumber"":""64817"",""partyName"":""SHREENATH SALES - KHARGONE"",""orderDate"":""2025-04-09"",""totalQuantity"":953,""totalVolume"":""2837.20""}",2,Vraj,2025-04-08T11:31:56.488Z
1447,ProformaSlips,delete,proformaSlip,1324,"{""orderNumber"":""64816"",""partyName"":""RADHEY ENTERPRISES - HARDA"",""orderDate"":""2025-04-09"",""totalQuantity"":963,""totalVolume"":""2841.90""}",2,Vraj,2025-04-08T11:31:57.044Z
1448,ProformaSlips,delete,proformaSlip,1323,"{""orderNumber"":""64815"",""partyName"":""KABRA SALES - KHANDWA"",""orderDate"":""2025-04-09"",""totalQuantity"":883,""totalVolume"":""2837.00""}",2,Vraj,2025-04-08T11:31:57.617Z
1449,ProformaSlips,delete,proformaSlip,1322,"{""orderNumber"":""64814"",""partyName"":""SHREE ENTERPRISES - KHIRKIYA"",""orderDate"":""2025-04-09"",""totalQuantity"":248,""totalVolume"":""711.80""}",2,Vraj,2025-04-08T11:31:58.238Z
1450,ProformaSlips,delete,proformaSlip,1321,"{""orderNumber"":""64813"",""partyName"":""BALAJI SALES - ITARSI"",""orderDate"":""2025-04-09"",""totalQuantity"":610,""totalVolume"":""1661.60""}",2,Vraj,2025-04-08T11:31:58.805Z
1451,ProformaSlips,delete,proformaSlip,1320,"{""orderNumber"":""64812"",""partyName"":""SAKSHAM ENTERPRISES - BICHOLIM"",""orderDate"":""2025-04-09"",""totalQuantity"":801,""totalVolume"":""2513.60""}",2,Vraj,2025-04-08T11:31:59.373Z
1452,ProformaSlips,delete,proformaSlip,1319,"{""orderNumber"":""64811"",""partyName"":""VAIBHAV AGENCY - AHMEDNAGAR"",""orderDate"":""2025-04-09"",""totalQuantity"":883,""totalVolume"":""2822.80""}",2,Vraj,2025-04-08T11:31:59.955Z
1453,ProformaSlips,delete,proformaSlip,1318,"{""orderNumber"":""64810"",""partyName"":""SONA ENTERPRISES - SHEVGAON"",""orderDate"":""2025-04-09"",""totalQuantity"":908,""totalVolume"":""2837.80""}",2,Vraj,2025-04-08T11:32:00.563Z
1454,ProformaSlips,delete,proformaSlip,1317,"{""orderNumber"":""64809"",""partyName"":""SHRI GURUKRUPA AGENCIES - AGADGAON"",""orderDate"":""2025-04-09"",""totalQuantity"":952,""totalVolume"":""3013.60""}",2,Vraj,2025-04-08T11:32:01.118Z
1459,ProformaSlips,delete,proformaSlip,1312,"{""orderNumber"":""64804"",""partyName"":""MAHAVIR TRADERS - PATHARDI"",""orderDate"":""2025-04-09"",""totalQuantity"":981,""totalVolume"":""2953.10""}",2,Vraj,2025-04-08T11:32:03.965Z
1460,ProformaSlips,delete,proformaSlip,1311,"{""orderNumber"":""64803"",""partyName"":""MAHAVIR TRADERS - PATHARDI"",""orderDate"":""2025-04-09"",""totalQuantity"":510,""totalVolume"":""1769.80""}",2,Vraj,2025-04-08T11:32:04.537Z
1461,ProformaSlips,delete,proformaSlip,1310,"{""orderNumber"":""64802"",""partyName"":""NAVKAR TRADERS - SHIRUR KASAR"",""orderDate"":""2025-04-09"",""totalQuantity"":306,""totalVolume"":""952.60""}",2,Vraj,2025-04-08T11:32:05.112Z
1462,ProformaSlips,delete,proformaSlip,1309,"{""orderNumber"":""64801"",""partyName"":""JAY AMBE TRADERS - JAWAHAR"",""orderDate"":""2025-04-09"",""totalQuantity"":891,""totalVolume"":""2837.30""}",2,Vraj,2025-04-08T11:32:05.677Z
1463,ProformaSlips,delete,proformaSlip,1308,"{""orderNumber"":""64800"",""partyName"":""SHYAM AGENCY - BHIWANDI"",""orderDate"":""2025-04-09"",""totalQuantity"":927,""totalVolume"":""3001.70""}",2,Vraj,2025-04-08T11:32:06.236Z
1464,ProformaSlips,delete,proformaSlip,1307,"{""orderNumber"":""64799"",""partyName"":""KIRANAKART - PADGHA"",""orderDate"":""2025-04-09"",""totalQuantity"":728,""totalVolume"":""1596.20""}",2,Vraj,2025-04-08T11:32:06.818Z
1465,ProformaSlips,delete,proformaSlip,1306,"{""orderNumber"":""64798"",""partyName"":""SHREE GOVIND ENTERPRISES - KONGAON"",""orderDate"":""2025-04-09"",""totalQuantity"":344,""totalVolume"":""1213.20""}",2,Vraj,2025-04-08T11:32:07.370Z
1466,ProformaSlips,delete,proformaSlip,1305,"{""orderNumber"":""64797"",""partyName"":""OM ENTERPRISES - TATHAWADI"",""orderDate"":""2025-04-09"",""totalQuantity"":380,""totalVolume"":""1320.90""}",2,Vraj,2025-04-08T11:32:07.950Z
1471,ProformaSlips,delete,proformaSlip,1300,"{""orderNumber"":""64792"",""partyName"":""S K SALES - DIVA"",""orderDate"":""2025-04-09"",""totalQuantity"":857,""totalVolume"":""2809.50""}",2,Vraj,2025-04-08T11:32:10.757Z
1472,ProformaSlips,delete,proformaSlip,1299,"{""orderNumber"":""64791"",""partyName"":""EKDANT ENTERPRISES - TITWALA"",""orderDate"":""2025-04-09"",""totalQuantity"":886,""totalVolume"":""2829.00""}",2,Vraj,2025-04-08T11:32:11.316Z
1473,ProformaSlips,delete,proformaSlip,1298,"{""orderNumber"":""64790"",""partyName"":""GURUPRASAD ENTERPRISES - THANE"",""orderDate"":""2025-04-09"",""totalQuantity"":1053,""totalVolume"":""3002.90""}",2,Vraj,2025-04-08T11:32:11.876Z
1474,ProformaSlips,delete,proformaSlip,1297,"{""orderNumber"":""64789"",""partyName"":""CHHAYA ENTERPRISES - AMBERNATH"",""orderDate"":""2025-04-09"",""totalQuantity"":843,""totalVolume"":""2806.70""}",2,Vraj,2025-04-08T11:32:12.450Z
1475,ProformaSlips,delete,proformaSlip,1296,"{""orderNumber"":""64788"",""partyName"":""CHHAYA ENTERPRISES - AMBERNATH"",""orderDate"":""2025-04-09"",""totalQuantity"":880,""totalVolume"":""2801.50""}",2,Vraj,2025-04-08T11:32:12.999Z
1480,ProformaSlips,delete,proformaSlip,1291,"{""orderNumber"":""64783"",""partyName"":""PRABHU SALES AGENCY - PANVEL"",""orderDate"":""2025-04-09"",""totalQuantity"":894,""totalVolume"":""3042.10""}",2,Vraj,2025-04-08T11:32:15.840Z
1481,ProformaSlips,delete,proformaSlip,1290,"{""orderNumber"":""64782"",""partyName"":""PRAGATI SALES AGENCY - VASHI"",""orderDate"":""2025-04-09"",""totalQuantity"":869,""totalVolume"":""2348.60""}",2,Vraj,2025-04-08T11:32:16.404Z
1484,ProformaSlips,delete,proformaSlip,1287,"{""orderNumber"":""64779"",""partyName"":""SAI KRUPA ENTERPRISE - KALYAN"",""orderDate"":""2025-04-09"",""totalQuantity"":996,""totalVolume"":""2856.30""}",2,Vraj,2025-04-08T11:32:18.071Z
1485,ProformaSlips,delete,proformaSlip,1286,"{""orderNumber"":""64778"",""partyName"":""AASHIRWAD ENTERPRISE - BHIWANDI"",""orderDate"":""2025-04-09"",""totalQuantity"":427,""totalVolume"":""1536.40""}",2,Vraj,2025-04-08T11:32:18.648Z
1486,ProformaSlips,delete,proformaSlip,1285,"{""orderNumber"":""64777"",""partyName"":""KARTHIK  ENTERPRISES - THANE"",""orderDate"":""2025-04-09"",""totalQuantity"":385,""totalVolume"":""1310.60""}",2,Vraj,2025-04-08T11:32:19.206Z
1487,ProformaSlips,delete,proformaSlip,1284,"{""orderNumber"":""64776"",""partyName"":""NAVYA ENTERPRISES - GHANSOLI"",""orderDate"":""2025-04-09"",""totalQuantity"":867,""totalVolume"":""3021.30""}",2,Vraj,2025-04-08T11:32:19.766Z
1488,ProformaSlips,delete,proformaSlip,1283,"{""orderNumber"":""64775"",""partyName"":""KIRTAN AGENCY - URAN"",""orderDate"":""2025-04-09"",""totalQuantity"":752,""totalVolume"":""2322.10""}",2,Vraj,2025-04-08T11:32:20.330Z
1455,ProformaSlips,delete,proformaSlip,1316,"{""orderNumber"":""64808"",""partyName"":""SHREE GAJANAN AGENCIES - SHRIRAMPUR"",""orderDate"":""2025-04-09"",""totalQuantity"":383,""totalVolume"":""1143.50""}",2,Vraj,2025-04-08T11:32:01.679Z
1456,ProformaSlips,delete,proformaSlip,1315,"{""orderNumber"":""64807"",""partyName"":""MAHESH AGENCY - NEWASA"",""orderDate"":""2025-04-09"",""totalQuantity"":636,""totalVolume"":""1868.50""}",2,Vraj,2025-04-08T11:32:02.253Z
1457,ProformaSlips,delete,proformaSlip,1314,"{""orderNumber"":""64806"",""partyName"":""DNYANESHWAR MAULI ENTERPRISES - KEDGAON"",""orderDate"":""2025-04-09"",""totalQuantity"":733,""totalVolume"":""2376.00""}",2,Vraj,2025-04-08T11:32:02.829Z
1458,ProformaSlips,delete,proformaSlip,1313,"{""orderNumber"":""64805"",""partyName"":""AASWAD ENTERPRISES - SANGAMNER"",""orderDate"":""2025-04-09"",""totalQuantity"":877,""totalVolume"":""2813.70""}",2,Vraj,2025-04-08T11:32:03.386Z
1467,ProformaSlips,delete,proformaSlip,1304,"{""orderNumber"":""64796"",""partyName"":""SHARAD AGENCY - KUTHRUD"",""orderDate"":""2025-04-09"",""totalQuantity"":464,""totalVolume"":""1515.60""}",2,Vraj,2025-04-08T11:32:08.516Z
1468,ProformaSlips,delete,proformaSlip,1303,"{""orderNumber"":""64795"",""partyName"":""AMRITKAR ENTERPRISES - DOMBIVLI"",""orderDate"":""2025-04-09"",""totalQuantity"":567,""totalVolume"":""1746.10""}",2,Vraj,2025-04-08T11:32:09.088Z
1469,ProformaSlips,delete,proformaSlip,1302,"{""orderNumber"":""64794"",""partyName"":""VIJAY LAXMI ENTERPRISES - BHIWANDI"",""orderDate"":""2025-04-09"",""totalQuantity"":358,""totalVolume"":""1119.60""}",2,Vraj,2025-04-08T11:32:09.644Z
1470,ProformaSlips,delete,proformaSlip,1301,"{""orderNumber"":""64793"",""partyName"":""S K SALES - DIVA"",""orderDate"":""2025-04-09"",""totalQuantity"":774,""totalVolume"":""2381.60""}",2,Vraj,2025-04-08T11:32:10.199Z
1476,ProformaSlips,delete,proformaSlip,1295,"{""orderNumber"":""64787"",""partyName"":""MAHI ENTERPRISES - MAHAD"",""orderDate"":""2025-04-09"",""totalQuantity"":662,""totalVolume"":""2306.40""}",2,Vraj,2025-04-08T11:32:13.557Z
1477,ProformaSlips,delete,proformaSlip,1294,"{""orderNumber"":""64786"",""partyName"":""PRAMUKH AGENCY - ROHA"",""orderDate"":""2025-04-09"",""totalQuantity"":791,""totalVolume"":""2344.90""}",2,Vraj,2025-04-08T11:32:14.118Z
1478,ProformaSlips,delete,proformaSlip,1293,"{""orderNumber"":""64785"",""partyName"":""HASMUKH TEA DEPOT - DAPOLI"",""orderDate"":""2025-04-09"",""totalQuantity"":751,""totalVolume"":""2393.30""}",2,Vraj,2025-04-08T11:32:14.677Z
1479,ProformaSlips,delete,proformaSlip,1292,"{""orderNumber"":""64784"",""partyName"":""DHANLAXMI TRADERS - KHOPOLI"",""orderDate"":""2025-04-09"",""totalQuantity"":874,""totalVolume"":""2817.20""}",2,Vraj,2025-04-08T11:32:15.254Z
1482,ProformaSlips,delete,proformaSlip,1289,"{""orderNumber"":""64781"",""partyName"":""NAVNEET ENTERPRISES - KALYAN"",""orderDate"":""2025-04-09"",""totalQuantity"":761,""totalVolume"":""2418.80""}",2,Vraj,2025-04-08T11:32:16.968Z
1483,ProformaSlips,delete,proformaSlip,1288,"{""orderNumber"":""64780"",""partyName"":""SUSHILA ENTERPRISES - KALYAN"",""orderDate"":""2025-04-09"",""totalQuantity"":937,""totalVolume"":""3003.00""}",2,Vraj,2025-04-08T11:32:17.515Z
1490,ProformaSlips,delete,proformaSlip,1281,"{""orderNumber"":""64773"",""partyName"":""YACHIKET ENTERPRISES - NAVI MUMBAI"",""orderDate"":""2025-04-09"",""totalQuantity"":306,""totalVolume"":""998.40""}",2,Vraj,2025-04-08T11:32:21.469Z
1493,ProformaSlips,delete,proformaSlip,1278,"{""orderNumber"":""64770"",""partyName"":""SATPUTE & SONS - SATARA"",""orderDate"":""2025-04-09"",""totalQuantity"":707,""totalVolume"":""2365.20""}",2,Vraj,2025-04-08T11:32:23.153Z
1494,ProformaSlips,delete,proformaSlip,1277,"{""orderNumber"":""64769"",""partyName"":""RAJLAXMI ENTERPRISES - SATARA"",""orderDate"":""2025-04-09"",""totalQuantity"":859,""totalVolume"":""2857.10""}",2,Vraj,2025-04-08T11:32:23.709Z
1495,ProformaSlips,delete,proformaSlip,1276,"{""orderNumber"":""64768"",""partyName"":""OMKAR DISTRIBUTORS - NARAYANGAON"",""orderDate"":""2025-04-09"",""totalQuantity"":845,""totalVolume"":""2795.30""}",2,Vraj,2025-04-08T11:32:24.279Z
1497,ProformaSlips,delete,proformaSlip,1274,"{""orderNumber"":""64766"",""partyName"":""SATISH ENTERPRISES - GANGAPUR"",""orderDate"":""2025-04-09"",""totalQuantity"":764,""totalVolume"":""2339.60""}",2,Vraj,2025-04-08T11:32:25.397Z
1500,ProformaSlips,delete,proformaSlip,1271,"{""orderNumber"":""64763"",""partyName"":""JAIN DISTRIBUTORS - C S NAGAR"",""orderDate"":""2025-04-09"",""totalQuantity"":857,""totalVolume"":""2742.40""}",2,Vraj,2025-04-08T11:32:27.108Z
1504,GJOperations,update,gjOperation,389,"{""changedFields"":"""",""oldStatus"":""LOADING"",""newStatus"":""LOADING"",""operationId"":389,""referenceNumber"":""64732""}",11,DIVYANG PATEL,2025-04-08T13:03:43.756Z
1489,ProformaSlips,delete,proformaSlip,1282,"{""orderNumber"":""64774"",""partyName"":""KIRTAN AGENCY - URAN"",""orderDate"":""2025-04-09"",""totalQuantity"":407,""totalVolume"":""1411.10""}",2,Vraj,2025-04-08T11:32:20.896Z
1501,ProformaSlips,delete,proformaSlip,1270,"{""orderNumber"":""64762"",""partyName"":""BAJRANG TRADERS - C S NAGAR"",""orderDate"":""2025-04-09"",""totalQuantity"":812,""totalVolume"":""2501.60""}",2,Vraj,2025-04-08T11:32:27.669Z
1502,ProformaSlips,delete,proformaSlip,1269,"{""orderNumber"":""64761"",""partyName"":""RUDRA ENTERPRISES - C S NAGAR"",""orderDate"":""2025-04-09"",""totalQuantity"":923,""totalVolume"":""2991.20""}",2,Vraj,2025-04-08T11:32:28.240Z
1491,ProformaSlips,delete,proformaSlip,1280,"{""orderNumber"":""64772"",""partyName"":""SHREE BALAJI SERVICES - JALKOT"",""orderDate"":""2025-04-09"",""totalQuantity"":808,""totalVolume"":""2835.00""}",2,Vraj,2025-04-08T11:32:22.034Z
1498,ProformaSlips,delete,proformaSlip,1273,"{""orderNumber"":""64765"",""partyName"":""SHREE VYANKATESH TRADERS - WALUJ"",""orderDate"":""2025-04-09"",""totalQuantity"":915,""totalVolume"":""2831.20""}",2,Vraj,2025-04-08T11:32:25.966Z
1492,ProformaSlips,delete,proformaSlip,1279,"{""orderNumber"":""64771"",""partyName"":""SHREE BALAJI SERVICES - JALKOT"",""orderDate"":""2025-04-09"",""totalQuantity"":829,""totalVolume"":""2824.40""}",2,Vraj,2025-04-08T11:32:22.587Z
1505,GJOperations,update,gjOperation,388,"{""changedFields"":""status"",""oldStatus"":""LOADING"",""newStatus"":""READY≈DESP"",""operationId"":388,""referenceNumber"":""64703""}",16,TEJASH M PATEL,2025-04-08T13:18:19.478Z
1496,ProformaSlips,delete,proformaSlip,1275,"{""orderNumber"":""64767"",""partyName"":""OMKAR DISTRIBUTORS - NARAYANGAON"",""orderDate"":""2025-04-09"",""totalQuantity"":922,""totalVolume"":""2988.20""}",2,Vraj,2025-04-08T11:32:24.845Z
1499,ProformaSlips,delete,proformaSlip,1272,"{""orderNumber"":""64764"",""partyName"":""JAIN DISTRIBUTORS - C S NAGAR"",""orderDate"":""2025-04-09"",""totalQuantity"":885,""totalVolume"":""2765.40""}",2,Vraj,2025-04-08T11:32:26.527Z
1503,GJOperations,update,gjOperation,388,"{""changedFields"":"""",""oldStatus"":""LOADING"",""newStatus"":""LOADING"",""operationId"":388,""referenceNumber"":""64703""}",16,TEJASH M PATEL,2025-04-08T12:12:16.336Z
1506,GJOperations,update,gjOperation,390,"{""changedFields"":"""",""oldStatus"":""LOADING"",""newStatus"":""LOADING"",""operationId"":390,""referenceNumber"":""64711""}",16,TEJASH M PATEL,2025-04-08T14:09:35.370Z
1507,GJOperations,update,gjOperation,389,"{""changedFields"":""status"",""oldStatus"":""LOADING"",""newStatus"":""READY≈DESP"",""operationId"":389,""referenceNumber"":""64732""}",11,DIVYANG PATEL,2025-04-08T14:22:35.317Z
1508,GJOperations,update,gjOperation,391,"{""changedFields"":"""",""oldStatus"":""LOADING"",""newStatus"":""LOADING"",""operationId"":391,""referenceNumber"":""64695""}",11,DIVYANG PATEL,2025-04-08T14:29:42.025Z
1509,GJOperations,update,gjOperation,390,"{""changedFields"":""status"",""oldStatus"":""LOADING"",""newStatus"":""READY≈DESP"",""operationId"":390,""referenceNumber"":""64711""}",16,TEJASH M PATEL,2025-04-08T15:21:20.112Z
1510,GJOperations,update,gjOperation,391,"{""changedFields"":""status"",""oldStatus"":""LOADING"",""newStatus"":""READY≈DESP"",""operationId"":391,""referenceNumber"":""64695""}",11,DIVYANG PATEL,2025-04-08T16:20:51.330Z
1511,GJOperations,update,gjOperation,391,"{""changedFields"":"""",""oldStatus"":""READY≈DESP"",""newStatus"":""READY≈DESP"",""operationId"":391,""referenceNumber"":""64695""}",11,DIVYANG PATEL,2025-04-08T17:00:00.416Z
1512,GJOperations,update,gjOperation,391,"{""changedFields"":"""",""oldStatus"":""READY≈DESP"",""newStatus"":""READY≈DESP"",""operationId"":391,""referenceNumber"":""64695""}",11,DIVYANG PATEL,2025-04-08T17:00:01.072Z
1514,GJOperations,update,gjOperation,372,"{""changedFields"":""status"",""oldStatus"":""LOADING"",""newStatus"":""READY≈DESP"",""operationId"":372,""referenceNumber"":""64708""}",14,YASH S PATEL,2025-04-08T17:15:18.091Z
1513,GJOperations,update,gjOperation,372,"{""changedFields"":""status"",""oldStatus"":""LOADING"",""newStatus"":""READY≈DESP"",""operationId"":372,""referenceNumber"":""64708""}",14,YASH S PATEL,2025-04-08T17:15:18.090Z
1515,GJOperations,update,gjOperation,372,"{""changedFields"":""status"",""oldStatus"":""LOADING"",""newStatus"":""READY≈DESP"",""operationId"":372,""referenceNumber"":""64708""}",14,YASH S PATEL,2025-04-08T17:15:18.110Z
1516,GJOperations,update,gjOperation,372,"{""changedFields"":"""",""oldStatus"":""READY≈DESP"",""newStatus"":""READY≈DESP"",""operationId"":372,""referenceNumber"":""64708""}",14,YASH S PATEL,2025-04-08T17:15:24.559Z
1517,GJOperations,update,gjOperation,372,"{""changedFields"":"""",""oldStatus"":""READY≈DESP"",""newStatus"":""READY≈DESP"",""operationId"":372,""referenceNumber"":""64708""}",14,YASH S PATEL,2025-04-08T17:15:30.694Z
1518,GJOperations,update,gjOperation,372,"{""changedFields"":"""",""oldStatus"":""READY≈DESP"",""newStatus"":""READY≈DESP"",""operationId"":372,""referenceNumber"":""64708""}",14,YASH S PATEL,2025-04-08T17:15:42.113Z
1519,GJOperations,update,gjOperation,387,"{""changedFields"":""status"",""oldStatus"":""LOADING"",""newStatus"":""READY≈DESP"",""operationId"":387,""referenceNumber"":""64733""}",12,AKSHAY PATEL,2025-04-08T17:16:11.431Z
1520,GJOperations,update,gjOperation,387,"{""changedFields"":"""",""oldStatus"":""READY≈DESP"",""newStatus"":""READY≈DESP"",""operationId"":387,""referenceNumber"":""64733""}",12,AKSHAY PATEL,2025-04-08T17:16:12.703Z
1521,GJOperations,update,gjOperation,387,"{""changedFields"":"""",""oldStatus"":""READY≈DESP"",""newStatus"":""READY≈DESP"",""operationId"":387,""referenceNumber"":""64733""}",12,AKSHAY PATEL,2025-04-08T17:16:19.786Z
1522,GJOperations,update,gjOperation,360,"{""changedFields"":""status"",""oldStatus"":""LOADING"",""newStatus"":""READY≈DESP"",""operationId"":360,""referenceNumber"":""64735""}",4,YAGNIK PATEL,2025-04-08T17:17:41.814Z
1523,GJOperations,update,gjOperation,360,"{""changedFields"":""status"",""oldStatus"":""LOADING"",""newStatus"":""READY≈DESP"",""operationId"":360,""referenceNumber"":""64735""}",4,YAGNIK PATEL,2025-04-08T17:17:41.831Z
1524,GJOperations,update,gjOperation,360,"{""changedFields"":""status"",""oldStatus"":""LOADING"",""newStatus"":""READY≈DESP"",""operationId"":360,""referenceNumber"":""64735""}",4,YAGNIK PATEL,2025-04-08T17:17:41.901Z
1525,GJOperations,update,gjOperation,360,"{""changedFields"":""status"",""oldStatus"":""LOADING"",""newStatus"":""READY≈DESP"",""operationId"":360,""referenceNumber"":""64735""}",4,YAGNIK PATEL,2025-04-08T17:17:41.902Z
1526,GJOperations,update,gjOperation,360,"{""changedFields"":""status"",""oldStatus"":""LOADING"",""newStatus"":""READY≈DESP"",""operationId"":360,""referenceNumber"":""64735""}",4,YAGNIK PATEL,2025-04-08T17:17:42.038Z
1527,GJOperations,update,gjOperation,360,"{""changedFields"":""status"",""oldStatus"":""LOADING"",""newStatus"":""READY≈DESP"",""operationId"":360,""referenceNumber"":""64735""}",4,YAGNIK PATEL,2025-04-08T17:17:42.040Z
1528,GJOperations,update,gjOperation,360,"{""changedFields"":""status"",""oldStatus"":""LOADING"",""newStatus"":""READY≈DESP"",""operationId"":360,""referenceNumber"":""64735""}",4,YAGNIK PATEL,2025-04-08T17:17:42.042Z
1529,GJOperations,update,gjOperation,360,"{""changedFields"":"""",""oldStatus"":""READY≈DESP"",""newStatus"":""READY≈DESP"",""operationId"":360,""referenceNumber"":""64735""}",4,YAGNIK PATEL,2025-04-08T17:17:58.363Z
1530,GJOperations,update,gjOperation,360,"{""changedFields"":"""",""oldStatus"":""READY≈DESP"",""newStatus"":""READY≈DESP"",""operationId"":360,""referenceNumber"":""64735""}",4,YAGNIK PATEL,2025-04-08T17:18:00.244Z
1531,GJOperations,update,gjOperation,391,"{""changedFields"":"""",""oldStatus"":""READY≈DESP"",""newStatus"":""READY≈DESP"",""operationId"":391,""referenceNumber"":""64695""}",11,DIVYANG PATEL,2025-04-09T03:19:21.079Z
1532,GJOperations,update,gjOperation,391,"{""changedFields"":"""",""oldStatus"":""READY≈DESP"",""newStatus"":""READY≈DESP"",""operationId"":391,""referenceNumber"":""64695""}",11,DIVYANG PATEL,2025-04-09T03:19:44.915Z
1533,GJOperations,update,gjOperation,391,"{""changedFields"":"""",""oldStatus"":""READY≈DESP"",""newStatus"":""READY≈DESP"",""operationId"":391,""referenceNumber"":""64695""}",11,DIVYANG PATEL,2025-04-09T03:19:48.909Z
1534,GJOperations,update,gjOperation,393,"{""changedFields"":""status"",""oldStatus"":""LOADING"",""newStatus"":""READY≈DESP"",""operationId"":393,""referenceNumber"":""64788""}",4,YAGNIK PATEL,2025-04-09T04:46:18.023Z
1535,GJOperations,update,gjOperation,398,"{""changedFields"":"""",""oldStatus"":""LOADING"",""newStatus"":""LOADING"",""operationId"":398,""referenceNumber"":""64763""}",3,Yash patel,2025-04-09T04:56:48.197Z
1536,GJOperations,update,gjOperation,401,"{""changedFields"":""status"",""oldStatus"":""LOADING"",""newStatus"":""READY≈DESP"",""operationId"":401,""referenceNumber"":""64791""}",3,Yash patel,2025-04-09T05:12:15.369Z
1537,GJOperations,update,gjOperation,403,"{""changedFields"":"""",""oldStatus"":""LOADING"",""newStatus"":""LOADING"",""operationId"":403,""referenceNumber"":""64793""}",14,YASH S PATEL,2025-04-09T05:14:51.334Z
1538,GJOperations,update,gjOperation,392,"{""changedFields"":"""",""oldStatus"":""LOADING"",""newStatus"":""LOADING"",""operationId"":392,""referenceNumber"":""64767""}",3,Yash patel,2025-04-09T05:15:20.387Z
1539,GJOperations,update,gjOperation,392,"{""changedFields"":""status"",""oldStatus"":""LOADING"",""newStatus"":""READY≈DESP"",""operationId"":392,""referenceNumber"":""64767""}",3,Yash patel,2025-04-09T05:16:50.848Z
1540,GJOperations,update,gjOperation,405,"{""changedFields"":"""",""oldStatus"":""LOADING"",""newStatus"":""LOADING"",""operationId"":405,""referenceNumber"":""64765""}",5,BADELAL VARMA,2025-04-09T05:24:10.916Z
1541,GJOperations,update,gjOperation,405,"{""changedFields"":"""",""oldStatus"":""LOADING"",""newStatus"":""LOADING"",""operationId"":405,""referenceNumber"":""64765""}",5,BADELAL VARMA,2025-04-09T05:24:15.350Z
1542,GJOperations,update,gjOperation,398,"{""changedFields"":""status"",""oldStatus"":""LOADING"",""newStatus"":""READY≈DESP"",""operationId"":398,""referenceNumber"":""64763""}",3,Yash patel,2025-04-09T05:25:26.400Z
1543,GJOperations,update,gjOperation,404,"{""changedFields"":"""",""oldStatus"":""LOADING"",""newStatus"":""LOADING"",""operationId"":404,""referenceNumber"":""64762""}",14,YASH S PATEL,2025-04-09T05:30:04.757Z
1544,GJOperations,update,gjOperation,406,"{""changedFields"":""status"",""oldStatus"":""LOADING"",""newStatus"":""READY≈DESP"",""operationId"":406,""referenceNumber"":""64781""}",3,Yash patel,2025-04-09T05:37:53.270Z
1545,GJOperations,update,gjOperation,409,"{""changedFields"":"""",""oldStatus"":""LOADING"",""newStatus"":""LOADING"",""operationId"":409,""referenceNumber"":""64801""}",3,Yash patel,2025-04-09T05:44:31.876Z
1546,GJOperations,update,gjOperation,409,"{""changedFields"":"""",""oldStatus"":""LOADING"",""newStatus"":""LOADING"",""operationId"":409,""referenceNumber"":""64801""}",3,Yash patel,2025-04-09T05:44:33.464Z
1547,GJOperations,update,gjOperation,396,"{""changedFields"":"""",""oldStatus"":""LOADING"",""newStatus"":""LOADING"",""operationId"":396,""referenceNumber"":""64769""}",12,AKSHAY PATEL,2025-04-09T06:14:18.105Z
1548,GJOperations,update,gjOperation,396,"{""changedFields"":""status"",""oldStatus"":""LOADING"",""newStatus"":""READY≈DESP"",""operationId"":396,""referenceNumber"":""64769""}",12,AKSHAY PATEL,2025-04-09T06:14:29.330Z
1549,GJOperations,update,gjOperation,405,"{""changedFields"":""status"",""oldStatus"":""LOADING"",""newStatus"":""READY≈DESP"",""operationId"":405,""referenceNumber"":""64765""}",5,BADELAL VARMA,2025-04-09T06:16:01.479Z
1550,GJOperations,update,gjOperation,412,"{""changedFields"":""status"",""oldStatus"":""LOADING"",""newStatus"":""READY≈DESP"",""operationId"":412,""referenceNumber"":""64808""}",4,YAGNIK PATEL,2025-04-09T06:26:16.181Z
1551,GJOperations,update,gjOperation,408,"{""changedFields"":""status"",""oldStatus"":""LOADING"",""newStatus"":""READY≈DESP"",""operationId"":408,""referenceNumber"":""64807""}",4,YAGNIK PATEL,2025-04-09T06:27:16.497Z
1552,GJOperations,update,gjOperation,413,"{""changedFields"":""status"",""oldStatus"":""LOADING"",""newStatus"":""READY≈DESP"",""operationId"":413,""referenceNumber"":""64778""}",14,YASH S PATEL,2025-04-09T06:55:32.059Z
1553,GJOperations,update,gjOperation,407,"{""changedFields"":""status"",""oldStatus"":""LOADING"",""newStatus"":""READY≈DESP"",""operationId"":407,""referenceNumber"":""64777""}",14,YASH S PATEL,2025-04-09T06:55:59.070Z
1554,GJOperations,update,gjOperation,415,"{""changedFields"":""status"",""oldStatus"":""LOADING"",""newStatus"":""READY≈DESP"",""operationId"":415,""referenceNumber"":""64803""}",5,BADELAL VARMA,2025-04-09T07:09:30.675Z
1555,GJOperations,update,gjOperation,411,"{""changedFields"":""status"",""oldStatus"":""LOADING"",""newStatus"":""READY≈DESP"",""operationId"":411,""referenceNumber"":""64802""}",5,BADELAL VARMA,2025-04-09T07:09:51.951Z
1556,GJOperations,update,gjOperation,416,"{""changedFields"":"""",""oldStatus"":""LOADING"",""newStatus"":""LOADING"",""operationId"":416,""referenceNumber"":""64776""}",5,BADELAL VARMA,2025-04-09T07:12:43.710Z
1557,GJOperations,update,gjOperation,417,"{""changedFields"":"""",""oldStatus"":""LOADING"",""newStatus"":""LOADING"",""operationId"":417,""referenceNumber"":""64789""}",12,AKSHAY PATEL,2025-04-09T07:14:37.330Z
1558,GJOperations,update,gjOperation,409,"{""changedFields"":""status"",""oldStatus"":""LOADING"",""newStatus"":""READY≈DESP"",""operationId"":409,""referenceNumber"":""64801""}",3,Yash patel,2025-04-09T07:23:45.710Z
1559,GJOperations,update,gjOperation,399,"{""changedFields"":""status"",""oldStatus"":""LOADING"",""newStatus"":""READY≈DESP"",""operationId"":399,""referenceNumber"":""64797""}",5,BADELAL VARMA,2025-04-09T08:12:34.600Z
1560,GJOperations,update,gjOperation,395,"{""changedFields"":""status"",""oldStatus"":""LOADING"",""newStatus"":""READY≈DESP"",""operationId"":395,""referenceNumber"":""64796""}",5,BADELAL VARMA,2025-04-09T08:13:05.464Z
1561,GJOperations,update,gjOperation,403,"{""changedFields"":""status"",""oldStatus"":""LOADING"",""newStatus"":""READY≈DESP"",""operationId"":403,""referenceNumber"":""64793""}",14,YASH S PATEL,2025-04-09T08:14:36.180Z
1562,GJOperations,update,gjOperation,418,"{""changedFields"":""status"",""oldStatus"":""LOADING"",""newStatus"":""READY≈DESP"",""operationId"":418,""referenceNumber"":""64784""}",14,YASH S PATEL,2025-04-09T08:18:35.494Z
1563,GJOperations,update,gjOperation,414,"{""changedFields"":""status"",""oldStatus"":""LOADING"",""newStatus"":""READY≈DESP"",""operationId"":414,""referenceNumber"":""64772""}",14,YASH S PATEL,2025-04-09T08:19:38.025Z
1564,GJOperations,update,gjOperation,404,"{""changedFields"":""status"",""oldStatus"":""LOADING"",""newStatus"":""READY≈DESP"",""operationId"":404,""referenceNumber"":""64762""}",14,YASH S PATEL,2025-04-09T08:20:17.607Z
1565,GJOperations,update,gjOperation,416,"{""changedFields"":""status"",""oldStatus"":""LOADING"",""newStatus"":""READY≈DESP"",""operationId"":416,""referenceNumber"":""64776""}",5,BADELAL VARMA,2025-04-09T08:30:28.861Z
1566,GJOperations,update,gjOperation,417,"{""changedFields"":""status"",""oldStatus"":""LOADING"",""newStatus"":""READY≈DESP"",""operationId"":417,""referenceNumber"":""64789""}",12,AKSHAY PATEL,2025-04-09T08:39:25.840Z
1567,GJOperations,update,gjOperation,421,"{""changedFields"":"""",""oldStatus"":""LOADING"",""newStatus"":""LOADING"",""operationId"":421,""referenceNumber"":""64794""}",5,BADELAL VARMA,2025-04-09T08:46:26.783Z
1568,GJOperations,update,gjOperation,421,"{""changedFields"":"""",""oldStatus"":""LOADING"",""newStatus"":""LOADING"",""operationId"":421,""referenceNumber"":""64794""}",5,BADELAL VARMA,2025-04-09T08:46:35.236Z
1569,GJOperations,update,gjOperation,419,"{""changedFields"":""status"",""oldStatus"":""LOADING"",""newStatus"":""READY≈DESP"",""operationId"":419,""referenceNumber"":""64787""}",14,YASH S PATEL,2025-04-09T08:46:57.070Z
1570,GJOperations,update,gjOperation,420,"{""changedFields"":""status"",""oldStatus"":""LOADING"",""newStatus"":""READY≈DESP"",""operationId"":420,""referenceNumber"":""64780""}",4,YAGNIK PATEL,2025-04-09T08:47:20.863Z
1571,GJOperations,update,gjOperation,420,"{""changedFields"":"""",""oldStatus"":""READY≈DESP"",""newStatus"":""READY≈DESP"",""operationId"":420,""referenceNumber"":""64780""}",4,YAGNIK PATEL,2025-04-09T08:47:21.327Z
1572,GJOperations,update,gjOperation,420,"{""changedFields"":"""",""oldStatus"":""READY≈DESP"",""newStatus"":""READY≈DESP"",""operationId"":420,""referenceNumber"":""64780""}",4,YAGNIK PATEL,2025-04-09T08:47:21.746Z
1573,GJOperations,update,gjOperation,420,"{""changedFields"":"""",""oldStatus"":""READY≈DESP"",""newStatus"":""READY≈DESP"",""operationId"":420,""referenceNumber"":""64780""}",4,YAGNIK PATEL,2025-04-09T08:47:21.780Z
1574,GJOperations,update,gjOperation,420,"{""changedFields"":"""",""oldStatus"":""READY≈DESP"",""newStatus"":""READY≈DESP"",""operationId"":420,""referenceNumber"":""64780""}",4,YAGNIK PATEL,2025-04-09T08:47:35.135Z
1575,GJOperations,update,gjOperation,420,"{""changedFields"":"""",""oldStatus"":""READY≈DESP"",""newStatus"":""READY≈DESP"",""operationId"":420,""referenceNumber"":""64780""}",4,YAGNIK PATEL,2025-04-09T08:47:43.596Z
1576,GJOperations,update,gjOperation,397,"{""changedFields"":"""",""oldStatus"":""LOADING"",""newStatus"":""LOADING"",""operationId"":397,""referenceNumber"":""64810""}",12,AKSHAY PATEL,2025-04-09T08:50:35.689Z
1577,GJOperations,update,gjOperation,397,"{""changedFields"":""status"",""oldStatus"":""LOADING"",""newStatus"":""READY≈DESP"",""operationId"":397,""referenceNumber"":""64810""}",12,AKSHAY PATEL,2025-04-09T08:51:00.941Z
1578,GJOperations,update,gjOperation,422,"{""changedFields"":"""",""oldStatus"":""LOADING"",""newStatus"":""LOADING"",""operationId"":422,""referenceNumber"":""64806""}",12,AKSHAY PATEL,2025-04-09T08:55:27.219Z
1579,GJOperations,update,gjOperation,423,"{""changedFields"":"""",""oldStatus"":""LOADING"",""newStatus"":""LOADING"",""operationId"":423,""referenceNumber"":""64792""}",14,YASH S PATEL,2025-04-09T09:12:35.364Z
1580,GJOperations,update,gjOperation,424,"{""changedFields"":""status"",""oldStatus"":""LOADING"",""newStatus"":""READY≈DESP"",""operationId"":424,""referenceNumber"":""64775""}",3,Yash patel,2025-04-09T09:32:56.961Z
1581,GJOperations,update,gjOperation,423,"{""changedFields"":""status"",""oldStatus"":""LOADING"",""newStatus"":""READY≈DESP"",""operationId"":423,""referenceNumber"":""64792""}",14,YASH S PATEL,2025-04-09T09:35:27.724Z
1582,GJOperations,update,gjOperation,422,"{""changedFields"":""status"",""oldStatus"":""LOADING"",""newStatus"":""READY≈DESP"",""operationId"":422,""referenceNumber"":""64806""}",12,AKSHAY PATEL,2025-04-09T09:46:33.930Z
1583,GJOperations,update,gjOperation,426,"{""changedFields"":"""",""oldStatus"":""LOADING"",""newStatus"":""LOADING"",""operationId"":426,""referenceNumber"":""64764""}",11,DIVYANG PATEL,2025-04-09T09:57:10.122Z
1584,GJOperations,update,gjOperation,427,"{""changedFields"":"""",""oldStatus"":""LOADING"",""newStatus"":""LOADING"",""operationId"":427,""referenceNumber"":""64696""}",3,Yash patel,2025-04-09T10:12:37.093Z
1585,GJOperations,update,gjOperation,425,"{""changedFields"":""status"",""oldStatus"":""LOADING"",""newStatus"":""READY≈DESP"",""operationId"":425,""referenceNumber"":""64766""}",5,BADELAL VARMA,2025-04-09T10:30:59.979Z
1586,GJOperations,update,gjOperation,427,"{""changedFields"":""status"",""oldStatus"":""LOADING"",""newStatus"":""READY≈DESP"",""operationId"":427,""referenceNumber"":""64696""}",3,Yash patel,2025-04-09T10:34:20.581Z
1587,GJOperations,update,gjOperation,428,"{""changedFields"":"""",""oldStatus"":""LOADING"",""newStatus"":""LOADING"",""operationId"":428,""referenceNumber"":""64701""}",3,Yash patel,2025-04-09T10:35:39.549Z
1588,GJOperations,update,gjOperation,428,"{""changedFields"":"""",""oldStatus"":""LOADING"",""newStatus"":""LOADING"",""operationId"":428,""referenceNumber"":""64701""}",3,Yash patel,2025-04-09T10:35:41.794Z
1589,GJOperations,update,gjOperation,431,"{""changedFields"":""status"",""oldStatus"":""LOADING"",""newStatus"":""READY≈DESP"",""operationId"":431,""referenceNumber"":""64812""}",3,Yash patel,2025-04-09T10:49:29.883Z
1590,GJOperations,update,gjOperation,432,"{""changedFields"":""status"",""oldStatus"":""LOADING"",""newStatus"":""READY≈DESP"",""operationId"":432,""referenceNumber"":""64770""}",3,Yash patel,2025-04-09T10:51:51.944Z
1591,GJOperations,update,gjOperation,430,"{""changedFields"":"""",""oldStatus"":""LOADING"",""newStatus"":""LOADING"",""operationId"":430,""referenceNumber"":""64768""}",12,AKSHAY PATEL,2025-04-09T10:55:03.174Z
1592,GJOperations,update,gjOperation,430,"{""changedFields"":""status"",""oldStatus"":""LOADING"",""newStatus"":""READY≈DESP"",""operationId"":430,""referenceNumber"":""64768""}",12,AKSHAY PATEL,2025-04-09T10:55:21.488Z
1593,GJOperations,update,gjOperation,428,"{""changedFields"":""status"",""oldStatus"":""LOADING"",""newStatus"":""READY≈DESP"",""operationId"":428,""referenceNumber"":""64701""}",3,Yash patel,2025-04-09T11:00:08.256Z
1594,GJOperations,update,gjOperation,421,"{""changedFields"":""status"",""oldStatus"":""LOADING"",""newStatus"":""READY≈DESP"",""operationId"":421,""referenceNumber"":""64794""}",5,BADELAL VARMA,2025-04-09T11:05:03.566Z
1595,GJOperations,update,gjOperation,433,"{""changedFields"":""status"",""oldStatus"":""LOADING"",""newStatus"":""READY≈DESP"",""operationId"":433,""referenceNumber"":""64719""}",3,Yash patel,2025-04-09T11:07:57.149Z
1596,GJOperations,update,gjOperation,433,"{""changedFields"":"""",""oldStatus"":""READY≈DESP"",""newStatus"":""READY≈DESP"",""operationId"":433,""referenceNumber"":""64719""}",3,Yash patel,2025-04-09T11:10:42.055Z
1597,GJOperations,update,gjOperation,434,"{""changedFields"":""status"",""oldStatus"":""LOADING"",""newStatus"":""READY≈DESP"",""operationId"":434,""referenceNumber"":""64795""}",5,BADELAL VARMA,2025-04-09T11:11:08.351Z
1598,GJOperations,update,gjOperation,434,"{""changedFields"":"""",""oldStatus"":""READY≈DESP"",""newStatus"":""READY≈DESP"",""operationId"":434,""referenceNumber"":""64795""}",5,BADELAL VARMA,2025-04-09T11:11:14.743Z
1599,GJOperations,update,gjOperation,429,"{""changedFields"":""status"",""oldStatus"":""LOADING"",""newStatus"":""READY≈DESP"",""operationId"":429,""referenceNumber"":""64782""}",5,BADELAL VARMA,2025-04-09T11:14:58.943Z
1600,GJOperations,update,gjOperation,426,"{""changedFields"":""status"",""oldStatus"":""LOADING"",""newStatus"":""READY≈DESP"",""operationId"":426,""referenceNumber"":""64764""}",11,DIVYANG PATEL,2025-04-09T11:20:38.307Z
1601,GJOperations,update,gjOperation,426,"{""changedFields"":"""",""oldStatus"":""READY≈DESP"",""newStatus"":""READY≈DESP"",""operationId"":426,""referenceNumber"":""64764""}",11,DIVYANG PATEL,2025-04-09T11:21:01.551Z
1602,GJOperations,update,gjOperation,435,"{""changedFields"":"""",""oldStatus"":""LOADING"",""newStatus"":""LOADING"",""operationId"":435,""referenceNumber"":""64790""}",11,DIVYANG PATEL,2025-04-09T11:24:57.113Z
1603,GJOperations,update,gjOperation,436,"{""changedFields"":"""",""oldStatus"":""LOADING"",""newStatus"":""LOADING"",""operationId"":436,""referenceNumber"":""64800""}",11,DIVYANG PATEL,2025-04-09T11:41:30.647Z
1604,GJOperations,update,gjOperation,437,"{""changedFields"":""status"",""oldStatus"":""LOADING"",""newStatus"":""READY≈DESP"",""operationId"":437,""referenceNumber"":""64811""}",3,Yash patel,2025-04-09T11:55:54.751Z
1605,GJOperations,update,gjOperation,438,"{""changedFields"":""status"",""oldStatus"":""LOADING"",""newStatus"":""READY≈DESP"",""operationId"":438,""referenceNumber"":""64721""}",3,Yash patel,2025-04-09T12:04:34.094Z
1606,GJOperations,update,gjOperation,438,"{""changedFields"":"""",""oldStatus"":""READY≈DESP"",""newStatus"":""READY≈DESP"",""operationId"":438,""referenceNumber"":""64721""}",3,Yash patel,2025-04-09T12:05:59.504Z
1607,GJOperations,update,gjOperation,438,"{""changedFields"":"""",""oldStatus"":""READY≈DESP"",""newStatus"":""READY≈DESP"",""operationId"":438,""referenceNumber"":""64721""}",3,Yash patel,2025-04-09T12:06:01.489Z
1608,GJOperations,update,gjOperation,438,"{""changedFields"":"""",""oldStatus"":""READY≈DESP"",""newStatus"":""READY≈DESP"",""operationId"":438,""referenceNumber"":""64721""}",3,Yash patel,2025-04-09T12:06:01.495Z
1609,GJOperations,update,gjOperation,438,"{""changedFields"":"""",""oldStatus"":""READY≈DESP"",""newStatus"":""READY≈DESP"",""operationId"":438,""referenceNumber"":""64721""}",3,Yash patel,2025-04-09T12:06:01.846Z
1610,GJOperations,update,gjOperation,438,"{""changedFields"":"""",""oldStatus"":""READY≈DESP"",""newStatus"":""READY≈DESP"",""operationId"":438,""referenceNumber"":""64721""}",3,Yash patel,2025-04-09T12:06:01.977Z
1611,GJOperations,update,gjOperation,438,"{""changedFields"":"""",""oldStatus"":""READY≈DESP"",""newStatus"":""READY≈DESP"",""operationId"":438,""referenceNumber"":""64721""}",3,Yash patel,2025-04-09T12:06:02.078Z
1612,GJOperations,update,gjOperation,439,"{""changedFields"":""status"",""oldStatus"":""LOADING"",""newStatus"":""READY≈DESP"",""operationId"":439,""referenceNumber"":""64736""}",3,Yash patel,2025-04-09T12:12:42.942Z
1613,GJOperations,update,gjOperation,439,"{""changedFields"":"""",""oldStatus"":""READY≈DESP"",""newStatus"":""READY≈DESP"",""operationId"":439,""referenceNumber"":""64736""}",3,Yash patel,2025-04-09T12:13:34.532Z
1614,GJOperations,update,gjOperation,439,"{""changedFields"":"""",""oldStatus"":""READY≈DESP"",""newStatus"":""READY≈DESP"",""operationId"":439,""referenceNumber"":""64736""}",3,Yash patel,2025-04-09T12:13:39.030Z
1615,GJOperations,update,gjOperation,439,"{""changedFields"":"""",""oldStatus"":""READY≈DESP"",""newStatus"":""READY≈DESP"",""operationId"":439,""referenceNumber"":""64736""}",3,Yash patel,2025-04-09T12:13:39.264Z
1616,GJOperations,update,gjOperation,439,"{""changedFields"":"""",""oldStatus"":""READY≈DESP"",""newStatus"":""READY≈DESP"",""operationId"":439,""referenceNumber"":""64736""}",3,Yash patel,2025-04-09T12:13:39.313Z
1620,GJOperations,update,gjOperation,387,"{""changedFields"":"""",""oldStatus"":""READY≈DESP"",""newStatus"":""READY≈DESP"",""operationId"":387,""referenceNumber"":""64733""}",12,AKSHAY PATEL,2025-04-09T12:27:58.508Z
1626,GJOperations,update,gjOperation,442,"{""changedFields"":"""",""oldStatus"":""LOADING"",""newStatus"":""LOADING"",""operationId"":442,""referenceNumber"":""64799""}",11,DIVYANG PATEL,2025-04-09T12:36:28.165Z
1627,GJOperations,update,gjOperation,443,"{""changedFields"":"""",""oldStatus"":""LOADING"",""newStatus"":""LOADING"",""operationId"":443,""referenceNumber"":""64798""}",11,DIVYANG PATEL,2025-04-09T12:36:53.455Z
1617,GJOperations,update,gjOperation,439,"{""changedFields"":"""",""oldStatus"":""READY≈DESP"",""newStatus"":""READY≈DESP"",""operationId"":439,""referenceNumber"":""64736""}",3,Yash patel,2025-04-09T12:13:39.831Z
1629,GJOperations,update,gjOperation,436,"{""changedFields"":""status"",""oldStatus"":""LOADING"",""newStatus"":""READY≈DESP"",""operationId"":436,""referenceNumber"":""64800""}",11,DIVYANG PATEL,2025-04-09T13:20:43.509Z
1618,GJOperations,update,gjOperation,441,"{""changedFields"":""status"",""oldStatus"":""LOADING"",""newStatus"":""READY≈DESP"",""operationId"":441,""referenceNumber"":""64737""}",3,Yash patel,2025-04-09T12:17:34.734Z
1621,GJOperations,update,gjOperation,387,"{""changedFields"":"""",""oldStatus"":""READY≈DESP"",""newStatus"":""READY≈DESP"",""operationId"":387,""referenceNumber"":""64733""}",12,AKSHAY PATEL,2025-04-09T12:28:02.363Z
1623,GJOperations,update,gjOperation,387,"{""changedFields"":"""",""oldStatus"":""READY≈DESP"",""newStatus"":""READY≈DESP"",""operationId"":387,""referenceNumber"":""64733""}",12,AKSHAY PATEL,2025-04-09T12:28:03.223Z
1624,GJOperations,update,gjOperation,387,"{""changedFields"":"""",""oldStatus"":""READY≈DESP"",""newStatus"":""READY≈DESP"",""operationId"":387,""referenceNumber"":""64733""}",12,AKSHAY PATEL,2025-04-09T12:28:03.677Z
1619,GJOperations,update,gjOperation,441,"{""changedFields"":"""",""oldStatus"":""READY≈DESP"",""newStatus"":""READY≈DESP"",""operationId"":441,""referenceNumber"":""64737""}",3,Yash patel,2025-04-09T12:24:49.075Z
1625,GJOperations,update,gjOperation,387,"{""changedFields"":"""",""oldStatus"":""READY≈DESP"",""newStatus"":""READY≈DESP"",""operationId"":387,""referenceNumber"":""64733""}",12,AKSHAY PATEL,2025-04-09T12:28:04.024Z
1628,GJOperations,update,gjOperation,442,"{""changedFields"":""status"",""oldStatus"":""LOADING"",""newStatus"":""READY≈DESP"",""operationId"":442,""referenceNumber"":""64799""}",11,DIVYANG PATEL,2025-04-09T13:12:27.323Z
1622,GJOperations,update,gjOperation,387,"{""changedFields"":"""",""oldStatus"":""READY≈DESP"",""newStatus"":""READY≈DESP"",""operationId"":387,""referenceNumber"":""64733""}",12,AKSHAY PATEL,2025-04-09T12:28:02.650Z
1630,GJOperations,update,gjOperation,443,"{""changedFields"":""status"",""oldStatus"":""LOADING"",""newStatus"":""READY≈DESP"",""operationId"":443,""referenceNumber"":""64798""}",11,DIVYANG PATEL,2025-04-09T13:41:14.403Z
1631,GJOperations,update,gjOperation,435,"{""changedFields"":""status"",""oldStatus"":""LOADING"",""newStatus"":""READY≈DESP"",""operationId"":435,""referenceNumber"":""64790""}",11,DIVYANG PATEL,2025-04-09T14:00:59.237Z
1632,GJOperations,update,gjOperation,440,"{""changedFields"":"""",""oldStatus"":""LOADING"",""newStatus"":""LOADING"",""operationId"":440,""referenceNumber"":""64786""}",13,DEVEN PATEL,2025-04-09T14:01:06.978Z
1633,GJOperations,update,gjOperation,440,"{""changedFields"":""status"",""oldStatus"":""LOADING"",""newStatus"":""READY≈DESP"",""operationId"":440,""referenceNumber"":""64786""}",13,DEVEN PATEL,2025-04-09T14:01:10.605Z
1634,GJOperations,update,gjOperation,440,"{""changedFields"":"""",""oldStatus"":""READY≈DESP"",""newStatus"":""READY≈DESP"",""operationId"":440,""referenceNumber"":""64786""}",13,DEVEN PATEL,2025-04-09T14:01:19.646Z
1635,GJOperations,update,gjOperation,444,"{""changedFields"":"""",""oldStatus"":""LOADING"",""newStatus"":""LOADING"",""operationId"":444,""referenceNumber"":""64774""}",11,DIVYANG PATEL,2025-04-09T14:02:23.469Z
1636,GJOperations,update,gjOperation,444,"{""changedFields"":""status"",""oldStatus"":""LOADING"",""newStatus"":""READY≈DESP"",""operationId"":444,""referenceNumber"":""64774""}",11,DIVYANG PATEL,2025-04-09T14:18:26.622Z
1637,GJOperations,update,gjOperation,445,"{""changedFields"":""status"",""oldStatus"":""LOADING"",""newStatus"":""READY≈DESP"",""operationId"":445,""referenceNumber"":""64773""}",11,DIVYANG PATEL,2025-04-09T14:44:52.638Z
1638,GJOperations,update,gjOperation,446,"{""changedFields"":"""",""oldStatus"":""LOADING"",""newStatus"":""LOADING"",""operationId"":446,""referenceNumber"":""64761""}",11,DIVYANG PATEL,2025-04-09T17:26:18.654Z
1639,GJOperations,update,gjOperation,446,"{""changedFields"":""status"",""oldStatus"":""LOADING"",""newStatus"":""READY≈DESP"",""operationId"":446,""referenceNumber"":""64761""}",11,DIVYANG PATEL,2025-04-09T17:33:03.306Z
1640,GJOperations,update,gjOperation,447,"{""changedFields"":""status"",""oldStatus"":""LOADING"",""newStatus"":""READY≈DESP"",""operationId"":447,""referenceNumber"":""64839""}",6,PRIYANK PATEL,2025-04-09T23:06:04.571Z
1641,GJOperations,update,gjOperation,447,"{""changedFields"":"""",""oldStatus"":""READY≈DESP"",""newStatus"":""READY≈DESP"",""operationId"":447,""referenceNumber"":""64839""}",6,PRIYANK PATEL,2025-04-09T23:06:09.310Z
1642,GJOperations,update,gjOperation,447,"{""changedFields"":"""",""oldStatus"":""READY≈DESP"",""newStatus"":""READY≈DESP"",""operationId"":447,""referenceNumber"":""64839""}",6,PRIYANK PATEL,2025-04-09T23:06:09.397Z
1643,GJOperations,update,gjOperation,447,"{""changedFields"":"""",""oldStatus"":""READY≈DESP"",""newStatus"":""READY≈DESP"",""operationId"":447,""referenceNumber"":""64839""}",6,PRIYANK PATEL,2025-04-09T23:06:09.403Z
1644,GJOperations,update,gjOperation,447,"{""changedFields"":"""",""oldStatus"":""READY≈DESP"",""newStatus"":""READY≈DESP"",""operationId"":447,""referenceNumber"":""64839""}",6,PRIYANK PATEL,2025-04-09T23:06:09.506Z
1645,GJOperations,update,gjOperation,447,"{""changedFields"":"""",""oldStatus"":""READY≈DESP"",""newStatus"":""READY≈DESP"",""operationId"":447,""referenceNumber"":""64839""}",6,PRIYANK PATEL,2025-04-09T23:22:06.825Z
1646,GJOperations,update,gjOperation,450,"{""changedFields"":"""",""oldStatus"":""LOADING"",""newStatus"":""LOADING"",""operationId"":450,""referenceNumber"":""64870""}",6,PRIYANK PATEL,2025-04-09T23:47:25.125Z
1647,GJOperations,update,gjOperation,450,"{""changedFields"":"""",""oldStatus"":""LOADING"",""newStatus"":""LOADING"",""operationId"":450,""referenceNumber"":""64870""}",6,PRIYANK PATEL,2025-04-09T23:47:25.562Z
1648,GJOperations,update,gjOperation,448,"{""changedFields"":""status"",""oldStatus"":""LOADING"",""newStatus"":""READY≈DESP"",""operationId"":448,""referenceNumber"":""64844""}",6,PRIYANK PATEL,2025-04-09T23:58:15.384Z
1649,GJOperations,update,gjOperation,448,"{""changedFields"":"""",""oldStatus"":""READY≈DESP"",""newStatus"":""READY≈DESP"",""operationId"":448,""referenceNumber"":""64844""}",6,PRIYANK PATEL,2025-04-09T23:58:15.773Z
1650,GJOperations,update,gjOperation,448,"{""changedFields"":"""",""oldStatus"":""READY≈DESP"",""newStatus"":""READY≈DESP"",""operationId"":448,""referenceNumber"":""64844""}",6,PRIYANK PATEL,2025-04-09T23:58:16.146Z
1651,GJOperations,update,gjOperation,452,"{""changedFields"":"""",""oldStatus"":""LOADING"",""newStatus"":""LOADING"",""operationId"":452,""referenceNumber"":""64855""}",6,PRIYANK PATEL,2025-04-10T04:05:38.484Z
1652,GJOperations,update,gjOperation,414,"{""changedFields"":"""",""oldStatus"":""READY≈DESP"",""newStatus"":""READY≈DESP"",""operationId"":414,""referenceNumber"":""64772""}",14,YASH S PATEL,2025-04-10T04:18:26.062Z
1653,GJOperations,update,gjOperation,414,"{""changedFields"":"""",""oldStatus"":""READY≈DESP"",""newStatus"":""READY≈DESP"",""operationId"":414,""referenceNumber"":""64772""}",14,YASH S PATEL,2025-04-10T04:18:36.679Z
1654,GJOperations,update,gjOperation,407,"{""changedFields"":"""",""oldStatus"":""READY≈DESP"",""newStatus"":""READY≈DESP"",""operationId"":407,""referenceNumber"":""64777""}",14,YASH S PATEL,2025-04-10T04:18:46.683Z
1655,GJOperations,update,gjOperation,413,"{""changedFields"":"""",""oldStatus"":""READY≈DESP"",""newStatus"":""READY≈DESP"",""operationId"":413,""referenceNumber"":""64778""}",14,YASH S PATEL,2025-04-10T04:18:58.114Z
1656,GJOperations,update,gjOperation,407,"{""changedFields"":"""",""oldStatus"":""READY≈DESP"",""newStatus"":""READY≈DESP"",""operationId"":407,""referenceNumber"":""64777""}",14,YASH S PATEL,2025-04-10T04:19:18.774Z
1657,GJOperations,update,gjOperation,407,"{""changedFields"":"""",""oldStatus"":""READY≈DESP"",""newStatus"":""READY≈DESP"",""operationId"":407,""referenceNumber"":""64777""}",14,YASH S PATEL,2025-04-10T04:19:21.825Z
1658,GJOperations,update,gjOperation,407,"{""changedFields"":"""",""oldStatus"":""READY≈DESP"",""newStatus"":""READY≈DESP"",""operationId"":407,""referenceNumber"":""64777""}",14,YASH S PATEL,2025-04-10T04:19:22.246Z
1659,GJOperations,update,gjOperation,407,"{""changedFields"":"""",""oldStatus"":""READY≈DESP"",""newStatus"":""READY≈DESP"",""operationId"":407,""referenceNumber"":""64777""}",14,YASH S PATEL,2025-04-10T04:19:22.247Z
1660,GJOperations,update,gjOperation,413,"{""changedFields"":"""",""oldStatus"":""READY≈DESP"",""newStatus"":""READY≈DESP"",""operationId"":413,""referenceNumber"":""64778""}",14,YASH S PATEL,2025-04-10T04:19:30.470Z
1661,GJOperations,update,gjOperation,413,"{""changedFields"":"""",""oldStatus"":""READY≈DESP"",""newStatus"":""READY≈DESP"",""operationId"":413,""referenceNumber"":""64778""}",14,YASH S PATEL,2025-04-10T04:19:38.736Z
1662,GJOperations,update,gjOperation,413,"{""changedFields"":"""",""oldStatus"":""READY≈DESP"",""newStatus"":""READY≈DESP"",""operationId"":413,""referenceNumber"":""64778""}",14,YASH S PATEL,2025-04-10T04:19:40.987Z
1663,GJOperations,update,gjOperation,450,"{""changedFields"":"""",""oldStatus"":""LOADING"",""newStatus"":""LOADING"",""operationId"":450,""referenceNumber"":""64870""}",6,PRIYANK PATEL,2025-04-10T04:28:07.921Z
1664,GJOperations,update,gjOperation,450,"{""changedFields"":""status"",""oldStatus"":""LOADING"",""newStatus"":""READY≈DESP"",""operationId"":450,""referenceNumber"":""64870""}",6,PRIYANK PATEL,2025-04-10T04:28:11.282Z
1665,GJOperations,update,gjOperation,449,"{""changedFields"":""status"",""oldStatus"":""LOADING"",""newStatus"":""READY≈DESP"",""operationId"":449,""referenceNumber"":""64871""}",6,PRIYANK PATEL,2025-04-10T04:28:39.659Z
1666,GJOperations,update,gjOperation,451,"{""changedFields"":"""",""oldStatus"":""LOADING"",""newStatus"":""LOADING"",""operationId"":451,""referenceNumber"":""64827""}",6,PRIYANK PATEL,2025-04-10T04:29:12.157Z
1667,GJOperations,update,gjOperation,453,"{""changedFields"":"""",""oldStatus"":""LOADING"",""newStatus"":""LOADING"",""operationId"":453,""referenceNumber"":""64868""}",16,TEJASH M PATEL,2025-04-10T04:35:38.645Z
1668,GJOperations,update,gjOperation,413,"{""changedFields"":"""",""oldStatus"":""READY≈DESP"",""newStatus"":""READY≈DESP"",""operationId"":413,""referenceNumber"":""64778""}",14,YASH S PATEL,2025-04-10T04:39:23.760Z
1669,GJOperations,update,gjOperation,413,"{""changedFields"":"""",""oldStatus"":""READY≈DESP"",""newStatus"":""READY≈DESP"",""operationId"":413,""referenceNumber"":""64778""}",14,YASH S PATEL,2025-04-10T04:39:39.666Z
1670,GJOperations,update,gjOperation,413,"{""changedFields"":"""",""oldStatus"":""READY≈DESP"",""newStatus"":""READY≈DESP"",""operationId"":413,""referenceNumber"":""64778""}",14,YASH S PATEL,2025-04-10T04:39:40.068Z
1671,GJOperations,update,gjOperation,413,"{""changedFields"":"""",""oldStatus"":""READY≈DESP"",""newStatus"":""READY≈DESP"",""operationId"":413,""referenceNumber"":""64778""}",14,YASH S PATEL,2025-04-10T04:39:40.075Z
1672,GJOperations,update,gjOperation,418,"{""changedFields"":"""",""oldStatus"":""READY≈DESP"",""newStatus"":""READY≈DESP"",""operationId"":418,""referenceNumber"":""64784""}",14,YASH S PATEL,2025-04-10T04:41:26.895Z
1673,GJOperations,update,gjOperation,418,"{""changedFields"":"""",""oldStatus"":""READY≈DESP"",""newStatus"":""READY≈DESP"",""operationId"":418,""referenceNumber"":""64784""}",14,YASH S PATEL,2025-04-10T04:41:30.841Z
1674,GJOperations,update,gjOperation,418,"{""changedFields"":"""",""oldStatus"":""READY≈DESP"",""newStatus"":""READY≈DESP"",""operationId"":418,""referenceNumber"":""64784""}",14,YASH S PATEL,2025-04-10T04:41:31.613Z
1675,GJOperations,update,gjOperation,454,"{""changedFields"":"""",""oldStatus"":""LOADING"",""newStatus"":""LOADING"",""operationId"":454,""referenceNumber"":""64771""}",3,Yash patel,2025-04-10T04:53:46.882Z
1676,GJOperations,update,gjOperation,452,"{""changedFields"":""status"",""oldStatus"":""LOADING"",""newStatus"":""READY≈DESP"",""operationId"":452,""referenceNumber"":""64855""}",6,PRIYANK PATEL,2025-04-10T04:55:18.546Z
1677,GJOperations,update,gjOperation,454,"{""changedFields"":""status"",""oldStatus"":""LOADING"",""newStatus"":""READY≈DESP"",""operationId"":454,""referenceNumber"":""64771""}",3,Yash patel,2025-04-10T04:56:08.547Z
1678,GJOperations,update,gjOperation,454,"{""changedFields"":"""",""oldStatus"":""READY≈DESP"",""newStatus"":""READY≈DESP"",""operationId"":454,""referenceNumber"":""64771""}",3,Yash patel,2025-04-10T04:56:11.092Z
1679,GJOperations,update,gjOperation,454,"{""changedFields"":"""",""oldStatus"":""READY≈DESP"",""newStatus"":""READY≈DESP"",""operationId"":454,""referenceNumber"":""64771""}",3,Yash patel,2025-04-10T04:56:11.897Z
1680,GJOperations,update,gjOperation,454,"{""changedFields"":"""",""oldStatus"":""READY≈DESP"",""newStatus"":""READY≈DESP"",""operationId"":454,""referenceNumber"":""64771""}",3,Yash patel,2025-04-10T04:56:12.736Z
1681,GJOperations,update,gjOperation,454,"{""changedFields"":"""",""oldStatus"":""READY≈DESP"",""newStatus"":""READY≈DESP"",""operationId"":454,""referenceNumber"":""64771""}",3,Yash patel,2025-04-10T04:56:13.526Z
1682,GJOperations,update,gjOperation,454,"{""changedFields"":"""",""oldStatus"":""READY≈DESP"",""newStatus"":""READY≈DESP"",""operationId"":454,""referenceNumber"":""64771""}",3,Yash patel,2025-04-10T04:56:14.358Z
1683,GJOperations,update,gjOperation,454,"{""changedFields"":"""",""oldStatus"":""READY≈DESP"",""newStatus"":""READY≈DESP"",""operationId"":454,""referenceNumber"":""64771""}",3,Yash patel,2025-04-10T04:56:15.480Z
1684,GJOperations,update,gjOperation,454,"{""changedFields"":"""",""oldStatus"":""READY≈DESP"",""newStatus"":""READY≈DESP"",""operationId"":454,""referenceNumber"":""64771""}",3,Yash patel,2025-04-10T04:56:19.360Z
1685,GJOperations,update,gjOperation,454,"{""changedFields"":"""",""oldStatus"":""READY≈DESP"",""newStatus"":""READY≈DESP"",""operationId"":454,""referenceNumber"":""64771""}",3,Yash patel,2025-04-10T04:56:20.123Z
1686,GJOperations,update,gjOperation,454,"{""changedFields"":"""",""oldStatus"":""READY≈DESP"",""newStatus"":""READY≈DESP"",""operationId"":454,""referenceNumber"":""64771""}",3,Yash patel,2025-04-10T04:56:20.963Z
1687,GJOperations,update,gjOperation,454,"{""changedFields"":"""",""oldStatus"":""READY≈DESP"",""newStatus"":""READY≈DESP"",""operationId"":454,""referenceNumber"":""64771""}",3,Yash patel,2025-04-10T04:56:21.783Z
1688,GJOperations,update,gjOperation,454,"{""changedFields"":"""",""oldStatus"":""READY≈DESP"",""newStatus"":""READY≈DESP"",""operationId"":454,""referenceNumber"":""64771""}",3,Yash patel,2025-04-10T04:56:22.598Z
1689,GJOperations,update,gjOperation,454,"{""changedFields"":"""",""oldStatus"":""READY≈DESP"",""newStatus"":""READY≈DESP"",""operationId"":454,""referenceNumber"":""64771""}",3,Yash patel,2025-04-10T04:56:23.450Z
1690,GJOperations,update,gjOperation,454,"{""changedFields"":"""",""oldStatus"":""READY≈DESP"",""newStatus"":""READY≈DESP"",""operationId"":454,""referenceNumber"":""64771""}",3,Yash patel,2025-04-10T04:56:24.222Z
1691,GJOperations,update,gjOperation,455,"{""changedFields"":"""",""oldStatus"":""LOADING"",""newStatus"":""LOADING"",""operationId"":455,""referenceNumber"":""64779""}",3,Yash patel,2025-04-10T04:57:43.020Z
1692,GJOperations,update,gjOperation,455,"{""changedFields"":""status"",""oldStatus"":""LOADING"",""newStatus"":""READY≈DESP"",""operationId"":455,""referenceNumber"":""64779""}",3,Yash patel,2025-04-10T05:01:34.634Z
1693,GJOperations,update,gjOperation,456,"{""changedFields"":"""",""oldStatus"":""LOADING"",""newStatus"":""LOADING"",""operationId"":456,""referenceNumber"":""64849""}",4,YAGNIK PATEL,2025-04-10T05:03:05.544Z
1694,GJOperations,update,gjOperation,460,"{""changedFields"":""status"",""oldStatus"":""LOADING"",""newStatus"":""READY≈DESP"",""operationId"":460,""referenceNumber"":""64841""}",14,YASH S PATEL,2025-04-10T05:44:31.793Z
1695,GJOperations,update,gjOperation,460,"{""changedFields"":"""",""oldStatus"":""READY≈DESP"",""newStatus"":""READY≈DESP"",""operationId"":460,""referenceNumber"":""64841""}",14,YASH S PATEL,2025-04-10T05:44:32.224Z
1696,GJOperations,update,gjOperation,460,"{""changedFields"":"""",""oldStatus"":""READY≈DESP"",""newStatus"":""READY≈DESP"",""operationId"":460,""referenceNumber"":""64841""}",14,YASH S PATEL,2025-04-10T05:44:32.240Z
1697,GJOperations,update,gjOperation,461,"{""changedFields"":""status"",""oldStatus"":""LOADING"",""newStatus"":""READY≈DESP"",""operationId"":461,""referenceNumber"":""64840""}",14,YASH S PATEL,2025-04-10T05:46:54.751Z
1698,GJOperations,update,gjOperation,459,"{""changedFields"":""status"",""oldStatus"":""LOADING"",""newStatus"":""READY≈DESP"",""operationId"":459,""referenceNumber"":""64785""}",3,Yash patel,2025-04-10T05:49:23.540Z
1699,GJOperations,update,gjOperation,462,"{""changedFields"":"""",""oldStatus"":""LOADING"",""newStatus"":""LOADING"",""operationId"":462,""referenceNumber"":""64835""}",5,BADELAL VARMA,2025-04-10T06:22:45.509Z
1700,GJOperations,update,gjOperation,462,"{""changedFields"":""status"",""oldStatus"":""LOADING"",""newStatus"":""READY≈DESP"",""operationId"":462,""referenceNumber"":""64835""}",5,BADELAL VARMA,2025-04-10T06:23:05.821Z
1701,GJOperations,update,gjOperation,453,"{""changedFields"":""status"",""oldStatus"":""LOADING"",""newStatus"":""READY≈DESP"",""operationId"":453,""referenceNumber"":""64868""}",16,TEJASH M PATEL,2025-04-10T06:25:25.865Z
1702,GJOperations,update,gjOperation,465,"{""changedFields"":""status"",""oldStatus"":""LOADING"",""newStatus"":""READY≈DESP"",""operationId"":465,""referenceNumber"":""64832""}",5,BADELAL VARMA,2025-04-10T06:27:21.237Z
1703,GJOperations,update,gjOperation,465,"{""changedFields"":"""",""oldStatus"":""READY≈DESP"",""newStatus"":""READY≈DESP"",""operationId"":465,""referenceNumber"":""64832""}",5,BADELAL VARMA,2025-04-10T06:27:33.882Z
1704,GJOperations,update,gjOperation,464,"{""changedFields"":""status"",""oldStatus"":""LOADING"",""newStatus"":""READY≈DESP"",""operationId"":464,""referenceNumber"":""64833""}",5,BADELAL VARMA,2025-04-10T06:27:41.867Z
1705,GJOperations,update,gjOperation,464,"{""changedFields"":""status"",""oldStatus"":""READY≈DESP"",""newStatus"":""LOADING"",""operationId"":464,""referenceNumber"":""64833""}",5,BADELAL VARMA,2025-04-10T06:28:35.492Z
1706,GJOperations,update,gjOperation,464,"{""changedFields"":""status"",""oldStatus"":""LOADING"",""newStatus"":""READY≈DESP"",""operationId"":464,""referenceNumber"":""64833""}",5,BADELAL VARMA,2025-04-10T06:29:02.358Z
1707,GJOperations,update,gjOperation,456,"{""changedFields"":""status"",""oldStatus"":""LOADING"",""newStatus"":""READY≈DESP"",""operationId"":456,""referenceNumber"":""64849""}",4,YAGNIK PATEL,2025-04-10T06:37:49.343Z
1708,GJOperations,update,gjOperation,466,"{""changedFields"":"""",""oldStatus"":""LOADING"",""newStatus"":""LOADING"",""operationId"":466,""referenceNumber"":""64852""}",16,TEJASH M PATEL,2025-04-10T06:47:26.930Z
1709,GJOperations,update,gjOperation,466,"{""changedFields"":"""",""oldStatus"":""LOADING"",""newStatus"":""LOADING"",""operationId"":466,""referenceNumber"":""64852""}",16,TEJASH M PATEL,2025-04-10T06:47:37.409Z
1710,GJOperations,update,gjOperation,463,"{""changedFields"":""status"",""oldStatus"":""LOADING"",""newStatus"":""READY≈DESP"",""operationId"":463,""referenceNumber"":""64857""}",5,BADELAL VARMA,2025-04-10T06:48:02.445Z
1711,GJOperations,update,gjOperation,463,"{""changedFields"":"""",""oldStatus"":""READY≈DESP"",""newStatus"":""READY≈DESP"",""operationId"":463,""referenceNumber"":""64857""}",5,BADELAL VARMA,2025-04-10T06:48:13.207Z
1712,GJOperations,update,gjOperation,457,"{""changedFields"":""status"",""oldStatus"":""LOADING"",""newStatus"":""READY≈DESP"",""operationId"":457,""referenceNumber"":""64830""}",14,YASH S PATEL,2025-04-10T06:50:03.793Z
1713,GJOperations,update,gjOperation,467,"{""changedFields"":""status"",""oldStatus"":""LOADING"",""newStatus"":""READY≈DESP"",""operationId"":467,""referenceNumber"":""64828""}",5,BADELAL VARMA,2025-04-10T08:00:23.215Z
1714,GJOperations,update,gjOperation,472,"{""changedFields"":"""",""oldStatus"":""LOADING"",""newStatus"":""LOADING"",""operationId"":472,""referenceNumber"":""64850""}",4,YAGNIK PATEL,2025-04-10T08:39:22.805Z
1715,GJOperations,update,gjOperation,472,"{""changedFields"":""status"",""oldStatus"":""LOADING"",""newStatus"":""READY≈DESP"",""operationId"":472,""referenceNumber"":""64850""}",4,YAGNIK PATEL,2025-04-10T08:39:26.807Z
1716,GJOperations,update,gjOperation,474,"{""changedFields"":"""",""oldStatus"":""LOADING"",""newStatus"":""LOADING"",""operationId"":474,""referenceNumber"":""64865""}",5,BADELAL VARMA,2025-04-10T08:51:17.441Z
1717,GJOperations,update,gjOperation,473,"{""changedFields"":""status"",""oldStatus"":""LOADING"",""newStatus"":""READY≈DESP"",""operationId"":473,""referenceNumber"":""64863""}",4,YAGNIK PATEL,2025-04-10T09:04:37.435Z
1718,GJOperations,update,gjOperation,475,"{""changedFields"":"""",""oldStatus"":""LOADING"",""newStatus"":""LOADING"",""operationId"":475,""referenceNumber"":""64869""}",4,YAGNIK PATEL,2025-04-10T09:05:35.610Z
1719,GJOperations,update,gjOperation,466,"{""changedFields"":""status"",""oldStatus"":""LOADING"",""newStatus"":""READY≈DESP"",""operationId"":466,""referenceNumber"":""64852""}",16,TEJASH M PATEL,2025-04-10T09:15:24.243Z
1720,GJOperations,update,gjOperation,476,"{""changedFields"":"""",""oldStatus"":""LOADING"",""newStatus"":""LOADING"",""operationId"":476,""referenceNumber"":""64783""}",3,Yash patel,2025-04-10T09:16:44.729Z
1721,GJOperations,update,gjOperation,476,"{""changedFields"":""status"",""oldStatus"":""LOADING"",""newStatus"":""READY≈DESP"",""operationId"":476,""referenceNumber"":""64783""}",3,Yash patel,2025-04-10T09:19:05.749Z
1722,GJOperations,update,gjOperation,468,"{""changedFields"":""status"",""oldStatus"":""LOADING"",""newStatus"":""READY≈DESP"",""operationId"":468,""referenceNumber"":""64856""}",14,YASH S PATEL,2025-04-10T09:23:27.039Z
1723,GJOperations,update,gjOperation,458,"{""changedFields"":""status"",""oldStatus"":""LOADING"",""newStatus"":""READY≈DESP"",""operationId"":458,""referenceNumber"":""64836""}",14,YASH S PATEL,2025-04-10T09:24:36.611Z
1724,GJOperations,update,gjOperation,479,"{""changedFields"":""status"",""oldStatus"":""LOADING"",""newStatus"":""READY≈DESP"",""operationId"":479,""referenceNumber"":""64831""}",14,YASH S PATEL,2025-04-10T09:25:53.498Z
1725,GJOperations,update,gjOperation,479,"{""changedFields"":"""",""oldStatus"":""READY≈DESP"",""newStatus"":""READY≈DESP"",""operationId"":479,""referenceNumber"":""64831""}",14,YASH S PATEL,2025-04-10T09:26:20.927Z
1726,GJOperations,update,gjOperation,477,"{""changedFields"":""status"",""oldStatus"":""LOADING"",""newStatus"":""READY≈DESP"",""operationId"":477,""referenceNumber"":""64804""}",3,Yash patel,2025-04-10T09:26:23.801Z
1727,GJOperations,update,gjOperation,477,"{""changedFields"":"""",""oldStatus"":""READY≈DESP"",""newStatus"":""READY≈DESP"",""operationId"":477,""referenceNumber"":""64804""}",3,Yash patel,2025-04-10T09:26:31.373Z
1728,GJOperations,update,gjOperation,477,"{""changedFields"":"""",""oldStatus"":""READY≈DESP"",""newStatus"":""READY≈DESP"",""operationId"":477,""referenceNumber"":""64804""}",3,Yash patel,2025-04-10T09:26:31.379Z
1729,GJOperations,update,gjOperation,477,"{""changedFields"":"""",""oldStatus"":""READY≈DESP"",""newStatus"":""READY≈DESP"",""operationId"":477,""referenceNumber"":""64804""}",3,Yash patel,2025-04-10T09:26:31.450Z
1730,GJOperations,update,gjOperation,481,"{""changedFields"":"""",""oldStatus"":""LOADING"",""newStatus"":""LOADING"",""operationId"":481,""referenceNumber"":""64805""}",3,Yash patel,2025-04-10T09:37:44.999Z
1731,GJOperations,update,gjOperation,481,"{""changedFields"":"""",""oldStatus"":""LOADING"",""newStatus"":""LOADING"",""operationId"":481,""referenceNumber"":""64805""}",3,Yash patel,2025-04-10T09:37:50.877Z
1732,GJOperations,update,gjOperation,481,"{""changedFields"":""status"",""oldStatus"":""LOADING"",""newStatus"":""READY≈DESP"",""operationId"":481,""referenceNumber"":""64805""}",3,Yash patel,2025-04-10T09:41:03.340Z
1733,GJOperations,update,gjOperation,481,"{""changedFields"":"""",""oldStatus"":""READY≈DESP"",""newStatus"":""READY≈DESP"",""operationId"":481,""referenceNumber"":""64805""}",3,Yash patel,2025-04-10T09:41:07.775Z
1734,GJOperations,update,gjOperation,481,"{""changedFields"":"""",""oldStatus"":""READY≈DESP"",""newStatus"":""READY≈DESP"",""operationId"":481,""referenceNumber"":""64805""}",3,Yash patel,2025-04-10T09:41:07.851Z
1735,GJOperations,update,gjOperation,482,"{""changedFields"":"""",""oldStatus"":""LOADING"",""newStatus"":""LOADING"",""operationId"":482,""referenceNumber"":""64809""}",3,Yash patel,2025-04-10T09:42:04.091Z
1736,GJOperations,update,gjOperation,482,"{""changedFields"":""status"",""oldStatus"":""LOADING"",""newStatus"":""READY≈DESP"",""operationId"":482,""referenceNumber"":""64809""}",3,Yash patel,2025-04-10T09:45:21.223Z
1737,GJOperations,update,gjOperation,475,"{""changedFields"":""status"",""oldStatus"":""LOADING"",""newStatus"":""READY≈DESP"",""operationId"":475,""referenceNumber"":""64869""}",4,YAGNIK PATEL,2025-04-10T10:06:02.567Z
1738,GJOperations,update,gjOperation,484,"{""changedFields"":""status"",""oldStatus"":""LOADING"",""newStatus"":""READY≈DESP"",""operationId"":484,""referenceNumber"":""64873""}",5,BADELAL VARMA,2025-04-10T10:25:10.579Z
1739,GJOperations,update,gjOperation,480,"{""changedFields"":""status"",""oldStatus"":""LOADING"",""newStatus"":""READY≈DESP"",""operationId"":480,""referenceNumber"":""64843""}",14,YASH S PATEL,2025-04-10T10:31:29.773Z
1740,GJOperations,update,gjOperation,485,"{""changedFields"":""status"",""oldStatus"":""LOADING"",""newStatus"":""READY≈DESP"",""operationId"":485,""referenceNumber"":""64864""}",14,YASH S PATEL,2025-04-10T10:32:05.867Z
1741,GJOperations,update,gjOperation,474,"{""changedFields"":""status"",""oldStatus"":""LOADING"",""newStatus"":""READY≈DESP"",""operationId"":474,""referenceNumber"":""64865""}",5,BADELAL VARMA,2025-04-10T10:33:40.777Z
1742,GJOperations,update,gjOperation,485,"{""changedFields"":"""",""oldStatus"":""READY≈DESP"",""newStatus"":""READY≈DESP"",""operationId"":485,""referenceNumber"":""64864""}",14,YASH S PATEL,2025-04-10T10:34:14.429Z
1743,GJOperations,update,gjOperation,486,"{""changedFields"":""status"",""oldStatus"":""LOADING"",""newStatus"":""READY≈DESP"",""operationId"":486,""referenceNumber"":""64866""}",14,YASH S PATEL,2025-04-10T10:35:37.476Z
1744,GJOperations,update,gjOperation,478,"{""changedFields"":""status"",""oldStatus"":""LOADING"",""newStatus"":""READY≈DESP"",""operationId"":478,""referenceNumber"":""64861""}",16,TEJASH M PATEL,2025-04-10T10:41:25.587Z
1745,GJOperations,update,gjOperation,471,"{""changedFields"":""status"",""oldStatus"":""LOADING"",""newStatus"":""READY≈DESP"",""operationId"":471,""referenceNumber"":""64860""}",16,TEJASH M PATEL,2025-04-10T10:42:14.884Z
1746,GJOperations,update,gjOperation,483,"{""changedFields"":""status"",""oldStatus"":""LOADING"",""newStatus"":""READY≈DESP"",""operationId"":483,""referenceNumber"":""64842""}",16,TEJASH M PATEL,2025-04-10T10:50:24.111Z
1747,GJOperations,update,gjOperation,469,"{""changedFields"":""status"",""oldStatus"":""LOADING"",""newStatus"":""READY≈DESP"",""operationId"":469,""referenceNumber"":""64853""}",5,BADELAL VARMA,2025-04-10T11:18:48.591Z
1748,GJOperations,update,gjOperation,487,"{""changedFields"":""status"",""oldStatus"":""LOADING"",""newStatus"":""READY≈DESP"",""operationId"":487,""referenceNumber"":""64847""}",5,BADELAL VARMA,2025-04-10T11:20:25.086Z
1749,GJOperations,update,gjOperation,490,"{""changedFields"":"""",""oldStatus"":""LOADING"",""newStatus"":""LOADING"",""operationId"":490,""referenceNumber"":""64829""}",11,DIVYANG PATEL,2025-04-10T12:02:44.783Z
1750,GJOperations,update,gjOperation,491,"{""changedFields"":"""",""oldStatus"":""LOADING"",""newStatus"":""LOADING"",""operationId"":491,""referenceNumber"":""64854""}",6,PRIYANK PATEL,2025-04-10T12:02:59.987Z
1751,GJOperations,update,gjOperation,491,"{""changedFields"":"""",""oldStatus"":""LOADING"",""newStatus"":""LOADING"",""operationId"":491,""referenceNumber"":""64854""}",6,PRIYANK PATEL,2025-04-10T12:03:04.269Z
1753,GJOperations,update,gjOperation,491,"{""changedFields"":"""",""oldStatus"":""LOADING"",""newStatus"":""LOADING"",""operationId"":491,""referenceNumber"":""64854""}",6,PRIYANK PATEL,2025-04-10T13:30:44.283Z
1752,GJOperations,update,gjOperation,491,"{""changedFields"":"""",""oldStatus"":""LOADING"",""newStatus"":""LOADING"",""operationId"":491,""referenceNumber"":""64854""}",6,PRIYANK PATEL,2025-04-10T13:30:44.282Z
1754,GJOperations,update,gjOperation,492,"{""changedFields"":"""",""oldStatus"":""LOADING"",""newStatus"":""LOADING"",""operationId"":492,""referenceNumber"":""64846""}",6,PRIYANK PATEL,2025-04-10T13:31:21.855Z
1755,GJOperations,update,gjOperation,492,"{""changedFields"":"""",""oldStatus"":""LOADING"",""newStatus"":""LOADING"",""operationId"":492,""referenceNumber"":""64846""}",6,PRIYANK PATEL,2025-04-10T13:31:22.269Z
1756,GJOperations,update,gjOperation,490,"{""changedFields"":""status"",""oldStatus"":""LOADING"",""newStatus"":""READY≈DESP"",""operationId"":490,""referenceNumber"":""64829""}",11,DIVYANG PATEL,2025-04-10T13:42:16.688Z
1757,GJOperations,update,gjOperation,492,"{""changedFields"":""status"",""oldStatus"":""LOADING"",""newStatus"":""READY≈DESP"",""operationId"":492,""referenceNumber"":""64846""}",6,PRIYANK PATEL,2025-04-10T13:56:56.988Z
1758,GJOperations,update,gjOperation,492,"{""changedFields"":"""",""oldStatus"":""READY≈DESP"",""newStatus"":""READY≈DESP"",""operationId"":492,""referenceNumber"":""64846""}",6,PRIYANK PATEL,2025-04-10T13:56:57.272Z
1759,GJOperations,update,gjOperation,492,"{""changedFields"":"""",""oldStatus"":""READY≈DESP"",""newStatus"":""READY≈DESP"",""operationId"":492,""referenceNumber"":""64846""}",6,PRIYANK PATEL,2025-04-10T13:56:57.331Z
1760,GJOperations,update,gjOperation,492,"{""changedFields"":"""",""oldStatus"":""READY≈DESP"",""newStatus"":""READY≈DESP"",""operationId"":492,""referenceNumber"":""64846""}",6,PRIYANK PATEL,2025-04-10T13:56:57.520Z
1761,GJOperations,update,gjOperation,492,"{""changedFields"":"""",""oldStatus"":""READY≈DESP"",""newStatus"":""READY≈DESP"",""operationId"":492,""referenceNumber"":""64846""}",6,PRIYANK PATEL,2025-04-10T13:56:57.678Z
1762,GJOperations,update,gjOperation,492,"{""changedFields"":"""",""oldStatus"":""READY≈DESP"",""newStatus"":""READY≈DESP"",""operationId"":492,""referenceNumber"":""64846""}",6,PRIYANK PATEL,2025-04-10T13:56:57.878Z
1763,GJOperations,update,gjOperation,493,"{""changedFields"":"""",""oldStatus"":""LOADING"",""newStatus"":""LOADING"",""operationId"":493,""referenceNumber"":""64848""}",11,DIVYANG PATEL,2025-04-10T14:29:12.338Z
1764,GJOperations,update,gjOperation,492,"{""changedFields"":"""",""oldStatus"":""READY≈DESP"",""newStatus"":""READY≈DESP"",""operationId"":492,""referenceNumber"":""64846""}",6,PRIYANK PATEL,2025-04-10T14:30:00.490Z
1765,GJOperations,update,gjOperation,492,"{""changedFields"":"""",""oldStatus"":""READY≈DESP"",""newStatus"":""READY≈DESP"",""operationId"":492,""referenceNumber"":""64846""}",6,PRIYANK PATEL,2025-04-10T14:30:00.572Z
1766,GJOperations,update,gjOperation,494,"{""changedFields"":"""",""oldStatus"":""LOADING"",""newStatus"":""LOADING"",""operationId"":494,""referenceNumber"":""64845""}",6,PRIYANK PATEL,2025-04-10T14:30:39.274Z
1767,GJOperations,update,gjOperation,494,"{""changedFields"":"""",""oldStatus"":""LOADING"",""newStatus"":""LOADING"",""operationId"":494,""referenceNumber"":""64845""}",6,PRIYANK PATEL,2025-04-10T14:30:39.566Z
1768,GJOperations,update,gjOperation,492,"{""changedFields"":"""",""oldStatus"":""READY≈DESP"",""newStatus"":""READY≈DESP"",""operationId"":492,""referenceNumber"":""64846""}",6,PRIYANK PATEL,2025-04-10T14:32:22.153Z
1769,GJOperations,update,gjOperation,492,"{""changedFields"":"""",""oldStatus"":""READY≈DESP"",""newStatus"":""READY≈DESP"",""operationId"":492,""referenceNumber"":""64846""}",6,PRIYANK PATEL,2025-04-10T14:32:22.950Z
1770,GJOperations,update,gjOperation,491,"{""changedFields"":""status"",""oldStatus"":""LOADING"",""newStatus"":""READY≈DESP"",""operationId"":491,""referenceNumber"":""64854""}",6,PRIYANK PATEL,2025-04-10T14:44:30.286Z
1771,GJOperations,update,gjOperation,451,"{""changedFields"":""status"",""oldStatus"":""LOADING"",""newStatus"":""READY≈DESP"",""operationId"":451,""referenceNumber"":""64827""}",6,PRIYANK PATEL,2025-04-10T14:49:18.108Z
1772,GJOperations,update,gjOperation,495,"{""changedFields"":""status"",""oldStatus"":""LOADING"",""newStatus"":""READY≈DESP"",""operationId"":495,""referenceNumber"":""64834""}",11,DIVYANG PATEL,2025-04-10T16:27:12.561Z
1773,GJOperations,update,gjOperation,493,"{""changedFields"":""status"",""oldStatus"":""LOADING"",""newStatus"":""READY≈DESP"",""operationId"":493,""referenceNumber"":""64848""}",11,DIVYANG PATEL,2025-04-10T16:29:30.523Z
1774,GJOperations,update,gjOperation,496,"{""changedFields"":"""",""oldStatus"":""LOADING"",""newStatus"":""LOADING"",""operationId"":496,""referenceNumber"":""64858""}",11,DIVYANG PATEL,2025-04-10T16:31:57.201Z
1775,GJOperations,update,gjOperation,497,"{""changedFields"":"""",""oldStatus"":""LOADING"",""newStatus"":""LOADING"",""operationId"":497,""referenceNumber"":""64859""}",11,DIVYANG PATEL,2025-04-10T16:32:12.982Z
1776,GJOperations,update,gjOperation,496,"{""changedFields"":"""",""oldStatus"":""LOADING"",""newStatus"":""LOADING"",""operationId"":496,""referenceNumber"":""64858""}",11,DIVYANG PATEL,2025-04-10T16:36:41.854Z
1777,GJOperations,update,gjOperation,494,"{""changedFields"":""status"",""oldStatus"":""LOADING"",""newStatus"":""READY≈DESP"",""operationId"":494,""referenceNumber"":""64845""}",6,PRIYANK PATEL,2025-04-10T16:37:03.771Z
1778,GJOperations,update,gjOperation,489,"{""changedFields"":""status"",""oldStatus"":""LOADING"",""newStatus"":""READY≈DESP"",""operationId"":489,""referenceNumber"":""64837""}",16,TEJASH M PATEL,2025-04-10T16:37:57.031Z
1779,GJOperations,update,gjOperation,488,"{""changedFields"":""status"",""oldStatus"":""LOADING"",""newStatus"":""READY≈DESP"",""operationId"":488,""referenceNumber"":""64838""}",16,TEJASH M PATEL,2025-04-10T16:38:12.479Z
1780,GJOperations,update,gjOperation,496,"{""changedFields"":""status"",""oldStatus"":""LOADING"",""newStatus"":""READY≈DESP"",""operationId"":496,""referenceNumber"":""64858""}",11,DIVYANG PATEL,2025-04-10T16:49:45.177Z
1781,GJOperations,update,gjOperation,498,"{""changedFields"":""status"",""oldStatus"":""LOADING"",""newStatus"":""READY≈DESP"",""operationId"":498,""referenceNumber"":""64862""}",6,PRIYANK PATEL,2025-04-10T18:08:11.721Z
1782,GJOperations,update,gjOperation,498,"{""changedFields"":"""",""oldStatus"":""READY≈DESP"",""newStatus"":""READY≈DESP"",""operationId"":498,""referenceNumber"":""64862""}",6,PRIYANK PATEL,2025-04-10T18:08:25.347Z
1783,GJOperations,update,gjOperation,497,"{""changedFields"":""status"",""oldStatus"":""LOADING"",""newStatus"":""READY≈DESP"",""operationId"":497,""referenceNumber"":""64859""}",11,DIVYANG PATEL,2025-04-10T18:18:18.473Z
1784,GJOperations,update,gjOperation,504,"{""changedFields"":"""",""oldStatus"":""LOADING"",""newStatus"":""LOADING"",""operationId"":504,""referenceNumber"":""64917""}",12,AKSHAY PATEL,2025-04-11T04:04:26.642Z
1785,GJOperations,update,gjOperation,507,"{""changedFields"":"""",""oldStatus"":""LOADING"",""newStatus"":""LOADING"",""operationId"":507,""referenceNumber"":""64946""}",12,AKSHAY PATEL,2025-04-11T04:55:23.912Z
1786,GJOperations,update,gjOperation,506,"{""changedFields"":""status"",""oldStatus"":""LOADING"",""newStatus"":""READY≈DESP"",""operationId"":506,""referenceNumber"":""64913""}",16,TEJASH M PATEL,2025-04-11T05:24:43.789Z
1787,GJOperations,update,gjOperation,503,"{""changedFields"":""status"",""oldStatus"":""LOADING"",""newStatus"":""READY≈DESP"",""operationId"":503,""referenceNumber"":""64935""}",15,BHIKHUBHAI PATEL,2025-04-11T05:54:46.119Z
1788,GJOperations,update,gjOperation,504,"{""changedFields"":""status"",""oldStatus"":""LOADING"",""newStatus"":""READY≈DESP"",""operationId"":504,""referenceNumber"":""64917""}",12,AKSHAY PATEL,2025-04-11T05:55:11.037Z
1789,GJOperations,update,gjOperation,504,"{""changedFields"":"""",""oldStatus"":""READY≈DESP"",""newStatus"":""READY≈DESP"",""operationId"":504,""referenceNumber"":""64917""}",12,AKSHAY PATEL,2025-04-11T06:07:09.275Z
1790,GJOperations,update,gjOperation,500,"{""changedFields"":""status"",""oldStatus"":""LOADING"",""newStatus"":""READY≈DESP"",""operationId"":500,""referenceNumber"":""64918""}",5,BADELAL VARMA,2025-04-11T06:07:33.416Z
1791,GJOperations,update,gjOperation,504,"{""changedFields"":"""",""oldStatus"":""READY≈DESP"",""newStatus"":""READY≈DESP"",""operationId"":504,""referenceNumber"":""64917""}",12,AKSHAY PATEL,2025-04-11T06:08:01.901Z
1792,GJOperations,update,gjOperation,510,"{""changedFields"":"""",""oldStatus"":""LOADING"",""newStatus"":""LOADING"",""operationId"":510,""referenceNumber"":""64939""}",15,BHIKHUBHAI PATEL,2025-04-11T06:17:51.498Z
1793,GJOperations,update,gjOperation,510,"{""changedFields"":""status"",""oldStatus"":""LOADING"",""newStatus"":""READY≈DESP"",""operationId"":510,""referenceNumber"":""64939""}",15,BHIKHUBHAI PATEL,2025-04-11T06:20:10.951Z
1794,GJOperations,update,gjOperation,501,"{""changedFields"":""status"",""oldStatus"":""LOADING"",""newStatus"":""READY≈DESP"",""operationId"":501,""referenceNumber"":""64921""}",16,TEJASH M PATEL,2025-04-11T06:24:18.446Z
1795,GJOperations,update,gjOperation,505,"{""changedFields"":""status"",""oldStatus"":""LOADING"",""newStatus"":""READY≈DESP"",""operationId"":505,""referenceNumber"":""64941""}",5,BADELAL VARMA,2025-04-11T08:21:22.329Z
1796,GJOperations,update,gjOperation,509,"{""changedFields"":""status"",""oldStatus"":""LOADING"",""newStatus"":""READY≈DESP"",""operationId"":509,""referenceNumber"":""64936""}",16,TEJASH M PATEL,2025-04-11T08:47:44.474Z
1797,GJOperations,update,gjOperation,502,"{""changedFields"":""status"",""oldStatus"":""LOADING"",""newStatus"":""READY≈DESP"",""operationId"":502,""referenceNumber"":""64929""}",14,YASH S PATEL,2025-04-11T08:47:48.973Z
1798,GJOperations,update,gjOperation,507,"{""changedFields"":""status"",""oldStatus"":""LOADING"",""newStatus"":""READY≈DESP"",""operationId"":507,""referenceNumber"":""64946""}",12,AKSHAY PATEL,2025-04-11T08:47:51.965Z
1799,GJOperations,update,gjOperation,515,"{""changedFields"":""status"",""oldStatus"":""LOADING"",""newStatus"":""READY≈DESP"",""operationId"":515,""referenceNumber"":""64944""}",14,YASH S PATEL,2025-04-11T08:48:42.912Z
1800,GJOperations,update,gjOperation,517,"{""changedFields"":""status"",""oldStatus"":""LOADING"",""newStatus"":""READY≈DESP"",""operationId"":517,""referenceNumber"":""64945""}",14,YASH S PATEL,2025-04-11T08:49:35.019Z
1801,GJOperations,update,gjOperation,516,"{""changedFields"":""status"",""oldStatus"":""LOADING"",""newStatus"":""READY≈DESP"",""operationId"":516,""referenceNumber"":""64922""}",12,AKSHAY PATEL,2025-04-11T08:50:06.722Z
1802,GJOperations,update,gjOperation,518,"{""changedFields"":""status"",""oldStatus"":""LOADING"",""newStatus"":""READY≈DESP"",""operationId"":518,""referenceNumber"":""64910""}",14,YASH S PATEL,2025-04-11T08:50:42.821Z
1803,GJOperations,update,gjOperation,518,"{""changedFields"":""status"",""oldStatus"":""READY≈DESP"",""newStatus"":""LOADING"",""operationId"":518,""referenceNumber"":""64910""}",14,YASH S PATEL,2025-04-11T08:51:38.322Z
1804,GJOperations,update,gjOperation,519,"{""changedFields"":""status"",""oldStatus"":""LOADING"",""newStatus"":""READY≈DESP"",""operationId"":519,""referenceNumber"":""64938""}",14,YASH S PATEL,2025-04-11T08:57:02.259Z
1805,GJOperations,update,gjOperation,510,"{""changedFields"":"""",""oldStatus"":""READY≈DESP"",""newStatus"":""READY≈DESP"",""operationId"":510,""referenceNumber"":""64939""}",15,BHIKHUBHAI PATEL,2025-04-11T09:04:32.226Z
1806,GJOperations,update,gjOperation,521,"{""changedFields"":""status"",""oldStatus"":""LOADING"",""newStatus"":""READY≈DESP"",""operationId"":521,""referenceNumber"":""64915""}",15,BHIKHUBHAI PATEL,2025-04-11T09:05:57.785Z
1807,GJOperations,update,gjOperation,522,"{""changedFields"":""status"",""oldStatus"":""LOADING"",""newStatus"":""READY≈DESP"",""operationId"":522,""referenceNumber"":""64943""}",15,BHIKHUBHAI PATEL,2025-04-11T09:07:20.359Z
1808,GJOperations,update,gjOperation,523,"{""changedFields"":""status"",""oldStatus"":""LOADING"",""newStatus"":""READY≈DESP"",""operationId"":523,""referenceNumber"":""64942""}",15,BHIKHUBHAI PATEL,2025-04-11T09:08:50.984Z
1809,GJOperations,update,gjOperation,523,"{""changedFields"":"""",""oldStatus"":""READY≈DESP"",""newStatus"":""READY≈DESP"",""operationId"":523,""referenceNumber"":""64942""}",15,BHIKHUBHAI PATEL,2025-04-11T09:09:09.555Z
1810,GJOperations,update,gjOperation,524,"{""changedFields"":""status"",""oldStatus"":""LOADING"",""newStatus"":""READY≈DESP"",""operationId"":524,""referenceNumber"":""64909""}",15,BHIKHUBHAI PATEL,2025-04-11T09:10:57.366Z
1811,GJOperations,update,gjOperation,518,"{""changedFields"":""status"",""oldStatus"":""LOADING"",""newStatus"":""READY≈DESP"",""operationId"":518,""referenceNumber"":""64910""}",14,YASH S PATEL,2025-04-11T09:13:16.758Z
1812,GJOperations,update,gjOperation,513,"{""changedFields"":""status"",""oldStatus"":""LOADING"",""newStatus"":""READY≈DESP"",""operationId"":513,""referenceNumber"":""64907""}",16,TEJASH M PATEL,2025-04-11T09:29:03.567Z
1813,GJOperations,update,gjOperation,520,"{""changedFields"":""status"",""oldStatus"":""LOADING"",""newStatus"":""READY≈DESP"",""operationId"":520,""referenceNumber"":""64920""}",5,BADELAL VARMA,2025-04-11T09:33:08.021Z
1814,GJOperations,update,gjOperation,512,"{""changedFields"":""status"",""oldStatus"":""LOADING"",""newStatus"":""READY≈DESP"",""operationId"":512,""referenceNumber"":""64908""}",5,BADELAL VARMA,2025-04-11T09:37:47.648Z
1815,GJOperations,update,gjOperation,514,"{""changedFields"":""status"",""oldStatus"":""LOADING"",""newStatus"":""READY≈DESP"",""operationId"":514,""referenceNumber"":""64919""}",5,BADELAL VARMA,2025-04-11T09:38:01.413Z
1816,GJOperations,update,gjOperation,508,"{""changedFields"":""status"",""oldStatus"":""LOADING"",""newStatus"":""READY≈DESP"",""operationId"":508,""referenceNumber"":""64930""}",5,BADELAL VARMA,2025-04-11T09:46:59.855Z
1817,GJOperations,update,gjOperation,528,"{""changedFields"":""status"",""oldStatus"":""LOADING"",""newStatus"":""READY≈DESP"",""operationId"":528,""referenceNumber"":""64934""}",15,BHIKHUBHAI PATEL,2025-04-11T10:20:58.021Z
1818,GJOperations,update,gjOperation,530,"{""changedFields"":""status"",""oldStatus"":""LOADING"",""newStatus"":""READY≈DESP"",""operationId"":530,""referenceNumber"":""64900""}",12,AKSHAY PATEL,2025-04-11T10:28:24.445Z
1819,GJOperations,update,gjOperation,532,"{""changedFields"":""status"",""oldStatus"":""LOADING"",""newStatus"":""READY≈DESP"",""operationId"":532,""referenceNumber"":""64948""}",5,BADELAL VARMA,2025-04-11T10:47:52.499Z
1820,GJOperations,update,gjOperation,527,"{""changedFields"":""status"",""oldStatus"":""LOADING"",""newStatus"":""READY≈DESP"",""operationId"":527,""referenceNumber"":""64903""}",16,TEJASH M PATEL,2025-04-11T10:48:48.724Z
1821,GJOperations,update,gjOperation,533,"{""changedFields"":"""",""oldStatus"":""LOADING"",""newStatus"":""LOADING"",""operationId"":533,""referenceNumber"":""64931""}",15,BHIKHUBHAI PATEL,2025-04-11T10:49:56.363Z
1822,GJOperations,update,gjOperation,526,"{""changedFields"":""status"",""oldStatus"":""LOADING"",""newStatus"":""READY≈DESP"",""operationId"":526,""referenceNumber"":""64902""}",16,TEJASH M PATEL,2025-04-11T10:50:16.876Z
1823,GJOperations,update,gjOperation,536,"{""changedFields"":"""",""oldStatus"":""LOADING"",""newStatus"":""LOADING"",""operationId"":536,""referenceNumber"":""64906""}",14,YASH S PATEL,2025-04-11T11:06:19.140Z
1824,GJOperations,update,gjOperation,524,"{""changedFields"":"""",""oldStatus"":""READY≈DESP"",""newStatus"":""READY≈DESP"",""operationId"":524,""referenceNumber"":""64909""}",15,BHIKHUBHAI PATEL,2025-04-11T11:07:08.456Z
1825,GJOperations,update,gjOperation,524,"{""changedFields"":"""",""oldStatus"":""READY≈DESP"",""newStatus"":""READY≈DESP"",""operationId"":524,""referenceNumber"":""64909""}",15,BHIKHUBHAI PATEL,2025-04-11T11:07:08.721Z
1826,GJOperations,update,gjOperation,524,"{""changedFields"":"""",""oldStatus"":""READY≈DESP"",""newStatus"":""READY≈DESP"",""operationId"":524,""referenceNumber"":""64909""}",15,BHIKHUBHAI PATEL,2025-04-11T11:07:15.896Z
1827,GJOperations,update,gjOperation,511,"{""changedFields"":""status"",""oldStatus"":""LOADING"",""newStatus"":""READY≈DESP"",""operationId"":511,""referenceNumber"":""64932""}",5,BADELAL VARMA,2025-04-11T11:11:53.478Z
1828,GJOperations,update,gjOperation,531,"{""changedFields"":""status"",""oldStatus"":""LOADING"",""newStatus"":""READY≈DESP"",""operationId"":531,""referenceNumber"":""64901""}",12,AKSHAY PATEL,2025-04-11T11:22:31.276Z
1829,GJOperations,update,gjOperation,536,"{""changedFields"":""status"",""oldStatus"":""LOADING"",""newStatus"":""READY≈DESP"",""operationId"":536,""referenceNumber"":""64906""}",14,YASH S PATEL,2025-04-11T11:25:52.618Z
1830,GJOperations,update,gjOperation,531,"{""changedFields"":"""",""oldStatus"":""READY≈DESP"",""newStatus"":""READY≈DESP"",""operationId"":531,""referenceNumber"":""64901""}",12,AKSHAY PATEL,2025-04-11T11:30:02.110Z
1831,GJOperations,update,gjOperation,536,"{""changedFields"":"""",""oldStatus"":""READY≈DESP"",""newStatus"":""READY≈DESP"",""operationId"":536,""referenceNumber"":""64906""}",14,YASH S PATEL,2025-04-11T11:30:35.875Z
1832,GJOperations,update,gjOperation,536,"{""changedFields"":"""",""oldStatus"":""READY≈DESP"",""newStatus"":""READY≈DESP"",""operationId"":536,""referenceNumber"":""64906""}",14,YASH S PATEL,2025-04-11T11:30:47.603Z
1833,GJOperations,update,gjOperation,536,"{""changedFields"":"""",""oldStatus"":""READY≈DESP"",""newStatus"":""READY≈DESP"",""operationId"":536,""referenceNumber"":""64906""}",14,YASH S PATEL,2025-04-11T11:31:15.785Z
1834,GJOperations,update,gjOperation,536,"{""changedFields"":"""",""oldStatus"":""READY≈DESP"",""newStatus"":""READY≈DESP"",""operationId"":536,""referenceNumber"":""64906""}",14,YASH S PATEL,2025-04-11T11:31:36.703Z
1835,GJOperations,update,gjOperation,536,"{""changedFields"":""status"",""oldStatus"":""READY≈DESP"",""newStatus"":""LOADING"",""operationId"":536,""referenceNumber"":""64906""}",14,YASH S PATEL,2025-04-11T11:32:01.298Z
1836,GJOperations,update,gjOperation,533,"{""changedFields"":""status"",""oldStatus"":""LOADING"",""newStatus"":""READY≈DESP"",""operationId"":533,""referenceNumber"":""64931""}",15,BHIKHUBHAI PATEL,2025-04-11T11:32:07.765Z
1837,GJOperations,update,gjOperation,533,"{""changedFields"":"""",""oldStatus"":""READY≈DESP"",""newStatus"":""READY≈DESP"",""operationId"":533,""referenceNumber"":""64931""}",15,BHIKHUBHAI PATEL,2025-04-11T11:32:08.255Z
1838,GJOperations,update,gjOperation,533,"{""changedFields"":"""",""oldStatus"":""READY≈DESP"",""newStatus"":""READY≈DESP"",""operationId"":533,""referenceNumber"":""64931""}",15,BHIKHUBHAI PATEL,2025-04-11T11:32:11.616Z
1839,GJOperations,update,gjOperation,536,"{""changedFields"":""status"",""oldStatus"":""LOADING"",""newStatus"":""READY≈DESP"",""operationId"":536,""referenceNumber"":""64906""}",14,YASH S PATEL,2025-04-11T11:32:12.290Z
1840,GJOperations,update,gjOperation,533,"{""changedFields"":""status"",""oldStatus"":""READY≈DESP"",""newStatus"":""LOADING"",""operationId"":533,""referenceNumber"":""64931""}",15,BHIKHUBHAI PATEL,2025-04-11T11:34:03.581Z
1841,GJOperations,update,gjOperation,534,"{""changedFields"":""status"",""oldStatus"":""LOADING"",""newStatus"":""READY≈DESP"",""operationId"":534,""referenceNumber"":""64947""}",16,TEJASH M PATEL,2025-04-11T11:34:20.250Z
1842,GJOperations,update,gjOperation,533,"{""changedFields"":""status"",""oldStatus"":""LOADING"",""newStatus"":""READY≈DESP"",""operationId"":533,""referenceNumber"":""64931""}",15,BHIKHUBHAI PATEL,2025-04-11T11:36:40.482Z
1843,GJOperations,update,gjOperation,533,"{""changedFields"":"""",""oldStatus"":""READY≈DESP"",""newStatus"":""READY≈DESP"",""operationId"":533,""referenceNumber"":""64931""}",15,BHIKHUBHAI PATEL,2025-04-11T11:37:38.000Z
1844,GJOperations,update,gjOperation,535,"{""changedFields"":""status"",""oldStatus"":""LOADING"",""newStatus"":""READY≈DESP"",""operationId"":535,""referenceNumber"":""64933""}",5,BADELAL VARMA,2025-04-11T11:51:04.605Z
1845,GJOperations,update,gjOperation,499,"{""changedFields"":""status"",""oldStatus"":""LOADING"",""newStatus"":""READY≈DESP"",""operationId"":499,""referenceNumber"":""64867""}",6,PRIYANK PATEL,2025-04-11T12:02:20.032Z
1846,GJOperations,update,gjOperation,539,"{""changedFields"":""status"",""oldStatus"":""LOADING"",""newStatus"":""READY≈DESP"",""operationId"":539,""referenceNumber"":""64872""}",3,Yash patel,2025-04-11T12:15:28.561Z
1847,GJOperations,update,gjOperation,537,"{""changedFields"":""status"",""oldStatus"":""LOADING"",""newStatus"":""READY≈DESP"",""operationId"":537,""referenceNumber"":""64851""}",4,YAGNIK PATEL,2025-04-11T12:18:42.910Z
1848,GJOperations,update,gjOperation,468,"{""changedFields"":"""",""oldStatus"":""READY≈DESP"",""newStatus"":""READY≈DESP"",""operationId"":468,""referenceNumber"":""64856""}",14,YASH S PATEL,2025-04-11T12:20:02.280Z
1849,GJOperations,update,gjOperation,468,"{""changedFields"":"""",""oldStatus"":""READY≈DESP"",""newStatus"":""READY≈DESP"",""operationId"":468,""referenceNumber"":""64856""}",14,YASH S PATEL,2025-04-11T12:20:02.815Z
1850,GJOperations,update,gjOperation,468,"{""changedFields"":"""",""oldStatus"":""READY≈DESP"",""newStatus"":""READY≈DESP"",""operationId"":468,""referenceNumber"":""64856""}",14,YASH S PATEL,2025-04-11T12:20:03.366Z
1851,GJOperations,update,gjOperation,468,"{""changedFields"":"""",""oldStatus"":""READY≈DESP"",""newStatus"":""READY≈DESP"",""operationId"":468,""referenceNumber"":""64856""}",14,YASH S PATEL,2025-04-11T12:20:03.548Z
1852,GJOperations,update,gjOperation,468,"{""changedFields"":"""",""oldStatus"":""READY≈DESP"",""newStatus"":""READY≈DESP"",""operationId"":468,""referenceNumber"":""64856""}",14,YASH S PATEL,2025-04-11T12:20:04.063Z
1853,GJOperations,update,gjOperation,498,"{""changedFields"":"""",""oldStatus"":""READY≈DESP"",""newStatus"":""READY≈DESP"",""operationId"":498,""referenceNumber"":""64862""}",6,PRIYANK PATEL,2025-04-11T12:20:27.621Z
1854,GJOperations,update,gjOperation,498,"{""changedFields"":"""",""oldStatus"":""READY≈DESP"",""newStatus"":""READY≈DESP"",""operationId"":498,""referenceNumber"":""64862""}",6,PRIYANK PATEL,2025-04-11T12:20:28.066Z
1861,GJOperations,update,gjOperation,498,"{""changedFields"":"""",""oldStatus"":""READY≈DESP"",""newStatus"":""READY≈DESP"",""operationId"":498,""referenceNumber"":""64862""}",6,PRIYANK PATEL,2025-04-11T12:20:31.284Z
1862,GJOperations,update,gjOperation,498,"{""changedFields"":"""",""oldStatus"":""READY≈DESP"",""newStatus"":""READY≈DESP"",""operationId"":498,""referenceNumber"":""64862""}",6,PRIYANK PATEL,2025-04-11T12:20:31.558Z
1864,GJOperations,update,gjOperation,540,"{""changedFields"":""status"",""oldStatus"":""LOADING"",""newStatus"":""READY≈DESP"",""operationId"":540,""referenceNumber"":""64904""}",4,YAGNIK PATEL,2025-04-11T13:00:12.606Z
1869,GJOperations,update,gjOperation,544,"{""changedFields"":"""",""oldStatus"":""LOADING"",""newStatus"":""LOADING"",""operationId"":544,""referenceNumber"":""64928""}",11,DIVYANG PATEL,2025-04-11T13:22:24.119Z
1855,GJOperations,update,gjOperation,498,"{""changedFields"":"""",""oldStatus"":""READY≈DESP"",""newStatus"":""READY≈DESP"",""operationId"":498,""referenceNumber"":""64862""}",6,PRIYANK PATEL,2025-04-11T12:20:28.822Z
1857,GJOperations,update,gjOperation,498,"{""changedFields"":"""",""oldStatus"":""READY≈DESP"",""newStatus"":""READY≈DESP"",""operationId"":498,""referenceNumber"":""64862""}",6,PRIYANK PATEL,2025-04-11T12:20:29.730Z
1856,GJOperations,update,gjOperation,498,"{""changedFields"":"""",""oldStatus"":""READY≈DESP"",""newStatus"":""READY≈DESP"",""operationId"":498,""referenceNumber"":""64862""}",6,PRIYANK PATEL,2025-04-11T12:20:29.097Z
1858,GJOperations,update,gjOperation,498,"{""changedFields"":"""",""oldStatus"":""READY≈DESP"",""newStatus"":""READY≈DESP"",""operationId"":498,""referenceNumber"":""64862""}",6,PRIYANK PATEL,2025-04-11T12:20:29.975Z
1860,GJOperations,update,gjOperation,498,"{""changedFields"":"""",""oldStatus"":""READY≈DESP"",""newStatus"":""READY≈DESP"",""operationId"":498,""referenceNumber"":""64862""}",6,PRIYANK PATEL,2025-04-11T12:20:30.457Z
1859,GJOperations,update,gjOperation,498,"{""changedFields"":"""",""oldStatus"":""READY≈DESP"",""newStatus"":""READY≈DESP"",""operationId"":498,""referenceNumber"":""64862""}",6,PRIYANK PATEL,2025-04-11T12:20:30.105Z
1863,GJOperations,update,gjOperation,498,"{""changedFields"":"""",""oldStatus"":""READY≈DESP"",""newStatus"":""READY≈DESP"",""operationId"":498,""referenceNumber"":""64862""}",6,PRIYANK PATEL,2025-04-11T12:20:32.069Z
1865,GJOperations,update,gjOperation,542,"{""changedFields"":""status"",""oldStatus"":""LOADING"",""newStatus"":""READY≈DESP"",""operationId"":542,""referenceNumber"":""64905""}",4,YAGNIK PATEL,2025-04-11T13:00:54.270Z
1866,GJOperations,update,gjOperation,525,"{""changedFields"":""status"",""oldStatus"":""LOADING"",""newStatus"":""READY≈DESP"",""operationId"":525,""referenceNumber"":""64937""}",14,YASH S PATEL,2025-04-11T13:01:23.069Z
1867,GJOperations,update,gjOperation,541,"{""changedFields"":""status"",""oldStatus"":""LOADING"",""newStatus"":""READY≈DESP"",""operationId"":541,""referenceNumber"":""64905""}",4,YAGNIK PATEL,2025-04-11T13:02:06.640Z
1868,GJOperations,update,gjOperation,529,"{""changedFields"":""status"",""oldStatus"":""LOADING"",""newStatus"":""READY≈DESP"",""operationId"":529,""referenceNumber"":""64899""}",15,BHIKHUBHAI PATEL,2025-04-11T13:02:17.764Z
1870,GJOperations,update,gjOperation,544,"{""changedFields"":""status"",""oldStatus"":""LOADING"",""newStatus"":""READY≈DESP"",""operationId"":544,""referenceNumber"":""64928""}",11,DIVYANG PATEL,2025-04-11T13:25:51.386Z
1871,GJOperations,update,gjOperation,546,"{""changedFields"":"""",""oldStatus"":""LOADING"",""newStatus"":""LOADING"",""operationId"":546,""referenceNumber"":""64927""}",11,DIVYANG PATEL,2025-04-11T13:32:12.331Z
1872,GJOperations,update,gjOperation,548,"{""changedFields"":"""",""oldStatus"":""LOADING"",""newStatus"":""LOADING"",""operationId"":548,""referenceNumber"":""64914""}",11,DIVYANG PATEL,2025-04-11T15:15:49.298Z
1873,GJOperations,update,gjOperation,548,"{""changedFields"":""status"",""oldStatus"":""LOADING"",""newStatus"":""READY≈DESP"",""operationId"":548,""referenceNumber"":""64914""}",11,DIVYANG PATEL,2025-04-11T16:13:36.645Z
1874,GJOperations,update,gjOperation,543,"{""changedFields"":""status"",""oldStatus"":""LOADING"",""newStatus"":""READY≈DESP"",""operationId"":543,""referenceNumber"":""64926""}",6,PRIYANK PATEL,2025-04-11T16:13:41.502Z
1875,GJOperations,update,gjOperation,549,"{""changedFields"":"""",""oldStatus"":""LOADING"",""newStatus"":""LOADING"",""operationId"":549,""referenceNumber"":""64925""}",11,DIVYANG PATEL,2025-04-11T16:18:14.891Z
1876,GJOperations,update,gjOperation,549,"{""changedFields"":""status"",""oldStatus"":""LOADING"",""newStatus"":""READY≈DESP"",""operationId"":549,""referenceNumber"":""64925""}",11,DIVYANG PATEL,2025-04-11T16:27:35.095Z
1877,GJOperations,update,gjOperation,546,"{""changedFields"":""status"",""oldStatus"":""LOADING"",""newStatus"":""READY≈DESP"",""operationId"":546,""referenceNumber"":""64927""}",11,DIVYANG PATEL,2025-04-11T17:26:08.115Z
1878,GJOperations,update,gjOperation,546,"{""changedFields"":"""",""oldStatus"":""READY≈DESP"",""newStatus"":""READY≈DESP"",""operationId"":546,""referenceNumber"":""64927""}",11,DIVYANG PATEL,2025-04-11T17:26:18.448Z
1879,GJOperations,update,gjOperation,549,"{""changedFields"":""status"",""oldStatus"":""READY≈DESP"",""newStatus"":""LOADING"",""operationId"":549,""referenceNumber"":""64925""}",11,DIVYANG PATEL,2025-04-11T19:36:50.162Z
1880,GJOperations,update,gjOperation,550,"{""changedFields"":""status"",""oldStatus"":""LOADING"",""newStatus"":""READY≈DESP"",""operationId"":550,""referenceNumber"":""64912""}",11,DIVYANG PATEL,2025-04-12T03:59:06.020Z
1881,GJOperations,update,gjOperation,551,"{""changedFields"":""status"",""oldStatus"":""LOADING"",""newStatus"":""READY≈DESP"",""operationId"":551,""referenceNumber"":""64911""}",4,YAGNIK PATEL,2025-04-12T04:04:39.027Z