id,gj_operations_id,product_id,quantity,original_quantity,loaded_quantity,loaded,created_at,sr_no,barcode,item_name,sr_no_display
1,25,,60,60,0,false,2025-04-06T05:45:37.931Z,,8906010500023,15GM*192 CRUNCHEM SIMPLY SALTED WAFERS,C001
2,25,,60,60,0,false,2025-04-06T05:45:38.018Z,,8906010500481,15GM*192 CRUNCHEM TOMATO TWIST WAFERS,C004
3,25,,90,90,0,false,2025-04-06T05:45:38.093Z,,8906010501570,30GM*120 CRUNCHEX CHILI TADKA WAFERS,C016
4,25,,96,96,0,false,2025-04-06T05:45:38.170Z,,8906010501228,22GM*120 SCOOPITOS MASALA,C027
5,25,,184,168,0,false,2025-04-06T05:45:38.245Z,,8906010500900,22GM*120 WHEELOS MASALA,C032
6,25,,48,48,0,false,2025-04-06T05:45:38.320Z,,8906010503444,22GM*144 FUNNE SPICY PUNCH,C033
7,25,,24,24,0,false,2025-04-06T05:45:38.396Z,,8906010502973,25GM*192 PAPDI GATHIYA,C039
8,25,,72,72,0,false,2025-04-06T05:45:38.471Z,,8906010503451,22GM*144 NOODLE STICKS MASALA,C040
9,25,,32,32,0,false,2025-04-06T05:45:38.547Z,,8906010502232,22GM*240 PUNJABI TADKA,C042
10,25,,30,30,0,false,2025-04-06T05:45:38.623Z,,8906010500337,22GM*240 ALOO SEV,C121
11,25,,30,30,0,false,2025-04-06T05:45:38.698Z,,8906010500368,25GM*240 TIKHA MITHA MIX,C127
12,25,,30,30,0,false,2025-04-06T05:45:38.773Z,,8906010500399,25GM*240 KHATA MITHA MIX,C128
13,25,,72,72,0,false,2025-04-06T05:45:38.848Z,,8906010500078,22GM*240 FARALI CHEVDO,C149
14,24,,90,90,0,false,2025-04-06T05:45:38.923Z,,8906010500023,15GM*192 CRUNCHEM SIMPLY SALTED WAFERS,C001
15,24,,5,5,0,false,2025-04-06T05:45:38.999Z,,8906010500047,15GM*192 CRUNCHEM MASALA MASTI WAFERS,C002
16,24,,10,10,0,false,2025-04-06T05:45:39.074Z,,8906010500818,15GM*192 CRUNCHEM CREAM & ONION WAFERS,C003
17,24,,30,30,0,false,2025-04-06T05:45:39.149Z,,8906010500481,15GM*192 CRUNCHEM TOMATO TWIST WAFERS,C004
18,24,,5,5,0,false,2025-04-06T05:45:39.225Z,,8906010500474,15GM*192 CRUNCHEM CHAT CHASKA WAFERS,C005
19,24,,15,15,0,false,2025-04-06T05:45:39.300Z,,8906010500016,30GM*120 CRUNCHEM SIMPLY SALTED WAFERS,C007
20,24,,10,10,0,false,2025-04-06T05:45:39.375Z,,8906010501570,30GM*120 CRUNCHEX CHILI TADKA WAFERS,C016
21,24,,20,20,0,false,2025-04-06T05:45:39.450Z,,8906010502294,22GM*192 AMAIZE FLAMIN' HOT NACHOS,C019
22,24,,48,48,0,false,2025-04-06T05:45:39.525Z,,8906010501228,22GM*120 SCOOPITOS MASALA,C027
23,24,,20,20,0,false,2025-04-06T05:45:39.600Z,,0_5,22GM*144 POP RINGS MASALA,C029
24,24,,12,12,0,false,2025-04-06T05:45:39.675Z,,8906010504724,22GM*120 SNACK'EM PONGA PLAIN,C031
25,24,,97,72,0,false,2025-04-06T05:45:39.750Z,,8906010500900,22GM*120 WHEELOS MASALA,C032
26,24,,48,48,0,false,2025-04-06T05:45:39.825Z,,8906010503444,22GM*144 FUNNE SPICY PUNCH,C033
27,24,,24,24,0,false,2025-04-06T05:45:39.900Z,,8906010500764,25GM*240 C.P.NAMKIN {MASALA MASTI},C035
28,24,,24,24,0,false,2025-04-06T05:45:39.976Z,,8906010502119,25GM*240 C.P.NAMKIN {FLAMIN HOT},C038
29,24,,25,25,0,false,2025-04-06T05:45:40.051Z,,0_7,25GM*120 GIPPI TORNADO FLAMIN CHILLI,C041
30,24,,32,32,0,false,2025-04-06T05:45:40.127Z,,8906010502232,22GM*240 PUNJABI TADKA,C042
31,24,,90,90,0,false,2025-04-06T05:45:40.202Z,,8906010500245,25GM*240 MASALA SEV MURMURA,C044
32,24,,2,2,0,false,2025-04-06T05:45:40.277Z,,8906010502041,22GM*240 BHEL MIX,C046
33,24,,5,5,0,false,2025-04-06T05:45:40.353Z,,8906010503512,135GM*24 CRUNCHEM SIMPLY SALTED WAFERS,C052
34,24,,5,5,0,false,2025-04-06T05:45:40.428Z,,8906010503550,135GM*24 CRUNCHEM CREAM & ONION WAFERS,C054
35,24,,2,2,0,false,2025-04-06T05:45:40.503Z,,8906010504120,24GM*40PKT*6 DUMBAR PEANUT CHIKKI,C062
36,24,,2,2,0,false,2025-04-06T05:45:40.578Z,,8906010500351,210GM*20 ALOO SEV,C088
37,24,,10,10,0,false,2025-04-06T05:45:40.653Z,,8906010501822,70GM*100 GIPPI MASALA NOODLES,C089
38,24,,2,2,0,false,2025-04-06T05:45:40.728Z,,8906010503697,240GM*20 KHATA MITHA MIX,C093
39,24,,5,5,0,false,2025-04-06T05:45:40.803Z,,8906010500382,240GM*20 TIKHA MITHA MIX,C094
40,24,,2,2,0,false,2025-04-06T05:45:40.878Z,,8906010502478,500GM*10 KHATA MITHA MIX,C105
41,24,,25,25,0,false,2025-04-06T05:45:40.954Z,,8906010500559,22GM*240 MAGDAL,C118
42,24,,15,15,0,false,2025-04-06T05:45:41.029Z,,8906010500863,22GM*288 NIMBU CHATKA SHING BHUJIA,C120
43,24,,5,5,0,false,2025-04-06T05:45:41.105Z,,8906010500337,22GM*240 ALOO SEV,C121
44,24,,5,5,0,false,2025-04-06T05:45:41.180Z,,8906010500429,25GM*240 GATHIYA,C123
45,24,,10,10,0,false,2025-04-06T05:45:41.256Z,,8906010500702,25GM*240 CHANADAL,C125
46,24,,5,5,0,false,2025-04-06T05:45:41.343Z,,8906010500368,25GM*240 TIKHA MITHA MIX,C127
47,24,,5,5,0,false,2025-04-06T05:45:41.428Z,,8906010500399,25GM*240 KHATA MITHA MIX,C128
48,24,,12,12,0,false,2025-04-06T05:45:41.503Z,,8906010502683,40GM*30 SALTED PEANUTS,C144
49,24,,5,5,0,false,2025-04-06T05:45:41.578Z,,8906010503949,25GM*240 C.P NAMKIN (LASANIYA),C148
50,24,,24,24,0,false,2025-04-06T05:45:41.653Z,,8906010500078,22GM*240 FARALI CHEVDO,C149
51,24,,12,12,0,false,2025-04-06T05:45:41.728Z,,8906010504359,22GM*120 SNACK'EM CHOKDI MASALA,C160
52,24,,6,6,0,false,2025-04-06T05:45:41.803Z,,8906010504205,22GM*120 SNACK'EM PONGA MASALA,C161
53,22,,30,30,0,false,2025-04-06T05:45:41.878Z,,8906010500023,15GM*192 CRUNCHEM SIMPLY SALTED WAFERS,C001
54,22,,30,30,0,false,2025-04-06T05:45:41.953Z,,8906010502294,22GM*192 AMAIZE FLAMIN' HOT NACHOS,C019
55,22,,20,20,0,false,2025-04-06T05:45:42.028Z,,8906010502829,45GM*120 AMAIZE SIMPLY SALTED NACHOS,C022
56,71,,5,5,0,false,2025-04-06T05:45:42.104Z,,8906010500221,45GM*144 MAGDAL,C134
57,22,,30,30,0,false,2025-04-06T05:45:42.180Z,,8906010502300,45GM*120 AMAIZE FLAMIN' HOT NACHOS,C024
58,22,,30,30,0,false,2025-04-06T05:45:42.254Z,,8906010502355,45GM*120 AMAIZE CHEESE CHILLI NACHOS,C025
59,22,,96,96,0,false,2025-04-06T05:45:42.329Z,,8906010501228,22GM*120 SCOOPITOS MASALA,C027
60,22,,30,30,0,false,2025-04-06T05:45:42.404Z,,0_6,22GM*144 POP RINGS YUMMY CHEESE,C030
61,22,,48,48,0,false,2025-04-06T05:45:42.480Z,,8906010500900,22GM*120 WHEELOS MASALA,C032
62,22,,72,72,0,false,2025-04-06T05:45:42.554Z,,8906010500764,25GM*240 C.P.NAMKIN {MASALA MASTI},C035
63,22,,48,48,0,false,2025-04-06T05:45:42.629Z,,8906010500627,25GM*240 C.P.NAMKIN {TANGY TOMATO},C036
64,22,,30,30,0,false,2025-04-06T05:45:42.704Z,,8906010500894,25GM*240 C.P.NAMKIN {CHINESE CHATKA},C037
65,22,,24,24,0,false,2025-04-06T05:45:42.779Z,,8906010502119,25GM*240 C.P.NAMKIN {FLAMIN HOT},C038
66,22,,72,72,0,false,2025-04-06T05:45:42.854Z,,8906010502973,25GM*192 PAPDI GATHIYA,C039
67,22,,24,24,0,false,2025-04-06T05:45:42.929Z,,8906010503451,22GM*144 NOODLE STICKS MASALA,C040
68,22,,64,64,0,false,2025-04-06T05:45:43.004Z,,8906010502232,22GM*240 PUNJABI TADKA,C042
69,22,,10,10,0,false,2025-04-06T05:45:43.079Z,,8906010501822,70GM*100 GIPPI MASALA NOODLES,C089
70,22,,90,90,0,false,2025-04-06T05:45:43.156Z,,8906010500559,22GM*240 MAGDAL,C118
71,22,,30,30,0,false,2025-04-06T05:45:43.231Z,,8906010500276,22GM*288 SHING BHUJIA,C119
72,22,,32,32,0,false,2025-04-06T05:45:43.307Z,,8906010500429,25GM*240 GATHIYA,C123
73,22,,30,30,0,false,2025-04-06T05:45:43.382Z,,8906010500702,25GM*240 CHANADAL,C125
74,22,,30,30,0,false,2025-04-06T05:45:43.457Z,,8906010500368,25GM*240 TIKHA MITHA MIX,C127
75,22,,5,5,0,false,2025-04-06T05:45:43.532Z,,8906010500399,25GM*240 KHATA MITHA MIX,C128
76,22,,5,5,0,false,2025-04-06T05:45:43.608Z,,8906010504199,22GM*240 KATAK BATAK CHILLI LEMON,C154
77,22,,5,5,0,false,2025-04-06T05:45:43.686Z,,8906010504298,70GM*100 GIPPI FLAMIN' CHILLI NOODLES,C187
78,22,,5,5,0,false,2025-04-06T05:45:43.761Z,,8906010504281,13GM*24PKT*12JAR OLEE CHOCO STIX,EOO1
79,50,,15,15,0,false,2025-04-06T05:45:43.836Z,,8906010502294,22GM*192 AMAIZE FLAMIN' HOT NACHOS,C019
80,50,,20,25,0,false,2025-04-06T05:45:43.911Z,,0_5,22GM*144 POP RINGS MASALA,C029
81,50,,72,72,0,false,2025-04-06T05:45:43.987Z,,8906010500900,22GM*120 WHEELOS MASALA,C032
82,50,,216,216,0,false,2025-04-06T05:45:44.062Z,,8906010500764,25GM*240 C.P.NAMKIN {MASALA MASTI},C035
83,50,,72,72,0,false,2025-04-06T05:45:44.136Z,,8906010500627,25GM*240 C.P.NAMKIN {TANGY TOMATO},C036
84,50,,48,48,0,false,2025-04-06T05:45:44.210Z,,8906010502119,25GM*240 C.P.NAMKIN {FLAMIN HOT},C038
85,50,,60,60,0,false,2025-04-06T05:45:44.286Z,,8906010500214,25GM*240 SEV MURMURA,C043
86,50,,180,180,0,false,2025-04-06T05:45:44.361Z,,8906010500245,25GM*240 MASALA SEV MURMURA,C044
87,50,,15,15,0,false,2025-04-06T05:45:44.437Z,,8906010502041,22GM*240 BHEL MIX,C046
88,50,,20,20,0,false,2025-04-06T05:45:44.511Z,,8906010501822,70GM*100 GIPPI MASALA NOODLES,C089
89,50,,72,72,0,false,2025-04-06T05:45:44.587Z,,8906010500078,22GM*240 FARALI CHEVDO,C149
90,51,,30,30,0,false,2025-04-06T05:45:44.661Z,,8906010500023,15GM*192 CRUNCHEM SIMPLY SALTED WAFERS,C001
91,51,,15,15,0,false,2025-04-06T05:45:44.736Z,,8906010500047,15GM*192 CRUNCHEM MASALA MASTI WAFERS,C002
92,51,,30,30,0,false,2025-04-06T05:45:44.811Z,,8906010500818,15GM*192 CRUNCHEM CREAM & ONION WAFERS,C003
93,51,,15,15,0,false,2025-04-06T05:45:44.922Z,,8906010500481,15GM*192 CRUNCHEM TOMATO TWIST WAFERS,C004
94,51,,15,15,0,false,2025-04-06T05:45:44.997Z,,8906010500474,15GM*192 CRUNCHEM CHAT CHASKA WAFERS,C005
95,51,,30,30,0,false,2025-04-06T05:45:45.072Z,,8906010502492,15GM*192 CRUNCHEM PERI PERI WAFERS,C006
96,51,,15,15,0,false,2025-04-06T05:45:45.147Z,,8906010500016,30GM*120 CRUNCHEM SIMPLY SALTED WAFERS,C007
97,51,,10,10,0,false,2025-04-06T05:45:45.222Z,,8906010500870,30GM*120 CRUNCHEM CREAM & ONION WAFERS,C009
98,51,,5,5,0,false,2025-04-06T05:45:45.298Z,,8906010501198,30GM*120 CRUNCHEM PIZZY MASALA WAFERS,C010
99,51,,5,5,0,false,2025-04-06T05:45:45.373Z,,8906010501952,30GM*120 RUMBLES PUDINA TWIST WAFERS,C011
100,51,,5,5,0,false,2025-04-06T05:45:45.448Z,,8906010500535,30GM*120 CRUNCHEM CHAT CHASKA WAFERS,C013
101,51,,10,10,0,false,2025-04-06T05:45:45.523Z,,8906010502508,30GM*120 CRUNCHEM PERI PERI WAFERS,C014
102,51,,3,3,0,false,2025-04-06T05:45:45.598Z,,8906010500092,30GM*120 CRUNCHEX SALTED WAFERS,C015
103,51,,5,5,0,false,2025-04-06T05:45:45.673Z,,8906010501570,30GM*120 CRUNCHEX CHILI TADKA WAFERS,C016
104,51,,2,2,0,false,2025-04-06T05:45:45.748Z,,8906010504304,30GM*120 CRUNCHEX MIRCH MASALA WAFERS,C017
105,51,,30,30,0,false,2025-04-06T05:45:45.823Z,,8906010502294,22GM*192 AMAIZE FLAMIN' HOT NACHOS,C019
106,51,,3,3,0,false,2025-04-06T05:45:45.900Z,,0_4,25GM*240 AMAIZE JALAPENO CORN CHIPS,C021
107,51,,5,5,0,false,2025-04-06T05:45:45.975Z,,8906010502300,45GM*120 AMAIZE FLAMIN' HOT NACHOS,C024
108,51,,48,48,0,false,2025-04-06T05:45:46.050Z,,8906010501228,22GM*120 SCOOPITOS MASALA,C027
109,51,,15,15,0,false,2025-04-06T05:45:46.125Z,,0_5,22GM*144 POP RINGS MASALA,C029
110,51,,20,20,0,false,2025-04-06T05:45:46.200Z,,0_6,22GM*144 POP RINGS YUMMY CHEESE,C030
111,51,,24,24,0,false,2025-04-06T05:45:46.275Z,,8906010500900,22GM*120 WHEELOS MASALA,C032
112,51,,12,12,0,false,2025-04-06T05:45:46.350Z,,8906010503444,22GM*144 FUNNE SPICY PUNCH,C033
113,51,,24,24,0,false,2025-04-06T05:45:46.425Z,,8906010500764,25GM*240 C.P.NAMKIN {MASALA MASTI},C035
114,51,,10,10,0,false,2025-04-06T05:45:46.500Z,,8906010500627,25GM*240 C.P.NAMKIN {TANGY TOMATO},C036
115,51,,5,5,0,false,2025-04-06T05:45:46.578Z,,8906010500894,25GM*240 C.P.NAMKIN {CHINESE CHATKA},C037
116,51,,24,24,0,false,2025-04-06T05:45:46.653Z,,8906010502119,25GM*240 C.P.NAMKIN {FLAMIN HOT},C038
117,51,,10,10,0,false,2025-04-06T05:45:46.728Z,,8906010502973,25GM*192 PAPDI GATHIYA,C039
118,51,,12,12,0,false,2025-04-06T05:45:46.803Z,,8906010503451,22GM*144 NOODLE STICKS MASALA,C040
119,51,,8,8,0,false,2025-04-06T05:45:46.878Z,,0_7,25GM*120 GIPPI TORNADO FLAMIN CHILLI,C041
120,51,,48,48,0,false,2025-04-06T05:45:46.953Z,,8906010502232,22GM*240 PUNJABI TADKA,C042
121,51,,15,15,0,false,2025-04-06T05:45:47.028Z,,8906010500214,25GM*240 SEV MURMURA,C043
122,51,,30,30,0,false,2025-04-06T05:45:47.103Z,,8906010500245,25GM*240 MASALA SEV MURMURA,C044
123,51,,10,10,0,false,2025-04-06T05:45:47.178Z,,8906010502041,22GM*240 BHEL MIX,C046
124,51,,3,3,0,false,2025-04-06T05:45:47.253Z,,8906010503550,135GM*24 CRUNCHEM CREAM & ONION WAFERS,C054
125,51,,2,2,0,false,2025-04-06T05:45:47.329Z,,8906010503611,135GM*24 CRUNCHEX CHILI TADKA WAFERS,C059
126,51,,2,2,0,false,2025-04-06T05:45:47.404Z,,8906010500511,50GM*120 C.P.NAMKIN (MASALA MASTI),C060
127,51,,2,2,0,false,2025-04-06T05:45:47.479Z,,8906010504120,24GM*40PKT*6 DUMBAR PEANUT CHIKKI,C062
128,51,,2,2,0,false,2025-04-06T05:45:47.554Z,,8906010503574,16GM*24PKT*12JAR RICH CHOCOLATE CREAM WAFERS,C066
129,51,,1,1,0,false,2025-04-06T05:45:47.629Z,,8906010503260,16GM*24PKT*12JAR JUICY STRAWBERRY CREAM WAFERS,C068
130,51,,1,1,0,false,2025-04-06T05:45:47.704Z,,8906010503871,16GM*24PKT*12JAR YUMMY VANILLA CREAM WAFERS,C069
131,51,,6,6,0,false,2025-04-06T05:45:47.779Z,,8906010501242,45GM*72 WHEELOS MASALA,C070
132,51,,30,30,0,false,2025-04-06T05:45:47.854Z,,8906010501822,70GM*100 GIPPI MASALA NOODLES,C089
133,51,,35,35,0,false,2025-04-06T05:45:47.929Z,,8906010500559,22GM*240 MAGDAL,C118
134,51,,10,10,0,false,2025-04-06T05:45:48.005Z,,8906010500276,22GM*288 SHING BHUJIA,C119
135,51,,30,30,0,false,2025-04-06T05:45:48.081Z,,8906010500337,22GM*240 ALOO SEV,C121
136,51,,8,8,0,false,2025-04-06T05:45:48.165Z,,8906010500429,25GM*240 GATHIYA,C123
137,51,,3,3,0,false,2025-04-06T05:45:48.241Z,,8906010500306,25GM*240 RATLAMI SEV,C124
138,51,,5,5,0,false,2025-04-06T05:45:48.316Z,,8906010500702,25GM*240 CHANADAL,C125
139,51,,10,10,0,false,2025-04-06T05:45:48.391Z,,8906010500368,25GM*240 TIKHA MITHA MIX,C127
140,51,,15,15,0,false,2025-04-06T05:45:48.468Z,,8906010503949,25GM*240 C.P NAMKIN (LASANIYA),C148
141,51,,6,6,0,false,2025-04-06T05:45:48.551Z,,8906010500078,22GM*240 FARALI CHEVDO,C149
142,51,,10,10,0,false,2025-04-06T05:45:48.626Z,,8906010504298,70GM*100 GIPPI FLAMIN' CHILLI NOODLES,C187
143,52,,60,60,0,false,2025-04-06T05:45:48.701Z,,8906010500023,15GM*192 CRUNCHEM SIMPLY SALTED WAFERS,C001
144,52,,30,30,0,false,2025-04-06T05:45:48.776Z,,8906010500474,15GM*192 CRUNCHEM CHAT CHASKA WAFERS,C005
145,52,,15,15,0,false,2025-04-06T05:45:48.851Z,,8906010500016,30GM*120 CRUNCHEM SIMPLY SALTED WAFERS,C007
146,52,,15,15,0,false,2025-04-06T05:45:48.926Z,,8906010500870,30GM*120 CRUNCHEM CREAM & ONION WAFERS,C009
147,25,,60,60,0,false,2025-04-06T05:46:36.597Z,,8906010500023,15GM*192 CRUNCHEM SIMPLY SALTED WAFERS,C001
148,25,,60,60,0,false,2025-04-06T05:46:36.673Z,,8906010500481,15GM*192 CRUNCHEM TOMATO TWIST WAFERS,C004
149,25,,90,90,0,false,2025-04-06T05:46:36.748Z,,8906010501570,30GM*120 CRUNCHEX CHILI TADKA WAFERS,C016
150,25,,96,96,0,false,2025-04-06T05:46:36.823Z,,8906010501228,22GM*120 SCOOPITOS MASALA,C027
151,25,,184,168,0,false,2025-04-06T05:46:36.898Z,,8906010500900,22GM*120 WHEELOS MASALA,C032
152,25,,48,48,0,false,2025-04-06T05:46:36.974Z,,8906010503444,22GM*144 FUNNE SPICY PUNCH,C033
153,25,,24,24,0,false,2025-04-06T05:46:37.049Z,,8906010502973,25GM*192 PAPDI GATHIYA,C039
154,25,,72,72,0,false,2025-04-06T05:46:37.123Z,,8906010503451,22GM*144 NOODLE STICKS MASALA,C040
155,25,,32,32,0,false,2025-04-06T05:46:37.197Z,,8906010502232,22GM*240 PUNJABI TADKA,C042
156,25,,30,30,0,false,2025-04-06T05:46:37.272Z,,8906010500337,22GM*240 ALOO SEV,C121
157,25,,30,30,0,false,2025-04-06T05:46:37.347Z,,8906010500368,25GM*240 TIKHA MITHA MIX,C127
158,25,,30,30,0,false,2025-04-06T05:46:37.423Z,,8906010500399,25GM*240 KHATA MITHA MIX,C128
159,25,,72,72,0,false,2025-04-06T05:46:37.498Z,,8906010500078,22GM*240 FARALI CHEVDO,C149
160,24,,90,90,0,false,2025-04-06T05:46:37.573Z,,8906010500023,15GM*192 CRUNCHEM SIMPLY SALTED WAFERS,C001
161,24,,5,5,0,false,2025-04-06T05:46:37.648Z,,8906010500047,15GM*192 CRUNCHEM MASALA MASTI WAFERS,C002
162,24,,10,10,0,false,2025-04-06T05:46:37.723Z,,8906010500818,15GM*192 CRUNCHEM CREAM & ONION WAFERS,C003
163,24,,30,30,0,false,2025-04-06T05:46:37.798Z,,8906010500481,15GM*192 CRUNCHEM TOMATO TWIST WAFERS,C004
164,24,,5,5,0,false,2025-04-06T05:46:37.872Z,,8906010500474,15GM*192 CRUNCHEM CHAT CHASKA WAFERS,C005
165,24,,15,15,0,false,2025-04-06T05:46:37.947Z,,8906010500016,30GM*120 CRUNCHEM SIMPLY SALTED WAFERS,C007
166,24,,10,10,0,false,2025-04-06T05:46:38.022Z,,8906010501570,30GM*120 CRUNCHEX CHILI TADKA WAFERS,C016
167,24,,20,20,0,false,2025-04-06T05:46:38.097Z,,8906010502294,22GM*192 AMAIZE FLAMIN' HOT NACHOS,C019
168,24,,48,48,0,false,2025-04-06T05:46:38.174Z,,8906010501228,22GM*120 SCOOPITOS MASALA,C027
169,24,,20,20,0,false,2025-04-06T05:46:38.249Z,,0_5,22GM*144 POP RINGS MASALA,C029
170,24,,12,12,0,false,2025-04-06T05:46:38.324Z,,8906010504724,22GM*120 SNACK'EM PONGA PLAIN,C031
171,24,,97,72,0,false,2025-04-06T05:46:38.399Z,,8906010500900,22GM*120 WHEELOS MASALA,C032
172,24,,48,48,0,false,2025-04-06T05:46:38.473Z,,8906010503444,22GM*144 FUNNE SPICY PUNCH,C033
173,24,,24,24,0,false,2025-04-06T05:46:38.548Z,,8906010500764,25GM*240 C.P.NAMKIN {MASALA MASTI},C035
174,24,,24,24,0,false,2025-04-06T05:46:38.623Z,,8906010502119,25GM*240 C.P.NAMKIN {FLAMIN HOT},C038
175,24,,25,25,0,false,2025-04-06T05:46:38.697Z,,0_7,25GM*120 GIPPI TORNADO FLAMIN CHILLI,C041
176,24,,32,32,0,false,2025-04-06T05:46:38.773Z,,8906010502232,22GM*240 PUNJABI TADKA,C042
177,24,,90,90,0,false,2025-04-06T05:46:38.852Z,,8906010500245,25GM*240 MASALA SEV MURMURA,C044
178,24,,2,2,0,false,2025-04-06T05:46:38.927Z,,8906010502041,22GM*240 BHEL MIX,C046
179,24,,5,5,0,false,2025-04-06T05:46:39.002Z,,8906010503512,135GM*24 CRUNCHEM SIMPLY SALTED WAFERS,C052
180,24,,5,5,0,false,2025-04-06T05:46:39.076Z,,8906010503550,135GM*24 CRUNCHEM CREAM & ONION WAFERS,C054
181,24,,2,2,0,false,2025-04-06T05:46:39.151Z,,8906010504120,24GM*40PKT*6 DUMBAR PEANUT CHIKKI,C062
182,24,,2,2,0,false,2025-04-06T05:46:39.226Z,,8906010500351,210GM*20 ALOO SEV,C088
183,24,,10,10,0,false,2025-04-06T05:46:39.301Z,,8906010501822,70GM*100 GIPPI MASALA NOODLES,C089
184,24,,2,2,0,false,2025-04-06T05:46:39.376Z,,8906010503697,240GM*20 KHATA MITHA MIX,C093
185,24,,5,5,0,false,2025-04-06T05:46:39.451Z,,8906010500382,240GM*20 TIKHA MITHA MIX,C094
186,24,,2,2,0,false,2025-04-06T05:46:39.525Z,,8906010502478,500GM*10 KHATA MITHA MIX,C105
187,24,,25,25,0,false,2025-04-06T05:46:39.600Z,,8906010500559,22GM*240 MAGDAL,C118
188,24,,15,15,0,false,2025-04-06T05:46:39.675Z,,8906010500863,22GM*288 NIMBU CHATKA SHING BHUJIA,C120
189,24,,5,5,0,false,2025-04-06T05:46:39.750Z,,8906010500337,22GM*240 ALOO SEV,C121
190,24,,5,5,0,false,2025-04-06T05:46:39.824Z,,8906010500429,25GM*240 GATHIYA,C123
191,24,,10,10,0,false,2025-04-06T05:46:39.899Z,,8906010500702,25GM*240 CHANADAL,C125
192,24,,5,5,0,false,2025-04-06T05:46:39.975Z,,8906010500368,25GM*240 TIKHA MITHA MIX,C127
193,24,,5,5,0,false,2025-04-06T05:46:40.049Z,,8906010500399,25GM*240 KHATA MITHA MIX,C128
194,24,,12,12,0,false,2025-04-06T05:46:40.125Z,,8906010502683,40GM*30 SALTED PEANUTS,C144
195,24,,5,5,0,false,2025-04-06T05:46:40.200Z,,8906010503949,25GM*240 C.P NAMKIN (LASANIYA),C148
196,24,,24,24,0,false,2025-04-06T05:46:40.275Z,,8906010500078,22GM*240 FARALI CHEVDO,C149
197,24,,12,12,0,false,2025-04-06T05:46:40.349Z,,8906010504359,22GM*120 SNACK'EM CHOKDI MASALA,C160
198,24,,6,6,0,false,2025-04-06T05:46:40.424Z,,8906010504205,22GM*120 SNACK'EM PONGA MASALA,C161
199,22,,30,30,0,false,2025-04-06T05:46:40.499Z,,8906010500023,15GM*192 CRUNCHEM SIMPLY SALTED WAFERS,C001
200,22,,30,30,0,false,2025-04-06T05:46:40.574Z,,8906010502294,22GM*192 AMAIZE FLAMIN' HOT NACHOS,C019
201,22,,20,20,0,false,2025-04-06T05:46:40.650Z,,8906010502829,45GM*120 AMAIZE SIMPLY SALTED NACHOS,C022
202,71,,5,5,0,false,2025-04-06T05:46:40.725Z,,8906010500221,45GM*144 MAGDAL,C134
203,22,,30,30,0,false,2025-04-06T05:46:40.800Z,,8906010502300,45GM*120 AMAIZE FLAMIN' HOT NACHOS,C024
204,22,,30,30,0,false,2025-04-06T05:46:40.875Z,,8906010502355,45GM*120 AMAIZE CHEESE CHILLI NACHOS,C025
205,22,,96,96,0,false,2025-04-06T05:46:40.950Z,,8906010501228,22GM*120 SCOOPITOS MASALA,C027
206,22,,30,30,0,false,2025-04-06T05:46:41.025Z,,0_6,22GM*144 POP RINGS YUMMY CHEESE,C030
207,22,,48,48,0,false,2025-04-06T05:46:41.100Z,,8906010500900,22GM*120 WHEELOS MASALA,C032
208,22,,72,72,0,false,2025-04-06T05:46:41.175Z,,8906010500764,25GM*240 C.P.NAMKIN {MASALA MASTI},C035
209,22,,48,48,0,false,2025-04-06T05:46:41.249Z,,8906010500627,25GM*240 C.P.NAMKIN {TANGY TOMATO},C036
210,22,,30,30,0,false,2025-04-06T05:46:41.324Z,,8906010500894,25GM*240 C.P.NAMKIN {CHINESE CHATKA},C037
211,22,,24,24,0,false,2025-04-06T05:46:41.407Z,,8906010502119,25GM*240 C.P.NAMKIN {FLAMIN HOT},C038
212,22,,72,72,0,false,2025-04-06T05:46:41.482Z,,8906010502973,25GM*192 PAPDI GATHIYA,C039
213,22,,24,24,0,false,2025-04-06T05:46:41.557Z,,8906010503451,22GM*144 NOODLE STICKS MASALA,C040
214,22,,64,64,0,false,2025-04-06T05:46:41.631Z,,8906010502232,22GM*240 PUNJABI TADKA,C042
215,22,,10,10,0,false,2025-04-06T05:46:41.706Z,,8906010501822,70GM*100 GIPPI MASALA NOODLES,C089
216,22,,90,90,0,false,2025-04-06T05:46:41.781Z,,8906010500559,22GM*240 MAGDAL,C118
217,22,,30,30,0,false,2025-04-06T05:46:41.856Z,,8906010500276,22GM*288 SHING BHUJIA,C119
218,22,,32,32,0,false,2025-04-06T05:46:41.931Z,,8906010500429,25GM*240 GATHIYA,C123
219,22,,30,30,0,false,2025-04-06T05:46:42.005Z,,8906010500702,25GM*240 CHANADAL,C125
220,22,,30,30,0,false,2025-04-06T05:46:42.080Z,,8906010500368,25GM*240 TIKHA MITHA MIX,C127
221,22,,5,5,0,false,2025-04-06T05:46:42.155Z,,8906010500399,25GM*240 KHATA MITHA MIX,C128
222,22,,5,5,0,false,2025-04-06T05:46:42.229Z,,8906010504199,22GM*240 KATAK BATAK CHILLI LEMON,C154
223,22,,5,5,0,false,2025-04-06T05:46:42.304Z,,8906010504298,70GM*100 GIPPI FLAMIN' CHILLI NOODLES,C187
224,22,,5,5,0,false,2025-04-06T05:46:42.378Z,,8906010504281,13GM*24PKT*12JAR OLEE CHOCO STIX,EOO1
225,50,,15,15,0,false,2025-04-06T05:46:42.453Z,,8906010502294,22GM*192 AMAIZE FLAMIN' HOT NACHOS,C019
226,50,,20,25,0,false,2025-04-06T05:46:42.528Z,,0_5,22GM*144 POP RINGS MASALA,C029
227,50,,72,72,0,false,2025-04-06T05:46:42.602Z,,8906010500900,22GM*120 WHEELOS MASALA,C032
228,50,,216,216,0,false,2025-04-06T05:46:42.677Z,,8906010500764,25GM*240 C.P.NAMKIN {MASALA MASTI},C035
229,50,,72,72,0,false,2025-04-06T05:46:42.752Z,,8906010500627,25GM*240 C.P.NAMKIN {TANGY TOMATO},C036
230,50,,48,48,0,false,2025-04-06T05:46:42.826Z,,8906010502119,25GM*240 C.P.NAMKIN {FLAMIN HOT},C038
231,50,,60,60,0,false,2025-04-06T05:46:42.901Z,,8906010500214,25GM*240 SEV MURMURA,C043
232,50,,180,180,0,false,2025-04-06T05:46:42.976Z,,8906010500245,25GM*240 MASALA SEV MURMURA,C044
233,50,,15,15,0,false,2025-04-06T05:46:43.050Z,,8906010502041,22GM*240 BHEL MIX,C046
234,50,,20,20,0,false,2025-04-06T05:46:43.125Z,,8906010501822,70GM*100 GIPPI MASALA NOODLES,C089
235,50,,72,72,0,false,2025-04-06T05:46:43.200Z,,8906010500078,22GM*240 FARALI CHEVDO,C149
236,51,,30,30,0,false,2025-04-06T05:46:43.275Z,,8906010500023,15GM*192 CRUNCHEM SIMPLY SALTED WAFERS,C001
237,51,,15,15,0,false,2025-04-06T05:46:43.349Z,,8906010500047,15GM*192 CRUNCHEM MASALA MASTI WAFERS,C002
238,51,,30,30,0,false,2025-04-06T05:46:43.424Z,,8906010500818,15GM*192 CRUNCHEM CREAM & ONION WAFERS,C003
239,51,,15,15,0,false,2025-04-06T05:46:43.499Z,,8906010500481,15GM*192 CRUNCHEM TOMATO TWIST WAFERS,C004
240,51,,15,15,0,false,2025-04-06T05:46:43.573Z,,8906010500474,15GM*192 CRUNCHEM CHAT CHASKA WAFERS,C005
241,51,,30,30,0,false,2025-04-06T05:46:43.647Z,,8906010502492,15GM*192 CRUNCHEM PERI PERI WAFERS,C006
242,51,,15,15,0,false,2025-04-06T05:46:43.722Z,,8906010500016,30GM*120 CRUNCHEM SIMPLY SALTED WAFERS,C007
243,51,,10,10,0,false,2025-04-06T05:46:43.797Z,,8906010500870,30GM*120 CRUNCHEM CREAM & ONION WAFERS,C009
244,51,,5,5,0,false,2025-04-06T05:46:43.871Z,,8906010501198,30GM*120 CRUNCHEM PIZZY MASALA WAFERS,C010
245,51,,5,5,0,false,2025-04-06T05:46:43.946Z,,8906010501952,30GM*120 RUMBLES PUDINA TWIST WAFERS,C011
246,51,,5,5,0,false,2025-04-06T05:46:44.020Z,,8906010500535,30GM*120 CRUNCHEM CHAT CHASKA WAFERS,C013
247,51,,10,10,0,false,2025-04-06T05:46:44.171Z,,8906010502508,30GM*120 CRUNCHEM PERI PERI WAFERS,C014
248,51,,3,3,0,false,2025-04-06T05:46:44.246Z,,8906010500092,30GM*120 CRUNCHEX SALTED WAFERS,C015
249,51,,5,5,0,false,2025-04-06T05:46:44.321Z,,8906010501570,30GM*120 CRUNCHEX CHILI TADKA WAFERS,C016
250,51,,2,2,0,false,2025-04-06T05:46:44.396Z,,8906010504304,30GM*120 CRUNCHEX MIRCH MASALA WAFERS,C017
251,51,,30,30,0,false,2025-04-06T05:46:44.471Z,,8906010502294,22GM*192 AMAIZE FLAMIN' HOT NACHOS,C019
252,51,,3,3,0,false,2025-04-06T05:46:44.545Z,,0_4,25GM*240 AMAIZE JALAPENO CORN CHIPS,C021
253,51,,5,5,0,false,2025-04-06T05:46:44.620Z,,8906010502300,45GM*120 AMAIZE FLAMIN' HOT NACHOS,C024
254,51,,48,48,0,false,2025-04-06T05:46:44.695Z,,8906010501228,22GM*120 SCOOPITOS MASALA,C027
255,51,,15,15,0,false,2025-04-06T05:46:44.770Z,,0_5,22GM*144 POP RINGS MASALA,C029
256,51,,20,20,0,false,2025-04-06T05:46:44.846Z,,0_6,22GM*144 POP RINGS YUMMY CHEESE,C030
257,51,,24,24,0,false,2025-04-06T05:46:44.921Z,,8906010500900,22GM*120 WHEELOS MASALA,C032
258,51,,12,12,0,false,2025-04-06T05:46:44.996Z,,8906010503444,22GM*144 FUNNE SPICY PUNCH,C033
259,51,,24,24,0,false,2025-04-06T05:46:45.070Z,,8906010500764,25GM*240 C.P.NAMKIN {MASALA MASTI},C035
260,51,,10,10,0,false,2025-04-06T05:46:45.144Z,,8906010500627,25GM*240 C.P.NAMKIN {TANGY TOMATO},C036
261,51,,5,5,0,false,2025-04-06T05:46:45.219Z,,8906010500894,25GM*240 C.P.NAMKIN {CHINESE CHATKA},C037
262,51,,24,24,0,false,2025-04-06T05:46:45.293Z,,8906010502119,25GM*240 C.P.NAMKIN {FLAMIN HOT},C038
263,51,,10,10,0,false,2025-04-06T05:46:45.368Z,,8906010502973,25GM*192 PAPDI GATHIYA,C039
264,51,,12,12,0,false,2025-04-06T05:46:45.442Z,,8906010503451,22GM*144 NOODLE STICKS MASALA,C040
265,51,,8,8,0,false,2025-04-06T05:46:45.518Z,,0_7,25GM*120 GIPPI TORNADO FLAMIN CHILLI,C041
266,51,,48,48,0,false,2025-04-06T05:46:45.592Z,,8906010502232,22GM*240 PUNJABI TADKA,C042
267,51,,15,15,0,false,2025-04-06T05:46:45.667Z,,8906010500214,25GM*240 SEV MURMURA,C043
268,51,,30,30,0,false,2025-04-06T05:46:45.741Z,,8906010500245,25GM*240 MASALA SEV MURMURA,C044
269,51,,10,10,0,false,2025-04-06T05:46:45.817Z,,8906010502041,22GM*240 BHEL MIX,C046
270,51,,3,3,0,false,2025-04-06T05:46:45.892Z,,8906010503550,135GM*24 CRUNCHEM CREAM & ONION WAFERS,C054
271,51,,2,2,0,false,2025-04-06T05:46:45.966Z,,8906010503611,135GM*24 CRUNCHEX CHILI TADKA WAFERS,C059
272,51,,2,2,0,false,2025-04-06T05:46:46.042Z,,8906010500511,50GM*120 C.P.NAMKIN (MASALA MASTI),C060
273,51,,2,2,0,false,2025-04-06T05:46:46.117Z,,8906010504120,24GM*40PKT*6 DUMBAR PEANUT CHIKKI,C062
274,51,,2,2,0,false,2025-04-06T05:46:46.191Z,,8906010503574,16GM*24PKT*12JAR RICH CHOCOLATE CREAM WAFERS,C066
275,51,,1,1,0,false,2025-04-06T05:46:46.266Z,,8906010503260,16GM*24PKT*12JAR JUICY STRAWBERRY CREAM WAFERS,C068
276,25,,60,60,0,false,2025-04-06T06:08:15.060Z,,8906010500023,15GM*192 CRUNCHEM SIMPLY SALTED WAFERS,C001
277,25,,60,60,0,false,2025-04-06T06:08:15.149Z,,8906010500481,15GM*192 CRUNCHEM TOMATO TWIST WAFERS,C004
278,25,,90,90,0,false,2025-04-06T06:08:15.223Z,,8906010501570,30GM*120 CRUNCHEX CHILI TADKA WAFERS,C016
279,25,,96,96,0,false,2025-04-06T06:08:15.297Z,,8906010501228,22GM*120 SCOOPITOS MASALA,C027
280,25,,184,168,0,false,2025-04-06T06:08:15.371Z,,8906010500900,22GM*120 WHEELOS MASALA,C032
281,25,,48,48,0,false,2025-04-06T06:08:15.445Z,,8906010503444,22GM*144 FUNNE SPICY PUNCH,C033
282,25,,24,24,0,false,2025-04-06T06:08:15.519Z,,8906010502973,25GM*192 PAPDI GATHIYA,C039
283,25,,72,72,0,false,2025-04-06T06:08:15.593Z,,8906010503451,22GM*144 NOODLE STICKS MASALA,C040
284,25,,32,32,0,false,2025-04-06T06:08:15.667Z,,8906010502232,22GM*240 PUNJABI TADKA,C042
285,25,,30,30,0,false,2025-04-06T06:08:15.741Z,,8906010500337,22GM*240 ALOO SEV,C121
286,25,,30,30,0,false,2025-04-06T06:08:15.815Z,,8906010500368,25GM*240 TIKHA MITHA MIX,C127
287,25,,30,30,0,false,2025-04-06T06:08:15.889Z,,8906010500399,25GM*240 KHATA MITHA MIX,C128
288,25,,72,72,0,false,2025-04-06T06:08:15.963Z,,8906010500078,22GM*240 FARALI CHEVDO,C149
289,24,,90,90,0,false,2025-04-06T06:08:16.036Z,,8906010500023,15GM*192 CRUNCHEM SIMPLY SALTED WAFERS,C001
290,24,,5,5,0,false,2025-04-06T06:08:16.110Z,,8906010500047,15GM*192 CRUNCHEM MASALA MASTI WAFERS,C002
291,24,,10,10,0,false,2025-04-06T06:08:16.184Z,,8906010500818,15GM*192 CRUNCHEM CREAM & ONION WAFERS,C003
292,24,,30,30,0,false,2025-04-06T06:08:16.258Z,,8906010500481,15GM*192 CRUNCHEM TOMATO TWIST WAFERS,C004
293,24,,5,5,0,false,2025-04-06T06:08:16.465Z,,8906010500474,15GM*192 CRUNCHEM CHAT CHASKA WAFERS,C005
294,24,,15,15,0,false,2025-04-06T06:08:16.539Z,,8906010500016,30GM*120 CRUNCHEM SIMPLY SALTED WAFERS,C007
295,24,,10,10,0,false,2025-04-06T06:08:16.613Z,,8906010501570,30GM*120 CRUNCHEX CHILI TADKA WAFERS,C016
296,24,,20,20,0,false,2025-04-06T06:08:16.687Z,,8906010502294,22GM*192 AMAIZE FLAMIN' HOT NACHOS,C019
297,24,,48,48,0,false,2025-04-06T06:08:16.762Z,,8906010501228,22GM*120 SCOOPITOS MASALA,C027
298,24,,20,20,0,false,2025-04-06T06:08:16.835Z,,0_5,22GM*144 POP RINGS MASALA,C029
299,24,,12,12,0,false,2025-04-06T06:08:16.909Z,,8906010504724,22GM*120 SNACK'EM PONGA PLAIN,C031
300,24,,97,72,0,false,2025-04-06T06:08:16.983Z,,8906010500900,22GM*120 WHEELOS MASALA,C032
301,24,,48,48,0,false,2025-04-06T06:08:17.056Z,,8906010503444,22GM*144 FUNNE SPICY PUNCH,C033
302,24,,24,24,0,false,2025-04-06T06:08:17.130Z,,8906010500764,25GM*240 C.P.NAMKIN {MASALA MASTI},C035
303,24,,24,24,0,false,2025-04-06T06:08:17.204Z,,8906010502119,25GM*240 C.P.NAMKIN {FLAMIN HOT},C038
304,24,,25,25,0,false,2025-04-06T06:08:17.278Z,,0_7,25GM*120 GIPPI TORNADO FLAMIN CHILLI,C041
305,24,,32,32,0,false,2025-04-06T06:08:17.351Z,,8906010502232,22GM*240 PUNJABI TADKA,C042
306,24,,90,90,0,false,2025-04-06T06:08:17.425Z,,8906010500245,25GM*240 MASALA SEV MURMURA,C044
307,24,,2,2,0,false,2025-04-06T06:08:17.499Z,,8906010502041,22GM*240 BHEL MIX,C046
308,24,,5,5,0,false,2025-04-06T06:08:17.573Z,,8906010503512,135GM*24 CRUNCHEM SIMPLY SALTED WAFERS,C052
309,24,,5,5,0,false,2025-04-06T06:08:17.647Z,,8906010503550,135GM*24 CRUNCHEM CREAM & ONION WAFERS,C054
310,24,,2,2,0,false,2025-04-06T06:08:17.721Z,,8906010504120,24GM*40PKT*6 DUMBAR PEANUT CHIKKI,C062
311,24,,2,2,0,false,2025-04-06T06:08:17.798Z,,8906010500351,210GM*20 ALOO SEV,C088
312,24,,10,10,0,false,2025-04-06T06:08:17.872Z,,8906010501822,70GM*100 GIPPI MASALA NOODLES,C089
313,24,,2,2,0,false,2025-04-06T06:08:17.947Z,,8906010503697,240GM*20 KHATA MITHA MIX,C093
314,24,,5,5,0,false,2025-04-06T06:08:18.020Z,,8906010500382,240GM*20 TIKHA MITHA MIX,C094
315,24,,2,2,0,false,2025-04-06T06:08:18.094Z,,8906010502478,500GM*10 KHATA MITHA MIX,C105
316,24,,25,25,0,false,2025-04-06T06:08:18.168Z,,8906010500559,22GM*240 MAGDAL,C118
317,24,,15,15,0,false,2025-04-06T06:08:18.241Z,,8906010500863,22GM*288 NIMBU CHATKA SHING BHUJIA,C120
318,24,,5,5,0,false,2025-04-06T06:08:18.315Z,,8906010500337,22GM*240 ALOO SEV,C121
319,24,,5,5,0,false,2025-04-06T06:08:18.389Z,,8906010500429,25GM*240 GATHIYA,C123
320,24,,10,10,0,false,2025-04-06T06:08:18.462Z,,8906010500702,25GM*240 CHANADAL,C125
321,24,,5,5,0,false,2025-04-06T06:08:18.536Z,,8906010500368,25GM*240 TIKHA MITHA MIX,C127
322,24,,5,5,0,false,2025-04-06T06:08:18.610Z,,8906010500399,25GM*240 KHATA MITHA MIX,C128
323,24,,12,12,0,false,2025-04-06T06:08:18.683Z,,8906010502683,40GM*30 SALTED PEANUTS,C144
324,24,,5,5,0,false,2025-04-06T06:08:18.757Z,,8906010503949,25GM*240 C.P NAMKIN (LASANIYA),C148
325,24,,24,24,0,false,2025-04-06T06:08:18.831Z,,8906010500078,22GM*240 FARALI CHEVDO,C149
326,24,,12,12,0,false,2025-04-06T06:08:18.904Z,,8906010504359,22GM*120 SNACK'EM CHOKDI MASALA,C160
327,24,,6,6,0,false,2025-04-06T06:08:18.978Z,,8906010504205,22GM*120 SNACK'EM PONGA MASALA,C161
328,22,,30,30,0,false,2025-04-06T06:08:19.052Z,,8906010500023,15GM*192 CRUNCHEM SIMPLY SALTED WAFERS,C001
329,22,,30,30,0,false,2025-04-06T06:08:19.126Z,,8906010502294,22GM*192 AMAIZE FLAMIN' HOT NACHOS,C019
330,22,,20,20,0,false,2025-04-06T06:08:19.199Z,,8906010502829,45GM*120 AMAIZE SIMPLY SALTED NACHOS,C022
331,71,,5,5,0,false,2025-04-06T06:08:19.273Z,,8906010500221,45GM*144 MAGDAL,C134
332,22,,30,30,0,false,2025-04-06T06:08:19.346Z,,8906010502300,45GM*120 AMAIZE FLAMIN' HOT NACHOS,C024
333,22,,30,30,0,false,2025-04-06T06:08:19.420Z,,8906010502355,45GM*120 AMAIZE CHEESE CHILLI NACHOS,C025
334,22,,96,96,0,false,2025-04-06T06:08:19.493Z,,8906010501228,22GM*120 SCOOPITOS MASALA,C027
335,22,,30,30,0,false,2025-04-06T06:08:19.567Z,,0_6,22GM*144 POP RINGS YUMMY CHEESE,C030
336,22,,48,48,0,false,2025-04-06T06:08:19.640Z,,8906010500900,22GM*120 WHEELOS MASALA,C032
337,22,,72,72,0,false,2025-04-06T06:08:19.715Z,,8906010500764,25GM*240 C.P.NAMKIN {MASALA MASTI},C035
338,22,,48,48,0,false,2025-04-06T06:08:19.788Z,,8906010500627,25GM*240 C.P.NAMKIN {TANGY TOMATO},C036
339,22,,30,30,0,false,2025-04-06T06:08:19.865Z,,8906010500894,25GM*240 C.P.NAMKIN {CHINESE CHATKA},C037
340,22,,24,24,0,false,2025-04-06T06:08:19.946Z,,8906010502119,25GM*240 C.P.NAMKIN {FLAMIN HOT},C038
341,22,,72,72,0,false,2025-04-06T06:08:20.048Z,,8906010502973,25GM*192 PAPDI GATHIYA,C039
342,22,,24,24,0,false,2025-04-06T06:08:20.139Z,,8906010503451,22GM*144 NOODLE STICKS MASALA,C040
343,22,,64,64,0,false,2025-04-06T06:08:20.214Z,,8906010502232,22GM*240 PUNJABI TADKA,C042
344,22,,10,10,0,false,2025-04-06T06:08:20.289Z,,8906010501822,70GM*100 GIPPI MASALA NOODLES,C089
345,22,,90,90,0,false,2025-04-06T06:08:20.363Z,,8906010500559,22GM*240 MAGDAL,C118
346,22,,30,30,0,false,2025-04-06T06:08:20.437Z,,8906010500276,22GM*288 SHING BHUJIA,C119
347,22,,32,32,0,false,2025-04-06T06:08:20.511Z,,8906010500429,25GM*240 GATHIYA,C123
348,22,,30,30,0,false,2025-04-06T06:08:20.584Z,,8906010500702,25GM*240 CHANADAL,C125
349,22,,30,30,0,false,2025-04-06T06:08:20.658Z,,8906010500368,25GM*240 TIKHA MITHA MIX,C127
350,22,,5,5,0,false,2025-04-06T06:08:20.732Z,,8906010500399,25GM*240 KHATA MITHA MIX,C128
351,22,,5,5,0,false,2025-04-06T06:08:20.806Z,,8906010504199,22GM*240 KATAK BATAK CHILLI LEMON,C154
352,22,,5,5,0,false,2025-04-06T06:08:20.880Z,,8906010504298,70GM*100 GIPPI FLAMIN' CHILLI NOODLES,C187
353,22,,5,5,0,false,2025-04-06T06:08:20.955Z,,8906010504281,13GM*24PKT*12JAR OLEE CHOCO STIX,EOO1
354,50,,15,15,0,false,2025-04-06T06:08:21.028Z,,8906010502294,22GM*192 AMAIZE FLAMIN' HOT NACHOS,C019
355,50,,20,25,0,false,2025-04-06T06:08:21.102Z,,0_5,22GM*144 POP RINGS MASALA,C029
356,50,,72,72,0,false,2025-04-06T06:08:21.175Z,,8906010500900,22GM*120 WHEELOS MASALA,C032
357,50,,216,216,0,false,2025-04-06T06:08:21.249Z,,8906010500764,25GM*240 C.P.NAMKIN {MASALA MASTI},C035
358,50,,72,72,0,false,2025-04-06T06:08:21.322Z,,8906010500627,25GM*240 C.P.NAMKIN {TANGY TOMATO},C036
359,50,,48,48,0,false,2025-04-06T06:08:21.417Z,,8906010502119,25GM*240 C.P.NAMKIN {FLAMIN HOT},C038
360,50,,60,60,0,false,2025-04-06T06:08:21.491Z,,8906010500214,25GM*240 SEV MURMURA,C043
361,50,,180,180,0,false,2025-04-06T06:08:21.564Z,,8906010500245,25GM*240 MASALA SEV MURMURA,C044
362,50,,15,15,0,false,2025-04-06T06:08:21.638Z,,8906010502041,22GM*240 BHEL MIX,C046
363,50,,20,20,0,false,2025-04-06T06:08:21.711Z,,8906010501822,70GM*100 GIPPI MASALA NOODLES,C089
364,50,,72,72,0,false,2025-04-06T06:08:21.785Z,,8906010500078,22GM*240 FARALI CHEVDO,C149
365,51,,30,30,0,false,2025-04-06T06:08:21.859Z,,8906010500023,15GM*192 CRUNCHEM SIMPLY SALTED WAFERS,C001
366,51,,15,15,0,false,2025-04-06T06:08:21.932Z,,8906010500047,15GM*192 CRUNCHEM MASALA MASTI WAFERS,C002
367,51,,30,30,0,false,2025-04-06T06:08:22.006Z,,8906010500818,15GM*192 CRUNCHEM CREAM & ONION WAFERS,C003
368,51,,15,15,0,false,2025-04-06T06:08:22.079Z,,8906010500481,15GM*192 CRUNCHEM TOMATO TWIST WAFERS,C004
369,51,,15,15,0,false,2025-04-06T06:08:22.153Z,,8906010500474,15GM*192 CRUNCHEM CHAT CHASKA WAFERS,C005
370,51,,30,30,0,false,2025-04-06T06:08:22.227Z,,8906010502492,15GM*192 CRUNCHEM PERI PERI WAFERS,C006
371,51,,15,15,0,false,2025-04-06T06:08:22.300Z,,8906010500016,30GM*120 CRUNCHEM SIMPLY SALTED WAFERS,C007
372,51,,10,10,0,false,2025-04-06T06:08:22.374Z,,8906010500870,30GM*120 CRUNCHEM CREAM & ONION WAFERS,C009
373,51,,5,5,0,false,2025-04-06T06:08:22.448Z,,8906010501198,30GM*120 CRUNCHEM PIZZY MASALA WAFERS,C010
374,51,,5,5,0,false,2025-04-06T06:08:22.521Z,,8906010501952,30GM*120 RUMBLES PUDINA TWIST WAFERS,C011
375,51,,5,5,0,false,2025-04-06T06:08:22.595Z,,8906010500535,30GM*120 CRUNCHEM CHAT CHASKA WAFERS,C013
376,51,,10,10,0,false,2025-04-06T06:08:22.743Z,,8906010502508,30GM*120 CRUNCHEM PERI PERI WAFERS,C014
377,51,,3,3,0,false,2025-04-06T06:08:22.818Z,,8906010500092,30GM*120 CRUNCHEX SALTED WAFERS,C015
378,51,,5,5,0,false,2025-04-06T06:08:22.891Z,,8906010501570,30GM*120 CRUNCHEX CHILI TADKA WAFERS,C016
379,51,,2,2,0,false,2025-04-06T06:08:22.965Z,,8906010504304,30GM*120 CRUNCHEX MIRCH MASALA WAFERS,C017
380,51,,30,30,0,false,2025-04-06T06:08:23.040Z,,8906010502294,22GM*192 AMAIZE FLAMIN' HOT NACHOS,C019
381,51,,3,3,0,false,2025-04-06T06:08:23.113Z,,0_4,25GM*240 AMAIZE JALAPENO CORN CHIPS,C021
382,51,,5,5,0,false,2025-04-06T06:08:23.187Z,,8906010502300,45GM*120 AMAIZE FLAMIN' HOT NACHOS,C024
383,51,,48,48,0,false,2025-04-06T06:08:23.261Z,,8906010501228,22GM*120 SCOOPITOS MASALA,C027
384,25,,60,60,0,false,2025-04-06T06:18:10.770Z,,8906010500023,15GM*192 CRUNCHEM SIMPLY SALTED WAFERS,C001
385,25,,60,60,0,false,2025-04-06T06:18:10.845Z,,8906010500481,15GM*192 CRUNCHEM TOMATO TWIST WAFERS,C004
386,25,,90,90,0,false,2025-04-06T06:18:10.919Z,,8906010501570,30GM*120 CRUNCHEX CHILI TADKA WAFERS,C016
387,25,,96,96,0,false,2025-04-06T06:18:10.993Z,,8906010501228,22GM*120 SCOOPITOS MASALA,C027
388,25,,184,168,0,false,2025-04-06T06:18:11.067Z,,8906010500900,22GM*120 WHEELOS MASALA,C032
389,25,,48,48,0,false,2025-04-06T06:18:11.142Z,,8906010503444,22GM*144 FUNNE SPICY PUNCH,C033
390,25,,24,24,0,false,2025-04-06T06:18:11.216Z,,8906010502973,25GM*192 PAPDI GATHIYA,C039
391,25,,72,72,0,false,2025-04-06T06:18:11.289Z,,8906010503451,22GM*144 NOODLE STICKS MASALA,C040
392,25,,32,32,0,false,2025-04-06T06:18:11.363Z,,8906010502232,22GM*240 PUNJABI TADKA,C042
393,25,,30,30,0,false,2025-04-06T06:18:11.436Z,,8906010500337,22GM*240 ALOO SEV,C121
394,25,,30,30,0,false,2025-04-06T06:18:11.510Z,,8906010500368,25GM*240 TIKHA MITHA MIX,C127
395,25,,30,30,0,false,2025-04-06T06:18:11.585Z,,8906010500399,25GM*240 KHATA MITHA MIX,C128
396,25,,72,72,0,false,2025-04-06T06:18:11.659Z,,8906010500078,22GM*240 FARALI CHEVDO,C149
397,24,,90,90,0,false,2025-04-06T06:18:11.733Z,,8906010500023,15GM*192 CRUNCHEM SIMPLY SALTED WAFERS,C001
398,24,,5,5,0,false,2025-04-06T06:18:11.807Z,,8906010500047,15GM*192 CRUNCHEM MASALA MASTI WAFERS,C002
399,24,,10,10,0,false,2025-04-06T06:18:11.881Z,,8906010500818,15GM*192 CRUNCHEM CREAM & ONION WAFERS,C003
400,24,,30,30,0,false,2025-04-06T06:18:11.954Z,,8906010500481,15GM*192 CRUNCHEM TOMATO TWIST WAFERS,C004
401,24,,5,5,0,false,2025-04-06T06:18:12.028Z,,8906010500474,15GM*192 CRUNCHEM CHAT CHASKA WAFERS,C005
402,24,,15,15,0,false,2025-04-06T06:18:12.102Z,,8906010500016,30GM*120 CRUNCHEM SIMPLY SALTED WAFERS,C007
403,24,,10,10,0,false,2025-04-06T06:18:12.176Z,,8906010501570,30GM*120 CRUNCHEX CHILI TADKA WAFERS,C016
404,24,,20,20,0,false,2025-04-06T06:18:12.249Z,,8906010502294,22GM*192 AMAIZE FLAMIN' HOT NACHOS,C019
405,24,,48,48,0,false,2025-04-06T06:18:12.323Z,,8906010501228,22GM*120 SCOOPITOS MASALA,C027
406,24,,20,20,0,false,2025-04-06T06:18:12.397Z,,0_5,22GM*144 POP RINGS MASALA,C029
407,24,,12,12,0,false,2025-04-06T06:18:12.470Z,,8906010504724,22GM*120 SNACK'EM PONGA PLAIN,C031
408,24,,97,72,0,false,2025-04-06T06:18:12.544Z,,8906010500900,22GM*120 WHEELOS MASALA,C032
409,24,,48,48,0,false,2025-04-06T06:18:12.626Z,,8906010503444,22GM*144 FUNNE SPICY PUNCH,C033
410,24,,24,24,0,false,2025-04-06T06:18:12.699Z,,8906010500764,25GM*240 C.P.NAMKIN {MASALA MASTI},C035
411,24,,24,24,0,false,2025-04-06T06:18:12.773Z,,8906010502119,25GM*240 C.P.NAMKIN {FLAMIN HOT},C038
412,24,,25,25,0,false,2025-04-06T06:18:12.846Z,,0_7,25GM*120 GIPPI TORNADO FLAMIN CHILLI,C041
413,24,,32,32,0,false,2025-04-06T06:18:12.920Z,,8906010502232,22GM*240 PUNJABI TADKA,C042
414,24,,90,90,0,false,2025-04-06T06:18:12.993Z,,8906010500245,25GM*240 MASALA SEV MURMURA,C044
415,24,,2,2,0,false,2025-04-06T06:18:13.067Z,,8906010502041,22GM*240 BHEL MIX,C046
416,24,,5,5,0,false,2025-04-06T06:18:13.140Z,,8906010503512,135GM*24 CRUNCHEM SIMPLY SALTED WAFERS,C052
417,24,,5,5,0,false,2025-04-06T06:18:13.213Z,,8906010503550,135GM*24 CRUNCHEM CREAM & ONION WAFERS,C054
418,24,,2,2,0,false,2025-04-06T06:18:13.287Z,,8906010504120,24GM*40PKT*6 DUMBAR PEANUT CHIKKI,C062
419,24,,2,2,0,false,2025-04-06T06:18:13.361Z,,8906010500351,210GM*20 ALOO SEV,C088
420,24,,10,10,0,false,2025-04-06T06:18:13.434Z,,8906010501822,70GM*100 GIPPI MASALA NOODLES,C089
421,24,,2,2,0,false,2025-04-06T06:18:13.507Z,,8906010503697,240GM*20 KHATA MITHA MIX,C093
422,24,,5,5,0,false,2025-04-06T06:18:13.581Z,,8906010500382,240GM*20 TIKHA MITHA MIX,C094
423,24,,2,2,0,false,2025-04-06T06:18:13.655Z,,8906010502478,500GM*10 KHATA MITHA MIX,C105
424,24,,25,25,0,false,2025-04-06T06:18:13.729Z,,8906010500559,22GM*240 MAGDAL,C118
425,24,,15,15,0,false,2025-04-06T06:18:13.802Z,,8906010500863,22GM*288 NIMBU CHATKA SHING BHUJIA,C120
426,24,,5,5,0,false,2025-04-06T06:18:13.875Z,,8906010500337,22GM*240 ALOO SEV,C121
427,24,,5,5,0,false,2025-04-06T06:18:13.948Z,,8906010500429,25GM*240 GATHIYA,C123
428,24,,10,10,0,false,2025-04-06T06:18:14.021Z,,8906010500702,25GM*240 CHANADAL,C125
429,24,,5,5,0,false,2025-04-06T06:18:14.095Z,,8906010500368,25GM*240 TIKHA MITHA MIX,C127
430,24,,5,5,0,false,2025-04-06T06:18:14.169Z,,8906010500399,25GM*240 KHATA MITHA MIX,C128
431,24,,12,12,0,false,2025-04-06T06:18:14.242Z,,8906010502683,40GM*30 SALTED PEANUTS,C144
432,24,,5,5,0,false,2025-04-06T06:18:14.315Z,,8906010503949,25GM*240 C.P NAMKIN (LASANIYA),C148
433,24,,24,24,0,false,2025-04-06T06:18:14.389Z,,8906010500078,22GM*240 FARALI CHEVDO,C149
434,24,,12,12,0,false,2025-04-06T06:18:14.463Z,,8906010504359,22GM*120 SNACK'EM CHOKDI MASALA,C160
435,24,,6,6,0,false,2025-04-06T06:18:14.537Z,,8906010504205,22GM*120 SNACK'EM PONGA MASALA,C161
436,22,,30,30,0,false,2025-04-06T06:18:14.610Z,,8906010500023,15GM*192 CRUNCHEM SIMPLY SALTED WAFERS,C001
437,22,,30,30,0,false,2025-04-06T06:18:14.684Z,,8906010502294,22GM*192 AMAIZE FLAMIN' HOT NACHOS,C019
438,22,,20,20,0,false,2025-04-06T06:18:14.758Z,,8906010502829,45GM*120 AMAIZE SIMPLY SALTED NACHOS,C022
439,71,,5,5,0,false,2025-04-06T06:18:14.834Z,,8906010500221,45GM*144 MAGDAL,C134
440,22,,30,30,0,false,2025-04-06T06:18:14.907Z,,8906010502300,45GM*120 AMAIZE FLAMIN' HOT NACHOS,C024
441,22,,30,30,0,false,2025-04-06T06:18:14.981Z,,8906010502355,45GM*120 AMAIZE CHEESE CHILLI NACHOS,C025
442,22,,96,96,0,false,2025-04-06T06:18:15.055Z,,8906010501228,22GM*120 SCOOPITOS MASALA,C027
443,22,,30,30,0,false,2025-04-06T06:18:15.128Z,,0_6,22GM*144 POP RINGS YUMMY CHEESE,C030
444,22,,48,48,0,false,2025-04-06T06:18:15.201Z,,8906010500900,22GM*120 WHEELOS MASALA,C032
445,22,,72,72,0,false,2025-04-06T06:18:15.275Z,,8906010500764,25GM*240 C.P.NAMKIN {MASALA MASTI},C035
446,22,,48,48,0,false,2025-04-06T06:18:15.348Z,,8906010500627,25GM*240 C.P.NAMKIN {TANGY TOMATO},C036
447,22,,30,30,0,false,2025-04-06T06:18:15.422Z,,8906010500894,25GM*240 C.P.NAMKIN {CHINESE CHATKA},C037
448,22,,24,24,0,false,2025-04-06T06:18:15.495Z,,8906010502119,25GM*240 C.P.NAMKIN {FLAMIN HOT},C038
449,22,,72,72,0,false,2025-04-06T06:18:15.569Z,,8906010502973,25GM*192 PAPDI GATHIYA,C039
450,22,,24,24,0,false,2025-04-06T06:18:15.642Z,,8906010503451,22GM*144 NOODLE STICKS MASALA,C040
451,22,,64,64,0,false,2025-04-06T06:18:15.715Z,,8906010502232,22GM*240 PUNJABI TADKA,C042
452,22,,10,10,0,false,2025-04-06T06:18:15.789Z,,8906010501822,70GM*100 GIPPI MASALA NOODLES,C089
453,22,,90,90,0,false,2025-04-06T06:18:15.862Z,,8906010500559,22GM*240 MAGDAL,C118
454,22,,30,30,0,false,2025-04-06T06:18:15.936Z,,8906010500276,22GM*288 SHING BHUJIA,C119
455,22,,32,32,0,false,2025-04-06T06:18:16.009Z,,8906010500429,25GM*240 GATHIYA,C123
456,22,,30,30,0,false,2025-04-06T06:18:16.083Z,,8906010500702,25GM*240 CHANADAL,C125
457,22,,30,30,0,false,2025-04-06T06:18:16.156Z,,8906010500368,25GM*240 TIKHA MITHA MIX,C127
458,22,,5,5,0,false,2025-04-06T06:18:16.230Z,,8906010500399,25GM*240 KHATA MITHA MIX,C128
459,22,,5,5,0,false,2025-04-06T06:18:16.303Z,,8906010504199,22GM*240 KATAK BATAK CHILLI LEMON,C154
460,22,,5,5,0,false,2025-04-06T06:18:16.377Z,,8906010504298,70GM*100 GIPPI FLAMIN' CHILLI NOODLES,C187
461,22,,5,5,0,false,2025-04-06T06:18:16.450Z,,8906010504281,13GM*24PKT*12JAR OLEE CHOCO STIX,EOO1
462,50,,15,15,0,false,2025-04-06T06:18:16.524Z,,8906010502294,22GM*192 AMAIZE FLAMIN' HOT NACHOS,C019
463,50,,20,25,0,false,2025-04-06T06:18:16.598Z,,0_5,22GM*144 POP RINGS MASALA,C029
464,50,,72,72,0,false,2025-04-06T06:18:16.671Z,,8906010500900,22GM*120 WHEELOS MASALA,C032
465,50,,216,216,0,false,2025-04-06T06:18:16.744Z,,8906010500764,25GM*240 C.P.NAMKIN {MASALA MASTI},C035
466,50,,72,72,0,false,2025-04-06T06:18:16.817Z,,8906010500627,25GM*240 C.P.NAMKIN {TANGY TOMATO},C036
467,50,,48,48,0,false,2025-04-06T06:18:16.891Z,,8906010502119,25GM*240 C.P.NAMKIN {FLAMIN HOT},C038
468,50,,60,60,0,false,2025-04-06T06:18:16.965Z,,8906010500214,25GM*240 SEV MURMURA,C043
469,50,,180,180,0,false,2025-04-06T06:18:17.038Z,,8906010500245,25GM*240 MASALA SEV MURMURA,C044
470,50,,15,15,0,false,2025-04-06T06:18:17.112Z,,8906010502041,22GM*240 BHEL MIX,C046
471,50,,20,20,0,false,2025-04-06T06:18:17.185Z,,8906010501822,70GM*100 GIPPI MASALA NOODLES,C089
472,50,,72,72,0,false,2025-04-06T06:18:17.259Z,,8906010500078,22GM*240 FARALI CHEVDO,C149
473,51,,30,30,0,false,2025-04-06T06:18:17.332Z,,8906010500023,15GM*192 CRUNCHEM SIMPLY SALTED WAFERS,C001
474,51,,15,15,0,false,2025-04-06T06:18:17.406Z,,8906010500047,15GM*192 CRUNCHEM MASALA MASTI WAFERS,C002
475,51,,30,30,0,false,2025-04-06T06:18:17.479Z,,8906010500818,15GM*192 CRUNCHEM CREAM & ONION WAFERS,C003
476,51,,15,15,0,false,2025-04-06T06:18:17.553Z,,8906010500481,15GM*192 CRUNCHEM TOMATO TWIST WAFERS,C004
477,51,,15,15,0,false,2025-04-06T06:18:17.627Z,,8906010500474,15GM*192 CRUNCHEM CHAT CHASKA WAFERS,C005
478,51,,30,30,0,false,2025-04-06T06:18:17.701Z,,8906010502492,15GM*192 CRUNCHEM PERI PERI WAFERS,C006
479,51,,15,15,0,false,2025-04-06T06:18:17.774Z,,8906010500016,30GM*120 CRUNCHEM SIMPLY SALTED WAFERS,C007
480,51,,10,10,0,false,2025-04-06T06:18:17.848Z,,8906010500870,30GM*120 CRUNCHEM CREAM & ONION WAFERS,C009
481,51,,5,5,0,false,2025-04-06T06:18:17.922Z,,8906010501198,30GM*120 CRUNCHEM PIZZY MASALA WAFERS,C010
482,51,,5,5,0,false,2025-04-06T06:18:17.995Z,,8906010501952,30GM*120 RUMBLES PUDINA TWIST WAFERS,C011
483,51,,5,5,0,false,2025-04-06T06:18:18.069Z,,8906010500535,30GM*120 CRUNCHEM CHAT CHASKA WAFERS,C013
484,51,,10,10,0,false,2025-04-06T06:18:18.218Z,,8906010502508,30GM*120 CRUNCHEM PERI PERI WAFERS,C014
485,51,,3,3,0,false,2025-04-06T06:18:18.291Z,,8906010500092,30GM*120 CRUNCHEX SALTED WAFERS,C015
486,51,,5,5,0,false,2025-04-06T06:18:18.364Z,,8906010501570,30GM*120 CRUNCHEX CHILI TADKA WAFERS,C016
487,51,,2,2,0,false,2025-04-06T06:18:18.438Z,,8906010504304,30GM*120 CRUNCHEX MIRCH MASALA WAFERS,C017
488,51,,30,30,0,false,2025-04-06T06:18:18.511Z,,8906010502294,22GM*192 AMAIZE FLAMIN' HOT NACHOS,C019
489,51,,3,3,0,false,2025-04-06T06:18:18.585Z,,0_4,25GM*240 AMAIZE JALAPENO CORN CHIPS,C021
490,51,,5,5,0,false,2025-04-06T06:18:18.658Z,,8906010502300,45GM*120 AMAIZE FLAMIN' HOT NACHOS,C024
491,51,,48,48,0,false,2025-04-06T06:18:18.732Z,,8906010501228,22GM*120 SCOOPITOS MASALA,C027
492,51,,15,15,0,false,2025-04-06T06:18:18.805Z,,0_5,22GM*144 POP RINGS MASALA,C029
493,51,,20,20,0,false,2025-04-06T06:18:18.879Z,,0_6,22GM*144 POP RINGS YUMMY CHEESE,C030
494,51,,24,24,0,false,2025-04-06T06:18:18.953Z,,8906010500900,22GM*120 WHEELOS MASALA,C032
495,51,,12,12,0,false,2025-04-06T06:18:19.026Z,,8906010503444,22GM*144 FUNNE SPICY PUNCH,C033
496,51,,24,24,0,false,2025-04-06T06:18:19.099Z,,8906010500764,25GM*240 C.P.NAMKIN {MASALA MASTI},C035
497,51,,10,10,0,false,2025-04-06T06:18:19.172Z,,8906010500627,25GM*240 C.P.NAMKIN {TANGY TOMATO},C036
498,51,,5,5,0,false,2025-04-06T06:18:19.245Z,,8906010500894,25GM*240 C.P.NAMKIN {CHINESE CHATKA},C037
499,51,,24,24,0,false,2025-04-06T06:18:19.318Z,,8906010502119,25GM*240 C.P.NAMKIN {FLAMIN HOT},C038
500,25,,60,60,0,false,2025-04-06T07:02:44.984Z,,8906010500023,15GM*192 CRUNCHEM SIMPLY SALTED WAFERS,C001
501,25,,60,60,0,false,2025-04-06T07:02:44.984Z,,8906010500481,15GM*192 CRUNCHEM TOMATO TWIST WAFERS,C004
502,25,,90,90,0,false,2025-04-06T07:02:44.984Z,,8906010501570,30GM*120 CRUNCHEX CHILI TADKA WAFERS,C016
503,25,,96,96,0,false,2025-04-06T07:02:44.984Z,,8906010501228,22GM*120 SCOOPITOS MASALA,C027
504,25,,184,168,0,false,2025-04-06T07:02:44.984Z,,8906010500900,22GM*120 WHEELOS MASALA,C032
505,25,,48,48,0,false,2025-04-06T07:02:44.984Z,,8906010503444,22GM*144 FUNNE SPICY PUNCH,C033
506,25,,24,24,0,false,2025-04-06T07:02:44.984Z,,8906010502973,25GM*192 PAPDI GATHIYA,C039
507,25,,72,72,0,false,2025-04-06T07:02:44.984Z,,8906010503451,22GM*144 NOODLE STICKS MASALA,C040
508,25,,32,32,0,false,2025-04-06T07:02:44.984Z,,8906010502232,22GM*240 PUNJABI TADKA,C042
509,25,,30,30,0,false,2025-04-06T07:02:44.984Z,,8906010500337,22GM*240 ALOO SEV,C121
510,25,,30,30,0,false,2025-04-06T07:02:44.984Z,,8906010500368,25GM*240 TIKHA MITHA MIX,C127
511,25,,30,30,0,false,2025-04-06T07:02:44.984Z,,8906010500399,25GM*240 KHATA MITHA MIX,C128
512,25,,72,72,0,false,2025-04-06T07:02:44.984Z,,8906010500078,22GM*240 FARALI CHEVDO,C149
513,24,,90,90,0,false,2025-04-06T07:02:45.062Z,,8906010500023,15GM*192 CRUNCHEM SIMPLY SALTED WAFERS,C001
514,24,,5,5,0,false,2025-04-06T07:02:45.062Z,,8906010500047,15GM*192 CRUNCHEM MASALA MASTI WAFERS,C002
515,24,,10,10,0,false,2025-04-06T07:02:45.062Z,,8906010500818,15GM*192 CRUNCHEM CREAM & ONION WAFERS,C003
516,24,,30,30,0,false,2025-04-06T07:02:45.062Z,,8906010500481,15GM*192 CRUNCHEM TOMATO TWIST WAFERS,C004
517,24,,5,5,0,false,2025-04-06T07:02:45.062Z,,8906010500474,15GM*192 CRUNCHEM CHAT CHASKA WAFERS,C005
518,24,,15,15,0,false,2025-04-06T07:02:45.062Z,,8906010500016,30GM*120 CRUNCHEM SIMPLY SALTED WAFERS,C007
519,24,,10,10,0,false,2025-04-06T07:02:45.062Z,,8906010501570,30GM*120 CRUNCHEX CHILI TADKA WAFERS,C016
520,24,,20,20,0,false,2025-04-06T07:02:45.062Z,,8906010502294,22GM*192 AMAIZE FLAMIN' HOT NACHOS,C019
521,24,,48,48,0,false,2025-04-06T07:02:45.062Z,,8906010501228,22GM*120 SCOOPITOS MASALA,C027
522,24,,20,20,0,false,2025-04-06T07:02:45.062Z,,0_5,22GM*144 POP RINGS MASALA,C029
523,24,,12,12,0,false,2025-04-06T07:02:45.062Z,,8906010504724,22GM*120 SNACK'EM PONGA PLAIN,C031
524,24,,97,72,0,false,2025-04-06T07:02:45.062Z,,8906010500900,22GM*120 WHEELOS MASALA,C032
525,24,,48,48,0,false,2025-04-06T07:02:45.062Z,,8906010503444,22GM*144 FUNNE SPICY PUNCH,C033
526,24,,24,24,0,false,2025-04-06T07:02:45.062Z,,8906010500764,25GM*240 C.P.NAMKIN {MASALA MASTI},C035
527,24,,24,24,0,false,2025-04-06T07:02:45.062Z,,8906010502119,25GM*240 C.P.NAMKIN {FLAMIN HOT},C038
528,24,,25,25,0,false,2025-04-06T07:02:45.062Z,,0_7,25GM*120 GIPPI TORNADO FLAMIN CHILLI,C041
529,24,,32,32,0,false,2025-04-06T07:02:45.062Z,,8906010502232,22GM*240 PUNJABI TADKA,C042
530,24,,90,90,0,false,2025-04-06T07:02:45.062Z,,8906010500245,25GM*240 MASALA SEV MURMURA,C044
531,24,,2,2,0,false,2025-04-06T07:02:45.062Z,,8906010502041,22GM*240 BHEL MIX,C046
532,24,,5,5,0,false,2025-04-06T07:02:45.062Z,,8906010503512,135GM*24 CRUNCHEM SIMPLY SALTED WAFERS,C052
533,24,,5,5,0,false,2025-04-06T07:02:45.062Z,,8906010503550,135GM*24 CRUNCHEM CREAM & ONION WAFERS,C054
534,24,,2,2,0,false,2025-04-06T07:02:45.062Z,,8906010504120,24GM*40PKT*6 DUMBAR PEANUT CHIKKI,C062
535,24,,2,2,0,false,2025-04-06T07:02:45.062Z,,8906010500351,210GM*20 ALOO SEV,C088
536,24,,10,10,0,false,2025-04-06T07:02:45.062Z,,8906010501822,70GM*100 GIPPI MASALA NOODLES,C089
537,24,,2,2,0,false,2025-04-06T07:02:45.062Z,,8906010503697,240GM*20 KHATA MITHA MIX,C093
538,24,,5,5,0,false,2025-04-06T07:02:45.062Z,,8906010500382,240GM*20 TIKHA MITHA MIX,C094
539,24,,2,2,0,false,2025-04-06T07:02:45.062Z,,8906010502478,500GM*10 KHATA MITHA MIX,C105
540,24,,25,25,0,false,2025-04-06T07:02:45.062Z,,8906010500559,22GM*240 MAGDAL,C118
541,24,,15,15,0,false,2025-04-06T07:02:45.062Z,,8906010500863,22GM*288 NIMBU CHATKA SHING BHUJIA,C120
542,24,,5,5,0,false,2025-04-06T07:02:45.062Z,,8906010500337,22GM*240 ALOO SEV,C121
543,24,,5,5,0,false,2025-04-06T07:02:45.062Z,,8906010500429,25GM*240 GATHIYA,C123
544,24,,10,10,0,false,2025-04-06T07:02:45.062Z,,8906010500702,25GM*240 CHANADAL,C125
545,24,,5,5,0,false,2025-04-06T07:02:45.062Z,,8906010500368,25GM*240 TIKHA MITHA MIX,C127
546,24,,5,5,0,false,2025-04-06T07:02:45.062Z,,8906010500399,25GM*240 KHATA MITHA MIX,C128
547,24,,12,12,0,false,2025-04-06T07:02:45.062Z,,8906010502683,40GM*30 SALTED PEANUTS,C144
548,24,,5,5,0,false,2025-04-06T07:02:45.062Z,,8906010503949,25GM*240 C.P NAMKIN (LASANIYA),C148
549,24,,24,24,0,false,2025-04-06T07:02:45.062Z,,8906010500078,22GM*240 FARALI CHEVDO,C149
550,24,,12,12,0,false,2025-04-06T07:02:45.062Z,,8906010504359,22GM*120 SNACK'EM CHOKDI MASALA,C160
551,24,,6,6,0,false,2025-04-06T07:02:45.062Z,,8906010504205,22GM*120 SNACK'EM PONGA MASALA,C161
552,22,,30,30,0,false,2025-04-06T07:02:45.136Z,,8906010500023,15GM*192 CRUNCHEM SIMPLY SALTED WAFERS,C001
553,22,,30,30,0,false,2025-04-06T07:02:45.136Z,,8906010502294,22GM*192 AMAIZE FLAMIN' HOT NACHOS,C019
554,22,,20,20,0,false,2025-04-06T07:02:45.136Z,,8906010502829,45GM*120 AMAIZE SIMPLY SALTED NACHOS,C022
555,22,,30,30,0,false,2025-04-06T07:02:45.136Z,,8906010502300,45GM*120 AMAIZE FLAMIN' HOT NACHOS,C024
556,22,,30,30,0,false,2025-04-06T07:02:45.136Z,,8906010502355,45GM*120 AMAIZE CHEESE CHILLI NACHOS,C025
557,22,,96,96,0,false,2025-04-06T07:02:45.136Z,,8906010501228,22GM*120 SCOOPITOS MASALA,C027
558,22,,30,30,0,false,2025-04-06T07:02:45.136Z,,0_6,22GM*144 POP RINGS YUMMY CHEESE,C030
559,22,,48,48,0,false,2025-04-06T07:02:45.136Z,,8906010500900,22GM*120 WHEELOS MASALA,C032
560,22,,72,72,0,false,2025-04-06T07:02:45.136Z,,8906010500764,25GM*240 C.P.NAMKIN {MASALA MASTI},C035
561,22,,48,48,0,false,2025-04-06T07:02:45.136Z,,8906010500627,25GM*240 C.P.NAMKIN {TANGY TOMATO},C036
562,22,,30,30,0,false,2025-04-06T07:02:45.136Z,,8906010500894,25GM*240 C.P.NAMKIN {CHINESE CHATKA},C037
563,22,,24,24,0,false,2025-04-06T07:02:45.136Z,,8906010502119,25GM*240 C.P.NAMKIN {FLAMIN HOT},C038
564,22,,72,72,0,false,2025-04-06T07:02:45.136Z,,8906010502973,25GM*192 PAPDI GATHIYA,C039
565,22,,24,24,0,false,2025-04-06T07:02:45.136Z,,8906010503451,22GM*144 NOODLE STICKS MASALA,C040
566,22,,64,64,0,false,2025-04-06T07:02:45.136Z,,8906010502232,22GM*240 PUNJABI TADKA,C042
567,22,,10,10,0,false,2025-04-06T07:02:45.136Z,,8906010501822,70GM*100 GIPPI MASALA NOODLES,C089
568,22,,90,90,0,false,2025-04-06T07:02:45.136Z,,8906010500559,22GM*240 MAGDAL,C118
569,22,,30,30,0,false,2025-04-06T07:02:45.136Z,,8906010500276,22GM*288 SHING BHUJIA,C119
570,22,,32,32,0,false,2025-04-06T07:02:45.136Z,,8906010500429,25GM*240 GATHIYA,C123
571,22,,30,30,0,false,2025-04-06T07:02:45.136Z,,8906010500702,25GM*240 CHANADAL,C125
572,22,,30,30,0,false,2025-04-06T07:02:45.136Z,,8906010500368,25GM*240 TIKHA MITHA MIX,C127
573,22,,5,5,0,false,2025-04-06T07:02:45.136Z,,8906010500399,25GM*240 KHATA MITHA MIX,C128
574,22,,5,5,0,false,2025-04-06T07:02:45.136Z,,8906010504199,22GM*240 KATAK BATAK CHILLI LEMON,C154
575,22,,5,5,0,false,2025-04-06T07:02:45.136Z,,8906010504298,70GM*100 GIPPI FLAMIN' CHILLI NOODLES,C187
576,22,,5,5,0,false,2025-04-06T07:02:45.136Z,,8906010504281,13GM*24PKT*12JAR OLEE CHOCO STIX,EOO1
577,50,,15,15,0,false,2025-04-06T07:02:45.211Z,,8906010502294,22GM*192 AMAIZE FLAMIN' HOT NACHOS,C019
578,50,,20,25,0,false,2025-04-06T07:02:45.211Z,,0_5,22GM*144 POP RINGS MASALA,C029
579,50,,72,72,0,false,2025-04-06T07:02:45.211Z,,8906010500900,22GM*120 WHEELOS MASALA,C032
580,50,,216,216,0,false,2025-04-06T07:02:45.211Z,,8906010500764,25GM*240 C.P.NAMKIN {MASALA MASTI},C035
581,50,,72,72,0,false,2025-04-06T07:02:45.211Z,,8906010500627,25GM*240 C.P.NAMKIN {TANGY TOMATO},C036
582,50,,48,48,0,false,2025-04-06T07:02:45.211Z,,8906010502119,25GM*240 C.P.NAMKIN {FLAMIN HOT},C038
583,50,,60,60,0,false,2025-04-06T07:02:45.211Z,,8906010500214,25GM*240 SEV MURMURA,C043
584,50,,180,180,0,false,2025-04-06T07:02:45.211Z,,8906010500245,25GM*240 MASALA SEV MURMURA,C044
585,50,,15,15,0,false,2025-04-06T07:02:45.211Z,,8906010502041,22GM*240 BHEL MIX,C046
586,50,,20,20,0,false,2025-04-06T07:02:45.211Z,,8906010501822,70GM*100 GIPPI MASALA NOODLES,C089
587,50,,72,72,0,false,2025-04-06T07:02:45.211Z,,8906010500078,22GM*240 FARALI CHEVDO,C149
588,61,,45,45,0,false,2025-04-06T07:02:45.285Z,,8906010500559,22GM*240 MAGDAL,C118
589,61,,30,30,0,false,2025-04-06T07:02:45.285Z,,8906010500276,22GM*288 SHING BHUJIA,C119
590,61,,30,30,0,false,2025-04-06T07:02:45.285Z,,8906010500863,22GM*288 NIMBU CHATKA SHING BHUJIA,C120
591,61,,30,30,0,false,2025-04-06T07:02:45.285Z,,8906010500337,22GM*240 ALOO SEV,C121
592,61,,10,10,0,false,2025-04-06T07:02:45.285Z,,8906010500429,25GM*240 GATHIYA,C123
593,61,,6,6,0,false,2025-04-06T07:02:45.285Z,,8906010503420,20GM*288 MASALA PEAS,C126
594,61,,15,15,0,false,2025-04-06T07:02:45.285Z,,8906010503239,22GM*60 MASALA CHANA,C147
595,61,,12,12,0,false,2025-04-06T07:02:45.285Z,,8906010504359,22GM*120 SNACK'EM CHOKDI MASALA,C160
596,51,,30,30,0,false,2025-04-06T07:02:45.286Z,,8906010500023,15GM*192 CRUNCHEM SIMPLY SALTED WAFERS,C001
597,51,,15,15,0,false,2025-04-06T07:02:45.286Z,,8906010500047,15GM*192 CRUNCHEM MASALA MASTI WAFERS,C002
598,51,,30,30,0,false,2025-04-06T07:02:45.286Z,,8906010500818,15GM*192 CRUNCHEM CREAM & ONION WAFERS,C003
599,51,,15,15,0,false,2025-04-06T07:02:45.286Z,,8906010500481,15GM*192 CRUNCHEM TOMATO TWIST WAFERS,C004
600,51,,15,15,0,false,2025-04-06T07:02:45.286Z,,8906010500474,15GM*192 CRUNCHEM CHAT CHASKA WAFERS,C005
601,51,,30,30,0,false,2025-04-06T07:02:45.286Z,,8906010502492,15GM*192 CRUNCHEM PERI PERI WAFERS,C006
602,51,,15,15,0,false,2025-04-06T07:02:45.286Z,,8906010500016,30GM*120 CRUNCHEM SIMPLY SALTED WAFERS,C007
603,51,,10,10,0,false,2025-04-06T07:02:45.286Z,,8906010500870,30GM*120 CRUNCHEM CREAM & ONION WAFERS,C009
604,51,,5,5,0,false,2025-04-06T07:02:45.286Z,,8906010501198,30GM*120 CRUNCHEM PIZZY MASALA WAFERS,C010
605,51,,5,5,0,false,2025-04-06T07:02:45.286Z,,8906010501952,30GM*120 RUMBLES PUDINA TWIST WAFERS,C011
606,51,,5,5,0,false,2025-04-06T07:02:45.286Z,,8906010500535,30GM*120 CRUNCHEM CHAT CHASKA WAFERS,C013
607,51,,10,10,0,false,2025-04-06T07:02:45.286Z,,8906010502508,30GM*120 CRUNCHEM PERI PERI WAFERS,C014
608,51,,3,3,0,false,2025-04-06T07:02:45.286Z,,8906010500092,30GM*120 CRUNCHEX SALTED WAFERS,C015
609,51,,5,5,0,false,2025-04-06T07:02:45.286Z,,8906010501570,30GM*120 CRUNCHEX CHILI TADKA WAFERS,C016
610,51,,2,2,0,false,2025-04-06T07:02:45.286Z,,8906010504304,30GM*120 CRUNCHEX MIRCH MASALA WAFERS,C017
611,51,,30,30,0,false,2025-04-06T07:02:45.286Z,,8906010502294,22GM*192 AMAIZE FLAMIN' HOT NACHOS,C019
612,51,,3,3,0,false,2025-04-06T07:02:45.286Z,,0_4,25GM*240 AMAIZE JALAPENO CORN CHIPS,C021
613,51,,5,5,0,false,2025-04-06T07:02:45.286Z,,8906010502300,45GM*120 AMAIZE FLAMIN' HOT NACHOS,C024
614,51,,48,48,0,false,2025-04-06T07:02:45.286Z,,8906010501228,22GM*120 SCOOPITOS MASALA,C027
615,51,,15,15,0,false,2025-04-06T07:02:45.286Z,,0_5,22GM*144 POP RINGS MASALA,C029
616,51,,20,20,0,false,2025-04-06T07:02:45.286Z,,0_6,22GM*144 POP RINGS YUMMY CHEESE,C030
617,51,,24,24,0,false,2025-04-06T07:02:45.286Z,,8906010500900,22GM*120 WHEELOS MASALA,C032
618,51,,12,12,0,false,2025-04-06T07:02:45.286Z,,8906010503444,22GM*144 FUNNE SPICY PUNCH,C033
619,51,,24,24,0,false,2025-04-06T07:02:45.286Z,,8906010500764,25GM*240 C.P.NAMKIN {MASALA MASTI},C035
620,51,,10,10,0,false,2025-04-06T07:02:45.286Z,,8906010500627,25GM*240 C.P.NAMKIN {TANGY TOMATO},C036
621,51,,5,5,0,false,2025-04-06T07:02:45.286Z,,8906010500894,25GM*240 C.P.NAMKIN {CHINESE CHATKA},C037
622,51,,24,24,0,false,2025-04-06T07:02:45.286Z,,8906010502119,25GM*240 C.P.NAMKIN {FLAMIN HOT},C038
623,51,,10,10,0,false,2025-04-06T07:02:45.286Z,,8906010502973,25GM*192 PAPDI GATHIYA,C039
624,51,,12,12,0,false,2025-04-06T07:02:45.286Z,,8906010503451,22GM*144 NOODLE STICKS MASALA,C040
625,51,,8,8,0,false,2025-04-06T07:02:45.286Z,,0_7,25GM*120 GIPPI TORNADO FLAMIN CHILLI,C041
626,51,,48,48,0,false,2025-04-06T07:02:45.286Z,,8906010502232,22GM*240 PUNJABI TADKA,C042
627,51,,15,15,0,false,2025-04-06T07:02:45.286Z,,8906010500214,25GM*240 SEV MURMURA,C043
628,51,,30,30,0,false,2025-04-06T07:02:45.286Z,,8906010500245,25GM*240 MASALA SEV MURMURA,C044
629,51,,10,10,0,false,2025-04-06T07:02:45.286Z,,8906010502041,22GM*240 BHEL MIX,C046
630,51,,3,3,0,false,2025-04-06T07:02:45.286Z,,8906010503550,135GM*24 CRUNCHEM CREAM & ONION WAFERS,C054
631,51,,2,2,0,false,2025-04-06T07:02:45.286Z,,8906010503611,135GM*24 CRUNCHEX CHILI TADKA WAFERS,C059
632,51,,2,2,0,false,2025-04-06T07:02:45.286Z,,8906010500511,50GM*120 C.P.NAMKIN (MASALA MASTI),C060
633,51,,2,2,0,false,2025-04-06T07:02:45.286Z,,8906010504120,24GM*40PKT*6 DUMBAR PEANUT CHIKKI,C062
634,51,,2,2,0,false,2025-04-06T07:02:45.286Z,,8906010503574,16GM*24PKT*12JAR RICH CHOCOLATE CREAM WAFERS,C066
635,51,,1,1,0,false,2025-04-06T07:02:45.286Z,,8906010503260,16GM*24PKT*12JAR JUICY STRAWBERRY CREAM WAFERS,C068
636,51,,1,1,0,false,2025-04-06T07:02:45.286Z,,8906010503871,16GM*24PKT*12JAR YUMMY VANILLA CREAM WAFERS,C069
637,51,,6,6,0,false,2025-04-06T07:02:45.286Z,,8906010501242,45GM*72 WHEELOS MASALA,C070
638,51,,30,30,0,false,2025-04-06T07:02:45.286Z,,8906010501822,70GM*100 GIPPI MASALA NOODLES,C089
639,51,,35,35,0,false,2025-04-06T07:02:45.286Z,,8906010500559,22GM*240 MAGDAL,C118
640,51,,10,10,0,false,2025-04-06T07:02:45.286Z,,8906010500276,22GM*288 SHING BHUJIA,C119
641,51,,30,30,0,false,2025-04-06T07:02:45.286Z,,8906010500337,22GM*240 ALOO SEV,C121
642,51,,8,8,0,false,2025-04-06T07:02:45.286Z,,8906010500429,25GM*240 GATHIYA,C123
643,51,,3,3,0,false,2025-04-06T07:02:45.286Z,,8906010500306,25GM*240 RATLAMI SEV,C124
644,51,,5,5,0,false,2025-04-06T07:02:45.286Z,,8906010500702,25GM*240 CHANADAL,C125
645,51,,10,10,0,false,2025-04-06T07:02:45.286Z,,8906010500368,25GM*240 TIKHA MITHA MIX,C127
646,51,,15,15,0,false,2025-04-06T07:02:45.286Z,,8906010503949,25GM*240 C.P NAMKIN (LASANIYA),C148
647,51,,6,6,0,false,2025-04-06T07:02:45.286Z,,8906010500078,22GM*240 FARALI CHEVDO,C149
648,51,,10,10,0,false,2025-04-06T07:02:45.286Z,,8906010504298,70GM*100 GIPPI FLAMIN' CHILLI NOODLES,C187
649,52,,60,60,0,false,2025-04-06T07:02:45.361Z,,8906010500023,15GM*192 CRUNCHEM SIMPLY SALTED WAFERS,C001
650,52,,30,30,0,false,2025-04-06T07:02:45.361Z,,8906010500474,15GM*192 CRUNCHEM CHAT CHASKA WAFERS,C005
651,52,,15,15,0,false,2025-04-06T07:02:45.361Z,,8906010500016,30GM*120 CRUNCHEM SIMPLY SALTED WAFERS,C007
652,52,,15,15,0,false,2025-04-06T07:02:45.361Z,,8906010500870,30GM*120 CRUNCHEM CREAM & ONION WAFERS,C009
653,52,,15,15,0,false,2025-04-06T07:02:45.361Z,,8906010501198,30GM*120 CRUNCHEM PIZZY MASALA WAFERS,C010
654,52,,15,15,0,false,2025-04-06T07:02:45.361Z,,8906010500498,30GM*120 CRUNCHEM TOMATO TWIST WAFERS,C012
655,52,,15,15,0,false,2025-04-06T07:02:45.361Z,,8906010500535,30GM*120 CRUNCHEM CHAT CHASKA WAFERS,C013
656,52,,15,15,0,false,2025-04-06T07:02:45.361Z,,8906010502508,30GM*120 CRUNCHEM PERI PERI WAFERS,C014
657,52,,5,10,0,false,2025-04-06T07:02:45.361Z,,0_4,25GM*240 AMAIZE JALAPENO CORN CHIPS,C021
658,52,,48,48,0,false,2025-04-06T07:02:45.361Z,,8906010501228,22GM*120 SCOOPITOS MASALA,C027
659,52,,12,12,0,false,2025-04-06T07:02:45.361Z,,8906010504724,22GM*120 SNACK'EM PONGA PLAIN,C031
660,52,,24,24,0,false,2025-04-06T07:02:45.361Z,,8906010500900,22GM*120 WHEELOS MASALA,C032
661,52,,120,120,0,false,2025-04-06T07:02:45.361Z,,8906010500764,25GM*240 C.P.NAMKIN {MASALA MASTI},C035
662,52,,30,30,0,false,2025-04-06T07:02:45.361Z,,8906010500894,25GM*240 C.P.NAMKIN {CHINESE CHATKA},C037
663,52,,48,48,0,false,2025-04-06T07:02:45.361Z,,8906010502119,25GM*240 C.P.NAMKIN {FLAMIN HOT},C038
664,52,,64,64,0,false,2025-04-06T07:02:45.361Z,,8906010502232,22GM*240 PUNJABI TADKA,C042
665,52,,30,30,0,false,2025-04-06T07:02:45.361Z,,8906010500245,25GM*240 MASALA SEV MURMURA,C044
666,52,,30,30,0,false,2025-04-06T07:02:45.361Z,,8906010501822,70GM*100 GIPPI MASALA NOODLES,C089
667,52,,45,45,0,false,2025-04-06T07:02:45.361Z,,8906010500559,22GM*240 MAGDAL,C118
668,52,,15,15,0,false,2025-04-06T07:02:45.361Z,,8906010500863,22GM*288 NIMBU CHATKA SHING BHUJIA,C120
669,52,,30,30,0,false,2025-04-06T07:02:45.361Z,,8906010500337,22GM*240 ALOO SEV,C121
670,52,,10,10,0,false,2025-04-06T07:02:45.361Z,,8906010500306,25GM*240 RATLAMI SEV,C124
671,52,,10,10,0,false,2025-04-06T07:02:45.361Z,,8906010500702,25GM*240 CHANADAL,C125
672,52,,15,15,0,false,2025-04-06T07:02:45.361Z,,8906010503949,25GM*240 C.P NAMKIN (LASANIYA),C148
673,52,,12,12,0,false,2025-04-06T07:02:45.361Z,,8906010504359,22GM*120 SNACK'EM CHOKDI MASALA,C160
684,53,,30,30,0,false,2025-04-06T07:02:45.435Z,,8906010500023,15GM*192 CRUNCHEM SIMPLY SALTED WAFERS,C001
685,53,,30,30,0,false,2025-04-06T07:02:45.435Z,,8906010500047,15GM*192 CRUNCHEM MASALA MASTI WAFERS,C002
686,53,,30,30,0,false,2025-04-06T07:02:45.435Z,,8906010500818,15GM*192 CRUNCHEM CREAM & ONION WAFERS,C003
687,53,,30,30,0,false,2025-04-06T07:02:45.435Z,,8906010500481,15GM*192 CRUNCHEM TOMATO TWIST WAFERS,C004
688,53,,30,30,0,false,2025-04-06T07:02:45.435Z,,8906010502492,15GM*192 CRUNCHEM PERI PERI WAFERS,C006
689,53,,30,30,0,false,2025-04-06T07:02:45.435Z,,8906010500016,30GM*120 CRUNCHEM SIMPLY SALTED WAFERS,C007
690,53,,15,15,0,false,2025-04-06T07:02:45.435Z,,8906010500498,30GM*120 CRUNCHEM TOMATO TWIST WAFERS,C012
691,53,,30,30,0,false,2025-04-06T07:02:45.435Z,,8906010500092,30GM*120 CRUNCHEX SALTED WAFERS,C015
692,53,,30,30,0,false,2025-04-06T07:02:45.435Z,,8906010501570,30GM*120 CRUNCHEX CHILI TADKA WAFERS,C016
693,53,,40,40,0,false,2025-04-06T07:02:45.435Z,,8906010502294,22GM*192 AMAIZE FLAMIN' HOT NACHOS,C019
694,53,,17,17,0,false,2025-04-06T07:02:45.435Z,,8906010502348,22GM*192 AMAIZE CHEESE CHILLI NACHOS,C020
695,53,,24,24,0,false,2025-04-06T07:02:45.435Z,,8906010501228,22GM*120 SCOOPITOS MASALA,C027
696,53,,20,20,0,false,2025-04-06T07:02:45.435Z,,0_5,22GM*144 POP RINGS MASALA,C029
697,53,,12,12,0,false,2025-04-06T07:02:45.435Z,,8906010504724,22GM*120 SNACK'EM PONGA PLAIN,C031
698,53,,24,24,0,false,2025-04-06T07:02:45.435Z,,8906010500900,22GM*120 WHEELOS MASALA,C032
699,53,,24,24,0,false,2025-04-06T07:02:45.435Z,,8906010503444,22GM*144 FUNNE SPICY PUNCH,C033
700,53,,24,24,0,false,2025-04-06T07:02:45.435Z,,8906010500764,25GM*240 C.P.NAMKIN {MASALA MASTI},C035
701,53,,24,24,0,false,2025-04-06T07:02:45.435Z,,8906010500627,25GM*240 C.P.NAMKIN {TANGY TOMATO},C036
702,53,,24,24,0,false,2025-04-06T07:02:45.435Z,,8906010502119,25GM*240 C.P.NAMKIN {FLAMIN HOT},C038
703,53,,24,24,0,false,2025-04-06T07:02:45.435Z,,8906010502973,25GM*192 PAPDI GATHIYA,C039
704,53,,24,24,0,false,2025-04-06T07:02:45.435Z,,8906010503451,22GM*144 NOODLE STICKS MASALA,C040
705,53,,15,15,0,false,2025-04-06T07:02:45.435Z,,0_7,25GM*120 GIPPI TORNADO FLAMIN CHILLI,C041
706,53,,32,32,0,false,2025-04-06T07:02:45.435Z,,8906010502232,22GM*240 PUNJABI TADKA,C042
707,53,,30,30,0,false,2025-04-06T07:02:45.435Z,,8906010500214,25GM*240 SEV MURMURA,C043
708,53,,30,30,0,false,2025-04-06T07:02:45.435Z,,8906010500245,25GM*240 MASALA SEV MURMURA,C044
709,53,,5,5,0,false,2025-04-06T07:02:45.435Z,,8906010503550,135GM*24 CRUNCHEM CREAM & ONION WAFERS,C054
710,53,,45,45,0,false,2025-04-06T07:02:45.435Z,,8906010500559,22GM*240 MAGDAL,C118
711,53,,30,30,0,false,2025-04-06T07:02:45.435Z,,8906010500276,22GM*288 SHING BHUJIA,C119
712,53,,30,30,0,false,2025-04-06T07:02:45.435Z,,8906010500863,22GM*288 NIMBU CHATKA SHING BHUJIA,C120
713,53,,30,30,0,false,2025-04-06T07:02:45.435Z,,8906010500337,22GM*240 ALOO SEV,C121
714,53,,15,15,0,false,2025-04-06T07:02:45.435Z,,8906010500702,25GM*240 CHANADAL,C125
715,53,,15,15,0,false,2025-04-06T07:02:45.435Z,,8906010503826,30GM*120 RUMBLES HOT CHILI WAFERS,C153
716,53,,24,24,0,false,2025-04-06T07:02:45.435Z,,8906010504359,22GM*120 SNACK'EM CHOKDI MASALA,C160
717,53,,10,10,0,false,2025-04-06T07:02:45.435Z,,8906010504298,70GM*100 GIPPI FLAMIN' CHILLI NOODLES,C187
734,55,,30,30,0,false,2025-04-06T07:02:45.510Z,,8906010500023,15GM*192 CRUNCHEM SIMPLY SALTED WAFERS,C001
735,55,,30,30,0,false,2025-04-06T07:02:45.510Z,,8906010500047,15GM*192 CRUNCHEM MASALA MASTI WAFERS,C002
736,55,,30,30,0,false,2025-04-06T07:02:45.510Z,,8906010500818,15GM*192 CRUNCHEM CREAM & ONION WAFERS,C003
737,55,,30,30,0,false,2025-04-06T07:02:45.510Z,,8906010500481,15GM*192 CRUNCHEM TOMATO TWIST WAFERS,C004
738,55,,15,15,0,false,2025-04-06T07:02:45.510Z,,8906010500474,15GM*192 CRUNCHEM CHAT CHASKA WAFERS,C005
739,55,,30,30,0,false,2025-04-06T07:02:45.510Z,,8906010502492,15GM*192 CRUNCHEM PERI PERI WAFERS,C006
740,55,,5,5,0,false,2025-04-06T07:02:45.510Z,,8906010500016,30GM*120 CRUNCHEM SIMPLY SALTED WAFERS,C007
741,55,,5,5,0,false,2025-04-06T07:02:45.510Z,,8906010500030,30GM*120 CRUNCHEM MASALA MASTI WAFERS,C008
742,55,,5,5,0,false,2025-04-06T07:02:45.510Z,,8906010501952,30GM*120 RUMBLES PUDINA TWIST WAFERS,C011
743,55,,5,5,0,false,2025-04-06T07:02:45.510Z,,8906010500092,30GM*120 CRUNCHEX SALTED WAFERS,C015
744,55,,10,10,0,false,2025-04-06T07:02:45.510Z,,8906010501570,30GM*120 CRUNCHEX CHILI TADKA WAFERS,C016
745,55,,30,30,0,false,2025-04-06T07:02:45.510Z,,8906010502294,22GM*192 AMAIZE FLAMIN' HOT NACHOS,C019
746,55,,8,8,0,false,2025-04-06T07:02:45.510Z,,0_4,25GM*240 AMAIZE JALAPENO CORN CHIPS,C021
747,55,,48,48,0,false,2025-04-06T07:02:45.510Z,,8906010501228,22GM*120 SCOOPITOS MASALA,C027
748,55,,10,10,0,false,2025-04-06T07:02:45.510Z,,0_5,22GM*144 POP RINGS MASALA,C029
749,55,,10,10,0,false,2025-04-06T07:02:45.510Z,,0_6,22GM*144 POP RINGS YUMMY CHEESE,C030
750,55,,12,12,0,false,2025-04-06T07:02:45.510Z,,8906010504724,22GM*120 SNACK'EM PONGA PLAIN,C031
751,55,,24,24,0,false,2025-04-06T07:02:45.510Z,,8906010500900,22GM*120 WHEELOS MASALA,C032
752,55,,24,24,0,false,2025-04-06T07:02:45.510Z,,8906010503444,22GM*144 FUNNE SPICY PUNCH,C033
753,55,,48,48,0,false,2025-04-06T07:02:45.510Z,,8906010500764,25GM*240 C.P.NAMKIN {MASALA MASTI},C035
754,55,,48,48,0,false,2025-04-06T07:02:45.510Z,,8906010502119,25GM*240 C.P.NAMKIN {FLAMIN HOT},C038
755,55,,12,12,0,false,2025-04-06T07:02:45.510Z,,8906010502973,25GM*192 PAPDI GATHIYA,C039
756,55,,24,24,0,false,2025-04-06T07:02:45.510Z,,8906010503451,22GM*144 NOODLE STICKS MASALA,C040
757,55,,75,75,0,false,2025-04-06T07:02:45.510Z,,0_7,25GM*120 GIPPI TORNADO FLAMIN CHILLI,C041
758,55,,64,64,0,false,2025-04-06T07:02:45.510Z,,8906010502232,22GM*240 PUNJABI TADKA,C042
759,55,,30,30,0,false,2025-04-06T07:02:45.510Z,,8906010500245,25GM*240 MASALA SEV MURMURA,C044
760,55,,10,10,0,false,2025-04-06T07:02:45.510Z,,8906010502041,22GM*240 BHEL MIX,C046
761,55,,2,2,0,false,2025-04-06T07:02:45.510Z,,8906010500511,50GM*120 C.P.NAMKIN (MASALA MASTI),C060
762,55,,1,1,0,false,2025-04-06T07:02:45.510Z,,8906010503574,16GM*24PKT*12JAR RICH CHOCOLATE CREAM WAFERS,C066
763,55,,3,3,0,false,2025-04-06T07:02:45.510Z,,8906010503260,16GM*24PKT*12JAR JUICY STRAWBERRY CREAM WAFERS,C068
764,55,,2,2,0,false,2025-04-06T07:02:45.510Z,,8906010501242,45GM*72 WHEELOS MASALA,C070
674,67,,24,24,0,false,2025-04-06T07:02:45.363Z,,8906010500900,22GM*120 WHEELOS MASALA,C032
675,67,,72,72,0,false,2025-04-06T07:02:45.363Z,,8906010500764,25GM*240 C.P.NAMKIN {MASALA MASTI},C035
676,67,,48,48,0,false,2025-04-06T07:02:45.363Z,,8906010500627,25GM*240 C.P.NAMKIN {TANGY TOMATO},C036
677,67,,72,72,0,false,2025-04-06T07:02:45.363Z,,8906010502119,25GM*240 C.P.NAMKIN {FLAMIN HOT},C038
678,67,,64,64,0,false,2025-04-06T07:02:45.363Z,,8906010502232,22GM*240 PUNJABI TADKA,C042
679,67,,30,30,0,false,2025-04-06T07:02:45.363Z,,8906010500214,25GM*240 SEV MURMURA,C043
680,67,,60,60,0,false,2025-04-06T07:02:45.363Z,,8906010500245,25GM*240 MASALA SEV MURMURA,C044
681,67,,24,24,0,false,2025-04-06T07:02:45.363Z,,8906010501242,45GM*72 WHEELOS MASALA,C070
682,67,,72,72,0,false,2025-04-06T07:02:45.363Z,,8906010500078,22GM*240 FARALI CHEVDO,C149
683,67,,30,30,0,false,2025-04-06T07:02:45.363Z,,8906010500085,45GM*180 FARALI CHEVDO,C150
718,66,,60,60,0,false,2025-04-06T07:02:45.439Z,,8906010500023,15GM*192 CRUNCHEM SIMPLY SALTED WAFERS,C001
719,66,,30,30,0,false,2025-04-06T07:02:45.439Z,,8906010500047,15GM*192 CRUNCHEM MASALA MASTI WAFERS,C002
720,66,,30,30,0,false,2025-04-06T07:02:45.439Z,,8906010500818,15GM*192 CRUNCHEM CREAM & ONION WAFERS,C003
721,66,,30,30,0,false,2025-04-06T07:02:45.439Z,,8906010500481,15GM*192 CRUNCHEM TOMATO TWIST WAFERS,C004
722,66,,30,30,0,false,2025-04-06T07:02:45.439Z,,8906010502492,15GM*192 CRUNCHEM PERI PERI WAFERS,C006
723,66,,90,90,0,false,2025-04-06T07:02:45.439Z,,8906010500016,30GM*120 CRUNCHEM SIMPLY SALTED WAFERS,C007
724,66,,30,30,0,false,2025-04-06T07:02:45.439Z,,8906010500030,30GM*120 CRUNCHEM MASALA MASTI WAFERS,C008
725,66,,90,90,0,false,2025-04-06T07:02:45.439Z,,8906010500870,30GM*120 CRUNCHEM CREAM & ONION WAFERS,C009
726,66,,30,30,0,false,2025-04-06T07:02:45.439Z,,8906010501198,30GM*120 CRUNCHEM PIZZY MASALA WAFERS,C010
727,66,,30,30,0,false,2025-04-06T07:02:45.439Z,,8906010500498,30GM*120 CRUNCHEM TOMATO TWIST WAFERS,C012
728,66,,30,30,0,false,2025-04-06T07:02:45.439Z,,8906010500535,30GM*120 CRUNCHEM CHAT CHASKA WAFERS,C013
729,66,,30,30,0,false,2025-04-06T07:02:45.439Z,,8906010502508,30GM*120 CRUNCHEM PERI PERI WAFERS,C014
730,66,,30,30,0,false,2025-04-06T07:02:45.439Z,,8906010501570,30GM*120 CRUNCHEX CHILI TADKA WAFERS,C016
731,66,,30,30,0,false,2025-04-06T07:02:45.439Z,,8906010504304,30GM*120 CRUNCHEX MIRCH MASALA WAFERS,C017
732,66,,30,30,0,false,2025-04-06T07:02:45.439Z,,8906010504311,30GM*120 CRUNCHEX CHILLI LEMON WAFERS,C018
733,66,,48,24,0,false,2025-04-06T07:02:45.439Z,,8906010500900,22GM*120 WHEELOS MASALA,C032
781,72,,120,120,0,false,2025-04-06T07:02:45.514Z,,8906010500023,15GM*192 CRUNCHEM SIMPLY SALTED WAFERS,C001
782,72,,60,60,0,false,2025-04-06T07:02:45.514Z,,8906010500818,15GM*192 CRUNCHEM CREAM & ONION WAFERS,C003
783,72,,120,120,0,false,2025-04-06T07:02:45.514Z,,8906010500481,15GM*192 CRUNCHEM TOMATO TWIST WAFERS,C004
784,72,,30,30,0,false,2025-04-06T07:02:45.514Z,,8906010500474,15GM*192 CRUNCHEM CHAT CHASKA WAFERS,C005
785,72,,30,30,0,false,2025-04-06T07:02:45.514Z,,8906010502492,15GM*192 CRUNCHEM PERI PERI WAFERS,C006
786,72,,20,20,0,false,2025-04-06T07:02:45.514Z,,8906010502294,22GM*192 AMAIZE FLAMIN' HOT NACHOS,C019
787,72,,24,24,0,false,2025-04-06T07:02:45.514Z,,8906010501228,22GM*120 SCOOPITOS MASALA,C027
788,72,,56,48,0,false,2025-04-06T07:02:45.514Z,,8906010500900,22GM*120 WHEELOS MASALA,C032
789,72,,24,24,0,false,2025-04-06T07:02:45.514Z,,8906010503444,22GM*144 FUNNE SPICY PUNCH,C033
790,72,,96,96,0,false,2025-04-06T07:02:45.514Z,,8906010500764,25GM*240 C.P.NAMKIN {MASALA MASTI},C035
791,72,,15,15,0,false,2025-04-06T07:02:45.514Z,,8906010500894,25GM*240 C.P.NAMKIN {CHINESE CHATKA},C037
792,72,,24,24,0,false,2025-04-06T07:02:45.514Z,,8906010502119,25GM*240 C.P.NAMKIN {FLAMIN HOT},C038
793,72,,24,24,0,false,2025-04-06T07:02:45.514Z,,8906010503451,22GM*144 NOODLE STICKS MASALA,C040
794,72,,25,25,0,false,2025-04-06T07:02:45.514Z,,0_7,25GM*120 GIPPI TORNADO FLAMIN CHILLI,V041
795,72,,32,32,0,false,2025-04-06T07:02:45.514Z,,8906010502232,22GM*240 PUNJABI TADKA,C042
796,72,,30,30,0,false,2025-04-06T07:02:45.514Z,,8906010500214,25GM*240 SEV MURMURA,C043
797,72,,5,5,0,false,2025-04-06T07:02:45.514Z,,8906010503109,135GM*24 RUMBLES PUDINA TWIST WAFERS,C055
798,72,,2,2,0,false,2025-04-06T07:02:45.514Z,,8906010502133,25GM*240 CHANA JOR GARAM,C076
799,72,,90,90,0,false,2025-04-06T07:02:45.514Z,,8906010500559,22GM*240 MAGDAL,C118
809,80,,30,30,0,false,2025-04-06T07:02:45.590Z,,8906010500023,15GM*192 CRUNCHEM SIMPLY SALTED WAFERS,C001
810,80,,30,30,0,false,2025-04-06T07:02:45.590Z,,8906010500047,15GM*192 CRUNCHEM MASALA MASTI WAFERS,C002
811,80,,30,30,0,false,2025-04-06T07:02:45.590Z,,8906010500818,15GM*192 CRUNCHEM CREAM & ONION WAFERS,C003
812,80,,30,30,0,false,2025-04-06T07:02:45.590Z,,8906010500481,15GM*192 CRUNCHEM TOMATO TWIST WAFERS,C004
813,80,,30,30,0,false,2025-04-06T07:02:45.590Z,,8906010500474,15GM*192 CRUNCHEM CHAT CHASKA WAFERS,C005
814,80,,30,30,0,false,2025-04-06T07:02:45.590Z,,8906010502492,15GM*192 CRUNCHEM PERI PERI WAFERS,C006
815,80,,15,15,0,false,2025-04-06T07:02:45.590Z,,8906010502294,22GM*192 AMAIZE FLAMIN' HOT NACHOS,C019
816,80,,48,48,0,false,2025-04-06T07:02:45.590Z,,8906010501228,22GM*120 SCOOPITOS MASALA,C027
817,80,,48,48,0,false,2025-04-06T07:02:45.590Z,,8906010500764,25GM*240 C.P.NAMKIN {MASALA MASTI},C035
818,80,,30,30,0,false,2025-04-06T07:02:45.590Z,,8906010500894,25GM*240 C.P.NAMKIN {CHINESE CHATKA},C037
819,80,,24,24,0,false,2025-04-06T07:02:45.590Z,,8906010502119,25GM*240 C.P.NAMKIN {FLAMIN HOT},C038
820,80,,10,10,0,false,2025-04-06T07:02:45.590Z,,0_7,25GM*120 GIPPI TORNADO FLAMIN CHILLI,V041
821,80,,16,16,0,false,2025-04-06T07:02:45.590Z,,8906010502232,22GM*240 PUNJABI TADKA,C042
822,80,,10,10,0,false,2025-04-06T07:02:45.590Z,,8906010500214,25GM*240 SEV MURMURA,C043
823,80,,15,15,0,false,2025-04-06T07:02:45.590Z,,8906010500245,25GM*240 MASALA SEV MURMURA,C044
824,80,,5,5,0,false,2025-04-06T07:02:45.590Z,,8906010502041,22GM*240 BHEL MIX,C046
825,80,,5,5,0,false,2025-04-06T07:02:45.590Z,,8906010504120,24GM*40PKT*6 DUMBAR PEANUT CHIKKI,C062
826,80,,30,30,0,false,2025-04-06T07:02:45.590Z,,8906010500863,22GM*288 NIMBU CHATKA SHING BHUJIA,C120
827,80,,30,30,0,false,2025-04-06T07:02:45.590Z,,8906010500337,22GM*240 ALOO SEV,C121
828,80,,5,5,0,false,2025-04-06T07:02:45.590Z,,8906010500702,25GM*240 CHANADAL,C125
829,80,,5,5,0,false,2025-04-06T07:02:45.590Z,,8906010503420,20GM*288 MASALA PEAS,C126
765,55,,1,1,0,false,2025-04-06T07:02:45.510Z,,8906010500351,210GM*20 ALOO SEV,C088
766,55,,45,45,0,false,2025-04-06T07:02:45.510Z,,8906010501822,70GM*100 GIPPI MASALA NOODLES,C089
767,55,,1,1,0,false,2025-04-06T07:02:45.510Z,,8906010500382,240GM*20 TIKHA MITHA MIX,C094
768,55,,45,45,0,false,2025-04-06T07:02:45.510Z,,8906010500559,22GM*240 MAGDAL,C118
769,55,,15,15,0,false,2025-04-06T07:02:45.510Z,,8906010500276,22GM*288 SHING BHUJIA,C119
770,55,,30,30,0,false,2025-04-06T07:02:45.510Z,,8906010500337,22GM*240 ALOO SEV,C121
771,55,,5,5,0,false,2025-04-06T07:02:45.510Z,,8906010500429,25GM*240 GATHIYA,C123
772,55,,3,3,0,false,2025-04-06T07:02:45.510Z,,8906010500306,25GM*240 RATLAMI SEV,C124
773,55,,12,12,0,false,2025-04-06T07:02:45.510Z,,8906010500702,25GM*240 CHANADAL,C125
774,55,,5,5,0,false,2025-04-06T07:02:45.510Z,,8906010500368,25GM*240 TIKHA MITHA MIX,C127
775,55,,1,1,0,false,2025-04-06T07:02:45.510Z,,8906010500344,45GM*180 ALOO SEV,C136
776,55,,12,12,0,false,2025-04-06T07:02:45.510Z,,8906010502683,40GM*30 SALTED PEANUTS,C144
777,55,,10,10,0,false,2025-04-06T07:02:45.510Z,,8906010503949,25GM*240 C.P NAMKIN (LASANIYA),C148
778,55,,6,6,0,false,2025-04-06T07:02:45.510Z,,8906010504359,22GM*120 SNACK'EM CHOKDI MASALA,C160
779,55,,3,3,0,false,2025-04-06T07:02:45.510Z,,8906010504205,22GM*120 SNACK'EM PONGA MASALA,C161
780,55,,10,10,0,false,2025-04-06T07:02:45.510Z,,8906010504298,70GM*100 GIPPI FLAMIN' CHILLI NOODLES,C187
800,56,,150,150,0,false,2025-04-06T07:02:45.585Z,,8906010500023,15GM*192 CRUNCHEM SIMPLY SALTED WAFERS,C001
801,56,,150,150,0,false,2025-04-06T07:02:45.585Z,,8906010500481,15GM*192 CRUNCHEM TOMATO TWIST WAFERS,C004
802,56,,96,96,0,false,2025-04-06T07:02:45.585Z,,8906010503444,22GM*144 FUNNE SPICY PUNCH,C033
803,56,,48,48,0,false,2025-04-06T07:02:45.585Z,,8906010500627,25GM*240 C.P.NAMKIN {TANGY TOMATO},C036
804,56,,120,120,0,false,2025-04-06T07:02:45.585Z,,8906010503451,22GM*144 NOODLE STICKS MASALA,C040
805,56,,10,10,0,false,2025-04-06T07:02:45.585Z,,0_7,25GM*120 GIPPI TORNADO FLAMIN CHILLI,C041
806,56,,154,150,0,false,2025-04-06T07:02:45.585Z,,8906010500245,25GM*240 MASALA SEV MURMURA,C044
807,56,,12,12,0,false,2025-04-06T07:02:45.585Z,,8906010500702,25GM*240 CHANADAL,C125
808,56,,60,60,0,false,2025-04-06T07:02:45.585Z,,8906010500368,25GM*240 TIKHA MITHA MIX,C127
832,57,,120,120,0,false,2025-04-06T07:02:45.659Z,,8906010500023,15GM*192 CRUNCHEM SIMPLY SALTED WAFERS,C001
833,57,,5,5,0,false,2025-04-06T07:02:45.659Z,,8906010500818,15GM*192 CRUNCHEM CREAM & ONION WAFERS,C003
834,57,,30,30,0,false,2025-04-06T07:02:45.659Z,,8906010500481,15GM*192 CRUNCHEM TOMATO TWIST WAFERS,C004
835,57,,45,45,0,false,2025-04-06T07:02:45.659Z,,8906010500016,30GM*120 CRUNCHEM SIMPLY SALTED WAFERS,C007
836,57,,10,10,0,false,2025-04-06T07:02:45.659Z,,8906010502294,22GM*192 AMAIZE FLAMIN' HOT NACHOS,C019
837,57,,15,15,0,false,2025-04-06T07:02:45.659Z,,0_5,22GM*144 POP RINGS MASALA,C029
838,57,,12,12,0,false,2025-04-06T07:02:45.659Z,,8906010504724,22GM*120 SNACK'EM PONGA PLAIN,C031
839,57,,72,72,0,false,2025-04-06T07:02:45.659Z,,8906010500900,22GM*120 WHEELOS MASALA,C032
840,57,,24,24,0,false,2025-04-06T07:02:45.659Z,,8906010503444,22GM*144 FUNNE SPICY PUNCH,C033
841,57,,48,48,0,false,2025-04-06T07:02:45.659Z,,8906010500764,25GM*240 C.P.NAMKIN {MASALA MASTI},C035
842,57,,24,24,0,false,2025-04-06T07:02:45.659Z,,8906010500627,25GM*240 C.P.NAMKIN {TANGY TOMATO},C036
843,57,,24,24,0,false,2025-04-06T07:02:45.659Z,,8906010502973,25GM*192 PAPDI GATHIYA,C039
844,57,,15,15,0,false,2025-04-06T07:02:45.659Z,,0_7,25GM*120 GIPPI TORNADO FLAMIN CHILLI,C041
845,57,,32,32,0,false,2025-04-06T07:02:45.659Z,,8906010502232,22GM*240 PUNJABI TADKA,C042
846,57,,15,15,0,false,2025-04-06T07:02:45.659Z,,8906010500214,25GM*240 SEV MURMURA,C043
847,57,,60,60,0,false,2025-04-06T07:02:45.659Z,,8906010500245,25GM*240 MASALA SEV MURMURA,C044
848,57,,15,15,0,false,2025-04-06T07:02:45.659Z,,8906010503512,135GM*24 CRUNCHEM SIMPLY SALTED WAFERS,C052
849,57,,3,3,0,false,2025-04-06T07:02:45.659Z,,8906010504120,24GM*40PKT*6 DUMBAR PEANUT CHIKKI,C062
850,57,,1,1,0,false,2025-04-06T07:02:45.659Z,,8906010503772,50GM*120 PAPDI GATHIYA,C077
851,57,,1,1,0,false,2025-04-06T07:02:45.659Z,,8906010500351,210GM*20 ALOO SEV,C088
852,57,,30,30,0,false,2025-04-06T07:02:45.659Z,,8906010501822,70GM*100 GIPPI MASALA NOODLES,C089
853,57,,35,35,0,false,2025-04-06T07:02:45.659Z,,8906010500559,22GM*240 MAGDAL,C118
854,57,,30,30,0,false,2025-04-06T07:02:45.659Z,,8906010500863,22GM*288 NIMBU CHATKA SHING BHUJIA,C120
855,57,,5,5,0,false,2025-04-06T07:02:45.659Z,,8906010500337,22GM*240 ALOO SEV,C121
856,57,,5,5,0,false,2025-04-06T07:02:45.659Z,,8906010500429,25GM*240 GATHIYA,C123
857,57,,15,15,0,false,2025-04-06T07:02:45.659Z,,8906010503239,22GM*60 MASALA CHANA,C147
858,57,,48,48,0,false,2025-04-06T07:02:45.659Z,,8906010500078,22GM*240 FARALI CHEVDO,C149
859,57,,8,8,0,false,2025-04-06T07:02:45.659Z,,8906010500085,45GM*180 FARALI CHEVDO,C150
860,57,,3,3,0,false,2025-04-06T07:02:45.659Z,,8906010504359,22GM*120 SNACK'EM CHOKDI MASALA,C160
861,57,,2,2,0,false,2025-04-06T07:02:45.659Z,,8906010504281,13GM*24PKT*12JAR OLEE CHOCO STIX,EOO1
881,58,,90,90,0,false,2025-04-06T07:02:45.734Z,,8906010500023,15GM*192 CRUNCHEM SIMPLY SALTED WAFERS,C001
882,58,,15,15,0,false,2025-04-06T07:02:45.734Z,,8906010500818,15GM*192 CRUNCHEM CREAM & ONION WAFERS,C003
883,58,,30,30,0,false,2025-04-06T07:02:45.734Z,,8906010500481,15GM*192 CRUNCHEM TOMATO TWIST WAFERS,C004
884,58,,60,60,0,false,2025-04-06T07:02:45.734Z,,8906010500016,30GM*120 CRUNCHEM SIMPLY SALTED WAFERS,C007
885,58,,5,5,0,false,2025-04-06T07:02:45.734Z,,8906010500870,30GM*120 CRUNCHEM CREAM & ONION WAFERS,C009
886,58,,5,5,0,false,2025-04-06T07:02:45.734Z,,8906010500498,30GM*120 CRUNCHEM TOMATO TWIST WAFERS,C012
887,58,,20,20,0,false,2025-04-06T07:02:45.734Z,,8906010502294,22GM*192 AMAIZE FLAMIN' HOT NACHOS,C019
888,58,,48,48,0,false,2025-04-06T07:02:45.734Z,,8906010501228,22GM*120 SCOOPITOS MASALA,C027
889,58,,3,3,0,false,2025-04-06T07:02:45.734Z,,8906010503222,22GM*144 POP RINGS SHAPES,C028
890,58,,10,10,0,false,2025-04-06T07:02:45.734Z,,0_5,22GM*144 POP RINGS MASALA,C029
891,58,,3,3,0,false,2025-04-06T07:02:45.734Z,,0_6,22GM*144 POP RINGS YUMMY CHEESE,C030
892,58,,12,12,0,false,2025-04-06T07:02:45.734Z,,8906010504724,22GM*120 SNACK'EM PONGA PLAIN,C031
893,58,,65,72,0,false,2025-04-06T07:02:45.734Z,,8906010500900,22GM*120 WHEELOS MASALA,C032
830,80,,12,12,0,false,2025-04-06T07:02:45.590Z,,8906010500078,22GM*240 FARALI CHEVDO,C149
831,80,,1,1,0,false,2025-04-06T07:02:45.590Z,,8906010504359,22GM*120 SNACK'EM CHOKDI MASALA,C160
862,79,,10,10,0,false,2025-04-06T07:02:45.666Z,,8906010502294,22GM*192 AMAIZE FLAMIN' HOT NACHOS,C019
863,79,,24,24,0,false,2025-04-06T07:02:45.666Z,,8906010501228,22GM*120 SCOOPITOS MASALA,C027
864,79,,12,12,0,false,2025-04-06T07:02:45.666Z,,8906010504724,22GM*120 SNACK'EM PONGA PLAIN,C031
865,79,,24,24,0,false,2025-04-06T07:02:45.666Z,,8906010503444,22GM*144 FUNNE SPICY PUNCH,C033
866,79,,6,6,0,false,2025-04-06T07:02:45.666Z,,8906010501327,22GM*240 YUMSTIX CHATPATA MASALA,C034
867,79,,16,16,0,false,2025-04-06T07:02:45.666Z,,8906010502232,22GM*240 PUNJABI TADKA,C042
868,79,,15,15,0,false,2025-04-06T07:02:45.666Z,,8906010500214,25GM*240 SEV MURMURA,C043
869,79,,30,30,0,false,2025-04-06T07:02:45.666Z,,8906010500245,25GM*240 MASALA SEV MURMURA,C044
870,79,,5,5,0,false,2025-04-06T07:02:45.666Z,,8906010502041,22GM*240 BHEL MIX,C046
871,79,,2,2,0,false,2025-04-06T07:02:45.666Z,,8906010504120,24GM*40PKT*6 DUMBAR PEANUT CHIKKI,C062
872,79,,2,2,0,false,2025-04-06T07:02:45.666Z,,0_8,NIMBU PANI CANDY ( 3.5GM*170*12 JAR ),C064
873,79,,1,1,0,false,2025-04-06T07:02:45.666Z,,0_9,SOFT IMLI CANDY ( 3.5GM*220*10 JAR ),C065
874,79,,1,1,0,false,2025-04-06T07:02:45.666Z,,8906010503666,16GM*24PKT*12JAR TANGY ORANGE CREAM WAFERS,C067
875,79,,1,1,0,false,2025-04-06T07:02:45.666Z,,8906010503260,16GM*24PKT*12JAR JUICY STRAWBERRY CREAM WAFERS,C068
876,79,,10,10,0,false,2025-04-06T07:02:45.666Z,,8906010501822,70GM*100 GIPPI MASALA NOODLES,C089
877,79,,45,45,0,false,2025-04-06T07:02:45.666Z,,8906010500559,22GM*240 MAGDAL,C118
878,79,,30,30,0,false,2025-04-06T07:02:45.666Z,,8906010500863,22GM*288 NIMBU CHATKA SHING BHUJIA,C120
879,79,,15,15,0,false,2025-04-06T07:02:45.666Z,,8906010503239,22GM*60 MASALA CHANA,C147
880,79,,1,1,0,false,2025-04-06T07:02:45.666Z,,8906010504281,13GM*24PKT*12JAR OLEE CHOCO STIX,EOO1
938,75,,15,15,0,false,2025-04-06T07:02:45.742Z,,8906010500023,15GM*192 CRUNCHEM SIMPLY SALTED WAFERS,C001
939,75,,10,10,0,false,2025-04-06T07:02:45.742Z,,8906010500481,15GM*192 CRUNCHEM TOMATO TWIST WAFERS,C004
940,75,,5,5,0,false,2025-04-06T07:02:45.742Z,,8906010500474,15GM*192 CRUNCHEM CHAT CHASKA WAFERS,C005
941,75,,15,15,0,false,2025-04-06T07:02:45.742Z,,8906010500016,30GM*120 CRUNCHEM SIMPLY SALTED WAFERS,C007
942,75,,10,10,0,false,2025-04-06T07:02:45.742Z,,8906010500870,30GM*120 CRUNCHEM CREAM & ONION WAFERS,C009
943,75,,5,5,0,false,2025-04-06T07:02:45.742Z,,8906010500498,30GM*120 CRUNCHEM TOMATO TWIST WAFERS,C012
944,75,,10,10,0,false,2025-04-06T07:02:45.742Z,,8906010501570,30GM*120 CRUNCHEX CHILI TADKA WAFERS,C016
945,75,,12,12,0,false,2025-04-06T07:02:45.742Z,,8906010501228,22GM*120 SCOOPITOS MASALA,C027
946,75,,5,5,0,false,2025-04-06T07:02:45.742Z,,8906010504724,22GM*120 SNACK'EM PONGA PLAIN,C031
947,75,,48,48,0,false,2025-04-06T07:02:45.742Z,,8906010500900,22GM*120 WHEELOS MASALA,C032
948,75,,4,4,0,false,2025-04-06T07:02:45.742Z,,8906010500764,25GM*240 C.P.NAMKIN {MASALA MASTI},C035
949,75,,12,12,0,false,2025-04-06T07:02:45.742Z,,8906010500627,25GM*240 C.P.NAMKIN {TANGY TOMATO},C036
950,75,,24,24,0,false,2025-04-06T07:02:45.742Z,,8906010502973,25GM*192 PAPDI GATHIYA,C039
951,75,,10,10,0,false,2025-04-06T07:02:45.742Z,,0_7,25GM*120 GIPPI TORNADO FLAMIN CHILLI,V041
952,75,,32,32,0,false,2025-04-06T07:02:45.742Z,,8906010502232,22GM*240 PUNJABI TADKA,C042
953,75,,30,30,0,false,2025-04-06T07:02:45.742Z,,8906010500245,25GM*240 MASALA SEV MURMURA,C044
954,75,,2,2,0,false,2025-04-06T07:02:45.742Z,,8906010503512,135GM*24 CRUNCHEM SIMPLY SALTED WAFERS,C052
955,75,,1,1,0,false,2025-04-06T07:02:45.742Z,,8906010503482,135GM*24  CRUNCHEM  TOMATO TWIST WAFERS,C056
956,75,,2,2,0,false,2025-04-06T07:02:45.742Z,,8906010503611,135GM*24 CRUNCHEX CHILI TADKA WAFERS,C059
957,75,,5,5,0,false,2025-04-06T07:02:45.742Z,,8906010504120,24GM*40PKT*6 DUMBAR PEANUT CHIKKI,C062
958,75,,10,10,0,false,2025-04-06T07:02:45.742Z,,8906010501242,45GM*72 WHEELOS MASALA,C070
959,75,,2,2,0,false,2025-04-06T07:02:45.742Z,,8906010500177,25GM*180 BANANA MAST MASALA WAFERS,C074
960,75,,2,2,0,false,2025-04-06T07:02:45.742Z,,8906010500542,50GM*120 SEV MURMURA,C080
961,75,,3,3,0,false,2025-04-06T07:02:45.742Z,,8906010501259,50GM*120 MASALA SEV MURMURA,C081
962,75,,15,15,0,false,2025-04-06T07:02:45.742Z,,8906010501822,70GM*100 GIPPI MASALA NOODLES,C089
963,75,,15,15,0,false,2025-04-06T07:02:45.742Z,,8906010500382,240GM*20 TIKHA MITHA MIX,C094
964,75,,30,30,0,false,2025-04-06T07:02:45.742Z,,8906010500566,500GM*10 TIKHA MITHA MIX,C104
965,75,,2,2,0,false,2025-04-06T07:02:45.742Z,,8906010502478,500GM*10 KHATA MITHA MIX,C105
966,75,,25,25,0,false,2025-04-06T07:02:45.742Z,,8906010500559,22GM*240 MAGDAL,C118
967,75,,5,5,0,false,2025-04-06T07:02:45.742Z,,8906010500276,22GM*288 SHING BHUJIA,C119
968,75,,5,5,0,false,2025-04-06T07:02:45.742Z,,8906010500863,22GM*288 NIMBU CHATKA SHING BHUJIA,C120
969,75,,5,5,0,false,2025-04-06T07:02:45.742Z,,8906010500368,25GM*240 TIKHA MITHA MIX,C127
970,75,,1,1,0,false,2025-04-06T07:02:45.742Z,,8906010500399,25GM*240 KHATA MITHA MIX,C128
971,75,,5,5,0,false,2025-04-06T07:02:45.742Z,,8906010502065,25GM*240 CLASSIC SEV,C129
972,75,,3,3,0,false,2025-04-06T07:02:45.742Z,,8906010500221,45GM*144 MAGDAL,C134
973,75,,24,24,0,false,2025-04-06T07:02:45.742Z,,8906010500078,22GM*240 FARALI CHEVDO,C149
974,75,,5,5,0,false,2025-04-06T07:02:45.742Z,,8906010500085,45GM*180 FARALI CHEVDO,C150
975,75,,12,12,0,false,2025-04-06T07:02:45.742Z,,8906010504359,22GM*120 SNACK'EM CHOKDI MASALA,C160
976,75,,10,10,0,false,2025-04-06T07:02:45.742Z,,8906010504298,70GM*100 GIPPI FLAMIN' CHILLI NOODLES,C187
1013,77,,60,60,0,false,2025-04-06T07:02:45.819Z,,8906010500023,15GM*192 CRUNCHEM SIMPLY SALTED WAFERS,C001
1014,77,,30,30,0,false,2025-04-06T07:02:45.819Z,,8906010500818,15GM*192 CRUNCHEM CREAM & ONION WAFERS,C003
1015,77,,60,60,0,false,2025-04-06T07:02:45.819Z,,8906010500481,15GM*192 CRUNCHEM TOMATO TWIST WAFERS,C004
1016,77,,30,30,0,false,2025-04-06T07:02:45.819Z,,8906010500474,15GM*192 CRUNCHEM CHAT CHASKA WAFERS,C005
1017,77,,30,30,0,false,2025-04-06T07:02:45.819Z,,8906010502492,15GM*192 CRUNCHEM PERI PERI WAFERS,C006
1018,77,,15,15,0,false,2025-04-06T07:02:45.819Z,,8906010500535,30GM*120 CRUNCHEM CHAT CHASKA WAFERS,C013
1019,77,,30,30,0,false,2025-04-06T07:02:45.819Z,,8906010501570,30GM*120 CRUNCHEX CHILI TADKA WAFERS,C016
894,58,,12,12,0,false,2025-04-06T07:02:45.734Z,,8906010503444,22GM*144 FUNNE SPICY PUNCH,C033
895,58,,2,2,0,false,2025-04-06T07:02:45.734Z,,8906010501327,22GM*240 YUMSTIX CHATPATA MASALA,C034
896,58,,48,48,0,false,2025-04-06T07:02:45.734Z,,8906010500764,25GM*240 C.P.NAMKIN {MASALA MASTI},C035
897,58,,48,48,0,false,2025-04-06T07:02:45.734Z,,8906010500627,25GM*240 C.P.NAMKIN {TANGY TOMATO},C036
898,58,,3,3,0,false,2025-04-06T07:02:45.734Z,,8906010500894,25GM*240 C.P.NAMKIN {CHINESE CHATKA},C037
899,58,,8,8,0,false,2025-04-06T07:02:45.734Z,,8906010502119,25GM*240 C.P.NAMKIN {FLAMIN HOT},C038
900,58,,48,48,0,false,2025-04-06T07:02:45.734Z,,8906010503451,22GM*144 NOODLE STICKS MASALA,C040
901,58,,20,20,0,false,2025-04-06T07:02:45.734Z,,0_7,25GM*120 GIPPI TORNADO FLAMIN CHILLI,C041
902,58,,32,32,0,false,2025-04-06T07:02:45.734Z,,8906010502232,22GM*240 PUNJABI TADKA,C042
903,58,,15,15,0,false,2025-04-06T07:02:45.734Z,,8906010500214,25GM*240 SEV MURMURA,C043
904,58,,30,30,0,false,2025-04-06T07:02:45.734Z,,8906010500245,25GM*240 MASALA SEV MURMURA,C044
905,58,,10,10,0,false,2025-04-06T07:02:45.734Z,,8906010502041,22GM*240 BHEL MIX,C046
906,58,,2,2,0,false,2025-04-06T07:02:45.734Z,,8906010502591,65GM*72 CRUNCHEM SIMPLY SALTED WAFERS,C047
907,58,,2,2,0,false,2025-04-06T07:02:45.734Z,,8906010502607,65GM*72 CRUNCHEM MASALA MASTI WAFERS,C048
908,58,,1,1,0,false,2025-04-06T07:02:45.734Z,,8906010500511,50GM*120 C.P.NAMKIN (MASALA MASTI),C060
909,58,,2,2,0,false,2025-04-06T07:02:45.734Z,,8906010500610,50GM*120 C.P.NAMKIN (TANGY TOMATO),C061
910,58,,1,1,0,false,2025-04-06T07:02:45.734Z,,0_8,NIMBU PANI CANDY ( 3.5GM*170*12 JAR ),C064
911,58,,1,1,0,false,2025-04-06T07:02:45.734Z,,0_9,SOFT IMLI CANDY ( 3.5GM*220*10 JAR ),C065
912,58,,1,1,0,false,2025-04-06T07:02:45.734Z,,8906010503574,16GM*24PKT*12JAR RICH CHOCOLATE CREAM WAFERS,C066
913,58,,1,1,0,false,2025-04-06T07:02:45.734Z,,8906010503666,16GM*24PKT*12JAR TANGY ORANGE CREAM WAFERS,C067
914,58,,1,1,0,false,2025-04-06T07:02:45.734Z,,8906010503260,16GM*24PKT*12JAR JUICY STRAWBERRY CREAM WAFERS,C068
915,58,,1,1,0,false,2025-04-06T07:02:45.734Z,,8906010503871,16GM*24PKT*12JAR YUMMY VANILLA CREAM WAFERS,C069
916,58,,3,3,0,false,2025-04-06T07:02:45.734Z,,8906010501242,45GM*72 WHEELOS MASALA,C070
917,58,,30,30,0,false,2025-04-06T07:02:45.734Z,,8906010501822,70GM*100 GIPPI MASALA NOODLES,C089
918,58,,2,2,0,false,2025-04-06T07:02:45.734Z,,8906010500382,240GM*20 TIKHA MITHA MIX,C094
919,58,,2,2,0,false,2025-04-06T07:02:45.734Z,,8906010500566,500GM*10 TIKHA MITHA MIX,C104
920,58,,45,45,0,false,2025-04-06T07:02:45.734Z,,8906010500559,22GM*240 MAGDAL,C118
921,58,,5,5,0,false,2025-04-06T07:02:45.734Z,,8906010500276,22GM*288 SHING BHUJIA,C119
922,58,,15,15,0,false,2025-04-06T07:02:45.734Z,,8906010500863,22GM*288 NIMBU CHATKA SHING BHUJIA,C120
923,58,,15,15,0,false,2025-04-06T07:02:45.734Z,,8906010500337,22GM*240 ALOO SEV,C121
924,58,,2,2,0,false,2025-04-06T07:02:45.734Z,,8906010500429,25GM*240 GATHIYA,C123
925,58,,5,5,0,false,2025-04-06T07:02:45.734Z,,8906010500702,25GM*240 CHANADAL,C125
926,58,,2,2,0,false,2025-04-06T07:02:45.734Z,,8906010500368,25GM*240 TIKHA MITHA MIX,C127
927,58,,12,12,0,false,2025-04-06T07:02:45.734Z,,8906010502683,40GM*30 SALTED PEANUTS,C144
928,58,,15,15,0,false,2025-04-06T07:02:45.734Z,,8906010503239,22GM*60 MASALA CHANA,C147
929,58,,5,5,0,false,2025-04-06T07:02:45.734Z,,8906010503949,25GM*240 C.P NAMKIN (LASANIYA),C148
930,58,,24,24,0,false,2025-04-06T07:02:45.734Z,,8906010500078,22GM*240 FARALI CHEVDO,C149
931,58,,3,3,0,false,2025-04-06T07:02:45.734Z,,8906010500085,45GM*180 FARALI CHEVDO,C150
932,58,,6,6,0,false,2025-04-06T07:02:45.734Z,,8906010504359,22GM*120 SNACK'EM CHOKDI MASALA,C160
933,58,,6,6,0,false,2025-04-06T07:02:45.734Z,,8906010504205,22GM*120 SNACK'EM PONGA MASALA,C161
934,58,,1,1,0,false,2025-04-06T07:02:45.734Z,,8906010504281,13GM*24PKT*12JAR OLEE CHOCO STIX,EOO1
935,58,,5,5,0,false,2025-04-06T07:02:45.734Z,,0,ADVERTISEMENT MATERIAL HEAVY STAND,A001
936,58,,5,5,0,false,2025-04-06T07:02:45.734Z,,0_2,ADVERTISEMENT MATERIAL BIG STAND,A002
937,58,,100,100,0,false,2025-04-06T07:02:45.734Z,,0_3,ADVERTISEMENT MATERIAL HANGER,A003
977,59,,120,120,0,false,2025-04-06T07:02:45.808Z,,8906010500023,15GM*192 CRUNCHEM SIMPLY SALTED WAFERS,C001
978,59,,30,30,0,false,2025-04-06T07:02:45.808Z,,8906010500481,15GM*192 CRUNCHEM TOMATO TWIST WAFERS,C004
979,59,,15,15,0,false,2025-04-06T07:02:45.808Z,,8906010500016,30GM*120 CRUNCHEM SIMPLY SALTED WAFERS,C007
980,59,,15,15,0,false,2025-04-06T07:02:45.808Z,,8906010501570,30GM*120 CRUNCHEX CHILI TADKA WAFERS,C016
981,59,,15,15,0,false,2025-04-06T07:02:45.808Z,,8906010502294,22GM*192 AMAIZE FLAMIN' HOT NACHOS,C019
982,59,,24,24,0,false,2025-04-06T07:02:45.808Z,,8906010501228,22GM*120 SCOOPITOS MASALA,C027
983,59,,15,15,0,false,2025-04-06T07:02:45.808Z,,0_5,22GM*144 POP RINGS MASALA,C029
984,59,,12,12,0,false,2025-04-06T07:02:45.808Z,,8906010504724,22GM*120 SNACK'EM PONGA PLAIN,C031
985,59,,72,72,0,false,2025-04-06T07:02:45.808Z,,8906010500900,22GM*120 WHEELOS MASALA,C032
986,59,,24,24,0,false,2025-04-06T07:02:45.808Z,,8906010503444,22GM*144 FUNNE SPICY PUNCH,C033
987,59,,72,72,0,false,2025-04-06T07:02:45.808Z,,8906010500764,25GM*240 C.P.NAMKIN {MASALA MASTI},C035
988,59,,48,48,0,false,2025-04-06T07:02:45.808Z,,8906010500627,25GM*240 C.P.NAMKIN {TANGY TOMATO},C036
989,59,,24,24,0,false,2025-04-06T07:02:45.808Z,,8906010502973,25GM*192 PAPDI GATHIYA,C039
990,59,,48,48,0,false,2025-04-06T07:02:45.808Z,,8906010503451,22GM*144 NOODLE STICKS MASALA,C040
991,59,,20,20,0,false,2025-04-06T07:02:45.808Z,,0_7,25GM*120 GIPPI TORNADO FLAMIN CHILLI,C041
992,59,,32,32,0,false,2025-04-06T07:02:45.808Z,,8906010502232,22GM*240 PUNJABI TADKA,C042
993,59,,60,60,0,false,2025-04-06T07:02:45.808Z,,8906010500245,25GM*240 MASALA SEV MURMURA,C044
994,59,,3,3,0,false,2025-04-06T07:02:45.808Z,,8906010500320,235GM*20 FARALICHEVDO,C084
995,59,,1,1,0,false,2025-04-06T07:02:45.808Z,,8906010500580,210GM*20 RATLAMI SEV,C086
996,59,,30,30,0,false,2025-04-06T07:02:45.808Z,,8906010501822,70GM*100 GIPPI MASALA NOODLES,C089
997,59,,1,1,0,false,2025-04-06T07:02:45.808Z,,8906010503697,240GM*20 KHATA MITHA MIX,C093
998,59,,3,3,0,false,2025-04-06T07:02:45.808Z,,8906010500382,240GM*20 TIKHA MITHA MIX,C094
999,59,,1,1,0,false,2025-04-06T07:02:45.808Z,,8906010500238,250GM*20 MAGDAL,C096
1000,59,,3,3,0,false,2025-04-06T07:02:45.808Z,,8906010500566,500GM*10 TIKHA MITHA MIX,C104
1001,59,,1,1,0,false,2025-04-06T07:02:45.808Z,,8906010502478,500GM*10 KHATA MITHA MIX,C105
1002,59,,45,45,0,false,2025-04-06T07:02:45.808Z,,8906010500559,22GM*240 MAGDAL,C118
1003,59,,15,15,0,false,2025-04-06T07:02:45.808Z,,8906010500863,22GM*288 NIMBU CHATKA SHING BHUJIA,C120
1004,59,,5,5,0,false,2025-04-06T07:02:45.808Z,,8906010500337,22GM*240 ALOO SEV,C121
1005,59,,3,3,0,false,2025-04-06T07:02:45.808Z,,8906010500429,25GM*240 GATHIYA,C123
1006,59,,3,3,0,false,2025-04-06T07:02:45.808Z,,8906010500702,25GM*240 CHANADAL,C125
1007,59,,3,3,0,false,2025-04-06T07:02:45.808Z,,8906010500368,25GM*240 TIKHA MITHA MIX,C127
1008,59,,3,3,0,false,2025-04-06T07:02:45.808Z,,8906010500399,25GM*240 KHATA MITHA MIX,C128
1009,59,,12,12,0,false,2025-04-06T07:02:45.808Z,,8906010502683,40GM*30 SALTED PEANUTS,C144
1010,59,,72,72,0,false,2025-04-06T07:02:45.808Z,,8906010500078,22GM*240 FARALI CHEVDO,C149
1011,59,,3,3,0,false,2025-04-06T07:02:45.808Z,,8906010500085,45GM*180 FARALI CHEVDO,C150
1012,59,,24,24,0,false,2025-04-06T07:02:45.808Z,,8906010504359,22GM*120 SNACK'EM CHOKDI MASALA,C160
1050,60,,60,60,0,false,2025-04-06T07:02:45.883Z,,8906010500023,15GM*192 CRUNCHEM SIMPLY SALTED WAFERS,C001
1051,60,,5,5,0,false,2025-04-06T07:02:45.883Z,,8906010500047,15GM*192 CRUNCHEM MASALA MASTI WAFERS,C002
1052,60,,30,30,0,false,2025-04-06T07:02:45.883Z,,8906010500818,15GM*192 CRUNCHEM CREAM & ONION WAFERS,C003
1053,60,,30,30,0,false,2025-04-06T07:02:45.883Z,,8906010500481,15GM*192 CRUNCHEM TOMATO TWIST WAFERS,C004
1054,60,,5,5,0,false,2025-04-06T07:02:45.883Z,,8906010500474,15GM*192 CRUNCHEM CHAT CHASKA WAFERS,C005
1055,60,,45,45,0,false,2025-04-06T07:02:45.883Z,,8906010500016,30GM*120 CRUNCHEM SIMPLY SALTED WAFERS,C007
1056,60,,25,25,0,false,2025-04-06T07:02:45.883Z,,8906010502294,22GM*192 AMAIZE FLAMIN' HOT NACHOS,C019
1057,60,,48,48,0,false,2025-04-06T07:02:45.883Z,,8906010501228,22GM*120 SCOOPITOS MASALA,C027
1058,60,,2,2,0,false,2025-04-06T07:02:45.883Z,,8906010503222,22GM*144 POP RINGS SHAPES,C028
1059,60,,5,5,0,false,2025-04-06T07:02:45.883Z,,0_5,22GM*144 POP RINGS MASALA,C029
1060,60,,10,10,0,false,2025-04-06T07:02:45.883Z,,0_6,22GM*144 POP RINGS YUMMY CHEESE,C030
1061,60,,12,12,0,false,2025-04-06T07:02:45.883Z,,8906010504724,22GM*120 SNACK'EM PONGA PLAIN,C031
1062,60,,39,48,0,false,2025-04-06T07:02:45.883Z,,8906010500900,22GM*120 WHEELOS MASALA,C032
1063,60,,24,24,0,false,2025-04-06T07:02:45.883Z,,8906010503444,22GM*144 FUNNE SPICY PUNCH,C033
1064,60,,48,48,0,false,2025-04-06T07:02:45.883Z,,8906010500764,25GM*240 C.P.NAMKIN {MASALA MASTI},C035
1065,60,,48,48,0,false,2025-04-06T07:02:45.883Z,,8906010500627,25GM*240 C.P.NAMKIN {TANGY TOMATO},C036
1066,60,,5,5,0,false,2025-04-06T07:02:45.883Z,,8906010500894,25GM*240 C.P.NAMKIN {CHINESE CHATKA},C037
1067,60,,8,8,0,false,2025-04-06T07:02:45.883Z,,8906010502119,25GM*240 C.P.NAMKIN {FLAMIN HOT},C038
1068,60,,24,24,0,false,2025-04-06T07:02:45.883Z,,8906010502973,25GM*192 PAPDI GATHIYA,C039
1069,60,,24,24,0,false,2025-04-06T07:02:45.883Z,,8906010503451,22GM*144 NOODLE STICKS MASALA,C040
1070,60,,15,15,0,false,2025-04-06T07:02:45.883Z,,0_7,25GM*120 GIPPI TORNADO FLAMIN CHILLI,C041
1071,60,,32,32,0,false,2025-04-06T07:02:45.883Z,,8906010502232,22GM*240 PUNJABI TADKA,C042
1072,60,,30,30,0,false,2025-04-06T07:02:45.883Z,,8906010500214,25GM*240 SEV MURMURA,C043
1073,60,,60,60,0,false,2025-04-06T07:02:45.883Z,,8906010500245,25GM*240 MASALA SEV MURMURA,C044
1074,60,,5,5,0,false,2025-04-06T07:02:45.883Z,,8906010502041,22GM*240 BHEL MIX,C046
1075,60,,10,10,0,false,2025-04-06T07:02:45.883Z,,8906010503512,135GM*24 CRUNCHEM SIMPLY SALTED WAFERS,C052
1076,60,,5,5,0,false,2025-04-06T07:02:45.883Z,,8906010503482,135GM*24  CRUNCHEM  TOMATO TWIST WAFERS,C056
1077,60,,1,1,0,false,2025-04-06T07:02:45.883Z,,8906010500511,50GM*120 C.P.NAMKIN (MASALA MASTI),C060
1078,60,,2,2,0,false,2025-04-06T07:02:45.883Z,,8906010504120,24GM*40PKT*6 DUMBAR PEANUT CHIKKI,C062
1079,60,,1,1,0,false,2025-04-06T07:02:45.883Z,,0_9,SOFT IMLI CANDY ( 3.5GM*220*10 JAR ),C065
1080,60,,2,2,0,false,2025-04-06T07:02:45.883Z,,8906010501242,45GM*72 WHEELOS MASALA,C070
1081,60,,30,30,0,false,2025-04-06T07:02:45.883Z,,8906010501822,70GM*100 GIPPI MASALA NOODLES,C089
1082,60,,6,6,0,false,2025-04-06T07:02:45.883Z,,8906010500382,240GM*20 TIKHA MITHA MIX,C094
1083,60,,2,2,0,false,2025-04-06T07:02:45.883Z,,8906010500566,500GM*10 TIKHA MITHA MIX,C104
1084,60,,1,1,0,false,2025-04-06T07:02:45.883Z,,8906010500856,200GM*20 HEALTHY BITES METHI KHAKHRA,C115
1085,60,,1,1,0,false,2025-04-06T07:02:45.883Z,,8906010500849,200GM*20 HEALTHY BITES JEERA KHAKHRA,C116
1086,60,,35,35,0,false,2025-04-06T07:02:45.883Z,,8906010500559,22GM*240 MAGDAL,C118
1087,60,,15,15,0,false,2025-04-06T07:02:45.883Z,,8906010500863,22GM*288 NIMBU CHATKA SHING BHUJIA,C120
1088,60,,15,15,0,false,2025-04-06T07:02:45.883Z,,8906010500337,22GM*240 ALOO SEV,C121
1089,60,,3,3,0,false,2025-04-06T07:02:45.883Z,,8906010500429,25GM*240 GATHIYA,C123
1090,60,,3,3,0,false,2025-04-06T07:02:45.883Z,,8906010500368,25GM*240 TIKHA MITHA MIX,C127
1091,60,,12,12,0,false,2025-04-06T07:02:45.883Z,,8906010502683,40GM*30 SALTED PEANUTS,C144
1092,60,,5,5,0,false,2025-04-06T07:02:45.883Z,,8906010503949,25GM*240 C.P NAMKIN (LASANIYA),C148
1093,60,,48,48,0,false,2025-04-06T07:02:45.883Z,,8906010500078,22GM*240 FARALI CHEVDO,C149
1094,60,,24,24,0,false,2025-04-06T07:02:45.883Z,,8906010504359,22GM*120 SNACK'EM CHOKDI MASALA,C160
1095,60,,5,5,0,false,2025-04-06T07:02:45.883Z,,8906010504298,70GM*100 GIPPI FLAMIN' CHILLI NOODLES,C187
1096,60,,5,5,0,false,2025-04-06T07:02:45.883Z,,8906010504281,13GM*24PKT*12JAR OLEE CHOCO STIX,EOO1
1140,48,,60,60,0,false,2025-04-06T07:02:45.958Z,,8906010500023,15GM*192 CRUNCHEM SIMPLY SALTED WAFERS,C001
1141,48,,15,15,0,false,2025-04-06T07:02:45.958Z,,8906010500047,15GM*192 CRUNCHEM MASALA MASTI WAFERS,C002
1142,48,,30,30,0,false,2025-04-06T07:02:45.958Z,,8906010500818,15GM*192 CRUNCHEM CREAM & ONION WAFERS,C003
1143,48,,30,30,0,false,2025-04-06T07:02:45.958Z,,8906010500481,15GM*192 CRUNCHEM TOMATO TWIST WAFERS,C004
1144,48,,15,15,0,false,2025-04-06T07:02:45.958Z,,8906010502492,15GM*192 CRUNCHEM PERI PERI WAFERS,C006
1145,48,,15,15,0,false,2025-04-06T07:02:45.958Z,,8906010500016,30GM*120 CRUNCHEM SIMPLY SALTED WAFERS,C007
1146,48,,10,10,0,false,2025-04-06T07:02:45.958Z,,8906010500030,30GM*120 CRUNCHEM MASALA MASTI WAFERS,C008
1147,48,,30,30,0,false,2025-04-06T07:02:45.958Z,,8906010500870,30GM*120 CRUNCHEM CREAM & ONION WAFERS,C009
1020,77,,24,24,0,false,2025-04-06T07:02:45.819Z,,8906010501228,22GM*120 SCOOPITOS MASALA,C027
1021,77,,20,20,0,false,2025-04-06T07:02:45.819Z,,0_6,22GM*144 POP RINGS YUMMY CHEESE,C030
1022,77,,12,12,0,false,2025-04-06T07:02:45.819Z,,8906010504724,22GM*120 SNACK'EM PONGA PLAIN,C031
1023,77,,46,48,0,false,2025-04-06T07:02:45.819Z,,8906010500900,22GM*120 WHEELOS MASALA,C032
1024,77,,3,3,0,false,2025-04-06T07:02:45.819Z,,8906010501327,22GM*240 YUMSTIX CHATPATA MASALA,C034
1025,77,,48,48,0,false,2025-04-06T07:02:45.819Z,,8906010500764,25GM*240 C.P.NAMKIN {MASALA MASTI},C035
1026,77,,24,24,0,false,2025-04-06T07:02:45.819Z,,8906010500627,25GM*240 C.P.NAMKIN {TANGY TOMATO},C036
1027,77,,30,30,0,false,2025-04-06T07:02:45.819Z,,8906010500894,25GM*240 C.P.NAMKIN {CHINESE CHATKA},C037
1028,77,,24,24,0,false,2025-04-06T07:02:45.819Z,,8906010502119,25GM*240 C.P.NAMKIN {FLAMIN HOT},C038
1029,77,,24,24,0,false,2025-04-06T07:02:45.819Z,,8906010503451,22GM*144 NOODLE STICKS MASALA,C040
1030,77,,15,15,0,false,2025-04-06T07:02:45.819Z,,0_7,25GM*120 GIPPI TORNADO FLAMIN CHILLI,V041
1031,77,,30,30,0,false,2025-04-06T07:02:45.819Z,,8906010500245,25GM*240 MASALA SEV MURMURA,C044
1032,77,,15,15,0,false,2025-04-06T07:02:45.819Z,,8906010502041,22GM*240 BHEL MIX,C046
1033,77,,1,1,0,false,2025-04-06T07:02:45.819Z,,8906010502607,65GM*72 CRUNCHEM MASALA MASTI WAFERS,C048
1034,77,,5,5,0,false,2025-04-06T07:02:45.819Z,,8906010500511,50GM*120 C.P.NAMKIN (MASALA MASTI),C060
1035,77,,90,90,0,false,2025-04-06T07:02:45.819Z,,8906010500559,22GM*240 MAGDAL,C118
1036,77,,30,30,0,false,2025-04-06T07:02:45.819Z,,8906010500276,22GM*288 SHING BHUJIA,C119
1037,77,,30,30,0,false,2025-04-06T07:02:45.819Z,,8906010500863,22GM*288 NIMBU CHATKA SHING BHUJIA,C120
1038,77,,60,60,0,false,2025-04-06T07:02:45.819Z,,8906010500337,22GM*240 ALOO SEV,C121
1039,77,,10,10,0,false,2025-04-06T07:02:45.819Z,,8906010500429,25GM*240 GATHIYA,C123
1040,77,,6,6,0,false,2025-04-06T07:02:45.819Z,,8906010500306,25GM*240 RATLAMI SEV,C124
1041,77,,5,5,0,false,2025-04-06T07:02:45.819Z,,8906010503420,20GM*288 MASALA PEAS,C126
1042,77,,15,15,0,false,2025-04-06T07:02:45.819Z,,8906010500368,25GM*240 TIKHA MITHA MIX,C127
1043,77,,5,5,0,false,2025-04-06T07:02:45.819Z,,8906010500399,25GM*240 KHATA MITHA MIX,C128
1044,77,,5,5,0,false,2025-04-06T07:02:45.819Z,,8906010502263,25GM*240 NAVRATAN MIX,C132
1045,77,,30,30,0,false,2025-04-06T07:02:45.819Z,,8906010503949,25GM*240 C.P NAMKIN (LASANIYA),C148
1046,77,,24,24,0,false,2025-04-06T07:02:45.819Z,,8906010500078,22GM*240 FARALI CHEVDO,C149
1047,77,,3,3,0,false,2025-04-06T07:02:45.819Z,,8906010504199,22GM*240 KATAK BATAK CHILLI LEMON,C154
1048,77,,12,12,0,false,2025-04-06T07:02:45.819Z,,8906010504205,22GM*120 SNACK'EM PONGA MASALA,C161
1049,77,,20,20,0,false,2025-04-06T07:02:45.819Z,,8906010504298,70GM*100 GIPPI FLAMIN' CHILLI NOODLES,C187
1097,76,,60,60,0,false,2025-04-06T07:02:45.896Z,,8906010500023,15GM*192 CRUNCHEM SIMPLY SALTED WAFERS,C001
1098,76,,30,30,0,false,2025-04-06T07:02:45.896Z,,8906010500047,15GM*192 CRUNCHEM MASALA MASTI WAFERS,C002
1099,76,,30,30,0,false,2025-04-06T07:02:45.896Z,,8906010500818,15GM*192 CRUNCHEM CREAM & ONION WAFERS,C003
1100,76,,60,60,0,false,2025-04-06T07:02:45.896Z,,8906010500481,15GM*192 CRUNCHEM TOMATO TWIST WAFERS,C004
1101,76,,30,30,0,false,2025-04-06T07:02:45.896Z,,8906010500474,15GM*192 CRUNCHEM CHAT CHASKA WAFERS,C005
1102,76,,15,15,0,false,2025-04-06T07:02:45.896Z,,8906010502492,15GM*192 CRUNCHEM PERI PERI WAFERS,C006
1103,76,,5,5,0,false,2025-04-06T07:02:45.896Z,,8906010500030,30GM*120 CRUNCHEM MASALA MASTI WAFERS,C008
1104,76,,5,5,0,false,2025-04-06T07:02:45.896Z,,8906010500535,30GM*120 CRUNCHEM CHAT CHASKA WAFERS,C013
1105,76,,5,5,0,false,2025-04-06T07:02:45.896Z,,8906010502508,30GM*120 CRUNCHEM PERI PERI WAFERS,C014
1106,76,,15,15,0,false,2025-04-06T07:02:45.896Z,,8906010502294,22GM*192 AMAIZE FLAMIN' HOT NACHOS,C019
1107,76,,48,48,0,false,2025-04-06T07:02:45.896Z,,8906010501228,22GM*120 SCOOPITOS MASALA,C027
1108,76,,5,5,0,false,2025-04-06T07:02:45.896Z,,0_5,22GM*144 POP RINGS MASALA,C029
1109,76,,15,15,0,false,2025-04-06T07:02:45.896Z,,0_6,22GM*144 POP RINGS YUMMY CHEESE,C030
1110,76,,24,24,0,false,2025-04-06T07:02:45.896Z,,8906010504724,22GM*120 SNACK'EM PONGA PLAIN,C031
1111,76,,52,24,0,false,2025-04-06T07:02:45.896Z,,8906010500900,22GM*120 WHEELOS MASALA,C032
1112,76,,24,24,0,false,2025-04-06T07:02:45.896Z,,8906010503444,22GM*144 FUNNE SPICY PUNCH,C033
1113,76,,24,24,0,false,2025-04-06T07:02:45.896Z,,8906010500764,25GM*240 C.P.NAMKIN {MASALA MASTI},C035
1114,76,,24,24,0,false,2025-04-06T07:02:45.896Z,,8906010500627,25GM*240 C.P.NAMKIN {TANGY TOMATO},C036
1115,76,,15,15,0,false,2025-04-06T07:02:45.896Z,,8906010500894,25GM*240 C.P.NAMKIN {CHINESE CHATKA},C037
1116,76,,12,12,0,false,2025-04-06T07:02:45.896Z,,8906010502119,25GM*240 C.P.NAMKIN {FLAMIN HOT},C038
1117,76,,48,48,0,false,2025-04-06T07:02:45.896Z,,8906010503451,22GM*144 NOODLE STICKS MASALA,C040
1118,76,,25,25,0,false,2025-04-06T07:02:45.896Z,,0_7,25GM*120 GIPPI TORNADO FLAMIN CHILLI,V041
1119,76,,16,16,0,false,2025-04-06T07:02:45.896Z,,8906010502232,22GM*240 PUNJABI TADKA,C042
1120,76,,30,30,0,false,2025-04-06T07:02:45.896Z,,8906010500245,25GM*240 MASALA SEV MURMURA,C044
1121,76,,5,5,0,false,2025-04-06T07:02:45.896Z,,8906010502041,22GM*240 BHEL MIX,C046
1122,76,,5,5,0,false,2025-04-06T07:02:45.896Z,,8906010503529,135GM*24 CRUNCHEM MASALA MASTI WAFERS,C053
1123,76,,5,5,0,false,2025-04-06T07:02:45.896Z,,8906010503550,135GM*24 CRUNCHEM CREAM & ONION WAFERS,C054
1124,76,,5,5,0,false,2025-04-06T07:02:45.896Z,,8906010503109,135GM*24 RUMBLES PUDINA TWIST WAFERS,C055
1125,76,,5,5,0,false,2025-04-06T07:02:45.896Z,,8906010503543,135GM*24 CRUNCHEM CHAT CHASKA WAFERS,C057
1126,76,,3,3,0,false,2025-04-06T07:02:45.896Z,,8906010503611,135GM*24 CRUNCHEX CHILI TADKA WAFERS,C059
1127,76,,20,20,0,false,2025-04-06T07:02:45.896Z,,8906010501822,70GM*100 GIPPI MASALA NOODLES,C089
1128,76,,45,45,0,false,2025-04-06T07:02:45.896Z,,8906010500559,22GM*240 MAGDAL,C118
1129,76,,30,30,0,false,2025-04-06T07:02:45.896Z,,8906010500276,22GM*288 SHING BHUJIA,C119
1130,76,,30,30,0,false,2025-04-06T07:02:45.896Z,,8906010500337,22GM*240 ALOO SEV,C121
1131,76,,5,5,0,false,2025-04-06T07:02:45.896Z,,8906010500702,25GM*240 CHANADAL,C125
1132,76,,5,5,0,false,2025-04-06T07:02:45.896Z,,8906010503420,20GM*288 MASALA PEAS,C126
1133,76,,3,3,0,false,2025-04-06T07:02:45.896Z,,8906010500368,25GM*240 TIKHA MITHA MIX,C127
1134,76,,10,10,0,false,2025-04-06T07:02:45.896Z,,8906010503949,25GM*240 C.P NAMKIN (LASANIYA),C148
1135,76,,24,24,0,false,2025-04-06T07:02:45.896Z,,8906010500078,22GM*240 FARALI CHEVDO,C149
1136,76,,1,1,0,false,2025-04-06T07:02:45.896Z,,8906010504199,22GM*240 KATAK BATAK CHILLI LEMON,C154
1137,76,,2,2,0,false,2025-04-06T07:02:45.896Z,,8906010504250,22GM*240 KATAK BATAK DESI MASALA,C155
1138,76,,24,24,0,false,2025-04-06T07:02:45.896Z,,8906010504359,22GM*120 SNACK'EM CHOKDI MASALA,C160
1139,76,,1,1,0,false,2025-04-06T07:02:45.896Z,,8906010504281,13GM*24PKT*12JAR OLEE CHOCO STIX,EOO1
1198,73,,30,30,0,false,2025-04-06T07:02:45.973Z,,8906010500023,15GM*192 CRUNCHEM SIMPLY SALTED WAFERS,C001
1199,73,,30,30,0,false,2025-04-06T07:02:45.973Z,,8906010500818,15GM*192 CRUNCHEM CREAM & ONION WAFERS,C003
1200,73,,30,30,0,false,2025-04-06T07:02:45.973Z,,8906010500481,15GM*192 CRUNCHEM TOMATO TWIST WAFERS,C004
1201,73,,30,30,0,false,2025-04-06T07:02:45.973Z,,8906010502492,15GM*192 CRUNCHEM PERI PERI WAFERS,C006
1202,73,,10,10,0,false,2025-04-06T07:02:45.973Z,,8906010500870,30GM*120 CRUNCHEM CREAM & ONION WAFERS,C009
1203,73,,10,10,0,false,2025-04-06T07:02:45.973Z,,8906010501952,30GM*120 RUMBLES PUDINA TWIST WAFERS,C011
1204,73,,10,10,0,false,2025-04-06T07:02:45.973Z,,8906010500498,30GM*120 CRUNCHEM TOMATO TWIST WAFERS,C012
1205,73,,10,10,0,false,2025-04-06T07:02:45.973Z,,8906010501570,30GM*120 CRUNCHEX CHILI TADKA WAFERS,C016
1206,73,,5,5,0,false,2025-04-06T07:02:45.973Z,,8906010504304,30GM*120 CRUNCHEX MIRCH MASALA WAFERS,C017
1207,73,,5,5,0,false,2025-04-06T07:02:45.973Z,,8906010504311,30GM*120 CRUNCHEX CHILLI LEMON WAFERS,C018
1208,73,,45,45,0,false,2025-04-06T07:02:45.973Z,,8906010502294,22GM*192 AMAIZE FLAMIN' HOT NACHOS,C019
1209,73,,1,1,0,false,2025-04-06T07:02:45.973Z,,8906010502300,45GM*120 AMAIZE FLAMIN' HOT NACHOS,C024
1210,73,,72,72,0,false,2025-04-06T07:02:45.973Z,,8906010501228,22GM*120 SCOOPITOS MASALA,C027
1211,73,,24,24,0,false,2025-04-06T07:02:45.973Z,,8906010500900,22GM*120 WHEELOS MASALA,C032
1212,73,,24,24,0,false,2025-04-06T07:02:45.973Z,,8906010503444,22GM*144 FUNNE SPICY PUNCH,C033
1213,73,,24,24,0,false,2025-04-06T07:02:45.973Z,,8906010500764,25GM*240 C.P.NAMKIN {MASALA MASTI},C035
1214,73,,24,24,0,false,2025-04-06T07:02:45.973Z,,8906010500627,25GM*240 C.P.NAMKIN {TANGY TOMATO},C036
1215,73,,30,30,0,false,2025-04-06T07:02:45.973Z,,8906010500894,25GM*240 C.P.NAMKIN {CHINESE CHATKA},C037
1216,73,,24,24,0,false,2025-04-06T07:02:45.973Z,,8906010503451,22GM*144 NOODLE STICKS MASALA,C040
1217,73,,50,50,0,false,2025-04-06T07:02:45.973Z,,0_7,25GM*120 GIPPI TORNADO FLAMIN CHILLI,V041
1218,73,,32,32,0,false,2025-04-06T07:02:45.973Z,,8906010502232,22GM*240 PUNJABI TADKA,C042
1219,73,,30,30,0,false,2025-04-06T07:02:45.973Z,,8906010500214,25GM*240 SEV MURMURA,C043
1220,73,,90,90,0,false,2025-04-06T07:02:45.973Z,,8906010500245,25GM*240 MASALA SEV MURMURA,C044
1221,73,,10,10,0,false,2025-04-06T07:02:45.973Z,,8906010502041,22GM*240 BHEL MIX,C046
1222,73,,5,5,0,false,2025-04-06T07:02:45.973Z,,8906010503512,135GM*24 CRUNCHEM SIMPLY SALTED WAFERS,C052
1223,73,,5,5,0,false,2025-04-06T07:02:45.973Z,,8906010503550,135GM*24 CRUNCHEM CREAM & ONION WAFERS,C054
1224,73,,5,5,0,false,2025-04-06T07:02:45.973Z,,8906010503482,135GM*24  CRUNCHEM  TOMATO TWIST WAFERS,C056
1225,73,,1,1,0,false,2025-04-06T07:02:45.973Z,,8906010503574,16GM*24PKT*12JAR RICH CHOCOLATE CREAM WAFERS,C066
1226,73,,1,1,0,false,2025-04-06T07:02:45.973Z,,8906010500351,210GM*20 ALOO SEV,C088
1227,73,,30,30,0,false,2025-04-06T07:02:45.973Z,,8906010501822,70GM*100 GIPPI MASALA NOODLES,C089
1228,73,,1,1,0,false,2025-04-06T07:02:45.973Z,,8906010503697,240GM*20 KHATA MITHA MIX,C093
1229,73,,5,5,0,false,2025-04-06T07:02:45.973Z,,8906010500382,240GM*20 TIKHA MITHA MIX,C094
1230,73,,1,1,0,false,2025-04-06T07:02:45.973Z,,8906010500238,250GM*20 MAGDAL,C096
1231,73,,45,45,0,false,2025-04-06T07:02:45.973Z,,8906010500559,22GM*240 MAGDAL,C118
1232,73,,30,30,0,false,2025-04-06T07:02:45.973Z,,8906010500863,22GM*288 NIMBU CHATKA SHING BHUJIA,C120
1233,73,,30,30,0,false,2025-04-06T07:02:45.973Z,,8906010500337,22GM*240 ALOO SEV,C121
1234,73,,5,5,0,false,2025-04-06T07:02:45.973Z,,8906010500429,25GM*240 GATHIYA,C123
1235,73,,10,10,0,false,2025-04-06T07:02:45.973Z,,8906010500702,25GM*240 CHANADAL,C125
1236,73,,1,1,0,false,2025-04-06T07:02:45.973Z,,8906010500344,45GM*180 ALOO SEV,C136
1237,73,,12,12,0,false,2025-04-06T07:02:45.973Z,,8906010502683,40GM*30 SALTED PEANUTS,C144
1238,73,,24,24,0,false,2025-04-06T07:02:45.973Z,,8906010500078,22GM*240 FARALI CHEVDO,C149
1239,73,,2,2,0,false,2025-04-06T07:02:45.973Z,,8906010500085,45GM*180 FARALI CHEVDO,C150
1240,73,,1,1,0,false,2025-04-06T07:02:45.973Z,,8906010504199,22GM*240 KATAK BATAK CHILLI LEMON,C154
1241,73,,24,24,0,false,2025-04-06T07:02:45.973Z,,8906010504359,22GM*120 SNACK'EM CHOKDI MASALA,C160
1242,73,,7,7,0,false,2025-04-06T07:02:45.973Z,,8906010504281,13GM*24PKT*12JAR OLEE CHOCO STIX,EOO1
1243,73,,5,5,0,false,2025-04-06T07:02:45.973Z,,0,ADVERTISEMENT MATERIAL HEAVY STAND,A001
1244,73,,5,5,0,false,2025-04-06T07:02:45.973Z,,8906010503581,420GM*10 GIPPI MASALA NOODLES,C091
1261,81,,80,60,0,false,2025-04-06T07:02:46.049Z,,8906010500023,15GM*192 CRUNCHEM SIMPLY SALTED WAFERS,C001
1262,81,,30,30,0,false,2025-04-06T07:02:46.049Z,,8906010500481,15GM*192 CRUNCHEM TOMATO TWIST WAFERS,C004
1263,81,,5,5,0,false,2025-04-06T07:02:46.049Z,,8906010502492,15GM*192 CRUNCHEM PERI PERI WAFERS,C006
1264,81,,5,5,0,false,2025-04-06T07:02:46.049Z,,8906010500498,30GM*120 CRUNCHEM TOMATO TWIST WAFERS,C012
1265,81,,10,10,0,false,2025-04-06T07:02:46.049Z,,8906010500092,30GM*120 CRUNCHEX SALTED WAFERS,C015
1266,81,,30,30,0,false,2025-04-06T07:02:46.049Z,,8906010501570,30GM*120 CRUNCHEX CHILI TADKA WAFERS,C016
1267,81,,2,2,0,false,2025-04-06T07:02:46.049Z,,8906010502300,45GM*120 AMAIZE FLAMIN' HOT NACHOS,C024
1268,81,,24,24,0,false,2025-04-06T07:02:46.049Z,,8906010501228,22GM*120 SCOOPITOS MASALA,C027
1269,81,,12,12,0,false,2025-04-06T07:02:46.049Z,,8906010504724,22GM*120 SNACK'EM PONGA PLAIN,C031
1270,81,,120,120,0,false,2025-04-06T07:02:46.049Z,,8906010500900,22GM*120 WHEELOS MASALA,C032
1271,81,,24,24,0,false,2025-04-06T07:02:46.049Z,,8906010503444,22GM*144 FUNNE SPICY PUNCH,C033
1272,81,,24,24,0,false,2025-04-06T07:02:46.049Z,,8906010500764,25GM*240 C.P.NAMKIN {MASALA MASTI},C035
1273,81,,48,48,0,false,2025-04-06T07:02:46.049Z,,8906010500627,25GM*240 C.P.NAMKIN {TANGY TOMATO},C036
1274,81,,24,24,0,false,2025-04-06T07:02:46.049Z,,8906010502119,25GM*240 C.P.NAMKIN {FLAMIN HOT},C038
1275,81,,48,48,0,false,2025-04-06T07:02:46.049Z,,8906010502973,25GM*192 PAPDI GATHIYA,C039
1148,48,,15,15,0,false,2025-04-06T07:02:45.958Z,,8906010500498,30GM*120 CRUNCHEM TOMATO TWIST WAFERS,C012
1149,48,,10,10,0,false,2025-04-06T07:02:45.958Z,,8906010500535,30GM*120 CRUNCHEM CHAT CHASKA WAFERS,C013
1150,48,,5,5,0,false,2025-04-06T07:02:45.958Z,,8906010502508,30GM*120 CRUNCHEM PERI PERI WAFERS,C014
1151,48,,10,10,0,false,2025-04-06T07:02:45.958Z,,8906010500092,30GM*120 CRUNCHEX SALTED WAFERS,C015
1152,48,,10,10,0,false,2025-04-06T07:02:45.958Z,,8906010501570,30GM*120 CRUNCHEX CHILI TADKA WAFERS,C016
1153,48,,2,2,0,false,2025-04-06T07:02:45.958Z,,8906010504304,30GM*120 CRUNCHEX MIRCH MASALA WAFERS,C017
1154,48,,15,15,0,false,2025-04-06T07:02:45.958Z,,8906010502294,22GM*192 AMAIZE FLAMIN' HOT NACHOS,C019
1155,48,,5,5,0,false,2025-04-06T07:02:45.958Z,,0_4,25GM*240 AMAIZE JALAPENO CORN CHIPS,C021
1156,48,,24,24,0,false,2025-04-06T07:02:45.958Z,,8906010501228,22GM*120 SCOOPITOS MASALA,C027
1157,48,,5,5,0,false,2025-04-06T07:02:45.958Z,,0_5,22GM*144 POP RINGS MASALA,C029
1158,48,,5,5,0,false,2025-04-06T07:02:45.958Z,,0_6,22GM*144 POP RINGS YUMMY CHEESE,C030
1159,48,,6,6,0,false,2025-04-06T07:02:45.958Z,,8906010504724,22GM*120 SNACK'EM PONGA PLAIN,C031
1160,48,,101,96,0,false,2025-04-06T07:02:45.958Z,,8906010500900,22GM*120 WHEELOS MASALA,C032
1161,48,,12,12,0,false,2025-04-06T07:02:45.958Z,,8906010503444,22GM*144 FUNNE SPICY PUNCH,C033
1162,48,,2,2,0,false,2025-04-06T07:02:45.958Z,,8906010501327,22GM*240 YUMSTIX CHATPATA MASALA,C034
1163,48,,48,48,0,false,2025-04-06T07:02:45.958Z,,8906010500764,25GM*240 C.P.NAMKIN {MASALA MASTI},C035
1164,48,,24,24,0,false,2025-04-06T07:02:45.958Z,,8906010500627,25GM*240 C.P.NAMKIN {TANGY TOMATO},C036
1165,48,,15,15,0,false,2025-04-06T07:02:45.958Z,,8906010500894,25GM*240 C.P.NAMKIN {CHINESE CHATKA},C037
1166,48,,48,48,0,false,2025-04-06T07:02:45.958Z,,8906010502119,25GM*240 C.P.NAMKIN {FLAMIN HOT},C038
1167,48,,24,24,0,false,2025-04-06T07:02:45.958Z,,8906010502973,25GM*192 PAPDI GATHIYA,C039
1168,48,,24,24,0,false,2025-04-06T07:02:45.958Z,,8906010503451,22GM*144 NOODLE STICKS MASALA,C040
1169,48,,15,15,0,false,2025-04-06T07:02:45.958Z,,0_7,25GM*120 GIPPI TORNADO FLAMIN CHILLI,C041
1170,48,,32,32,0,false,2025-04-06T07:02:45.958Z,,8906010502232,22GM*240 PUNJABI TADKA,C042
1171,48,,15,15,0,false,2025-04-06T07:02:45.958Z,,8906010500214,25GM*240 SEV MURMURA,C043
1172,48,,15,30,0,false,2025-04-06T07:02:45.958Z,,8906010500245,25GM*240 MASALA SEV MURMURA,C044
1173,48,,2,2,0,false,2025-04-06T07:02:45.958Z,,8906010502591,65GM*72 CRUNCHEM SIMPLY SALTED WAFERS,C047
1174,48,,5,5,0,false,2025-04-06T07:02:45.958Z,,8906010503512,135GM*24 CRUNCHEM SIMPLY SALTED WAFERS,C052
1175,48,,5,5,0,false,2025-04-06T07:02:45.958Z,,8906010503529,135GM*24 CRUNCHEM MASALA MASTI WAFERS,C053
1176,48,,5,5,0,false,2025-04-06T07:02:45.958Z,,8906010503550,135GM*24 CRUNCHEM CREAM & ONION WAFERS,C054
1177,48,,5,5,0,false,2025-04-06T07:02:45.958Z,,8906010503482,135GM*24  CRUNCHEM  TOMATO TWIST WAFERS,C056
1178,48,,5,5,0,false,2025-04-06T07:02:45.958Z,,8906010503611,135GM*24 CRUNCHEX CHILI TADKA WAFERS,C059
1179,48,,2,2,0,false,2025-04-06T07:02:45.958Z,,8906010504120,24GM*40PKT*6 DUMBAR PEANUT CHIKKI,C062
1180,48,,12,12,0,false,2025-04-06T07:02:45.958Z,,8906010501242,45GM*72 WHEELOS MASALA,C070
1181,48,,1,1,0,false,2025-04-06T07:02:45.958Z,,8906010501488,45GM*90 POP RINGS MASALA,C071
1182,48,,1,1,0,false,2025-04-06T07:02:45.958Z,,8906010503772,50GM*120 PAPDI GATHIYA,C077
1183,48,,2,2,0,false,2025-04-06T07:02:45.958Z,,8906010500566,500GM*10 TIKHA MITHA MIX,C104
1184,48,,1,1,0,false,2025-04-06T07:02:45.958Z,,8906010502164,45GM*120 KATAK BATAK CHILLI LEMON,C112
1185,48,,45,45,0,false,2025-04-06T07:02:45.958Z,,8906010500559,22GM*240 MAGDAL,C118
1186,48,,15,15,0,false,2025-04-06T07:02:45.958Z,,8906010500276,22GM*288 SHING BHUJIA,C119
1187,48,,10,15,0,false,2025-04-06T07:02:45.958Z,,8906010500863,22GM*288 NIMBU CHATKA SHING BHUJIA,C120
1188,48,,15,15,0,false,2025-04-06T07:02:45.958Z,,8906010500337,22GM*240 ALOO SEV,C121
1189,48,,5,5,0,false,2025-04-06T07:02:45.958Z,,8906010500702,25GM*240 CHANADAL,C125
1190,48,,2,2,0,false,2025-04-06T07:02:45.958Z,,8906010500399,25GM*240 KHATA MITHA MIX,C128
1191,48,,5,5,0,false,2025-04-06T07:02:45.958Z,,8906010500221,45GM*144 MAGDAL,C134
1192,48,,12,12,0,false,2025-04-06T07:02:45.958Z,,8906010500443,40GM*30 MASALA SHING,C145
1193,48,,24,24,0,false,2025-04-06T07:02:45.958Z,,8906010500078,22GM*240 FARALI CHEVDO,C149
1194,48,,3,3,0,false,2025-04-06T07:02:45.958Z,,8906010504199,22GM*240 KATAK BATAK CHILLI LEMON,C154
1195,48,,2,2,0,false,2025-04-06T07:02:45.958Z,,8906010504250,22GM*240 KATAK BATAK DESI MASALA,C155
1196,48,,3,3,0,false,2025-04-06T07:02:45.958Z,,8906010504205,22GM*120 SNACK'EM PONGA MASALA,C161
1197,48,,5,5,0,false,2025-04-06T07:02:45.958Z,,0,ADVERTISEMENT MATERIAL HEAVY STAND,A001
1245,61,,60,60,0,false,2025-04-06T07:02:46.034Z,,8906010500023,15GM*192 CRUNCHEM SIMPLY SALTED WAFERS,C001
1246,61,,30,30,0,false,2025-04-06T07:02:46.034Z,,8906010500047,15GM*192 CRUNCHEM MASALA MASTI WAFERS,C002
1247,61,,30,30,0,false,2025-04-06T07:02:46.034Z,,8906010500818,15GM*192 CRUNCHEM CREAM & ONION WAFERS,C003
1248,61,,30,30,0,false,2025-04-06T07:02:46.034Z,,8906010500481,15GM*192 CRUNCHEM TOMATO TWIST WAFERS,C004
1249,61,,15,15,0,false,2025-04-06T07:02:46.034Z,,8906010500474,15GM*192 CRUNCHEM CHAT CHASKA WAFERS,C005
1250,61,,30,30,0,false,2025-04-06T07:02:46.034Z,,8906010502492,15GM*192 CRUNCHEM PERI PERI WAFERS,C006
1251,61,,96,96,0,false,2025-04-06T07:02:46.034Z,,8906010501228,22GM*120 SCOOPITOS MASALA,C027
1252,61,,8,8,0,false,2025-04-06T07:02:46.034Z,,8906010503222,22GM*144 POP RINGS SHAPES,C028
1253,61,,46,24,0,false,2025-04-06T07:02:46.034Z,,8906010500900,22GM*120 WHEELOS MASALA,C032
1254,61,,5,5,0,false,2025-04-06T07:02:46.034Z,,8906010501327,22GM*240 YUMSTIX CHATPATA MASALA,C034
1255,61,,48,48,0,false,2025-04-06T07:02:46.034Z,,8906010500764,25GM*240 C.P.NAMKIN {MASALA MASTI},C035
1256,61,,48,48,0,false,2025-04-06T07:02:46.034Z,,8906010500627,25GM*240 C.P.NAMKIN {TANGY TOMATO},C036
1257,61,,30,30,0,false,2025-04-06T07:02:46.034Z,,8906010500894,25GM*240 C.P.NAMKIN {CHINESE CHATKA},C037
1258,61,,24,24,0,false,2025-04-06T07:02:46.034Z,,8906010502973,25GM*192 PAPDI GATHIYA,C039
1259,61,,30,30,0,false,2025-04-06T07:02:46.034Z,,8906010500214,25GM*240 SEV MURMURA,C043
1260,61,,30,30,0,false,2025-04-06T07:02:46.034Z,,8906010500245,25GM*240 MASALA SEV MURMURA,C044
1544,95,,30,30,0,false,2025-04-06T07:02:46.815Z,,8906010501570,30GM*120 CRUNCHEX CHILI TADKA WAFERS,C016
1276,81,,72,72,0,false,2025-04-06T07:02:46.049Z,,8906010503451,22GM*144 NOODLE STICKS MASALA,C040
1277,81,,25,25,0,false,2025-04-06T07:02:46.049Z,,0_7,25GM*120 GIPPI TORNADO FLAMIN CHILLI,V041
1278,81,,64,64,0,false,2025-04-06T07:02:46.049Z,,8906010502232,22GM*240 PUNJABI TADKA,C042
1279,81,,15,15,0,false,2025-04-06T07:02:46.049Z,,8906010500214,25GM*240 SEV MURMURA,C043
1280,81,,60,60,0,false,2025-04-06T07:02:46.049Z,,8906010500245,25GM*240 MASALA SEV MURMURA,C044
1281,81,,5,5,0,false,2025-04-06T07:02:46.049Z,,8906010500320,235GM*20 FARALICHEVDO,C084
1282,81,,30,30,0,false,2025-04-06T07:02:46.049Z,,8906010501822,70GM*100 GIPPI MASALA NOODLES,C089
1283,81,,2,2,0,false,2025-04-06T07:02:46.049Z,,8906010502171,300GM*10 GATHIYA,C103
1284,81,,10,10,0,false,2025-04-06T07:02:46.049Z,,8906010500566,500GM*10 TIKHA MITHA MIX,C104
1285,81,,45,45,0,false,2025-04-06T07:02:46.049Z,,8906010500559,22GM*240 MAGDAL,C118
1286,81,,5,5,0,false,2025-04-06T07:02:46.049Z,,8906010500276,22GM*288 SHING BHUJIA,C119
1287,81,,15,15,0,false,2025-04-06T07:02:46.049Z,,8906010500863,22GM*288 NIMBU CHATKA SHING BHUJIA,C120
1288,81,,10,10,0,false,2025-04-06T07:02:46.049Z,,8906010500429,25GM*240 GATHIYA,C123
1289,81,,15,15,0,false,2025-04-06T07:02:46.049Z,,8906010500368,25GM*240 TIKHA MITHA MIX,C127
1290,81,,3,3,0,false,2025-04-06T07:02:46.049Z,,8906010502065,25GM*240 CLASSIC SEV,C129
1291,81,,48,48,0,false,2025-04-06T07:02:46.049Z,,8906010500078,22GM*240 FARALI CHEVDO,C149
1292,81,,12,12,0,false,2025-04-06T07:02:46.049Z,,8906010504359,22GM*120 SNACK'EM CHOKDI MASALA,C160
1293,81,,25,25,0,false,2025-04-06T07:02:46.049Z,,8906010504298,70GM*100 GIPPI FLAMIN' CHILLI NOODLES,C187
1294,71,,30,30,0,false,2025-04-06T07:02:46.126Z,,8906010500023,15GM*192 CRUNCHEM SIMPLY SALTED WAFERS,C001
1295,71,,30,30,0,false,2025-04-06T07:02:46.126Z,,8906010500818,15GM*192 CRUNCHEM CREAM & ONION WAFERS,C003
1296,71,,60,60,0,false,2025-04-06T07:02:46.126Z,,8906010500481,15GM*192 CRUNCHEM TOMATO TWIST WAFERS,C004
1297,71,,5,5,0,false,2025-04-06T07:02:46.126Z,,8906010500474,15GM*192 CRUNCHEM CHAT CHASKA WAFERS,C005
1298,71,,10,10,0,false,2025-04-06T07:02:46.126Z,,8906010500092,30GM*120 CRUNCHEX SALTED WAFERS,C015
1299,71,,72,72,0,false,2025-04-06T07:02:46.126Z,,8906010501228,22GM*120 SCOOPITOS MASALA,C027
1300,71,,8,8,0,false,2025-04-06T07:02:46.126Z,,0_5,22GM*144 POP RINGS MASALA,C029
1301,71,,12,12,0,false,2025-04-06T07:02:46.126Z,,8906010504724,22GM*120 SNACK'EM PONGA PLAIN,C031
1302,71,,77,72,0,false,2025-04-06T07:02:46.126Z,,8906010500900,22GM*120 WHEELOS MASALA,C032
1303,71,,24,24,0,false,2025-04-06T07:02:46.126Z,,8906010503444,22GM*144 FUNNE SPICY PUNCH,C033
1304,71,,48,48,0,false,2025-04-06T07:02:46.126Z,,8906010500764,25GM*240 C.P.NAMKIN {MASALA MASTI},C035
1305,71,,48,48,0,false,2025-04-06T07:02:46.126Z,,8906010500627,25GM*240 C.P.NAMKIN {TANGY TOMATO},C036
1306,71,,6,6,0,false,2025-04-06T07:02:46.126Z,,8906010502119,25GM*240 C.P.NAMKIN {FLAMIN HOT},C038
1307,71,,10,10,0,false,2025-04-06T07:02:46.126Z,,8906010502973,25GM*192 PAPDI GATHIYA,C039
1308,71,,12,12,0,false,2025-04-06T07:02:46.126Z,,8906010503451,22GM*144 NOODLE STICKS MASALA,C040
1309,71,,40,40,0,false,2025-04-06T07:02:46.126Z,,0_7,25GM*120 GIPPI TORNADO FLAMIN CHILLI,V041
1310,71,,64,64,0,false,2025-04-06T07:02:46.126Z,,8906010502232,22GM*240 PUNJABI TADKA,C042
1311,71,,15,15,0,false,2025-04-06T07:02:46.126Z,,8906010500214,25GM*240 SEV MURMURA,C043
1312,71,,90,90,0,false,2025-04-06T07:02:46.126Z,,8906010500245,25GM*240 MASALA SEV MURMURA,C044
1313,71,,2,2,0,false,2025-04-06T07:02:46.126Z,,8906010503574,16GM*24PKT*12JAR RICH CHOCOLATE CREAM WAFERS,C066
1314,71,,3,3,0,false,2025-04-06T07:02:46.126Z,,8906010503666,16GM*24PKT*12JAR TANGY ORANGE CREAM WAFERS,C067
1315,71,,3,3,0,false,2025-04-06T07:02:46.126Z,,8906010503260,16GM*24PKT*12JAR JUICY STRAWBERRY CREAM WAFERS,C068
1316,71,,2,2,0,false,2025-04-06T07:02:46.126Z,,8906010503871,16GM*24PKT*12JAR YUMMY VANILLA CREAM WAFERS,C069
1317,71,,15,15,0,false,2025-04-06T07:02:46.126Z,,8906010500320,235GM*20 FARALICHEVDO,C084
1318,71,,5,5,0,false,2025-04-06T07:02:46.126Z,,8906010503697,240GM*20 KHATA MITHA MIX,C093
1319,71,,10,10,0,false,2025-04-06T07:02:46.126Z,,8906010500382,240GM*20 TIKHA MITHA MIX,C094
1320,71,,10,10,0,false,2025-04-06T07:02:46.126Z,,8906010500566,500GM*10 TIKHA MITHA MIX,C104
1321,71,,5,5,0,false,2025-04-06T07:02:46.126Z,,8906010502478,500GM*10 KHATA MITHA MIX,C105
1322,71,,45,45,0,false,2025-04-06T07:02:46.126Z,,8906010500559,22GM*240 MAGDAL,C118
1323,71,,15,15,0,false,2025-04-06T07:02:46.126Z,,8906010500863,22GM*288 NIMBU CHATKA SHING BHUJIA,C120
1324,71,,30,30,0,false,2025-04-06T07:02:46.126Z,,8906010500337,22GM*240 ALOO SEV,C121
1325,71,,10,10,0,false,2025-04-06T07:02:46.126Z,,8906010500429,25GM*240 GATHIYA,C123
1326,71,,5,5,0,false,2025-04-06T07:02:46.126Z,,8906010500702,25GM*240 CHANADAL,C125
1327,71,,15,15,0,false,2025-04-06T07:02:46.126Z,,8906010500368,25GM*240 TIKHA MITHA MIX,C127
1328,71,,30,30,0,false,2025-04-06T07:02:46.126Z,,8906010500399,25GM*240 KHATA MITHA MIX,C128
1329,71,,5,5,0,false,2025-04-06T07:02:46.126Z,,8906010500221,45GM*144 MAGDAL,C134
1330,71,,96,96,0,false,2025-04-06T07:02:46.126Z,,8906010500078,22GM*240 FARALI CHEVDO,C149
1331,71,,12,12,0,false,2025-04-06T07:02:46.126Z,,8906010504359,22GM*120 SNACK'EM CHOKDI MASALA,C160
1332,71,,3,3,0,false,2025-04-06T07:02:46.126Z,,8906010504281,13GM*24PKT*12JAR OLEE CHOCO STIX,EOO1
1333,78,,60,60,0,false,2025-04-06T07:02:46.203Z,,8906010500023,15GM*192 CRUNCHEM SIMPLY SALTED WAFERS,C001
1334,78,,60,60,0,false,2025-04-06T07:02:46.203Z,,8906010500481,15GM*192 CRUNCHEM TOMATO TWIST WAFERS,C004
1335,78,,30,30,0,false,2025-04-06T07:02:46.203Z,,8906010500870,30GM*120 CRUNCHEM CREAM & ONION WAFERS,C009
1336,78,,10,10,0,false,2025-04-06T07:02:46.203Z,,8906010501198,30GM*120 CRUNCHEM PIZZY MASALA WAFERS,C010
1337,78,,30,30,0,false,2025-04-06T07:02:46.203Z,,8906010500498,30GM*120 CRUNCHEM TOMATO TWIST WAFERS,C012
1338,78,,30,30,0,false,2025-04-06T07:02:46.203Z,,8906010500092,30GM*120 CRUNCHEX SALTED WAFERS,C015
1339,78,,120,120,0,false,2025-04-06T07:02:46.203Z,,8906010501570,30GM*120 CRUNCHEX CHILI TADKA WAFERS,C016
1340,78,,50,50,0,false,2025-04-06T07:02:46.203Z,,8906010502294,22GM*192 AMAIZE FLAMIN' HOT NACHOS,C019
1341,78,,10,10,0,false,2025-04-06T07:02:46.203Z,,8906010502300,45GM*120 AMAIZE FLAMIN' HOT NACHOS,C024
1342,78,,72,72,0,false,2025-04-06T07:02:46.203Z,,8906010501228,22GM*120 SCOOPITOS MASALA,C027
1343,78,,84,72,0,false,2025-04-06T07:02:46.203Z,,8906010500900,22GM*120 WHEELOS MASALA,C032
1344,78,,48,48,0,false,2025-04-06T07:02:46.203Z,,8906010502973,25GM*192 PAPDI GATHIYA,C039
1345,78,,10,10,0,false,2025-04-06T07:02:46.203Z,,8906010502041,22GM*240 BHEL MIX,C046
1346,78,,10,10,0,false,2025-04-06T07:02:46.203Z,,8906010503512,135GM*24 CRUNCHEM SIMPLY SALTED WAFERS,C052
1347,78,,15,15,0,false,2025-04-06T07:02:46.203Z,,8906010503611,135GM*24 CRUNCHEX CHILI TADKA WAFERS,C059
1348,78,,3,3,0,false,2025-04-06T07:02:46.203Z,,8906010500511,50GM*120 C.P.NAMKIN (MASALA MASTI),C060
1349,78,,3,3,0,false,2025-04-06T07:02:46.203Z,,8906010500610,50GM*120 C.P.NAMKIN (TANGY TOMATO),C061
1350,78,,2,2,0,false,2025-04-06T07:02:46.203Z,,8906010501259,50GM*120 MASALA SEV MURMURA,C081
1351,78,,5,5,0,false,2025-04-06T07:02:46.203Z,,8906010500320,235GM*20 FARALICHEVDO,C084
1352,78,,20,20,0,false,2025-04-06T07:02:46.203Z,,8906010501822,70GM*100 GIPPI MASALA NOODLES,C089
1353,78,,15,15,0,false,2025-04-06T07:02:46.203Z,,8906010500382,240GM*20 TIKHA MITHA MIX,C094
1354,78,,10,10,0,false,2025-04-06T07:02:46.203Z,,8906010500566,500GM*10 TIKHA MITHA MIX,C104
1355,78,,45,45,0,false,2025-04-06T07:02:46.203Z,,8906010500559,22GM*240 MAGDAL,C118
1356,78,,30,30,0,false,2025-04-06T07:02:46.203Z,,8906010500337,22GM*240 ALOO SEV,C121
1357,78,,5,5,0,false,2025-04-06T07:02:46.203Z,,8906010500429,25GM*240 GATHIYA,C123
1358,78,,30,30,0,false,2025-04-06T07:02:46.203Z,,8906010500368,25GM*240 TIKHA MITHA MIX,C127
1359,78,,5,5,0,false,2025-04-06T07:02:46.203Z,,8906010500221,45GM*144 MAGDAL,C134
1360,78,,4,4,0,false,2025-04-06T07:02:46.203Z,,8906010500375,50GM*150 TIKHA MITHA MIX,C140
1361,78,,30,30,0,false,2025-04-06T07:02:46.203Z,,8906010503949,25GM*240 C.P NAMKIN (LASANIYA),C148
1362,78,,48,48,0,false,2025-04-06T07:02:46.203Z,,8906010504359,22GM*120 SNACK'EM CHOKDI MASALA,C160
1363,78,,3,3,0,false,2025-04-06T07:02:46.203Z,,8906010504281,13GM*24PKT*12JAR OLEE CHOCO STIX,EOO1
1364,74,,30,30,0,false,2025-04-06T07:02:46.279Z,,8906010500023,15GM*192 CRUNCHEM SIMPLY SALTED WAFERS,C001
1365,74,,60,60,0,false,2025-04-06T07:02:46.279Z,,8906010500481,15GM*192 CRUNCHEM TOMATO TWIST WAFERS,C004
1366,74,,30,30,0,false,2025-04-06T07:02:46.279Z,,8906010500016,30GM*120 CRUNCHEM SIMPLY SALTED WAFERS,C007
1367,74,,96,96,0,false,2025-04-06T07:02:46.279Z,,8906010501228,22GM*120 SCOOPITOS MASALA,C027
1368,74,,120,120,0,false,2025-04-06T07:02:46.279Z,,8906010500900,22GM*120 WHEELOS MASALA,C032
1369,74,,48,48,0,false,2025-04-06T07:02:46.279Z,,8906010500764,25GM*240 C.P.NAMKIN {MASALA MASTI},C035
1370,74,,48,48,0,false,2025-04-06T07:02:46.279Z,,8906010500627,25GM*240 C.P.NAMKIN {TANGY TOMATO},C036
1371,74,,48,48,0,false,2025-04-06T07:02:46.279Z,,8906010502119,25GM*240 C.P.NAMKIN {FLAMIN HOT},C038
1372,74,,48,48,0,false,2025-04-06T07:02:46.279Z,,8906010503451,22GM*144 NOODLE STICKS MASALA,C040
1373,74,,30,30,0,false,2025-04-06T07:02:46.279Z,,0_7,25GM*120 GIPPI TORNADO FLAMIN CHILLI,V041
1374,74,,30,30,0,false,2025-04-06T07:02:46.279Z,,8906010500214,25GM*240 SEV MURMURA,C043
1375,74,,60,60,0,false,2025-04-06T07:02:46.279Z,,8906010500245,25GM*240 MASALA SEV MURMURA,C044
1376,74,,15,15,0,false,2025-04-06T07:02:46.279Z,,8906010502041,22GM*240 BHEL MIX,C046
1377,74,,10,10,0,false,2025-04-06T07:02:46.279Z,,8906010503512,135GM*24 CRUNCHEM SIMPLY SALTED WAFERS,C052
1378,74,,12,12,0,false,2025-04-06T07:02:46.279Z,,8906010500511,50GM*120 C.P.NAMKIN (MASALA MASTI),C060
1379,74,,7,7,0,false,2025-04-06T07:02:46.279Z,,8906010500542,50GM*120 SEV MURMURA,C080
1380,74,,10,10,0,false,2025-04-06T07:02:46.279Z,,8906010501259,50GM*120 MASALA SEV MURMURA,C081
1381,74,,20,20,0,false,2025-04-06T07:02:46.279Z,,8906010501822,70GM*100 GIPPI MASALA NOODLES,C089
1382,74,,10,10,0,false,2025-04-06T07:02:46.279Z,,8906010500382,240GM*20 TIKHA MITHA MIX,C094
1383,74,,10,10,0,false,2025-04-06T07:02:46.279Z,,8906010500566,500GM*10 TIKHA MITHA MIX,C104
1384,74,,45,45,0,false,2025-04-06T07:02:46.279Z,,8906010500559,22GM*240 MAGDAL,C118
1385,74,,30,30,0,false,2025-04-06T07:02:46.279Z,,8906010500863,22GM*288 NIMBU CHATKA SHING BHUJIA,C120
1386,74,,3,3,0,false,2025-04-06T07:02:46.279Z,,8906010500375,50GM*150 TIKHA MITHA MIX,C140
1387,74,,48,48,0,false,2025-04-06T07:02:46.279Z,,8906010500078,22GM*240 FARALI CHEVDO,C149
1388,82,,60,60,0,false,2025-04-06T07:02:46.355Z,,8906010500023,15GM*192 CRUNCHEM SIMPLY SALTED WAFERS,C001
1389,82,,30,30,0,false,2025-04-06T07:02:46.355Z,,8906010500047,15GM*192 CRUNCHEM MASALA MASTI WAFERS,C002
1390,82,,60,60,0,false,2025-04-06T07:02:46.355Z,,8906010500818,15GM*192 CRUNCHEM CREAM & ONION WAFERS,C003
1391,82,,60,60,0,false,2025-04-06T07:02:46.355Z,,8906010500481,15GM*192 CRUNCHEM TOMATO TWIST WAFERS,C004
1392,82,,30,30,0,false,2025-04-06T07:02:46.355Z,,8906010500474,15GM*192 CRUNCHEM CHAT CHASKA WAFERS,C005
1393,82,,30,30,0,false,2025-04-06T07:02:46.355Z,,8906010502492,15GM*192 CRUNCHEM PERI PERI WAFERS,C006
1394,82,,10,10,0,false,2025-04-06T07:02:46.355Z,,8906010500016,30GM*120 CRUNCHEM SIMPLY SALTED WAFERS,C007
1395,82,,10,10,0,false,2025-04-06T07:02:46.355Z,,8906010500030,30GM*120 CRUNCHEM MASALA MASTI WAFERS,C008
1396,82,,10,10,0,false,2025-04-06T07:02:46.355Z,,8906010500870,30GM*120 CRUNCHEM CREAM & ONION WAFERS,C009
1397,82,,5,5,0,false,2025-04-06T07:02:46.355Z,,8906010501198,30GM*120 CRUNCHEM PIZZY MASALA WAFERS,C010
1398,82,,10,10,0,false,2025-04-06T07:02:46.355Z,,8906010500498,30GM*120 CRUNCHEM TOMATO TWIST WAFERS,C012
1399,82,,5,5,0,false,2025-04-06T07:02:46.355Z,,8906010500535,30GM*120 CRUNCHEM CHAT CHASKA WAFERS,C013
1400,82,,10,10,0,false,2025-04-06T07:02:46.355Z,,8906010502508,30GM*120 CRUNCHEM PERI PERI WAFERS,C014
1401,82,,5,5,0,false,2025-04-06T07:02:46.355Z,,8906010501570,30GM*120 CRUNCHEX CHILI TADKA WAFERS,C016
1402,82,,2,2,0,false,2025-04-06T07:02:46.355Z,,8906010502294,22GM*192 AMAIZE FLAMIN' HOT NACHOS,C019
1403,82,,24,24,0,false,2025-04-06T07:02:46.355Z,,8906010501228,22GM*120 SCOOPITOS MASALA,C027
1404,82,,20,20,0,false,2025-04-06T07:02:46.355Z,,0_5,22GM*144 POP RINGS MASALA,C029
1405,82,,20,20,0,false,2025-04-06T07:02:46.355Z,,0_6,22GM*144 POP RINGS YUMMY CHEESE,C030
1406,82,,48,48,0,false,2025-04-06T07:02:46.355Z,,8906010500900,22GM*120 WHEELOS MASALA,C032
1407,82,,24,24,0,false,2025-04-06T07:02:46.355Z,,8906010503444,22GM*144 FUNNE SPICY PUNCH,C033
1408,82,,48,48,0,false,2025-04-06T07:02:46.355Z,,8906010500764,25GM*240 C.P.NAMKIN {MASALA MASTI},C035
1409,82,,24,24,0,false,2025-04-06T07:02:46.355Z,,8906010500627,25GM*240 C.P.NAMKIN {TANGY TOMATO},C036
1410,82,,30,30,0,false,2025-04-06T07:02:46.355Z,,8906010500894,25GM*240 C.P.NAMKIN {CHINESE CHATKA},C037
1411,82,,24,24,0,false,2025-04-06T07:02:46.355Z,,8906010502119,25GM*240 C.P.NAMKIN {FLAMIN HOT},C038
1412,82,,24,24,0,false,2025-04-06T07:02:46.355Z,,8906010503451,22GM*144 NOODLE STICKS MASALA,C040
1413,82,,5,5,0,false,2025-04-06T07:02:46.355Z,,0_7,25GM*120 GIPPI TORNADO FLAMIN CHILLI,V041
1414,82,,32,32,0,false,2025-04-06T07:02:46.355Z,,8906010502232,22GM*240 PUNJABI TADKA,C042
1415,82,,15,15,0,false,2025-04-06T07:02:46.355Z,,8906010500214,25GM*240 SEV MURMURA,C043
1416,82,,15,15,0,false,2025-04-06T07:02:46.355Z,,8906010500245,25GM*240 MASALA SEV MURMURA,C044
1417,82,,2,2,0,false,2025-04-06T07:02:46.355Z,,8906010503512,135GM*24 CRUNCHEM SIMPLY SALTED WAFERS,C052
1418,82,,3,3,0,false,2025-04-06T07:02:46.355Z,,8906010503550,135GM*24 CRUNCHEM CREAM & ONION WAFERS,C054
1419,82,,2,2,0,false,2025-04-06T07:02:46.355Z,,8906010503482,135GM*24  CRUNCHEM  TOMATO TWIST WAFERS,C056
1420,82,,5,5,0,false,2025-04-06T07:02:46.355Z,,0_8,NIMBU PANI CANDY ( 3.5GM*170*12 JAR ),C064
1421,82,,1,1,0,false,2025-04-06T07:02:46.355Z,,8906010500382,240GM*20 TIKHA MITHA MIX,C094
1422,82,,45,45,0,false,2025-04-06T07:02:46.355Z,,8906010500559,22GM*240 MAGDAL,C118
1423,82,,15,15,0,false,2025-04-06T07:02:46.355Z,,8906010500276,22GM*288 SHING BHUJIA,C119
1424,82,,45,45,0,false,2025-04-06T07:02:46.355Z,,8906010500863,22GM*288 NIMBU CHATKA SHING BHUJIA,C120
1425,82,,10,10,0,false,2025-04-06T07:02:46.355Z,,8906010500337,22GM*240 ALOO SEV,C121
1426,82,,5,5,0,false,2025-04-06T07:02:46.355Z,,8906010500702,25GM*240 CHANADAL,C125
1427,82,,5,5,0,false,2025-04-06T07:02:46.355Z,,8906010503420,20GM*288 MASALA PEAS,C126
1428,82,,15,15,0,false,2025-04-06T07:02:46.355Z,,8906010503239,22GM*60 MASALA CHANA,C147
1429,82,,5,5,0,false,2025-04-06T07:02:46.355Z,,8906010503949,25GM*240 C.P NAMKIN (LASANIYA),C148
1430,82,,6,6,0,false,2025-04-06T07:02:46.355Z,,8906010500078,22GM*240 FARALI CHEVDO,C149
1431,82,,2,2,0,false,2025-04-06T07:02:46.355Z,,8906010504298,70GM*100 GIPPI FLAMIN' CHILLI NOODLES,C187
1432,89,,5,5,0,false,2025-04-06T07:02:46.432Z,,8906010500023,15GM*192 CRUNCHEM SIMPLY SALTED WAFERS,C001
1433,89,,10,10,0,false,2025-04-06T07:02:46.432Z,,8906010500047,15GM*192 CRUNCHEM MASALA MASTI WAFERS,C002
1434,89,,15,15,0,false,2025-04-06T07:02:46.432Z,,8906010500818,15GM*192 CRUNCHEM CREAM & ONION WAFERS,C003
1435,89,,15,15,0,false,2025-04-06T07:02:46.432Z,,8906010500481,15GM*192 CRUNCHEM TOMATO TWIST WAFERS,C004
1436,89,,10,10,0,false,2025-04-06T07:02:46.432Z,,8906010502492,15GM*192 CRUNCHEM PERI PERI WAFERS,C006
1437,89,,5,5,0,false,2025-04-06T07:02:46.432Z,,8906010500016,30GM*120 CRUNCHEM SIMPLY SALTED WAFERS,C007
1438,89,,5,5,0,false,2025-04-06T07:02:46.432Z,,8906010500030,30GM*120 CRUNCHEM MASALA MASTI WAFERS,C008
1439,89,,5,5,0,false,2025-04-06T07:02:46.432Z,,8906010500870,30GM*120 CRUNCHEM CREAM & ONION WAFERS,C009
1440,89,,5,5,0,false,2025-04-06T07:02:46.432Z,,8906010500498,30GM*120 CRUNCHEM TOMATO TWIST WAFERS,C012
1441,89,,5,5,0,false,2025-04-06T07:02:46.432Z,,8906010500535,30GM*120 CRUNCHEM CHAT CHASKA WAFERS,C013
1442,89,,5,5,0,false,2025-04-06T07:02:46.432Z,,8906010502508,30GM*120 CRUNCHEM PERI PERI WAFERS,C014
1443,89,,12,12,0,false,2025-04-06T07:02:46.432Z,,8906010501228,22GM*120 SCOOPITOS MASALA,C027
1444,89,,6,6,0,false,2025-04-06T07:02:46.432Z,,8906010500900,22GM*120 WHEELOS MASALA,C032
1445,89,,10,10,0,false,2025-04-06T07:02:46.432Z,,8906010500764,25GM*240 C.P.NAMKIN {MASALA MASTI},C035
1446,89,,10,10,0,false,2025-04-06T07:02:46.432Z,,8906010500894,25GM*240 C.P.NAMKIN {CHINESE CHATKA},C037
1447,89,,12,12,0,false,2025-04-06T07:02:46.432Z,,8906010502119,25GM*240 C.P.NAMKIN {FLAMIN HOT},C038
1448,89,,8,8,0,false,2025-04-06T07:02:46.432Z,,8906010503451,22GM*144 NOODLE STICKS MASALA,C040
1449,89,,5,5,0,false,2025-04-06T07:02:46.432Z,,0_7,25GM*120 GIPPI TORNADO FLAMIN CHILLI,V041
1450,89,,10,10,0,false,2025-04-06T07:02:46.432Z,,8906010502232,22GM*240 PUNJABI TADKA,C042
1451,89,,5,5,0,false,2025-04-06T07:02:46.432Z,,8906010500214,25GM*240 SEV MURMURA,C043
1452,89,,5,5,0,false,2025-04-06T07:02:46.432Z,,8906010500245,25GM*240 MASALA SEV MURMURA,C044
1453,89,,5,5,0,false,2025-04-06T07:02:46.432Z,,8906010502041,22GM*240 BHEL MIX,C046
1454,89,,5,5,0,false,2025-04-06T07:02:46.432Z,,8906010503529,135GM*24 CRUNCHEM MASALA MASTI WAFERS,C053
1455,89,,5,5,0,false,2025-04-06T07:02:46.432Z,,8906010503550,135GM*24 CRUNCHEM CREAM & ONION WAFERS,C054
1456,89,,5,5,0,false,2025-04-06T07:02:46.432Z,,8906010503482,135GM*24  CRUNCHEM  TOMATO TWIST WAFERS,C056
1457,89,,2,2,0,false,2025-04-06T07:02:46.432Z,,8906010501853,250GM*12 SEV MURMURA,C082
1458,89,,2,2,0,false,2025-04-06T07:02:46.432Z,,8906010500320,235GM*20 FARALICHEVDO,C084
1459,89,,2,2,0,false,2025-04-06T07:02:46.432Z,,8906010500580,210GM*20 RATLAMI SEV,C086
1460,89,,2,2,0,false,2025-04-06T07:02:46.432Z,,8906010503697,240GM*20 KHATA MITHA MIX,C093
1461,89,,2,2,0,false,2025-04-06T07:02:46.432Z,,8906010500382,240GM*20 TIKHA MITHA MIX,C094
1462,89,,2,2,0,false,2025-04-06T07:02:46.432Z,,8906010504700,210GM*20 BHUJIA SEV,C110
1463,89,,15,15,0,false,2025-04-06T07:02:46.432Z,,8906010500559,22GM*240 MAGDAL,C118
1464,89,,5,5,0,false,2025-04-06T07:02:46.432Z,,8906010500276,22GM*288 SHING BHUJIA,C119
1465,89,,15,15,0,false,2025-04-06T07:02:46.432Z,,8906010500863,22GM*288 NIMBU CHATKA SHING BHUJIA,C120
1466,89,,10,10,0,false,2025-04-06T07:02:46.432Z,,8906010500337,22GM*240 ALOO SEV,C121
1467,89,,2,2,0,false,2025-04-06T07:02:46.432Z,,8906010500702,25GM*240 CHANADAL,C125
1468,89,,1,1,0,false,2025-04-06T07:02:46.432Z,,8906010503420,20GM*288 MASALA PEAS,C126
1469,89,,3,3,0,false,2025-04-06T07:02:46.432Z,,8906010500078,22GM*240 FARALI CHEVDO,C149
1470,89,,1,1,0,false,2025-04-06T07:02:46.432Z,,8906010504199,22GM*240 KATAK BATAK CHILLI LEMON,C154
1471,89,,2,2,0,false,2025-04-06T07:02:46.432Z,,8906010504250,22GM*240 KATAK BATAK DESI MASALA,C155
1472,89,,3,3,0,false,2025-04-06T07:02:46.432Z,,8906010504359,22GM*120 SNACK'EM CHOKDI MASALA,C160
1473,89,,3,3,0,false,2025-04-06T07:02:46.432Z,,8906010504205,22GM*120 SNACK'EM PONGA MASALA,C161
1474,89,,3,3,0,false,2025-04-06T07:02:46.432Z,,8906010504281,13GM*24PKT*12JAR OLEE CHOCO STIX,EOO1
1475,89,,5,5,0,false,2025-04-06T07:02:46.432Z,,0_2,ADVERTISEMENT MATERIAL BIG STAND,A002
1476,84,,30,30,0,false,2025-04-06T07:02:46.508Z,,8906010500023,15GM*192 CRUNCHEM SIMPLY SALTED WAFERS,C001
1477,84,,15,15,0,false,2025-04-06T07:02:46.508Z,,8906010500047,15GM*192 CRUNCHEM MASALA MASTI WAFERS,C002
1478,84,,30,30,0,false,2025-04-06T07:02:46.508Z,,8906010500818,15GM*192 CRUNCHEM CREAM & ONION WAFERS,C003
1479,84,,30,30,0,false,2025-04-06T07:02:46.508Z,,8906010500481,15GM*192 CRUNCHEM TOMATO TWIST WAFERS,C004
1480,84,,15,15,0,false,2025-04-06T07:02:46.508Z,,8906010500474,15GM*192 CRUNCHEM CHAT CHASKA WAFERS,C005
1481,84,,10,10,0,false,2025-04-06T07:02:46.508Z,,8906010502492,15GM*192 CRUNCHEM PERI PERI WAFERS,C006
1482,84,,5,5,0,false,2025-04-06T07:02:46.508Z,,8906010500016,30GM*120 CRUNCHEM SIMPLY SALTED WAFERS,C007
1483,84,,5,5,0,false,2025-04-06T07:02:46.508Z,,8906010500870,30GM*120 CRUNCHEM CREAM & ONION WAFERS,C009
1484,84,,1,1,0,false,2025-04-06T07:02:46.508Z,,8906010501198,30GM*120 CRUNCHEM PIZZY MASALA WAFERS,C010
1485,84,,5,5,0,false,2025-04-06T07:02:46.508Z,,8906010500498,30GM*120 CRUNCHEM TOMATO TWIST WAFERS,C012
1486,84,,15,15,0,false,2025-04-06T07:02:46.508Z,,8906010502294,22GM*192 AMAIZE FLAMIN' HOT NACHOS,C019
1487,84,,48,48,0,false,2025-04-06T07:02:46.508Z,,8906010501228,22GM*120 SCOOPITOS MASALA,C027
1488,84,,5,5,0,false,2025-04-06T07:02:46.508Z,,0_5,22GM*144 POP RINGS MASALA,C029
1489,84,,5,5,0,false,2025-04-06T07:02:46.508Z,,0_6,22GM*144 POP RINGS YUMMY CHEESE,C030
1490,84,,24,24,0,false,2025-04-06T07:02:46.508Z,,8906010500900,22GM*120 WHEELOS MASALA,C032
1491,84,,12,12,0,false,2025-04-06T07:02:46.508Z,,8906010503444,22GM*144 FUNNE SPICY PUNCH,C033
1492,84,,24,24,0,false,2025-04-06T07:02:46.508Z,,8906010500764,25GM*240 C.P.NAMKIN {MASALA MASTI},C035
1493,84,,24,24,0,false,2025-04-06T07:02:46.508Z,,8906010500627,25GM*240 C.P.NAMKIN {TANGY TOMATO},C036
1494,84,,30,30,0,false,2025-04-06T07:02:46.508Z,,8906010500894,25GM*240 C.P.NAMKIN {CHINESE CHATKA},C037
1495,84,,24,24,0,false,2025-04-06T07:02:46.508Z,,8906010502119,25GM*240 C.P.NAMKIN {FLAMIN HOT},C038
1496,84,,12,12,0,false,2025-04-06T07:02:46.508Z,,8906010503451,22GM*144 NOODLE STICKS MASALA,C040
1497,84,,10,10,0,false,2025-04-06T07:02:46.508Z,,0_7,25GM*120 GIPPI TORNADO FLAMIN CHILLI,V041
1498,84,,16,16,0,false,2025-04-06T07:02:46.508Z,,8906010502232,22GM*240 PUNJABI TADKA,C042
1499,84,,30,30,0,false,2025-04-06T07:02:46.508Z,,8906010500214,25GM*240 SEV MURMURA,C043
1500,84,,5,5,0,false,2025-04-06T07:02:46.676Z,,8906010500245,25GM*240 MASALA SEV MURMURA,C044
1501,84,,5,5,0,false,2025-04-06T07:02:46.676Z,,8906010502041,22GM*240 BHEL MIX,C046
1502,84,,2,2,0,false,2025-04-06T07:02:46.676Z,,0_8,NIMBU PANI CANDY ( 3.5GM*170*12 JAR ),C064
1503,84,,2,2,0,false,2025-04-06T07:02:46.676Z,,0_9,SOFT IMLI CANDY ( 3.5GM*220*10 JAR ),C065
1504,84,,1,1,0,false,2025-04-06T07:02:46.676Z,,8906010503574,16GM*24PKT*12JAR RICH CHOCOLATE CREAM WAFERS,C066
1505,84,,1,1,0,false,2025-04-06T07:02:46.676Z,,8906010500177,25GM*180 BANANA MAST MASALA WAFERS,C074
1506,84,,10,10,0,false,2025-04-06T07:02:46.676Z,,8906010501822,70GM*100 GIPPI MASALA NOODLES,C089
1507,84,,10,10,0,false,2025-04-06T07:02:46.676Z,,8906010500382,240GM*20 TIKHA MITHA MIX,C094
1508,84,,1,1,0,false,2025-04-06T07:02:46.676Z,,8906010500566,500GM*10 TIKHA MITHA MIX,C104
1509,84,,45,45,0,false,2025-04-06T07:02:46.676Z,,8906010500559,22GM*240 MAGDAL,C118
1510,84,,30,30,0,false,2025-04-06T07:02:46.676Z,,8906010500276,22GM*288 SHING BHUJIA,C119
1511,84,,30,30,0,false,2025-04-06T07:02:46.676Z,,8906010500863,22GM*288 NIMBU CHATKA SHING BHUJIA,C120
1512,84,,30,30,0,false,2025-04-06T07:02:46.676Z,,8906010500337,22GM*240 ALOO SEV,C121
1513,84,,5,5,0,false,2025-04-06T07:02:46.676Z,,8906010500702,25GM*240 CHANADAL,C125
1514,84,,5,5,0,false,2025-04-06T07:02:46.676Z,,8906010503420,20GM*288 MASALA PEAS,C126
1515,84,,36,36,0,false,2025-04-06T07:02:46.676Z,,8906010502683,40GM*30 SALTED PEANUTS,C144
1516,84,,5,5,0,false,2025-04-06T07:02:46.676Z,,8906010503949,25GM*240 C.P NAMKIN (LASANIYA),C148
1517,84,,24,24,0,false,2025-04-06T07:02:46.676Z,,8906010500078,22GM*240 FARALI CHEVDO,C149
1518,84,,5,5,0,false,2025-04-06T07:02:46.676Z,,8906010504359,22GM*120 SNACK'EM CHOKDI MASALA,C160
1519,84,,6,6,0,false,2025-04-06T07:02:46.676Z,,8906010504205,22GM*120 SNACK'EM PONGA MASALA,C161
1520,84,,1,1,0,false,2025-04-06T07:02:46.676Z,,8906010504281,13GM*24PKT*12JAR OLEE CHOCO STIX,EOO1
1521,90,,30,30,0,false,2025-04-06T07:02:46.754Z,,8906010500023,15GM*192 CRUNCHEM SIMPLY SALTED WAFERS,C001
1522,90,,15,15,0,false,2025-04-06T07:02:46.754Z,,8906010500481,15GM*192 CRUNCHEM TOMATO TWIST WAFERS,C004
1523,90,,63,48,0,false,2025-04-06T07:02:46.754Z,,8906010500900,22GM*120 WHEELOS MASALA,C032
1524,90,,12,12,0,false,2025-04-06T07:02:46.754Z,,8906010503444,22GM*144 FUNNE SPICY PUNCH,C033
1525,90,,12,12,0,false,2025-04-06T07:02:46.754Z,,8906010502973,25GM*192 PAPDI GATHIYA,C039
1526,90,,15,15,0,false,2025-04-06T07:02:46.754Z,,0_7,25GM*120 GIPPI TORNADO FLAMIN CHILLI,V041
1527,90,,5,5,0,false,2025-04-06T07:02:46.754Z,,8906010500214,25GM*240 SEV MURMURA,C043
1528,90,,30,30,0,false,2025-04-06T07:02:46.754Z,,8906010500245,25GM*240 MASALA SEV MURMURA,C044
1529,90,,2,2,0,false,2025-04-06T07:02:46.754Z,,8906010503482,135GM*24  CRUNCHEM  TOMATO TWIST WAFERS,C056
1530,90,,3,3,0,false,2025-04-06T07:02:46.754Z,,8906010500610,50GM*120 C.P.NAMKIN (TANGY TOMATO),C061
1531,90,,3,3,0,false,2025-04-06T07:02:46.754Z,,8906010501242,45GM*72 WHEELOS MASALA,C070
1532,90,,1,1,0,false,2025-04-06T07:02:46.754Z,,8906010500351,210GM*20 ALOO SEV,C088
1533,90,,45,45,0,false,2025-04-06T07:02:46.754Z,,8906010501822,70GM*100 GIPPI MASALA NOODLES,C089
1534,90,,2,2,0,false,2025-04-06T07:02:46.754Z,,8906010500382,240GM*20 TIKHA MITHA MIX,C094
1535,90,,1,1,0,false,2025-04-06T07:02:46.754Z,,8906010500238,250GM*20 MAGDAL,C096
1536,90,,5,5,0,false,2025-04-06T07:02:46.754Z,,8906010500566,500GM*10 TIKHA MITHA MIX,C104
1537,90,,2,2,0,false,2025-04-06T07:02:46.754Z,,8906010502478,500GM*10 KHATA MITHA MIX,C105
1538,90,,1,1,0,false,2025-04-06T07:02:46.754Z,,8906010504700,210GM*20 BHUJIA SEV,C110
1539,90,,10,10,0,false,2025-04-06T07:02:46.754Z,,8906010500559,22GM*240 MAGDAL,C118
1540,90,,35,35,0,false,2025-04-06T07:02:46.754Z,,8906010500863,22GM*288 NIMBU CHATKA SHING BHUJIA,C120
1541,90,,2,2,0,false,2025-04-06T07:02:46.754Z,,8906010500702,25GM*240 CHANADAL,C125
1542,90,,48,48,0,false,2025-04-06T07:02:46.754Z,,8906010500078,22GM*240 FARALI CHEVDO,C149
1543,90,,6,6,0,false,2025-04-06T07:02:46.754Z,,8906010504205,22GM*120 SNACK'EM PONGA MASALA,C161
1599,91,,30,30,0,false,2025-04-06T07:02:46.830Z,,8906010500023,15GM*192 CRUNCHEM SIMPLY SALTED WAFERS,C001
1600,91,,8,8,0,false,2025-04-06T07:02:46.830Z,,8906010501952,30GM*120 RUMBLES PUDINA TWIST WAFERS,C011
1545,95,,5,5,0,false,2025-04-06T07:02:46.815Z,,8906010504311,30GM*120 CRUNCHEX CHILLI LEMON WAFERS,C018
1546,95,,30,30,0,false,2025-04-06T07:02:46.815Z,,8906010502294,22GM*192 AMAIZE FLAMIN' HOT NACHOS,C019
1547,95,,10,10,0,false,2025-04-06T07:02:46.815Z,,8906010502348,22GM*192 AMAIZE CHEESE CHILLI NACHOS,C020
1548,95,,20,20,0,false,2025-04-06T07:02:46.815Z,,8906010502300,45GM*120 AMAIZE FLAMIN' HOT NACHOS,C024
1549,95,,5,5,0,false,2025-04-06T07:02:46.815Z,,8906010502355,45GM*120 AMAIZE CHEESE CHILLI NACHOS,C025
1550,95,,24,24,0,false,2025-04-06T07:02:46.815Z,,8906010501228,22GM*120 SCOOPITOS MASALA,C027
1551,95,,10,10,0,false,2025-04-06T07:02:46.815Z,,8906010500269,22GM*144 POP RINGS MASALA,C029
1552,95,,15,15,0,false,2025-04-06T07:02:46.815Z,,8906010501419,22GM*144 POP RINGS YUMMY CHEESE,C030
1553,95,,2,2,0,false,2025-04-06T07:02:46.815Z,,8906010504724,22GM*120 SNACK'EM PONGA PLAIN,C031
1554,95,,24,24,0,false,2025-04-06T07:02:46.815Z,,8906010500900,22GM*120 WHEELOS MASALA,C032
1555,95,,24,24,0,false,2025-04-06T07:02:46.815Z,,8906010500764,25GM*240 C.P.NAMKIN {MASALA MASTI},C035
1556,95,,12,12,0,false,2025-04-06T07:02:46.815Z,,8906010500627,25GM*240 C.P.NAMKIN {TANGY TOMATO},C036
1557,95,,10,10,0,false,2025-04-06T07:02:46.815Z,,8906010500894,25GM*240 C.P.NAMKIN {CHINESE CHATKA},C037
1558,95,,72,72,0,false,2025-04-06T07:02:46.815Z,,8906010502119,25GM*240 C.P.NAMKIN {FLAMIN HOT},C038
1559,95,,24,24,0,false,2025-04-06T07:02:46.815Z,,8906010502973,25GM*192 PAPDI GATHIYA,C039
1560,95,,5,5,0,false,2025-04-06T07:02:46.815Z,,0_7,25GM*120 GIPPI TORNADO FLAMIN CHILLI,V041
1561,95,,16,16,0,false,2025-04-06T07:02:46.815Z,,8906010502232,22GM*240 PUNJABI TADKA,C042
1562,95,,10,10,0,false,2025-04-06T07:02:46.815Z,,8906010500214,25GM*240 SEV MURMURA,C043
1563,95,,15,15,0,false,2025-04-06T07:02:46.815Z,,8906010500245,25GM*240 MASALA SEV MURMURA,C044
1564,95,,8,8,0,false,2025-04-06T07:02:46.815Z,,8906010502041,22GM*240 BHEL MIX,C046
1565,95,,3,3,0,false,2025-04-06T07:02:46.815Z,,8906010503512,135GM*24 CRUNCHEM SIMPLY SALTED WAFERS,C052
1566,95,,5,5,0,false,2025-04-06T07:02:46.815Z,,8906010503529,135GM*24 CRUNCHEM MASALA MASTI WAFERS,C053
1567,95,,3,3,0,false,2025-04-06T07:02:46.815Z,,8906010503550,135GM*24 CRUNCHEM CREAM & ONION WAFERS,C054
1568,95,,5,5,0,false,2025-04-06T07:02:46.815Z,,8906010503543,135GM*24 CRUNCHEM CHAT CHASKA WAFERS,C057
1569,95,,7,7,0,false,2025-04-06T07:02:46.815Z,,8906010500511,50GM*120 C.P.NAMKIN (MASALA MASTI),C060
1570,95,,2,2,0,false,2025-04-06T07:02:46.815Z,,8906010500610,50GM*120 C.P.NAMKIN (TANGY TOMATO),C061
1571,95,,1,1,0,false,2025-04-06T07:02:46.815Z,,8906010503987,SOFT IMLI CANDY ( 3.5GM*220*10 JAR ),C065
1572,95,,1,1,0,false,2025-04-06T07:02:46.815Z,,8906010503260,16GM*24PKT*12JAR JUICY STRAWBERRY CREAM WAFERS,C068
1573,95,,10,10,0,false,2025-04-06T07:02:46.815Z,,8906010501242,45GM*72 WHEELOS MASALA,C070
1574,95,,3,3,0,false,2025-04-06T07:02:46.815Z,,8906010501488,45GM*90 POP RINGS MASALA,C071
1575,95,,1,1,0,false,2025-04-06T07:02:46.815Z,,8906010500177,25GM*180 BANANA MAST MASALA WAFERS,C074
1576,95,,5,5,0,false,2025-04-06T07:02:46.815Z,,8906010502133,25GM*240 CHANA JOR GARAM,C076
1577,95,,2,2,0,false,2025-04-06T07:02:46.815Z,,8906010500542,50GM*120 SEV MURMURA,C080
1578,95,,3,3,0,false,2025-04-06T07:02:46.815Z,,8906010501259,50GM*120 MASALA SEV MURMURA,C081
1579,95,,1,1,0,false,2025-04-06T07:02:46.815Z,,8906010501853,250GM*12 SEV MURMURA,C082
1580,95,,1,1,0,false,2025-04-06T07:02:46.815Z,,8906010501860,250GM*12 MASALA SEV MURMURA,C083
1581,95,,2,2,0,false,2025-04-06T07:02:46.815Z,,8906010500238,250GM*20 MAGDAL,C096
1582,95,,5,5,0,false,2025-04-06T07:02:46.815Z,,8906010503499,400GM*10 RATLAMI SEV,C099
1583,95,,5,5,0,false,2025-04-06T07:02:46.815Z,,8906010502256,500GM*10 MAGDAL,C108
1584,95,,1,1,0,false,2025-04-06T07:02:46.815Z,,8906010500832,200GM*20 HEALTHY BITES MASALA KHAKHRA,C114
1585,95,,1,1,0,false,2025-04-06T07:02:46.815Z,,8906010500849,200GM*20 HEALTHY BITES JEERA KHAKHRA,C116
1586,95,,10,10,0,false,2025-04-06T07:02:46.815Z,,8906010500559,22GM*240 MAGDAL,C118
1587,95,,10,10,0,false,2025-04-06T07:02:46.815Z,,8906010500863,22GM*288 NIMBU CHATKA SHING BHUJIA,C120
1588,95,,5,5,0,false,2025-04-06T07:02:46.815Z,,8906010500337,22GM*240 ALOO SEV,C121
1589,95,,8,8,0,false,2025-04-06T07:02:46.815Z,,8906010500429,25GM*240 GATHIYA,C123
1590,95,,5,5,0,false,2025-04-06T07:02:46.815Z,,8906010500702,25GM*240 CHANADAL,C125
1591,95,,5,5,0,false,2025-04-06T07:02:46.815Z,,8906010500368,25GM*240 TIKHA MITHA MIX,C127
1592,95,,3,3,0,false,2025-04-06T07:02:46.815Z,,8906010500375,50GM*150 TIKHA MITHA MIX,C140
1593,95,,5,5,0,false,2025-04-06T07:02:46.815Z,,8906010503949,25GM*240 C.P NAMKIN (LASANIYA),C148
1594,95,,3,3,0,false,2025-04-06T07:02:46.815Z,,8906010500078,22GM*240 FARALI CHEVDO,C149
1595,95,,2,2,0,false,2025-04-06T07:02:46.815Z,,8906010500085,45GM*180 FARALI CHEVDO,C150
1596,95,,5,5,0,false,2025-04-06T07:02:46.815Z,,8906010503826,30GM*120 RUMBLES HOT CHILI WAFERS,C153
1597,95,,6,6,0,false,2025-04-06T07:02:46.815Z,,8906010504359,22GM*120 SNACK'EM CHOKDI MASALA,C160
1598,95,,3,3,0,false,2025-04-06T07:02:46.815Z,,8906010504205,22GM*120 SNACK'EM PONGA MASALA,C161
1626,105,,30,30,0,false,2025-04-06T07:02:46.889Z,,8906010500023,15GM*192 CRUNCHEM SIMPLY SALTED WAFERS,C001
1627,105,,5,5,0,false,2025-04-06T07:02:46.889Z,,8906010500818,15GM*192 CRUNCHEM CREAM & ONION WAFERS,C003
1628,105,,30,30,0,false,2025-04-06T07:02:46.889Z,,8906010500481,15GM*192 CRUNCHEM TOMATO TWIST WAFERS,C004
1629,105,,5,5,0,false,2025-04-06T07:02:46.889Z,,8906010500016,30GM*120 CRUNCHEM SIMPLY SALTED WAFERS,C007
1630,105,,3,3,0,false,2025-04-06T07:02:46.889Z,,8906010504663,25GM*240 AMAIZE JALAPENO CORN CHIPS,C021
1631,105,,96,96,0,false,2025-04-06T07:02:46.889Z,,8906010501228,22GM*120 SCOOPITOS MASALA,C027
1632,105,,72,72,0,false,2025-04-06T07:02:46.889Z,,8906010500900,22GM*120 WHEELOS MASALA,C032
1633,105,,48,48,0,false,2025-04-06T07:02:46.889Z,,8906010503444,22GM*144 FUNNE SPICY PUNCH,C033
1634,105,,12,12,0,false,2025-04-06T07:02:46.889Z,,8906010501327,22GM*240 YUMSTIX CHATPATA MASALA,C034
1635,105,,24,24,0,false,2025-04-06T07:02:46.889Z,,8906010500764,25GM*240 C.P.NAMKIN {MASALA MASTI},C035
1636,105,,12,12,0,false,2025-04-06T07:02:46.889Z,,8906010500627,25GM*240 C.P.NAMKIN {TANGY TOMATO},C036
1637,105,,24,24,0,false,2025-04-06T07:02:46.889Z,,8906010502119,25GM*240 C.P.NAMKIN {FLAMIN HOT},C038
1638,105,,12,12,0,false,2025-04-06T07:02:46.889Z,,8906010503451,22GM*144 NOODLE STICKS MASALA,C040
1601,91,,30,30,0,false,2025-04-06T07:02:46.830Z,,8906010500498,30GM*120 CRUNCHEM TOMATO TWIST WAFERS,C012
1602,91,,15,15,0,false,2025-04-06T07:02:46.830Z,,8906010500535,30GM*120 CRUNCHEM CHAT CHASKA WAFERS,C013
1603,91,,30,30,0,false,2025-04-06T07:02:46.830Z,,8906010501570,30GM*120 CRUNCHEX CHILI TADKA WAFERS,C016
1604,91,,5,5,0,false,2025-04-06T07:02:46.830Z,,8906010504304,30GM*120 CRUNCHEX MIRCH MASALA WAFERS,C017
1605,91,,5,5,0,false,2025-04-06T07:02:46.830Z,,8906010504311,30GM*120 CRUNCHEX CHILLI LEMON WAFERS,C018
1606,91,,96,96,0,false,2025-04-06T07:02:46.830Z,,8906010500900,22GM*120 WHEELOS MASALA,C032
1607,91,,24,24,0,false,2025-04-06T07:02:46.830Z,,8906010502119,25GM*240 C.P.NAMKIN {FLAMIN HOT},C038
1608,91,,32,32,0,false,2025-04-06T07:02:46.830Z,,8906010502232,22GM*240 PUNJABI TADKA,C042
1609,91,,10,10,0,false,2025-04-06T07:02:46.830Z,,8906010500214,25GM*240 SEV MURMURA,C043
1610,91,,60,60,0,false,2025-04-06T07:02:46.830Z,,8906010500245,25GM*240 MASALA SEV MURMURA,C044
1611,91,,2,2,0,false,2025-04-06T07:02:46.830Z,,8906010502591,65GM*72 CRUNCHEM SIMPLY SALTED WAFERS,C047
1612,91,,1,1,0,false,2025-04-06T07:02:46.830Z,,8906010502607,65GM*72 CRUNCHEM MASALA MASTI WAFERS,C048
1613,91,,10,10,0,false,2025-04-06T07:02:46.830Z,,8906010503512,135GM*24 CRUNCHEM SIMPLY SALTED WAFERS,C052
1614,91,,1,1,0,false,2025-04-06T07:02:46.830Z,,8906010503543,135GM*24 CRUNCHEM CHAT CHASKA WAFERS,C057
1615,91,,8,8,0,false,2025-04-06T07:02:46.830Z,,8906010500511,50GM*120 C.P.NAMKIN (MASALA MASTI),C060
1616,91,,12,12,0,false,2025-04-06T07:02:46.830Z,,8906010501242,45GM*72 WHEELOS MASALA,C070
1617,91,,5,5,0,false,2025-04-06T07:02:46.830Z,,8906010501259,50GM*120 MASALA SEV MURMURA,C081
1618,91,,2,2,0,false,2025-04-06T07:02:46.830Z,,8906010500320,235GM*20 FARALICHEVDO,C084
1619,91,,15,15,0,false,2025-04-06T07:02:46.830Z,,8906010501822,70GM*100 GIPPI MASALA NOODLES,C089
1620,91,,1,1,0,false,2025-04-06T07:02:46.830Z,,8906010500825,200GM*20 HEALTHY BITES PLAIN KHAKHRA,C113
1621,91,,1,1,0,false,2025-04-06T07:02:46.830Z,,8906010500832,200GM*20 HEALTHY BITES MASALA KHAKHRA,C114
1622,91,,10,10,0,false,2025-04-06T07:02:46.830Z,,8906010500276,22GM*288 SHING BHUJIA,C119
1623,91,,10,10,0,false,2025-04-06T07:02:46.830Z,,8906010500863,22GM*288 NIMBU CHATKA SHING BHUJIA,C120
1624,91,,5,5,0,false,2025-04-06T07:02:46.830Z,,8906010500368,25GM*240 TIKHA MITHA MIX,C127
1625,91,,5,5,0,false,2025-04-06T07:02:46.830Z,,8906010500399,25GM*240 KHATA MITHA MIX,C128
1654,94,,30,30,0,false,2025-04-06T07:02:46.907Z,,8906010500023,15GM*192 CRUNCHEM SIMPLY SALTED WAFERS,C001
1655,94,,30,30,0,false,2025-04-06T07:02:46.907Z,,8906010500047,15GM*192 CRUNCHEM MASALA MASTI WAFERS,C002
1656,94,,60,60,0,false,2025-04-06T07:02:46.907Z,,8906010500818,15GM*192 CRUNCHEM CREAM & ONION WAFERS,C003
1657,94,,60,60,0,false,2025-04-06T07:02:46.907Z,,8906010500481,15GM*192 CRUNCHEM TOMATO TWIST WAFERS,C004
1658,94,,30,30,0,false,2025-04-06T07:02:46.907Z,,8906010500474,15GM*192 CRUNCHEM CHAT CHASKA WAFERS,C005
1659,94,,30,30,0,false,2025-04-06T07:02:46.907Z,,8906010502492,15GM*192 CRUNCHEM PERI PERI WAFERS,C006
1660,94,,10,10,0,false,2025-04-06T07:02:46.907Z,,8906010500016,30GM*120 CRUNCHEM SIMPLY SALTED WAFERS,C007
1661,94,,10,10,0,false,2025-04-06T07:02:46.907Z,,8906010500030,30GM*120 CRUNCHEM MASALA MASTI WAFERS,C008
1662,94,,10,10,0,false,2025-04-06T07:02:46.907Z,,8906010500870,30GM*120 CRUNCHEM CREAM & ONION WAFERS,C009
1663,94,,5,5,0,false,2025-04-06T07:02:46.907Z,,8906010501198,30GM*120 CRUNCHEM PIZZY MASALA WAFERS,C010
1664,94,,5,5,0,false,2025-04-06T07:02:46.907Z,,8906010501952,30GM*120 RUMBLES PUDINA TWIST WAFERS,C011
1665,94,,5,5,0,false,2025-04-06T07:02:46.907Z,,8906010500498,30GM*120 CRUNCHEM TOMATO TWIST WAFERS,C012
1666,94,,5,5,0,false,2025-04-06T07:02:46.907Z,,8906010500535,30GM*120 CRUNCHEM CHAT CHASKA WAFERS,C013
1667,94,,5,5,0,false,2025-04-06T07:02:46.907Z,,8906010502508,30GM*120 CRUNCHEM PERI PERI WAFERS,C014
1668,94,,5,5,0,false,2025-04-06T07:02:46.907Z,,8906010500092,30GM*120 CRUNCHEX SALTED WAFERS,C015
1669,94,,5,5,0,false,2025-04-06T07:02:46.907Z,,8906010501570,30GM*120 CRUNCHEX CHILI TADKA WAFERS,C016
1670,94,,5,5,0,false,2025-04-06T07:02:46.907Z,,8906010504304,30GM*120 CRUNCHEX MIRCH MASALA WAFERS,C017
1671,94,,5,5,0,false,2025-04-06T07:02:46.907Z,,8906010504311,30GM*120 CRUNCHEX CHILLI LEMON WAFERS,C018
1672,94,,30,30,0,false,2025-04-06T07:02:46.907Z,,8906010502294,22GM*192 AMAIZE FLAMIN' HOT NACHOS,C019
1673,94,,48,48,0,false,2025-04-06T07:02:46.907Z,,8906010501228,22GM*120 SCOOPITOS MASALA,C027
1674,94,,15,15,0,false,2025-04-06T07:02:46.907Z,,0_5,22GM*144 POP RINGS MASALA,C029
1675,94,,30,30,0,false,2025-04-06T07:02:46.907Z,,0_6,22GM*144 POP RINGS YUMMY CHEESE,C030
1676,94,,6,6,0,false,2025-04-06T07:02:46.907Z,,8906010504724,22GM*120 SNACK'EM PONGA PLAIN,C031
1677,94,,24,24,0,false,2025-04-06T07:02:46.907Z,,8906010503444,22GM*144 FUNNE SPICY PUNCH,C033
1678,94,,24,24,0,false,2025-04-06T07:02:46.907Z,,8906010500764,25GM*240 C.P.NAMKIN {MASALA MASTI},C035
1679,94,,24,24,0,false,2025-04-06T07:02:46.907Z,,8906010500627,25GM*240 C.P.NAMKIN {TANGY TOMATO},C036
1680,94,,24,24,0,false,2025-04-06T07:02:46.907Z,,8906010502119,25GM*240 C.P.NAMKIN {FLAMIN HOT},C038
1681,94,,24,24,0,false,2025-04-06T07:02:46.907Z,,8906010502973,25GM*192 PAPDI GATHIYA,C039
1682,94,,24,24,0,false,2025-04-06T07:02:46.907Z,,8906010503451,22GM*144 NOODLE STICKS MASALA,C040
1683,94,,30,30,0,false,2025-04-06T07:02:46.907Z,,0_7,25GM*120 GIPPI TORNADO FLAMIN CHILLI,V041
1684,94,,16,16,0,false,2025-04-06T07:02:46.907Z,,8906010502232,22GM*240 PUNJABI TADKA,C042
1685,94,,10,10,0,false,2025-04-06T07:02:46.907Z,,8906010500214,25GM*240 SEV MURMURA,C043
1686,94,,30,30,0,false,2025-04-06T07:02:46.907Z,,8906010500245,25GM*240 MASALA SEV MURMURA,C044
1687,94,,10,10,0,false,2025-04-06T07:02:46.907Z,,8906010502041,22GM*240 BHEL MIX,C046
1688,94,,5,5,0,false,2025-04-06T07:02:46.907Z,,8906010503512,135GM*24 CRUNCHEM SIMPLY SALTED WAFERS,C052
1689,94,,7,7,0,false,2025-04-06T07:02:46.907Z,,8906010503550,135GM*24 CRUNCHEM CREAM & ONION WAFERS,C054
1690,94,,5,5,0,false,2025-04-06T07:02:46.907Z,,8906010503482,135GM*24  CRUNCHEM  TOMATO TWIST WAFERS,C056
1691,94,,3,3,0,false,2025-04-06T07:02:46.907Z,,8906010502133,25GM*240 CHANA JOR GARAM,C076
1692,94,,30,30,0,false,2025-04-06T07:02:46.907Z,,8906010501822,70GM*100 GIPPI MASALA NOODLES,C089
1693,94,,45,45,0,false,2025-04-06T07:02:46.907Z,,8906010500559,22GM*240 MAGDAL,C118
1694,94,,10,10,0,false,2025-04-06T07:02:46.907Z,,8906010500276,22GM*288 SHING BHUJIA,C119
1639,105,,64,64,0,false,2025-04-06T07:02:46.889Z,,8906010502232,22GM*240 PUNJABI TADKA,C042
1640,105,,30,30,0,false,2025-04-06T07:02:46.889Z,,8906010500214,25GM*240 SEV MURMURA,C043
1641,105,,60,60,0,false,2025-04-06T07:02:46.889Z,,8906010500245,25GM*240 MASALA SEV MURMURA,C044
1642,105,,3,3,0,false,2025-04-06T07:02:46.889Z,,8906010503529,135GM*24 CRUNCHEM MASALA MASTI WAFERS,C053
1643,105,,5,5,0,false,2025-04-06T07:02:46.889Z,,8906010503550,135GM*24 CRUNCHEM CREAM & ONION WAFERS,C054
1644,105,,2,2,0,false,2025-04-06T07:02:46.889Z,,8906010503482,135GM*24  CRUNCHEM  TOMATO TWIST WAFERS,C056
1645,105,,10,10,0,false,2025-04-06T07:02:46.889Z,,8906010501822,70GM*100 GIPPI MASALA NOODLES,C089
1646,105,,45,45,0,false,2025-04-06T07:02:46.889Z,,8906010500559,22GM*240 MAGDAL,C118
1647,105,,15,15,0,false,2025-04-06T07:02:46.889Z,,8906010500863,22GM*288 NIMBU CHATKA SHING BHUJIA,C120
1648,105,,30,30,0,false,2025-04-06T07:02:46.889Z,,8906010500337,22GM*240 ALOO SEV,C121
1649,105,,16,16,0,false,2025-04-06T07:02:46.889Z,,8906010500429,25GM*240 GATHIYA,C123
1650,105,,5,5,0,false,2025-04-06T07:02:46.889Z,,8906010500702,25GM*240 CHANADAL,C125
1651,105,,30,30,0,false,2025-04-06T07:02:46.889Z,,8906010500399,25GM*240 KHATA MITHA MIX,C128
1652,105,,72,72,0,false,2025-04-06T07:02:46.889Z,,8906010500078,22GM*240 FARALI CHEVDO,C149
1653,105,,6,6,0,false,2025-04-06T07:02:46.889Z,,8906010504359,22GM*120 SNACK'EM CHOKDI MASALA,C160
1704,107,,60,60,0,false,2025-04-06T07:02:46.964Z,,8906010500023,15GM*192 CRUNCHEM SIMPLY SALTED WAFERS,C001
1705,107,,30,30,0,false,2025-04-06T07:02:46.964Z,,8906010500047,15GM*192 CRUNCHEM MASALA MASTI WAFERS,C002
1706,107,,60,60,0,false,2025-04-06T07:02:46.964Z,,8906010500818,15GM*192 CRUNCHEM CREAM & ONION WAFERS,C003
1707,107,,60,60,0,false,2025-04-06T07:02:46.964Z,,8906010500481,15GM*192 CRUNCHEM TOMATO TWIST WAFERS,C004
1708,107,,30,30,0,false,2025-04-06T07:02:46.964Z,,8906010500474,15GM*192 CRUNCHEM CHAT CHASKA WAFERS,C005
1709,107,,30,30,0,false,2025-04-06T07:02:46.964Z,,8906010502492,15GM*192 CRUNCHEM PERI PERI WAFERS,C006
1710,107,,5,5,0,false,2025-04-06T07:02:46.964Z,,8906010501198,30GM*120 CRUNCHEM PIZZY MASALA WAFERS,C010
1711,107,,5,5,0,false,2025-04-06T07:02:46.964Z,,8906010501952,30GM*120 RUMBLES PUDINA TWIST WAFERS,C011
1712,107,,5,5,0,false,2025-04-06T07:02:46.964Z,,8906010500535,30GM*120 CRUNCHEM CHAT CHASKA WAFERS,C013
1713,107,,8,8,0,false,2025-04-06T07:02:46.964Z,,8906010500092,30GM*120 CRUNCHEX SALTED WAFERS,C015
1714,107,,15,15,0,false,2025-04-06T07:02:46.964Z,,8906010501570,30GM*120 CRUNCHEX CHILI TADKA WAFERS,C016
1715,107,,20,20,0,false,2025-04-06T07:02:46.964Z,,8906010502294,22GM*192 AMAIZE FLAMIN' HOT NACHOS,C019
1716,107,,2,2,0,false,2025-04-06T07:02:46.964Z,,8906010502348,22GM*192 AMAIZE CHEESE CHILLI NACHOS,C020
1717,107,,1,1,0,false,2025-04-06T07:02:46.964Z,,8906010502300,45GM*120 AMAIZE FLAMIN' HOT NACHOS,C024
1718,107,,48,48,0,false,2025-04-06T07:02:46.964Z,,8906010501228,22GM*120 SCOOPITOS MASALA,C027
1719,107,,20,20,0,false,2025-04-06T07:02:46.964Z,,8906010500269,22GM*144 POP RINGS MASALA,C029
1720,107,,20,20,0,false,2025-04-06T07:02:46.964Z,,8906010501419,22GM*144 POP RINGS YUMMY CHEESE,C030
1721,107,,6,6,0,false,2025-04-06T07:02:46.964Z,,8906010504724,22GM*120 SNACK'EM PONGA PLAIN,C031
1722,107,,24,24,0,false,2025-04-06T07:02:46.964Z,,8906010503444,22GM*144 FUNNE SPICY PUNCH,C033
1723,107,,6,6,0,false,2025-04-06T07:02:46.964Z,,8906010501327,22GM*240 YUMSTIX CHATPATA MASALA,C034
1724,107,,24,24,0,false,2025-04-06T07:02:46.964Z,,8906010500764,25GM*240 C.P.NAMKIN {MASALA MASTI},C035
1725,107,,24,24,0,false,2025-04-06T07:02:46.964Z,,8906010500627,25GM*240 C.P.NAMKIN {TANGY TOMATO},C036
1726,107,,30,30,0,false,2025-04-06T07:02:46.964Z,,8906010500894,25GM*240 C.P.NAMKIN {CHINESE CHATKA},C037
1727,107,,24,24,0,false,2025-04-06T07:02:46.964Z,,8906010502119,25GM*240 C.P.NAMKIN {FLAMIN HOT},C038
1728,107,,12,12,0,false,2025-04-06T07:02:46.964Z,,8906010502973,25GM*192 PAPDI GATHIYA,C039
1729,107,,24,24,0,false,2025-04-06T07:02:46.964Z,,8906010503451,22GM*144 NOODLE STICKS MASALA,C040
1730,107,,40,40,0,false,2025-04-06T07:02:46.964Z,,0_7,25GM*120 GIPPI TORNADO FLAMIN CHILLI,V041
1731,107,,32,32,0,false,2025-04-06T07:02:46.964Z,,8906010502232,22GM*240 PUNJABI TADKA,C042
1732,107,,5,5,0,false,2025-04-06T07:02:46.964Z,,8906010503512,135GM*24 CRUNCHEM SIMPLY SALTED WAFERS,C052
1733,107,,5,5,0,false,2025-04-06T07:02:46.964Z,,8906010503529,135GM*24 CRUNCHEM MASALA MASTI WAFERS,C053
1734,107,,5,5,0,false,2025-04-06T07:02:46.964Z,,8906010503550,135GM*24 CRUNCHEM CREAM & ONION WAFERS,C054
1735,107,,5,5,0,false,2025-04-06T07:02:46.964Z,,8906010503482,135GM*24  CRUNCHEM  TOMATO TWIST WAFERS,C056
1736,107,,8,8,0,false,2025-04-06T07:02:46.964Z,,8906010503543,135GM*24 CRUNCHEM CHAT CHASKA WAFERS,C057
1737,107,,2,2,0,false,2025-04-06T07:02:46.964Z,,8906010500382,240GM*20 TIKHA MITHA MIX,C094
1738,107,,90,90,0,false,2025-04-06T07:02:46.964Z,,8906010500559,22GM*240 MAGDAL,C118
1747,110,,15,15,0,false,2025-04-06T07:02:47.038Z,,8906010500047,15GM*192 CRUNCHEM MASALA MASTI WAFERS,C002
1748,110,,10,10,0,false,2025-04-06T07:02:47.038Z,,8906010502492,15GM*192 CRUNCHEM PERI PERI WAFERS,C006
1749,110,,30,30,0,false,2025-04-06T07:02:47.038Z,,8906010500016,30GM*120 CRUNCHEM SIMPLY SALTED WAFERS,C007
1750,110,,30,30,0,false,2025-04-06T07:02:47.038Z,,8906010500870,30GM*120 CRUNCHEM CREAM & ONION WAFERS,C009
1751,110,,15,15,0,false,2025-04-06T07:02:47.038Z,,8906010501198,30GM*120 CRUNCHEM PIZZY MASALA WAFERS,C010
1752,110,,15,15,0,false,2025-04-06T07:02:47.038Z,,8906010501952,30GM*120 RUMBLES PUDINA TWIST WAFERS,C011
1753,110,,15,15,0,false,2025-04-06T07:02:47.038Z,,8906010502508,30GM*120 CRUNCHEM PERI PERI WAFERS,C014
1754,110,,30,30,0,false,2025-04-06T07:02:47.038Z,,8906010501570,30GM*120 CRUNCHEX CHILI TADKA WAFERS,C016
1755,110,,20,20,0,false,2025-04-06T07:02:47.038Z,,8906010502294,22GM*192 AMAIZE FLAMIN' HOT NACHOS,C019
1756,110,,25,25,0,false,2025-04-06T07:02:47.038Z,,8906010502300,45GM*120 AMAIZE FLAMIN' HOT NACHOS,C024
1757,110,,24,24,0,false,2025-04-06T07:02:47.038Z,,8906010501228,22GM*120 SCOOPITOS MASALA,C027
1758,110,,15,15,0,false,2025-04-06T07:02:47.038Z,,8906010500269,22GM*144 POP RINGS MASALA,C029
1759,110,,15,15,0,false,2025-04-06T07:02:47.038Z,,8906010501419,22GM*144 POP RINGS YUMMY CHEESE,C030
1760,110,,12,12,0,false,2025-04-06T07:02:47.038Z,,8906010504724,22GM*120 SNACK'EM PONGA PLAIN,C031
1761,110,,118,120,0,false,2025-04-06T07:02:47.038Z,,8906010500900,22GM*120 WHEELOS MASALA,C032
1762,110,,24,24,0,false,2025-04-06T07:02:47.038Z,,8906010503444,22GM*144 FUNNE SPICY PUNCH,C033
1695,94,,30,30,0,false,2025-04-06T07:02:46.907Z,,8906010500863,22GM*288 NIMBU CHATKA SHING BHUJIA,C120
1696,94,,30,30,0,false,2025-04-06T07:02:46.907Z,,8906010500337,22GM*240 ALOO SEV,C121
1697,94,,6,6,0,false,2025-04-06T07:02:46.907Z,,8906010500429,25GM*240 GATHIYA,C123
1698,94,,5,5,0,false,2025-04-06T07:02:46.907Z,,8906010500702,25GM*240 CHANADAL,C125
1699,94,,10,10,0,false,2025-04-06T07:02:46.907Z,,8906010500368,25GM*240 TIKHA MITHA MIX,C127
1700,94,,24,24,0,false,2025-04-06T07:02:46.907Z,,8906010500078,22GM*240 FARALI CHEVDO,C149
1701,94,,5,5,0,false,2025-04-06T07:02:46.907Z,,8906010503826,30GM*120 RUMBLES HOT CHILI WAFERS,C153
1702,94,,2,2,0,false,2025-04-06T07:02:46.907Z,,8906010504199,22GM*240 KATAK BATAK CHILLI LEMON,C154
1703,94,,12,12,0,false,2025-04-06T07:02:46.907Z,,8906010504359,22GM*120 SNACK'EM CHOKDI MASALA,C160
1739,96,,50,50,0,false,2025-04-06T07:02:46.983Z,,8906010502294,22GM*192 AMAIZE FLAMIN' HOT NACHOS,C019
1740,96,,168,168,0,false,2025-04-06T07:02:46.983Z,,8906010500900,22GM*120 WHEELOS MASALA,C032
1741,96,,160,160,0,false,2025-04-06T07:02:46.983Z,,8906010502232,22GM*240 PUNJABI TADKA,C042
1742,96,,15,15,0,false,2025-04-06T07:02:46.983Z,,8906010500214,25GM*240 SEV MURMURA,C043
1743,96,,180,180,0,false,2025-04-06T07:02:46.983Z,,8906010500245,25GM*240 MASALA SEV MURMURA,C044
1744,96,,30,30,0,false,2025-04-06T07:02:46.983Z,,8906010500276,22GM*288 SHING BHUJIA,C119
1745,96,,15,15,0,false,2025-04-06T07:02:46.983Z,,8906010500863,22GM*288 NIMBU CHATKA SHING BHUJIA,C120
1746,96,,150,150,0,false,2025-04-06T07:02:46.983Z,,8906010500368,25GM*240 TIKHA MITHA MIX,C127
1799,83,,60,60,0,false,2025-04-06T07:02:47.059Z,,8906010500023,15GM*192 CRUNCHEM SIMPLY SALTED WAFERS,C001
1800,83,,15,15,0,false,2025-04-06T07:02:47.059Z,,8906010500047,15GM*192 CRUNCHEM MASALA MASTI WAFERS,C002
1801,83,,60,60,0,false,2025-04-06T07:02:47.059Z,,8906010500818,15GM*192 CRUNCHEM CREAM & ONION WAFERS,C003
1802,83,,60,60,0,false,2025-04-06T07:02:47.059Z,,8906010500481,15GM*192 CRUNCHEM TOMATO TWIST WAFERS,C004
1803,83,,30,30,0,false,2025-04-06T07:02:47.059Z,,8906010500474,15GM*192 CRUNCHEM CHAT CHASKA WAFERS,C005
1804,83,,5,5,0,false,2025-04-06T07:02:47.059Z,,8906010500016,30GM*120 CRUNCHEM SIMPLY SALTED WAFERS,C007
1805,83,,30,30,0,false,2025-04-06T07:02:47.059Z,,8906010501570,30GM*120 CRUNCHEX CHILI TADKA WAFERS,C016
1806,83,,30,30,0,false,2025-04-06T07:02:47.059Z,,8906010502294,22GM*192 AMAIZE FLAMIN' HOT NACHOS,C019
1807,83,,48,48,0,false,2025-04-06T07:02:47.059Z,,8906010501228,22GM*120 SCOOPITOS MASALA,C027
1808,83,,5,5,0,false,2025-04-06T07:02:47.059Z,,8906010500269,22GM*144 POP RINGS MASALA,C029
1809,83,,10,10,0,false,2025-04-06T07:02:47.059Z,,8906010501419,22GM*144 POP RINGS YUMMY CHEESE,C030
1810,83,,14,48,0,false,2025-04-06T07:02:47.059Z,,8906010500900,22GM*120 WHEELOS MASALA,C032
1811,83,,72,72,0,false,2025-04-06T07:02:47.059Z,,8906010500764,25GM*240 C.P.NAMKIN {MASALA MASTI},C035
1812,83,,24,24,0,false,2025-04-06T07:02:47.059Z,,8906010500627,25GM*240 C.P.NAMKIN {TANGY TOMATO},C036
1813,83,,15,15,0,false,2025-04-06T07:02:47.059Z,,8906010500894,25GM*240 C.P.NAMKIN {CHINESE CHATKA},C037
1814,83,,48,48,0,false,2025-04-06T07:02:47.059Z,,8906010502119,25GM*240 C.P.NAMKIN {FLAMIN HOT},C038
1815,83,,40,40,0,false,2025-04-06T07:02:47.059Z,,0_7,25GM*120 GIPPI TORNADO FLAMIN CHILLI,V041
1816,83,,64,64,0,false,2025-04-06T07:02:47.059Z,,8906010502232,22GM*240 PUNJABI TADKA,C042
1817,83,,15,15,0,false,2025-04-06T07:02:47.059Z,,8906010500214,25GM*240 SEV MURMURA,C043
1818,83,,60,60,0,false,2025-04-06T07:02:47.059Z,,8906010500245,25GM*240 MASALA SEV MURMURA,C044
1819,83,,3,3,0,false,2025-04-06T07:02:47.059Z,,8906010502133,25GM*240 CHANA JOR GARAM,C076
1820,83,,30,30,0,false,2025-04-06T07:02:47.059Z,,8906010501822,70GM*100 GIPPI MASALA NOODLES,C089
1821,83,,45,45,0,false,2025-04-06T07:02:47.059Z,,8906010500559,22GM*240 MAGDAL,C118
1822,83,,30,30,0,false,2025-04-06T07:02:47.059Z,,8906010500863,22GM*288 NIMBU CHATKA SHING BHUJIA,C120
1823,83,,30,30,0,false,2025-04-06T07:02:47.059Z,,8906010500337,22GM*240 ALOO SEV,C121
1824,83,,5,5,0,false,2025-04-06T07:02:47.059Z,,8906010500702,25GM*240 CHANADAL,C125
1825,83,,15,15,0,false,2025-04-06T07:02:47.059Z,,8906010500368,25GM*240 TIKHA MITHA MIX,C127
1826,83,,10,10,0,false,2025-04-06T07:02:47.059Z,,8906010503949,25GM*240 C.P NAMKIN (LASANIYA),C148
1827,83,,3,3,0,false,2025-04-06T07:02:47.059Z,,8906010504359,22GM*120 SNACK'EM CHOKDI MASALA,C160
1876,98,,30,30,0,false,2025-04-06T07:02:47.135Z,,8906010500023,15GM*192 CRUNCHEM SIMPLY SALTED WAFERS,C001
1877,98,,10,10,0,false,2025-04-06T07:02:47.135Z,,8906010500818,15GM*192 CRUNCHEM CREAM & ONION WAFERS,C003
1878,98,,30,30,0,false,2025-04-06T07:02:47.135Z,,8906010500481,15GM*192 CRUNCHEM TOMATO TWIST WAFERS,C004
1879,98,,10,10,0,false,2025-04-06T07:02:47.135Z,,8906010500016,30GM*120 CRUNCHEM SIMPLY SALTED WAFERS,C007
1880,98,,5,5,0,false,2025-04-06T07:02:47.135Z,,8906010500870,30GM*120 CRUNCHEM CREAM & ONION WAFERS,C009
1881,98,,5,5,0,false,2025-04-06T07:02:47.135Z,,8906010500498,30GM*120 CRUNCHEM TOMATO TWIST WAFERS,C012
1882,98,,10,10,0,false,2025-04-06T07:02:47.135Z,,8906010501570,30GM*120 CRUNCHEX CHILI TADKA WAFERS,C016
1883,98,,30,30,0,false,2025-04-06T07:02:47.135Z,,8906010502294,22GM*192 AMAIZE FLAMIN' HOT NACHOS,C019
1884,98,,24,24,0,false,2025-04-06T07:02:47.135Z,,8906010501228,22GM*120 SCOOPITOS MASALA,C027
1885,98,,8,8,0,false,2025-04-06T07:02:47.135Z,,8906010500269,22GM*144 POP RINGS MASALA,C029
1886,98,,6,6,0,false,2025-04-06T07:02:47.135Z,,8906010504724,22GM*120 SNACK'EM PONGA PLAIN,C031
1887,98,,72,72,0,false,2025-04-06T07:02:47.135Z,,8906010500900,22GM*120 WHEELOS MASALA,C032
1888,98,,24,24,0,false,2025-04-06T07:02:47.135Z,,8906010503444,22GM*144 FUNNE SPICY PUNCH,C033
1889,98,,24,24,0,false,2025-04-06T07:02:47.135Z,,8906010500764,25GM*240 C.P.NAMKIN {MASALA MASTI},C035
1890,98,,48,48,0,false,2025-04-06T07:02:47.135Z,,8906010500627,25GM*240 C.P.NAMKIN {TANGY TOMATO},C036
1891,98,,6,6,0,false,2025-04-06T07:02:47.135Z,,8906010502119,25GM*240 C.P.NAMKIN {FLAMIN HOT},C038
1892,98,,48,48,0,false,2025-04-06T07:02:47.135Z,,8906010502973,25GM*192 PAPDI GATHIYA,C039
1893,98,,24,24,0,false,2025-04-06T07:02:47.135Z,,8906010503451,22GM*144 NOODLE STICKS MASALA,C040
1894,98,,15,15,0,false,2025-04-06T07:02:47.135Z,,0_7,25GM*120 GIPPI TORNADO FLAMIN CHILLI,V041
1895,98,,64,64,0,false,2025-04-06T07:02:47.135Z,,8906010502232,22GM*240 PUNJABI TADKA,C042
1896,98,,15,15,0,false,2025-04-06T07:02:47.135Z,,8906010500214,25GM*240 SEV MURMURA,C043
1763,110,,10,10,0,false,2025-04-06T07:02:47.038Z,,8906010501327,22GM*240 YUMSTIX CHATPATA MASALA,C034
1764,110,,24,24,0,false,2025-04-06T07:02:47.038Z,,8906010500764,25GM*240 C.P.NAMKIN {MASALA MASTI},C035
1765,110,,24,24,0,false,2025-04-06T07:02:47.038Z,,8906010500627,25GM*240 C.P.NAMKIN {TANGY TOMATO},C036
1766,110,,15,15,0,false,2025-04-06T07:02:47.038Z,,8906010500894,25GM*240 C.P.NAMKIN {CHINESE CHATKA},C037
1767,110,,24,24,0,false,2025-04-06T07:02:47.038Z,,8906010502119,25GM*240 C.P.NAMKIN {FLAMIN HOT},C038
1768,110,,24,24,0,false,2025-04-06T07:02:47.038Z,,8906010503451,22GM*144 NOODLE STICKS MASALA,C040
1769,110,,10,10,0,false,2025-04-06T07:02:47.038Z,,0_7,25GM*120 GIPPI TORNADO FLAMIN CHILLI,V041
1770,110,,32,32,0,false,2025-04-06T07:02:47.038Z,,8906010502232,22GM*240 PUNJABI TADKA,C042
1771,110,,10,10,0,false,2025-04-06T07:02:47.038Z,,8906010500214,25GM*240 SEV MURMURA,C043
1772,110,,30,30,0,false,2025-04-06T07:02:47.038Z,,8906010500245,25GM*240 MASALA SEV MURMURA,C044
1773,110,,10,10,0,false,2025-04-06T07:02:47.038Z,,8906010502041,22GM*240 BHEL MIX,C046
1774,110,,10,10,0,false,2025-04-06T07:02:47.038Z,,8906010503529,135GM*24 CRUNCHEM MASALA MASTI WAFERS,C053
1775,110,,15,15,0,false,2025-04-06T07:02:47.038Z,,8906010503550,135GM*24 CRUNCHEM CREAM & ONION WAFERS,C054
1776,110,,7,7,0,false,2025-04-06T07:02:47.038Z,,8906010503482,135GM*24  CRUNCHEM  TOMATO TWIST WAFERS,C056
1777,110,,10,10,0,false,2025-04-06T07:02:47.038Z,,8906010503611,135GM*24 CRUNCHEX CHILI TADKA WAFERS,C059
1778,110,,20,20,0,false,2025-04-06T07:02:47.038Z,,8906010500511,50GM*120 C.P.NAMKIN (MASALA MASTI),C060
1779,110,,10,10,0,false,2025-04-06T07:02:47.038Z,,8906010500610,50GM*120 C.P.NAMKIN (TANGY TOMATO),C061
1780,110,,1,1,0,false,2025-04-06T07:02:47.038Z,,8906010503994,NIMBU PANI CANDY ( 3.5GM*170*12 JAR ),C064
1781,110,,24,24,0,false,2025-04-06T07:02:47.038Z,,8906010501242,45GM*72 WHEELOS MASALA,C070
1782,110,,10,10,0,false,2025-04-06T07:02:47.038Z,,8906010501822,70GM*100 GIPPI MASALA NOODLES,C089
1783,110,,15,15,0,false,2025-04-06T07:02:47.038Z,,8906010500559,22GM*240 MAGDAL,C118
1784,110,,5,5,0,false,2025-04-06T07:02:47.038Z,,8906010500276,22GM*288 SHING BHUJIA,C119
1785,110,,5,5,0,false,2025-04-06T07:02:47.038Z,,8906010500863,22GM*288 NIMBU CHATKA SHING BHUJIA,C120
1786,110,,15,15,0,false,2025-04-06T07:02:47.038Z,,8906010500337,22GM*240 ALOO SEV,C121
1787,110,,5,5,0,false,2025-04-06T07:02:47.038Z,,8906010500368,25GM*240 TIKHA MITHA MIX,C127
1788,110,,3,3,0,false,2025-04-06T07:02:47.038Z,,8906010500221,45GM*144 MAGDAL,C134
1789,110,,2,2,0,false,2025-04-06T07:02:47.038Z,,8906010500283,45GM*180 SHING BHUJIA,C135
1790,110,,3,3,0,false,2025-04-06T07:02:47.038Z,,8906010500344,45GM*180 ALOO SEV,C136
1791,110,,2,2,0,false,2025-04-06T07:02:47.038Z,,8906010502676,40GM*180 BHUJIA SEV,C137
1792,110,,12,12,0,false,2025-04-06T07:02:47.038Z,,8906010502683,40GM*30 SALTED PEANUTS,C144
1793,110,,15,15,0,false,2025-04-06T07:02:47.038Z,,8906010503949,25GM*240 C.P NAMKIN (LASANIYA),C148
1794,110,,6,6,0,false,2025-04-06T07:02:47.038Z,,8906010500078,22GM*240 FARALI CHEVDO,C149
1795,110,,3,3,0,false,2025-04-06T07:02:47.038Z,,8906010500085,45GM*180 FARALI CHEVDO,C150
1796,110,,20,20,0,false,2025-04-06T07:02:47.038Z,,8906010503826,30GM*120 RUMBLES HOT CHILI WAFERS,C153
1797,110,,12,12,0,false,2025-04-06T07:02:47.038Z,,8906010504359,22GM*120 SNACK'EM CHOKDI MASALA,C160
1798,110,,12,12,0,false,2025-04-06T07:02:47.038Z,,8906010504205,22GM*120 SNACK'EM PONGA MASALA,C161
1828,109,,15,15,0,false,2025-04-06T07:02:47.113Z,,8906010500023,15GM*192 CRUNCHEM SIMPLY SALTED WAFERS,C001
1829,109,,5,5,0,false,2025-04-06T07:02:47.113Z,,8906010500047,15GM*192 CRUNCHEM MASALA MASTI WAFERS,C002
1830,109,,10,10,0,false,2025-04-06T07:02:47.113Z,,8906010500481,15GM*192 CRUNCHEM TOMATO TWIST WAFERS,C004
1831,109,,5,5,0,false,2025-04-06T07:02:47.113Z,,8906010500474,15GM*192 CRUNCHEM CHAT CHASKA WAFERS,C005
1832,109,,15,15,0,false,2025-04-06T07:02:47.113Z,,8906010500016,30GM*120 CRUNCHEM SIMPLY SALTED WAFERS,C007
1833,109,,10,10,0,false,2025-04-06T07:02:47.113Z,,8906010500870,30GM*120 CRUNCHEM CREAM & ONION WAFERS,C009
1834,109,,2,2,0,false,2025-04-06T07:02:47.113Z,,8906010502294,22GM*192 AMAIZE FLAMIN' HOT NACHOS,C019
1835,109,,12,12,0,false,2025-04-06T07:02:47.113Z,,8906010501228,22GM*120 SCOOPITOS MASALA,C027
1836,109,,2,2,0,false,2025-04-06T07:02:47.113Z,,8906010504724,22GM*120 SNACK'EM PONGA PLAIN,C031
1837,109,,6,6,0,false,2025-04-06T07:02:47.113Z,,8906010503444,22GM*144 FUNNE SPICY PUNCH,C033
1838,109,,2,2,0,false,2025-04-06T07:02:47.113Z,,8906010500764,25GM*240 C.P.NAMKIN {MASALA MASTI},C035
1839,109,,6,6,0,false,2025-04-06T07:02:47.113Z,,8906010500627,25GM*240 C.P.NAMKIN {TANGY TOMATO},C036
1840,109,,5,5,0,false,2025-04-06T07:02:47.113Z,,8906010500894,25GM*240 C.P.NAMKIN {CHINESE CHATKA},C037
1841,109,,6,6,0,false,2025-04-06T07:02:47.113Z,,8906010502119,25GM*240 C.P.NAMKIN {FLAMIN HOT},C038
1842,109,,2,2,0,false,2025-04-06T07:02:47.113Z,,8906010502973,25GM*192 PAPDI GATHIYA,C039
1843,109,,4,4,0,false,2025-04-06T07:02:47.113Z,,8906010503451,22GM*144 NOODLE STICKS MASALA,C040
1844,109,,2,2,0,false,2025-04-06T07:02:47.113Z,,0_7,25GM*120 GIPPI TORNADO FLAMIN CHILLI,V041
1845,109,,32,32,0,false,2025-04-06T07:02:47.113Z,,8906010502232,22GM*240 PUNJABI TADKA,C042
1846,109,,5,5,0,false,2025-04-06T07:02:47.113Z,,8906010500214,25GM*240 SEV MURMURA,C043
1847,109,,15,15,0,false,2025-04-06T07:02:47.113Z,,8906010500245,25GM*240 MASALA SEV MURMURA,C044
1848,109,,2,2,0,false,2025-04-06T07:02:47.113Z,,8906010502041,22GM*240 BHEL MIX,C046
1849,109,,15,15,0,false,2025-04-06T07:02:47.113Z,,8906010503512,135GM*24 CRUNCHEM SIMPLY SALTED WAFERS,C052
1850,109,,10,10,0,false,2025-04-06T07:02:47.113Z,,8906010503529,135GM*24 CRUNCHEM MASALA MASTI WAFERS,C053
1851,109,,5,5,0,false,2025-04-06T07:02:47.113Z,,8906010503109,135GM*24 RUMBLES PUDINA TWIST WAFERS,C055
1852,109,,5,5,0,false,2025-04-06T07:02:47.113Z,,8906010504120,24GM*40PKT*6 DUMBAR PEANUT CHIKKI,C062
1853,109,,2,2,0,false,2025-04-06T07:02:47.113Z,,8906010501242,45GM*72 WHEELOS MASALA,C070
1854,109,,1,1,0,false,2025-04-06T07:02:47.113Z,,8906010500177,25GM*180 BANANA MAST MASALA WAFERS,C074
1855,109,,3,3,0,false,2025-04-06T07:02:47.113Z,,8906010502836,45GM*144 PUNJABI TADKA,C078
1856,109,,2,2,0,false,2025-04-06T07:02:47.113Z,,8906010500542,50GM*120 SEV MURMURA,C080
1857,109,,2,2,0,false,2025-04-06T07:02:47.113Z,,8906010501259,50GM*120 MASALA SEV MURMURA,C081
1858,109,,5,5,0,false,2025-04-06T07:02:47.113Z,,8906010500320,235GM*20 FARALICHEVDO,C084
1859,109,,5,5,0,false,2025-04-06T07:02:47.113Z,,8906010500382,240GM*20 TIKHA MITHA MIX,C094
1860,109,,30,30,0,false,2025-04-06T07:02:47.113Z,,8906010500566,500GM*10 TIKHA MITHA MIX,C104
1861,109,,10,10,0,false,2025-04-06T07:02:47.113Z,,8906010500559,22GM*240 MAGDAL,C118
1862,109,,5,5,0,false,2025-04-06T07:02:47.113Z,,8906010500276,22GM*288 SHING BHUJIA,C119
1863,109,,5,5,0,false,2025-04-06T07:02:47.113Z,,8906010500863,22GM*288 NIMBU CHATKA SHING BHUJIA,C120
1864,109,,5,5,0,false,2025-04-06T07:02:47.113Z,,8906010500337,22GM*240 ALOO SEV,C121
1865,109,,2,2,0,false,2025-04-06T07:02:47.113Z,,8906010500429,25GM*240 GATHIYA,C123
1866,109,,2,2,0,false,2025-04-06T07:02:47.113Z,,8906010500368,25GM*240 TIKHA MITHA MIX,C127
1867,109,,2,2,0,false,2025-04-06T07:02:47.113Z,,8906010502065,25GM*240 CLASSIC SEV,C129
1868,109,,2,2,0,false,2025-04-06T07:02:47.113Z,,8906010500221,45GM*144 MAGDAL,C134
1869,109,,12,12,0,false,2025-04-06T07:02:47.113Z,,8906010502683,40GM*30 SALTED PEANUTS,C144
1870,109,,12,12,0,false,2025-04-06T07:02:47.113Z,,8906010500443,40GM*30 MASALA SHING,C145
1871,109,,5,5,0,false,2025-04-06T07:02:47.113Z,,8906010503949,25GM*240 C.P NAMKIN (LASANIYA),C148
1872,109,,6,6,0,false,2025-04-06T07:02:47.113Z,,8906010500078,22GM*240 FARALI CHEVDO,C149
1873,109,,3,3,0,false,2025-04-06T07:02:47.113Z,,8906010500085,45GM*180 FARALI CHEVDO,C150
1874,109,,3,3,0,false,2025-04-06T07:02:47.113Z,,8906010504359,22GM*120 SNACK'EM CHOKDI MASALA,C160
1875,109,,3,3,0,false,2025-04-06T07:02:47.113Z,,8906010504205,22GM*120 SNACK'EM PONGA MASALA,C161
1923,108,,15,15,0,false,2025-04-06T07:02:47.190Z,,8906010500023,15GM*192 CRUNCHEM SIMPLY SALTED WAFERS,C001
1924,108,,10,10,0,false,2025-04-06T07:02:47.190Z,,8906010500047,15GM*192 CRUNCHEM MASALA MASTI WAFERS,C002
1925,108,,15,15,0,false,2025-04-06T07:02:47.190Z,,8906010500818,15GM*192 CRUNCHEM CREAM & ONION WAFERS,C003
1926,108,,30,30,0,false,2025-04-06T07:02:47.190Z,,8906010500481,15GM*192 CRUNCHEM TOMATO TWIST WAFERS,C004
1927,108,,5,5,0,false,2025-04-06T07:02:47.190Z,,8906010500474,15GM*192 CRUNCHEM CHAT CHASKA WAFERS,C005
1928,108,,5,5,0,false,2025-04-06T07:02:47.190Z,,8906010502492,15GM*192 CRUNCHEM PERI PERI WAFERS,C006
1929,108,,10,10,0,false,2025-04-06T07:02:47.190Z,,8906010500016,30GM*120 CRUNCHEM SIMPLY SALTED WAFERS,C007
1930,108,,2,2,0,false,2025-04-06T07:02:47.190Z,,8906010501952,30GM*120 RUMBLES PUDINA TWIST WAFERS,C011
1931,108,,30,30,0,false,2025-04-06T07:02:47.190Z,,8906010502294,22GM*192 AMAIZE FLAMIN' HOT NACHOS,C019
1932,108,,7,7,0,false,2025-04-06T07:02:47.190Z,,8906010502348,22GM*192 AMAIZE CHEESE CHILLI NACHOS,C020
1933,108,,2,2,0,false,2025-04-06T07:02:47.190Z,,8906010502300,45GM*120 AMAIZE FLAMIN' HOT NACHOS,C024
1934,108,,12,12,0,false,2025-04-06T07:02:47.190Z,,8906010501228,22GM*120 SCOOPITOS MASALA,C027
1935,108,,5,5,0,false,2025-04-06T07:02:47.190Z,,8906010504724,22GM*120 SNACK'EM PONGA PLAIN,C031
1936,108,,70,72,0,false,2025-04-06T07:02:47.190Z,,8906010500900,22GM*120 WHEELOS MASALA,C032
1937,108,,6,6,0,false,2025-04-06T07:02:47.190Z,,8906010503444,22GM*144 FUNNE SPICY PUNCH,C033
1938,108,,2,2,0,false,2025-04-06T07:02:47.190Z,,8906010501327,22GM*240 YUMSTIX CHATPATA MASALA,C034
1939,108,,24,24,0,false,2025-04-06T07:02:47.190Z,,8906010500764,25GM*240 C.P.NAMKIN {MASALA MASTI},C035
1940,108,,12,12,0,false,2025-04-06T07:02:47.190Z,,8906010500627,25GM*240 C.P.NAMKIN {TANGY TOMATO},C036
1941,108,,12,12,0,false,2025-04-06T07:02:47.190Z,,8906010502119,25GM*240 C.P.NAMKIN {FLAMIN HOT},C038
1942,108,,24,24,0,false,2025-04-06T07:02:47.190Z,,8906010502973,25GM*192 PAPDI GATHIYA,C039
1943,108,,24,24,0,false,2025-04-06T07:02:47.190Z,,8906010503451,22GM*144 NOODLE STICKS MASALA,C040
1944,108,,10,10,0,false,2025-04-06T07:02:47.190Z,,0_7,25GM*120 GIPPI TORNADO FLAMIN CHILLI,V041
1945,108,,64,64,0,false,2025-04-06T07:02:47.190Z,,8906010502232,22GM*240 PUNJABI TADKA,C042
1946,108,,30,30,0,false,2025-04-06T07:02:47.190Z,,8906010500214,25GM*240 SEV MURMURA,C043
1947,108,,30,30,0,false,2025-04-06T07:02:47.190Z,,8906010500245,25GM*240 MASALA SEV MURMURA,C044
1948,108,,5,5,0,false,2025-04-06T07:02:47.190Z,,8906010503512,135GM*24 CRUNCHEM SIMPLY SALTED WAFERS,C052
1949,108,,5,5,0,false,2025-04-06T07:02:47.190Z,,8906010503529,135GM*24 CRUNCHEM MASALA MASTI WAFERS,C053
1950,108,,8,8,0,false,2025-04-06T07:02:47.190Z,,8906010503550,135GM*24 CRUNCHEM CREAM & ONION WAFERS,C054
1951,108,,3,3,0,false,2025-04-06T07:02:47.190Z,,8906010504120,24GM*40PKT*6 DUMBAR PEANUT CHIKKI,C062
1952,108,,2,2,0,false,2025-04-06T07:02:47.190Z,,8906010503994,NIMBU PANI CANDY ( 3.5GM*170*12 JAR ),C064
1953,108,,2,2,0,false,2025-04-06T07:02:47.190Z,,8906010503987,SOFT IMLI CANDY ( 3.5GM*220*10 JAR ),C065
1954,108,,6,6,0,false,2025-04-06T07:02:47.190Z,,8906010501242,45GM*72 WHEELOS MASALA,C070
1955,108,,3,3,0,false,2025-04-06T07:02:47.190Z,,8906010501853,250GM*12 SEV MURMURA,C082
1956,108,,3,3,0,false,2025-04-06T07:02:47.190Z,,8906010501860,250GM*12 MASALA SEV MURMURA,C083
1957,108,,10,10,0,false,2025-04-06T07:02:47.190Z,,8906010501822,70GM*100 GIPPI MASALA NOODLES,C089
1958,108,,10,10,0,false,2025-04-06T07:02:47.190Z,,8906010500382,240GM*20 TIKHA MITHA MIX,C094
1959,108,,10,10,0,false,2025-04-06T07:02:47.190Z,,8906010500566,500GM*10 TIKHA MITHA MIX,C104
1960,108,,1,1,0,false,2025-04-06T07:02:47.190Z,,8906010504861,400GM*10 BHUJIA SEV,C109
1961,108,,1,1,0,false,2025-04-06T07:02:47.190Z,,8906010500825,200GM*20 HEALTHY BITES PLAIN KHAKHRA,C113
1962,108,,1,1,0,false,2025-04-06T07:02:47.190Z,,8906010500832,200GM*20 HEALTHY BITES MASALA KHAKHRA,C114
1963,108,,1,1,0,false,2025-04-06T07:02:47.190Z,,8906010500856,200GM*20 HEALTHY BITES METHI KHAKHRA,C115
1964,108,,1,1,0,false,2025-04-06T07:02:47.190Z,,8906010500849,200GM*20 HEALTHY BITES JEERA KHAKHRA,C116
1965,108,,15,15,0,false,2025-04-06T07:02:47.190Z,,8906010500559,22GM*240 MAGDAL,C118
1966,108,,10,10,0,false,2025-04-06T07:02:47.190Z,,8906010500863,22GM*288 NIMBU CHATKA SHING BHUJIA,C120
1967,108,,5,5,0,false,2025-04-06T07:02:47.190Z,,8906010500337,22GM*240 ALOO SEV,C121
1968,108,,10,10,0,false,2025-04-06T07:02:47.190Z,,8906010500429,25GM*240 GATHIYA,C123
1969,108,,5,5,0,false,2025-04-06T07:02:47.190Z,,8906010500702,25GM*240 CHANADAL,C125
1970,108,,2,2,0,false,2025-04-06T07:02:47.190Z,,8906010503420,20GM*288 MASALA PEAS,C126
1971,108,,5,5,0,false,2025-04-06T07:02:47.190Z,,8906010500368,25GM*240 TIKHA MITHA MIX,C127
1972,108,,1,1,0,false,2025-04-06T07:02:47.190Z,,8906010502065,25GM*240 CLASSIC SEV,C129
1973,108,,1,1,0,false,2025-04-06T07:02:47.190Z,,8906010502263,25GM*240 NAVRATAN MIX,C132
1897,98,,120,120,0,false,2025-04-06T07:02:47.135Z,,8906010500245,25GM*240 MASALA SEV MURMURA,C044
1898,98,,10,10,0,false,2025-04-06T07:02:47.135Z,,8906010502041,22GM*240 BHEL MIX,C046
1899,98,,3,3,0,false,2025-04-06T07:02:47.135Z,,8906010502836,45GM*144 PUNJABI TADKA,C078
1900,98,,10,10,0,false,2025-04-06T07:02:47.135Z,,8906010501822,70GM*100 GIPPI MASALA NOODLES,C089
1901,98,,5,5,0,false,2025-04-06T07:02:47.135Z,,8906010503697,240GM*20 KHATA MITHA MIX,C093
1902,98,,10,10,0,false,2025-04-06T07:02:47.135Z,,8906010500382,240GM*20 TIKHA MITHA MIX,C094
1903,98,,1,1,0,false,2025-04-06T07:02:47.135Z,,8906010500238,250GM*20 MAGDAL,C096
1904,98,,10,10,0,false,2025-04-06T07:02:47.135Z,,8906010500566,500GM*10 TIKHA MITHA MIX,C104
1905,98,,5,5,0,false,2025-04-06T07:02:47.135Z,,8906010502478,500GM*10 KHATA MITHA MIX,C105
1906,98,,20,20,0,false,2025-04-06T07:02:47.135Z,,8906010500559,22GM*240 MAGDAL,C118
1907,98,,5,5,0,false,2025-04-06T07:02:47.135Z,,8906010500276,22GM*288 SHING BHUJIA,C119
1908,98,,5,5,0,false,2025-04-06T07:02:47.135Z,,8906010500863,22GM*288 NIMBU CHATKA SHING BHUJIA,C120
1909,98,,10,10,0,false,2025-04-06T07:02:47.135Z,,8906010500337,22GM*240 ALOO SEV,C121
1910,98,,32,32,0,false,2025-04-06T07:02:47.135Z,,8906010500429,25GM*240 GATHIYA,C123
1911,98,,15,15,0,false,2025-04-06T07:02:47.135Z,,8906010500702,25GM*240 CHANADAL,C125
1912,98,,5,5,0,false,2025-04-06T07:02:47.135Z,,8906010503420,20GM*288 MASALA PEAS,C126
1913,98,,15,15,0,false,2025-04-06T07:02:47.135Z,,8906010500368,25GM*240 TIKHA MITHA MIX,C127
1914,98,,5,5,0,false,2025-04-06T07:02:47.135Z,,8906010500399,25GM*240 KHATA MITHA MIX,C128
1915,98,,3,3,0,false,2025-04-06T07:02:47.135Z,,8906010502065,25GM*240 CLASSIC SEV,C129
1916,98,,2,2,0,false,2025-04-06T07:02:47.135Z,,8906010500221,45GM*144 MAGDAL,C134
1917,98,,15,15,0,false,2025-04-06T07:02:47.135Z,,8906010503239,22GM*60 MASALA CHANA,C147
1918,98,,5,5,0,false,2025-04-06T07:02:47.135Z,,8906010503949,25GM*240 C.P NAMKIN (LASANIYA),C148
1919,98,,72,72,0,false,2025-04-06T07:02:47.135Z,,8906010500078,22GM*240 FARALI CHEVDO,C149
1920,98,,12,12,0,false,2025-04-06T07:02:47.135Z,,8906010504359,22GM*120 SNACK'EM CHOKDI MASALA,C160
1921,98,,6,6,0,false,2025-04-06T07:02:47.135Z,,8906010504205,22GM*120 SNACK'EM PONGA MASALA,C161
1922,98,,15,15,0,false,2025-04-06T07:02:47.135Z,,8906010504298,70GM*100 GIPPI FLAMIN' CHILLI NOODLES,C187
1980,101,,30,30,0,false,2025-04-06T07:02:47.212Z,,8906010500023,15GM*192 CRUNCHEM SIMPLY SALTED WAFERS,C001
1981,101,,10,10,0,false,2025-04-06T07:02:47.212Z,,8906010500818,15GM*192 CRUNCHEM CREAM & ONION WAFERS,C003
1982,101,,30,30,0,false,2025-04-06T07:02:47.212Z,,8906010500481,15GM*192 CRUNCHEM TOMATO TWIST WAFERS,C004
1983,101,,5,5,0,false,2025-04-06T07:02:47.212Z,,8906010500016,30GM*120 CRUNCHEM SIMPLY SALTED WAFERS,C007
1984,101,,10,10,0,false,2025-04-06T07:02:47.212Z,,8906010500092,30GM*120 CRUNCHEX SALTED WAFERS,C015
1985,101,,60,60,0,false,2025-04-06T07:02:47.212Z,,8906010501570,30GM*120 CRUNCHEX CHILI TADKA WAFERS,C016
1986,101,,5,5,0,false,2025-04-06T07:02:47.212Z,,8906010504311,30GM*120 CRUNCHEX CHILLI LEMON WAFERS,C018
1987,101,,25,25,0,false,2025-04-06T07:02:47.212Z,,8906010502294,22GM*192 AMAIZE FLAMIN' HOT NACHOS,C019
1988,101,,48,48,0,false,2025-04-06T07:02:47.212Z,,8906010501228,22GM*120 SCOOPITOS MASALA,C027
1989,101,,79,72,0,false,2025-04-06T07:02:47.212Z,,8906010500900,22GM*120 WHEELOS MASALA,C032
1990,101,,24,24,0,false,2025-04-06T07:02:47.212Z,,8906010503444,22GM*144 FUNNE SPICY PUNCH,C033
1991,101,,24,24,0,false,2025-04-06T07:02:47.212Z,,8906010500764,25GM*240 C.P.NAMKIN {MASALA MASTI},C035
1992,101,,48,48,0,false,2025-04-06T07:02:47.212Z,,8906010500627,25GM*240 C.P.NAMKIN {TANGY TOMATO},C036
1993,101,,12,12,0,false,2025-04-06T07:02:47.212Z,,8906010502119,25GM*240 C.P.NAMKIN {FLAMIN HOT},C038
1994,101,,48,48,0,false,2025-04-06T07:02:47.212Z,,8906010502973,25GM*192 PAPDI GATHIYA,C039
1995,101,,72,72,0,false,2025-04-06T07:02:47.212Z,,8906010503451,22GM*144 NOODLE STICKS MASALA,C040
1996,101,,15,15,0,false,2025-04-06T07:02:47.212Z,,0_7,25GM*120 GIPPI TORNADO FLAMIN CHILLI,V041
1997,101,,64,64,0,false,2025-04-06T07:02:47.212Z,,8906010502232,22GM*240 PUNJABI TADKA,C042
1998,101,,30,30,0,false,2025-04-06T07:02:47.212Z,,8906010500214,25GM*240 SEV MURMURA,C043
1999,101,,90,90,0,false,2025-04-06T07:02:47.212Z,,8906010500245,25GM*240 MASALA SEV MURMURA,C044
2000,101,,5,5,0,false,2025-04-06T07:02:47.212Z,,8906010502041,22GM*240 BHEL MIX,C046
2001,101,,2,2,0,false,2025-04-06T07:02:47.212Z,,8906010504120,24GM*40PKT*6 DUMBAR PEANUT CHIKKI,C062
2002,101,,2,2,0,false,2025-04-06T07:02:47.212Z,,8906010503574,16GM*24PKT*12JAR RICH CHOCOLATE CREAM WAFERS,C066
2003,101,,2,2,0,false,2025-04-06T07:02:47.212Z,,8906010503666,16GM*24PKT*12JAR TANGY ORANGE CREAM WAFERS,C067
2004,101,,2,2,0,false,2025-04-06T07:02:47.212Z,,8906010503260,16GM*24PKT*12JAR JUICY STRAWBERRY CREAM WAFERS,C068
2005,101,,1,1,0,false,2025-04-06T07:02:47.212Z,,8906010503871,16GM*24PKT*12JAR YUMMY VANILLA CREAM WAFERS,C069
2006,101,,5,5,0,false,2025-04-06T07:02:47.212Z,,8906010500320,235GM*20 FARALICHEVDO,C084
2007,101,,15,15,0,false,2025-04-06T07:02:47.212Z,,8906010500382,240GM*20 TIKHA MITHA MIX,C094
2008,101,,45,45,0,false,2025-04-06T07:02:47.212Z,,8906010500559,22GM*240 MAGDAL,C118
2009,101,,15,15,0,false,2025-04-06T07:02:47.212Z,,8906010500863,22GM*288 NIMBU CHATKA SHING BHUJIA,C120
2010,101,,10,10,0,false,2025-04-06T07:02:47.212Z,,8906010500429,25GM*240 GATHIYA,C123
2011,101,,10,10,0,false,2025-04-06T07:02:47.212Z,,8906010500702,25GM*240 CHANADAL,C125
2012,101,,15,15,0,false,2025-04-06T07:02:47.212Z,,8906010500368,25GM*240 TIKHA MITHA MIX,C127
2013,101,,4,4,0,false,2025-04-06T07:02:47.212Z,,8906010500399,25GM*240 KHATA MITHA MIX,C128
2014,101,,6,6,0,false,2025-04-06T07:02:47.212Z,,8906010502065,25GM*240 CLASSIC SEV,C129
2015,101,,3,3,0,false,2025-04-06T07:02:47.212Z,,8906010500375,50GM*150 TIKHA MITHA MIX,C140
2016,101,,15,15,0,false,2025-04-06T07:02:47.212Z,,8906010503239,22GM*60 MASALA CHANA,C147
2017,101,,36,36,0,false,2025-04-06T07:02:47.212Z,,8906010500078,22GM*240 FARALI CHEVDO,C149
2018,101,,7,7,0,false,2025-04-06T07:02:47.212Z,,8906010500085,45GM*180 FARALI CHEVDO,C150
2019,101,,1,1,0,false,2025-04-06T07:02:47.212Z,,8906010504281,13GM*24PKT*12JAR OLEE CHOCO STIX,EOO1
2048,31,,30,30,0,false,2025-04-06T07:02:47.297Z,,8906010500016,30GM*120 CRUNCHEM SIMPLY SALTED WAFERS,C007
2049,31,,30,30,0,false,2025-04-06T07:02:47.297Z,,8906010500870,30GM*120 CRUNCHEM CREAM & ONION WAFERS,C009
1974,108,,12,12,0,false,2025-04-06T07:02:47.190Z,,8906010502683,40GM*30 SALTED PEANUTS,C144
1975,108,,1,1,0,false,2025-04-06T07:02:47.190Z,,8906010503826,30GM*120 RUMBLES HOT CHILI WAFERS,C153
1976,108,,1,1,0,false,2025-04-06T07:02:47.190Z,,8906010504199,22GM*240 KATAK BATAK CHILLI LEMON,C154
1977,108,,1,1,0,false,2025-04-06T07:02:47.190Z,,8906010504250,22GM*240 KATAK BATAK DESI MASALA,C155
1978,108,,12,12,0,false,2025-04-06T07:02:47.190Z,,8906010504359,22GM*120 SNACK'EM CHOKDI MASALA,C160
1979,108,,6,6,0,false,2025-04-06T07:02:47.190Z,,8906010504205,22GM*120 SNACK'EM PONGA MASALA,C161
2020,111,,5,5,0,false,2025-04-06T07:02:47.265Z,,8906010500870,30GM*120 CRUNCHEM CREAM & ONION WAFERS,C009
2021,111,,35,24,0,false,2025-04-06T07:02:47.265Z,,8906010500900,22GM*120 WHEELOS MASALA,C032
2022,111,,4,4,0,false,2025-04-06T07:02:47.265Z,,8906010500764,25GM*240 C.P.NAMKIN {MASALA MASTI},C035
2023,111,,6,6,0,false,2025-04-06T07:02:47.265Z,,8906010500627,25GM*240 C.P.NAMKIN {TANGY TOMATO},C036
2024,111,,6,6,0,false,2025-04-06T07:02:47.265Z,,8906010502119,25GM*240 C.P.NAMKIN {FLAMIN HOT},C038
2025,111,,24,24,0,false,2025-04-06T07:02:47.265Z,,8906010503451,22GM*144 NOODLE STICKS MASALA,C040
2026,111,,5,5,0,false,2025-04-06T07:02:47.265Z,,0_7,25GM*120 GIPPI TORNADO FLAMIN CHILLI,V041
2027,111,,16,16,0,false,2025-04-06T07:02:47.265Z,,8906010502232,22GM*240 PUNJABI TADKA,C042
2028,111,,10,10,0,false,2025-04-06T07:02:47.265Z,,8906010500245,25GM*240 MASALA SEV MURMURA,C044
2029,111,,1,1,0,false,2025-04-06T07:02:47.265Z,,8906010503482,135GM*24  CRUNCHEM  TOMATO TWIST WAFERS,C056
2030,111,,2,2,0,false,2025-04-06T07:02:47.265Z,,8906010503604,135GM*24 CRUNCHEX SALTED WAFERS,C058
2031,111,,3,3,0,false,2025-04-06T07:02:47.265Z,,8906010503611,135GM*24 CRUNCHEX CHILI TADKA WAFERS,C059
2032,111,,4,4,0,false,2025-04-06T07:02:47.265Z,,8906010504120,24GM*40PKT*6 DUMBAR PEANUT CHIKKI,C062
2033,111,,1,1,0,false,2025-04-06T07:02:47.265Z,,8906010503987,SOFT IMLI CANDY ( 3.5GM*220*10 JAR ),C065
2034,111,,1,1,0,false,2025-04-06T07:02:47.265Z,,8906010503574,16GM*24PKT*12JAR RICH CHOCOLATE CREAM WAFERS,C066
2035,111,,1,1,0,false,2025-04-06T07:02:47.265Z,,8906010503666,16GM*24PKT*12JAR TANGY ORANGE CREAM WAFERS,C067
2036,111,,1,1,0,false,2025-04-06T07:02:47.265Z,,8906010503260,16GM*24PKT*12JAR JUICY STRAWBERRY CREAM WAFERS,C068
2037,111,,1,1,0,false,2025-04-06T07:02:47.265Z,,8906010500177,25GM*180 BANANA MAST MASALA WAFERS,C074
2038,111,,1,1,0,false,2025-04-06T07:02:47.265Z,,8906010503697,240GM*20 KHATA MITHA MIX,C093
2039,111,,5,5,0,false,2025-04-06T07:02:47.265Z,,8906010500382,240GM*20 TIKHA MITHA MIX,C094
2040,111,,5,5,0,false,2025-04-06T07:02:47.265Z,,8906010500368,25GM*240 TIKHA MITHA MIX,C127
2041,111,,5,5,0,false,2025-04-06T07:02:47.265Z,,8906010500399,25GM*240 KHATA MITHA MIX,C128
2042,111,,2,2,0,false,2025-04-06T07:02:47.265Z,,8906010500221,45GM*144 MAGDAL,C134
2043,111,,12,12,0,false,2025-04-06T07:02:47.265Z,,8906010500078,22GM*240 FARALI CHEVDO,C149
2044,111,,2,2,0,false,2025-04-06T07:02:47.265Z,,8906010504250,22GM*240 KATAK BATAK DESI MASALA,C155
2045,111,,3,3,0,false,2025-04-06T07:02:47.265Z,,8906010504359,22GM*120 SNACK'EM CHOKDI MASALA,C160
2046,111,,3,3,0,false,2025-04-06T07:02:47.265Z,,8906010504205,22GM*120 SNACK'EM PONGA MASALA,C161
2047,111,,1,1,0,false,2025-04-06T07:02:47.265Z,,8906010504281,13GM*24PKT*12JAR OLEE CHOCO STIX,EOO1
2071,112,,200,200,0,false,2025-04-06T07:02:47.339Z,,8906010503512,135GM*24 CRUNCHEM SIMPLY SALTED WAFERS,C052
2072,112,,200,200,0,false,2025-04-06T07:02:47.339Z,,8906010503529,135GM*24 CRUNCHEM MASALA MASTI WAFERS,C053
2073,112,,280,280,0,false,2025-04-06T07:02:47.339Z,,8906010503550,135GM*24 CRUNCHEM CREAM & ONION WAFERS,C054
2074,112,,245,245,0,false,2025-04-06T07:02:47.339Z,,8906010503482,135GM*24  CRUNCHEM  TOMATO TWIST WAFERS,C056
2075,112,,50,50,0,false,2025-04-06T07:02:47.339Z,,8906010500320,235GM*20 FARALICHEVDO,C084
2136,113,,30,30,0,false,2025-04-06T07:02:47.412Z,,8906010500023,15GM*192 CRUNCHEM SIMPLY SALTED WAFERS,C001
2137,113,,5,5,0,false,2025-04-06T07:02:47.412Z,,8906010500047,15GM*192 CRUNCHEM MASALA MASTI WAFERS,C002
2138,113,,30,30,0,false,2025-04-06T07:02:47.412Z,,8906010500818,15GM*192 CRUNCHEM CREAM & ONION WAFERS,C003
2139,113,,60,60,0,false,2025-04-06T07:02:47.412Z,,8906010500481,15GM*192 CRUNCHEM TOMATO TWIST WAFERS,C004
2140,113,,5,5,0,false,2025-04-06T07:02:47.412Z,,8906010500474,15GM*192 CRUNCHEM CHAT CHASKA WAFERS,C005
2141,113,,10,10,0,false,2025-04-06T07:02:47.412Z,,8906010500092,30GM*120 CRUNCHEX SALTED WAFERS,C015
2142,113,,10,10,0,false,2025-04-06T07:02:47.412Z,,8906010501570,30GM*120 CRUNCHEX CHILI TADKA WAFERS,C016
2143,113,,20,20,0,false,2025-04-06T07:02:47.412Z,,8906010502294,22GM*192 AMAIZE FLAMIN' HOT NACHOS,C019
2144,113,,48,48,0,false,2025-04-06T07:02:47.412Z,,8906010501228,22GM*120 SCOOPITOS MASALA,C027
2145,113,,12,12,0,false,2025-04-06T07:02:47.412Z,,8906010504724,22GM*120 SNACK'EM PONGA PLAIN,C031
2146,113,,78,72,0,false,2025-04-06T07:02:47.412Z,,8906010500900,22GM*120 WHEELOS MASALA,C032
2147,113,,48,48,0,false,2025-04-06T07:02:47.412Z,,8906010503444,22GM*144 FUNNE SPICY PUNCH,C033
2148,113,,48,48,0,false,2025-04-06T07:02:47.412Z,,8906010500764,25GM*240 C.P.NAMKIN {MASALA MASTI},C035
2149,113,,48,48,0,false,2025-04-06T07:02:47.412Z,,8906010500627,25GM*240 C.P.NAMKIN {TANGY TOMATO},C036
2150,113,,24,24,0,false,2025-04-06T07:02:47.412Z,,8906010502119,25GM*240 C.P.NAMKIN {FLAMIN HOT},C038
2151,113,,24,24,0,false,2025-04-06T07:02:47.412Z,,8906010502973,25GM*192 PAPDI GATHIYA,C039
2152,113,,48,48,0,false,2025-04-06T07:02:47.412Z,,8906010503451,22GM*144 NOODLE STICKS MASALA,C040
2153,113,,15,15,0,false,2025-04-06T07:02:47.412Z,,0_7,25GM*120 GIPPI TORNADO FLAMIN CHILLI,V041
2154,113,,64,64,0,false,2025-04-06T07:02:47.412Z,,8906010502232,22GM*240 PUNJABI TADKA,C042
2155,113,,15,15,0,false,2025-04-06T07:02:47.412Z,,8906010500214,25GM*240 SEV MURMURA,C043
2156,113,,60,60,0,false,2025-04-06T07:02:47.412Z,,8906010500245,25GM*240 MASALA SEV MURMURA,C044
2157,113,,10,10,0,false,2025-04-06T07:02:47.412Z,,8906010502041,22GM*240 BHEL MIX,C046
2158,113,,30,30,0,false,2025-04-06T07:02:47.412Z,,8906010501822,70GM*100 GIPPI MASALA NOODLES,C089
2159,113,,5,5,0,false,2025-04-06T07:02:47.412Z,,8906010500382,240GM*20 TIKHA MITHA MIX,C094
2160,113,,5,5,0,false,2025-04-06T07:02:47.412Z,,8906010500566,500GM*10 TIKHA MITHA MIX,C104
2161,113,,45,45,0,false,2025-04-06T07:02:47.412Z,,8906010500559,22GM*240 MAGDAL,C118
2162,113,,10,10,0,false,2025-04-06T07:02:47.412Z,,8906010500276,22GM*288 SHING BHUJIA,C119
2050,31,,30,30,0,false,2025-04-06T07:02:47.297Z,,8906010500498,30GM*120 CRUNCHEM TOMATO TWIST WAFERS,C012
2051,31,,40,40,0,false,2025-04-06T07:02:47.297Z,,8906010502294,22GM*192 AMAIZE FLAMIN' HOT NACHOS,C019
2052,31,,96,96,0,false,2025-04-06T07:02:47.297Z,,8906010501228,22GM*120 SCOOPITOS MASALA,C027
2053,31,,12,12,0,false,2025-04-06T07:02:47.297Z,,8906010504724,22GM*120 SNACK'EM PONGA PLAIN,C031
2054,31,,48,48,0,false,2025-04-06T07:02:47.297Z,,8906010503444,22GM*144 FUNNE SPICY PUNCH,C033
2055,31,,24,24,0,false,2025-04-06T07:02:47.297Z,,8906010500764,25GM*240 C.P.NAMKIN {MASALA MASTI},C035
2056,31,,72,72,0,false,2025-04-06T07:02:47.297Z,,8906010500627,25GM*240 C.P.NAMKIN {TANGY TOMATO},C036
2057,31,,24,24,0,false,2025-04-06T07:02:47.297Z,,8906010502119,25GM*240 C.P.NAMKIN {FLAMIN HOT},C038
2058,31,,48,48,0,false,2025-04-06T07:02:47.297Z,,8906010503451,22GM*144 NOODLE STICKS MASALA,C040
2059,31,,96,96,0,false,2025-04-06T07:02:47.297Z,,8906010502232,22GM*240 PUNJABI TADKA,C042
2060,31,,90,90,0,false,2025-04-06T07:02:47.297Z,,8906010500245,25GM*240 MASALA SEV MURMURA,C044
2061,31,,5,5,0,false,2025-04-06T07:02:47.297Z,,8906010503512,135GM*24 CRUNCHEM SIMPLY SALTED WAFERS,C052
2062,31,,5,5,0,false,2025-04-06T07:02:47.297Z,,8906010503550,135GM*24 CRUNCHEM CREAM & ONION WAFERS,C054
2063,31,,5,5,0,false,2025-04-06T07:02:47.297Z,,8906010503482,135GM*24  CRUNCHEM  TOMATO TWIST WAFERS,C056
2064,31,,45,45,0,false,2025-04-06T07:02:47.297Z,,8906010500559,22GM*240 MAGDAL,C118
2065,31,,15,15,0,false,2025-04-06T07:02:47.297Z,,8906010500337,22GM*240 ALOO SEV,C121
2066,31,,16,16,0,false,2025-04-06T07:02:47.297Z,,8906010500429,25GM*240 GATHIYA,C123
2067,31,,5,5,0,false,2025-04-06T07:02:47.297Z,,8906010500702,25GM*240 CHANADAL,C125
2068,31,,60,60,0,false,2025-04-06T07:02:47.297Z,,8906010500368,25GM*240 TIKHA MITHA MIX,C127
2069,31,,72,72,0,false,2025-04-06T07:02:47.297Z,,8906010500078,22GM*240 FARALI CHEVDO,C149
2070,31,,24,24,0,false,2025-04-06T07:02:47.297Z,,8906010500900,22GM*120 WHEELOS MASALA,C032
2076,92,,30,30,0,false,2025-04-06T07:02:47.374Z,,8906010500016,30GM*120 CRUNCHEM SIMPLY SALTED WAFERS,C007
2077,92,,30,30,0,false,2025-04-06T07:02:47.374Z,,8906010500030,30GM*120 CRUNCHEM MASALA MASTI WAFERS,C008
2078,92,,30,30,0,false,2025-04-06T07:02:47.374Z,,8906010500870,30GM*120 CRUNCHEM CREAM & ONION WAFERS,C009
2079,92,,15,15,0,false,2025-04-06T07:02:47.374Z,,8906010501198,30GM*120 CRUNCHEM PIZZY MASALA WAFERS,C010
2080,92,,15,15,0,false,2025-04-06T07:02:47.374Z,,8906010501952,30GM*120 RUMBLES PUDINA TWIST WAFERS,C011
2081,92,,15,15,0,false,2025-04-06T07:02:47.374Z,,8906010500498,30GM*120 CRUNCHEM TOMATO TWIST WAFERS,C012
2082,92,,30,30,0,false,2025-04-06T07:02:47.374Z,,8906010500535,30GM*120 CRUNCHEM CHAT CHASKA WAFERS,C013
2083,92,,10,10,0,false,2025-04-06T07:02:47.374Z,,8906010502508,30GM*120 CRUNCHEM PERI PERI WAFERS,C014
2084,92,,15,15,0,false,2025-04-06T07:02:47.374Z,,8906010500092,30GM*120 CRUNCHEX SALTED WAFERS,C015
2085,92,,90,90,0,false,2025-04-06T07:02:47.374Z,,8906010501570,30GM*120 CRUNCHEX CHILI TADKA WAFERS,C016
2086,92,,15,15,0,false,2025-04-06T07:02:47.374Z,,8906010504304,30GM*120 CRUNCHEX MIRCH MASALA WAFERS,C017
2087,92,,5,5,0,false,2025-04-06T07:02:47.374Z,,8906010504311,30GM*120 CRUNCHEX CHILLI LEMON WAFERS,C018
2088,92,,5,5,0,false,2025-04-06T07:02:47.374Z,,8906010502294,22GM*192 AMAIZE FLAMIN' HOT NACHOS,C019
2089,92,,2,2,0,false,2025-04-06T07:02:47.374Z,,8906010502348,22GM*192 AMAIZE CHEESE CHILLI NACHOS,C020
2090,92,,8,8,0,false,2025-04-06T07:02:47.374Z,,8906010504663,25GM*240 AMAIZE JALAPENO CORN CHIPS,C021
2091,92,,2,2,0,false,2025-04-06T07:02:47.374Z,,8906010502300,45GM*120 AMAIZE FLAMIN' HOT NACHOS,C024
2092,92,,24,24,0,false,2025-04-06T07:02:47.374Z,,8906010501228,22GM*120 SCOOPITOS MASALA,C027
2093,92,,12,12,0,false,2025-04-06T07:02:47.374Z,,8906010503444,22GM*144 FUNNE SPICY PUNCH,C033
2094,92,,24,24,0,false,2025-04-06T07:02:47.374Z,,8906010500627,25GM*240 C.P.NAMKIN {TANGY TOMATO},C036
2095,92,,10,10,0,false,2025-04-06T07:02:47.374Z,,8906010500894,25GM*240 C.P.NAMKIN {CHINESE CHATKA},C037
2096,92,,12,12,0,false,2025-04-06T07:02:47.374Z,,8906010503451,22GM*144 NOODLE STICKS MASALA,C040
2097,92,,15,15,0,false,2025-04-06T07:02:47.374Z,,0_7,25GM*120 GIPPI TORNADO FLAMIN CHILLI,V041
2098,92,,32,32,0,false,2025-04-06T07:02:47.374Z,,8906010502232,22GM*240 PUNJABI TADKA,C042
2099,92,,10,10,0,false,2025-04-06T07:02:47.374Z,,8906010500214,25GM*240 SEV MURMURA,C043
2100,92,,15,15,0,false,2025-04-06T07:02:47.374Z,,8906010500245,25GM*240 MASALA SEV MURMURA,C044
2101,92,,5,5,0,false,2025-04-06T07:02:47.374Z,,8906010502041,22GM*240 BHEL MIX,C046
2102,92,,30,30,0,false,2025-04-06T07:02:47.374Z,,8906010503512,135GM*24 CRUNCHEM SIMPLY SALTED WAFERS,C052
2103,92,,60,60,0,false,2025-04-06T07:02:47.374Z,,8906010503529,135GM*24 CRUNCHEM MASALA MASTI WAFERS,C053
2104,92,,45,45,0,false,2025-04-06T07:02:47.374Z,,8906010503550,135GM*24 CRUNCHEM CREAM & ONION WAFERS,C054
2105,92,,15,15,0,false,2025-04-06T07:02:47.374Z,,8906010503109,135GM*24 RUMBLES PUDINA TWIST WAFERS,C055
2106,92,,15,15,0,false,2025-04-06T07:02:47.374Z,,8906010503482,135GM*24  CRUNCHEM  TOMATO TWIST WAFERS,C056
2107,92,,30,30,0,false,2025-04-06T07:02:47.374Z,,8906010503543,135GM*24 CRUNCHEM CHAT CHASKA WAFERS,C057
2108,92,,10,10,0,false,2025-04-06T07:02:47.374Z,,8906010503604,135GM*24 CRUNCHEX SALTED WAFERS,C058
2109,92,,75,75,0,false,2025-04-06T07:02:47.374Z,,8906010503611,135GM*24 CRUNCHEX CHILI TADKA WAFERS,C059
2110,92,,5,5,0,false,2025-04-06T07:02:47.374Z,,8906010500511,50GM*120 C.P.NAMKIN (MASALA MASTI),C060
2111,92,,1,1,0,false,2025-04-06T07:02:47.374Z,,8906010503574,16GM*24PKT*12JAR RICH CHOCOLATE CREAM WAFERS,C066
2112,92,,1,1,0,false,2025-04-06T07:02:47.374Z,,8906010503260,16GM*24PKT*12JAR JUICY STRAWBERRY CREAM WAFERS,C068
2113,92,,1,1,0,false,2025-04-06T07:02:47.374Z,,8906010503871,16GM*24PKT*12JAR YUMMY VANILLA CREAM WAFERS,C069
2114,92,,3,3,0,false,2025-04-06T07:02:47.374Z,,8906010501242,45GM*72 WHEELOS MASALA,C070
2115,92,,1,1,0,false,2025-04-06T07:02:47.374Z,,8906010502836,45GM*144 PUNJABI TADKA,C078
2116,92,,1,1,0,false,2025-04-06T07:02:47.374Z,,8906010500542,50GM*120 SEV MURMURA,C080
2117,92,,1,1,0,false,2025-04-06T07:02:47.374Z,,8906010501259,50GM*120 MASALA SEV MURMURA,C081
2118,92,,44,44,0,false,2025-04-06T07:02:47.374Z,,8906010501860,250GM*12 MASALA SEV MURMURA,C083
2119,92,,10,10,0,false,2025-04-06T07:02:47.374Z,,8906010502201,250GM*24 CHANA JOR GARAM,C087
2120,92,,17,17,0,false,2025-04-06T07:02:47.374Z,,8906010500382,240GM*20 TIKHA MITHA MIX,C094
2121,92,,7,7,0,false,2025-04-06T07:02:47.374Z,,8906010500207,240GM*20 CHANADAL,C095
2122,92,,16,16,0,false,2025-04-06T07:02:47.374Z,,8906010500238,250GM*20 MAGDAL,C096
2123,92,,24,24,0,false,2025-04-06T07:02:47.374Z,,8906010500290,210GM*20 SHING BHUJIA,C097
2124,92,,7,7,0,false,2025-04-06T07:02:47.374Z,,8906010500573,450GM*10 FARALICHEVDO,C098
2125,92,,11,11,0,false,2025-04-06T07:02:47.374Z,,8906010502171,300GM*10 GATHIYA,C103
2126,92,,2,2,0,false,2025-04-06T07:02:47.374Z,,8906010504861,400GM*10 BHUJIA SEV,C109
2127,92,,2,2,0,false,2025-04-06T07:02:47.374Z,,8906010500221,45GM*144 MAGDAL,C134
2128,92,,2,2,0,false,2025-04-06T07:02:47.374Z,,8906010500344,45GM*180 ALOO SEV,C136
2129,92,,2,2,0,false,2025-04-06T07:02:47.374Z,,8906010500375,50GM*150 TIKHA MITHA MIX,C140
2130,92,,15,15,0,false,2025-04-06T07:02:47.374Z,,8906010503239,22GM*60 MASALA CHANA,C147
2131,92,,20,20,0,false,2025-04-06T07:02:47.374Z,,8906010503826,30GM*120 RUMBLES HOT CHILI WAFERS,C153
2132,92,,12,12,0,false,2025-04-06T07:02:47.374Z,,8906010504359,22GM*120 SNACK'EM CHOKDI MASALA,C160
2133,92,,6,6,0,false,2025-04-06T07:02:47.374Z,,8906010504205,22GM*120 SNACK'EM PONGA MASALA,C161
2134,92,,5,5,0,false,2025-04-06T07:02:47.374Z,,8906010504298,70GM*100 GIPPI FLAMIN' CHILLI NOODLES,C187
2135,92,,1,1,0,false,2025-04-06T07:02:47.374Z,,8906010504281,13GM*24PKT*12JAR OLEE CHOCO STIX,EOO1
2166,99,,30,30,0,false,2025-04-06T07:02:47.451Z,,8906010500023,15GM*192 CRUNCHEM SIMPLY SALTED WAFERS,C001
2167,99,,10,10,0,false,2025-04-06T07:02:47.451Z,,8906010500047,15GM*192 CRUNCHEM MASALA MASTI WAFERS,C002
2168,99,,30,30,0,false,2025-04-06T07:02:47.451Z,,8906010500818,15GM*192 CRUNCHEM CREAM & ONION WAFERS,C003
2169,99,,30,30,0,false,2025-04-06T07:02:47.451Z,,8906010500481,15GM*192 CRUNCHEM TOMATO TWIST WAFERS,C004
2170,99,,5,5,0,false,2025-04-06T07:02:47.451Z,,8906010500474,15GM*192 CRUNCHEM CHAT CHASKA WAFERS,C005
2171,99,,10,10,0,false,2025-04-06T07:02:47.451Z,,8906010502492,15GM*192 CRUNCHEM PERI PERI WAFERS,C006
2172,99,,30,30,0,false,2025-04-06T07:02:47.451Z,,8906010500016,30GM*120 CRUNCHEM SIMPLY SALTED WAFERS,C007
2173,99,,15,15,0,false,2025-04-06T07:02:47.451Z,,8906010500030,30GM*120 CRUNCHEM MASALA MASTI WAFERS,C008
2174,99,,15,15,0,false,2025-04-06T07:02:47.451Z,,8906010500870,30GM*120 CRUNCHEM CREAM & ONION WAFERS,C009
2175,99,,10,10,0,false,2025-04-06T07:02:47.451Z,,8906010501198,30GM*120 CRUNCHEM PIZZY MASALA WAFERS,C010
2176,99,,5,5,0,false,2025-04-06T07:02:47.451Z,,8906010501952,30GM*120 RUMBLES PUDINA TWIST WAFERS,C011
2177,99,,15,15,0,false,2025-04-06T07:02:47.451Z,,8906010500498,30GM*120 CRUNCHEM TOMATO TWIST WAFERS,C012
2178,99,,5,5,0,false,2025-04-06T07:02:47.451Z,,8906010500535,30GM*120 CRUNCHEM CHAT CHASKA WAFERS,C013
2179,99,,5,5,0,false,2025-04-06T07:02:47.451Z,,8906010502508,30GM*120 CRUNCHEM PERI PERI WAFERS,C014
2180,99,,5,5,0,false,2025-04-06T07:02:47.451Z,,8906010500092,30GM*120 CRUNCHEX SALTED WAFERS,C015
2181,99,,20,20,0,false,2025-04-06T07:02:47.451Z,,8906010502294,22GM*192 AMAIZE FLAMIN' HOT NACHOS,C019
2182,99,,4,4,0,false,2025-04-06T07:02:47.451Z,,8906010502348,22GM*192 AMAIZE CHEESE CHILLI NACHOS,C020
2183,99,,3,3,0,false,2025-04-06T07:02:47.451Z,,8906010504663,25GM*240 AMAIZE JALAPENO CORN CHIPS,C021
2184,99,,5,5,0,false,2025-04-06T07:02:47.451Z,,8906010502300,45GM*120 AMAIZE FLAMIN' HOT NACHOS,C024
2185,99,,24,24,0,false,2025-04-06T07:02:47.451Z,,8906010501228,22GM*120 SCOOPITOS MASALA,C027
2186,99,,5,5,0,false,2025-04-06T07:02:47.451Z,,8906010500269,22GM*144 POP RINGS MASALA,C029
2187,99,,10,10,0,false,2025-04-06T07:02:47.451Z,,8906010501419,22GM*144 POP RINGS YUMMY CHEESE,C030
2188,99,,72,72,0,false,2025-04-06T07:02:47.451Z,,8906010500900,22GM*120 WHEELOS MASALA,C032
2189,99,,12,12,0,false,2025-04-06T07:02:47.451Z,,8906010503444,22GM*144 FUNNE SPICY PUNCH,C033
2190,99,,24,24,0,false,2025-04-06T07:02:47.451Z,,8906010500764,25GM*240 C.P.NAMKIN {MASALA MASTI},C035
2191,99,,24,24,0,false,2025-04-06T07:02:47.451Z,,8906010500627,25GM*240 C.P.NAMKIN {TANGY TOMATO},C036
2192,99,,72,72,0,false,2025-04-06T07:02:47.451Z,,8906010502119,25GM*240 C.P.NAMKIN {FLAMIN HOT},C038
2193,99,,10,10,0,false,2025-04-06T07:02:47.451Z,,0_7,25GM*120 GIPPI TORNADO FLAMIN CHILLI,V041
2194,99,,32,32,0,false,2025-04-06T07:02:47.451Z,,8906010502232,22GM*240 PUNJABI TADKA,C042
2195,99,,15,15,0,false,2025-04-06T07:02:47.451Z,,8906010500214,25GM*240 SEV MURMURA,C043
2196,99,,60,60,0,false,2025-04-06T07:02:47.451Z,,8906010500245,25GM*240 MASALA SEV MURMURA,C044
2197,99,,5,5,0,false,2025-04-06T07:02:47.451Z,,8906010502041,22GM*240 BHEL MIX,C046
2198,99,,15,15,0,false,2025-04-06T07:02:47.451Z,,8906010503512,135GM*24 CRUNCHEM SIMPLY SALTED WAFERS,C052
2199,99,,10,10,0,false,2025-04-06T07:02:47.451Z,,8906010503529,135GM*24 CRUNCHEM MASALA MASTI WAFERS,C053
2200,99,,30,30,0,false,2025-04-06T07:02:47.451Z,,8906010503550,135GM*24 CRUNCHEM CREAM & ONION WAFERS,C054
2201,99,,15,15,0,false,2025-04-06T07:02:47.451Z,,8906010503482,135GM*24  CRUNCHEM  TOMATO TWIST WAFERS,C056
2202,99,,15,15,0,false,2025-04-06T07:02:47.451Z,,8906010503543,135GM*24 CRUNCHEM CHAT CHASKA WAFERS,C057
2203,99,,3,3,0,false,2025-04-06T07:02:47.451Z,,8906010503611,135GM*24 CRUNCHEX CHILI TADKA WAFERS,C059
2204,99,,5,5,0,false,2025-04-06T07:02:47.451Z,,8906010500511,50GM*120 C.P.NAMKIN (MASALA MASTI),C060
2205,99,,5,5,0,false,2025-04-06T07:02:47.451Z,,8906010500610,50GM*120 C.P.NAMKIN (TANGY TOMATO),C061
2206,99,,2,2,0,false,2025-04-06T07:02:47.451Z,,8906010504120,24GM*40PKT*6 DUMBAR PEANUT CHIKKI,C062
2207,99,,24,24,0,false,2025-04-06T07:02:47.451Z,,8906010501242,45GM*72 WHEELOS MASALA,C070
2208,99,,2,2,0,false,2025-04-06T07:02:47.451Z,,8906010500177,25GM*180 BANANA MAST MASALA WAFERS,C074
2209,99,,5,5,0,false,2025-04-06T07:02:47.451Z,,8906010503772,50GM*120 PAPDI GATHIYA,C077
2210,99,,10,10,0,false,2025-04-06T07:02:47.451Z,,8906010502836,45GM*144 PUNJABI TADKA,C078
2211,99,,6,6,0,false,2025-04-06T07:02:47.451Z,,8906010500542,50GM*120 SEV MURMURA,C080
2212,99,,5,5,0,false,2025-04-06T07:02:47.451Z,,8906010501259,50GM*120 MASALA SEV MURMURA,C081
2213,99,,3,3,0,false,2025-04-06T07:02:47.451Z,,8906010501860,250GM*12 MASALA SEV MURMURA,C083
2214,99,,15,15,0,false,2025-04-06T07:02:47.451Z,,8906010501822,70GM*100 GIPPI MASALA NOODLES,C089
2215,99,,3,3,0,false,2025-04-06T07:02:47.451Z,,8906010500382,240GM*20 TIKHA MITHA MIX,C094
2216,99,,1,1,0,false,2025-04-06T07:02:47.451Z,,8906010500238,250GM*20 MAGDAL,C096
2217,99,,2,2,0,false,2025-04-06T07:02:47.451Z,,8906010502171,300GM*10 GATHIYA,C103
2163,113,,5,5,0,false,2025-04-06T07:02:47.412Z,,8906010500368,25GM*240 TIKHA MITHA MIX,C127
2164,113,,48,48,0,false,2025-04-06T07:02:47.412Z,,8906010500078,22GM*240 FARALI CHEVDO,C149
2165,113,,3,3,0,false,2025-04-06T07:02:47.412Z,,8906010504359,22GM*120 SNACK'EM CHOKDI MASALA,C160
2232,115,,90,90,0,false,2025-04-06T07:02:47.486Z,,8906010500023,15GM*192 CRUNCHEM SIMPLY SALTED WAFERS,C001
2233,115,,5,5,0,false,2025-04-06T07:02:47.486Z,,8906010500047,15GM*192 CRUNCHEM MASALA MASTI WAFERS,C002
2234,115,,10,10,0,false,2025-04-06T07:02:47.486Z,,8906010500818,15GM*192 CRUNCHEM CREAM & ONION WAFERS,C003
2235,115,,30,30,0,false,2025-04-06T07:02:47.486Z,,8906010500481,15GM*192 CRUNCHEM TOMATO TWIST WAFERS,C004
2236,115,,5,5,0,false,2025-04-06T07:02:47.486Z,,8906010500474,15GM*192 CRUNCHEM CHAT CHASKA WAFERS,C005
2237,115,,2,2,0,false,2025-04-06T07:02:47.486Z,,8906010500030,30GM*120 CRUNCHEM MASALA MASTI WAFERS,C008
2238,115,,5,5,0,false,2025-04-06T07:02:47.486Z,,8906010500870,30GM*120 CRUNCHEM CREAM & ONION WAFERS,C009
2239,115,,5,5,0,false,2025-04-06T07:02:47.486Z,,8906010500498,30GM*120 CRUNCHEM TOMATO TWIST WAFERS,C012
2240,115,,2,2,0,false,2025-04-06T07:02:47.486Z,,8906010500535,30GM*120 CRUNCHEM CHAT CHASKA WAFERS,C013
2241,115,,2,2,0,false,2025-04-06T07:02:47.486Z,,8906010500092,30GM*120 CRUNCHEX SALTED WAFERS,C015
2242,115,,5,5,0,false,2025-04-06T07:02:47.486Z,,8906010501570,30GM*120 CRUNCHEX CHILI TADKA WAFERS,C016
2243,115,,5,5,0,false,2025-04-06T07:02:47.486Z,,8906010502294,22GM*192 AMAIZE FLAMIN' HOT NACHOS,C019
2244,115,,24,24,0,false,2025-04-06T07:02:47.486Z,,8906010501228,22GM*120 SCOOPITOS MASALA,C027
2245,115,,115,96,0,false,2025-04-06T07:02:47.486Z,,8906010500900,22GM*120 WHEELOS MASALA,C032
2246,115,,24,24,0,false,2025-04-06T07:02:47.486Z,,8906010503444,22GM*144 FUNNE SPICY PUNCH,C033
2247,115,,72,72,0,false,2025-04-06T07:02:47.486Z,,8906010500764,25GM*240 C.P.NAMKIN {MASALA MASTI},C035
2248,115,,24,24,0,false,2025-04-06T07:02:47.486Z,,8906010500627,25GM*240 C.P.NAMKIN {TANGY TOMATO},C036
2249,115,,24,24,0,false,2025-04-06T07:02:47.486Z,,8906010502973,25GM*192 PAPDI GATHIYA,C039
2250,115,,24,24,0,false,2025-04-06T07:02:47.486Z,,8906010503451,22GM*144 NOODLE STICKS MASALA,C040
2251,115,,5,5,0,false,2025-04-06T07:02:47.486Z,,0_7,25GM*120 GIPPI TORNADO FLAMIN CHILLI,V041
2252,115,,32,32,0,false,2025-04-06T07:02:47.486Z,,8906010502232,22GM*240 PUNJABI TADKA,C042
2253,115,,5,5,0,false,2025-04-06T07:02:47.486Z,,8906010500214,25GM*240 SEV MURMURA,C043
2254,115,,30,30,0,false,2025-04-06T07:02:47.486Z,,8906010500245,25GM*240 MASALA SEV MURMURA,C044
2255,115,,5,5,0,false,2025-04-06T07:02:47.486Z,,8906010502041,22GM*240 BHEL MIX,C046
2256,115,,10,10,0,false,2025-04-06T07:02:47.486Z,,8906010503512,135GM*24 CRUNCHEM SIMPLY SALTED WAFERS,C052
2257,115,,3,3,0,false,2025-04-06T07:02:47.486Z,,8906010503529,135GM*24 CRUNCHEM MASALA MASTI WAFERS,C053
2258,115,,2,2,0,false,2025-04-06T07:02:47.486Z,,8906010503550,135GM*24 CRUNCHEM CREAM & ONION WAFERS,C054
2259,115,,2,2,0,false,2025-04-06T07:02:47.486Z,,8906010503482,135GM*24  CRUNCHEM  TOMATO TWIST WAFERS,C056
2260,115,,2,2,0,false,2025-04-06T07:02:47.486Z,,8906010503543,135GM*24 CRUNCHEM CHAT CHASKA WAFERS,C057
2261,115,,2,2,0,false,2025-04-06T07:02:47.486Z,,8906010503611,135GM*24 CRUNCHEX CHILI TADKA WAFERS,C059
2262,115,,2,2,0,false,2025-04-06T07:02:47.486Z,,8906010500511,50GM*120 C.P.NAMKIN (MASALA MASTI),C060
2263,115,,5,5,0,false,2025-04-06T07:02:47.486Z,,8906010501822,70GM*100 GIPPI MASALA NOODLES,C089
2264,115,,10,10,0,false,2025-04-06T07:02:47.486Z,,8906010500382,240GM*20 TIKHA MITHA MIX,C094
2265,115,,10,10,0,false,2025-04-06T07:02:47.486Z,,8906010500566,500GM*10 TIKHA MITHA MIX,C104
2266,115,,45,45,0,false,2025-04-06T07:02:47.486Z,,8906010500559,22GM*240 MAGDAL,C118
2267,115,,15,15,0,false,2025-04-06T07:02:47.486Z,,8906010500276,22GM*288 SHING BHUJIA,C119
2268,115,,5,5,0,false,2025-04-06T07:02:47.486Z,,8906010500863,22GM*288 NIMBU CHATKA SHING BHUJIA,C120
2269,115,,5,5,0,false,2025-04-06T07:02:47.486Z,,8906010500337,22GM*240 ALOO SEV,C121
2270,115,,4,4,0,false,2025-04-06T07:02:47.486Z,,8906010500368,25GM*240 TIKHA MITHA MIX,C127
2271,115,,36,36,0,false,2025-04-06T07:02:47.486Z,,8906010502683,40GM*30 SALTED PEANUTS,C144
2272,115,,48,48,0,false,2025-04-06T07:02:47.486Z,,8906010500078,22GM*240 FARALI CHEVDO,C149
2273,115,,2,2,0,false,2025-04-06T07:02:47.486Z,,8906010500085,45GM*180 FARALI CHEVDO,C150
2274,115,,5,5,0,false,2025-04-06T07:02:47.486Z,,8906010504359,22GM*120 SNACK'EM CHOKDI MASALA,C160
2275,115,,12,12,0,false,2025-04-06T07:02:47.486Z,,8906010504205,22GM*120 SNACK'EM PONGA MASALA,C161
2276,115,,2,2,0,false,2025-04-06T07:02:47.486Z,,8906010504281,13GM*24PKT*12JAR OLEE CHOCO STIX,EOO1
2335,116,,90,90,0,false,2025-04-06T07:02:47.562Z,,8906010500023,15GM*192 CRUNCHEM SIMPLY SALTED WAFERS,C001
2336,116,,30,30,0,false,2025-04-06T07:02:47.562Z,,8906010500047,15GM*192 CRUNCHEM MASALA MASTI WAFERS,C002
2337,116,,30,30,0,false,2025-04-06T07:02:47.562Z,,8906010500870,30GM*120 CRUNCHEM CREAM & ONION WAFERS,C009
2338,116,,60,60,0,false,2025-04-06T07:02:47.562Z,,8906010501570,30GM*120 CRUNCHEX CHILI TADKA WAFERS,C016
2339,116,,30,30,0,false,2025-04-06T07:02:47.562Z,,8906010504304,30GM*120 CRUNCHEX MIRCH MASALA WAFERS,C017
2340,116,,40,40,0,false,2025-04-06T07:02:47.562Z,,8906010502294,22GM*192 AMAIZE FLAMIN' HOT NACHOS,C019
2341,116,,96,96,0,false,2025-04-06T07:02:47.562Z,,8906010501228,22GM*120 SCOOPITOS MASALA,C027
2342,116,,72,72,0,false,2025-04-06T07:02:47.562Z,,8906010500764,25GM*240 C.P.NAMKIN {MASALA MASTI},C035
2343,116,,48,48,0,false,2025-04-06T07:02:47.562Z,,8906010502119,25GM*240 C.P.NAMKIN {FLAMIN HOT},C038
2344,116,,24,24,0,false,2025-04-06T07:02:47.562Z,,8906010502973,25GM*192 PAPDI GATHIYA,C039
2345,116,,32,32,0,false,2025-04-06T07:02:47.562Z,,8906010502232,22GM*240 PUNJABI TADKA,C042
2346,116,,30,30,0,false,2025-04-06T07:02:47.562Z,,8906010500214,25GM*240 SEV MURMURA,C043
2347,116,,60,60,0,false,2025-04-06T07:02:47.562Z,,8906010500245,25GM*240 MASALA SEV MURMURA,C044
2348,116,,5,5,0,false,2025-04-06T07:02:47.562Z,,8906010503512,135GM*24 CRUNCHEM SIMPLY SALTED WAFERS,C052
2349,116,,5,5,0,false,2025-04-06T07:02:47.562Z,,8906010503550,135GM*24 CRUNCHEM CREAM & ONION WAFERS,C054
2350,116,,3,3,0,false,2025-04-06T07:02:47.562Z,,8906010503543,135GM*24 CRUNCHEM CHAT CHASKA WAFERS,C057
2351,116,,90,90,0,false,2025-04-06T07:02:47.562Z,,8906010500559,22GM*240 MAGDAL,C118
2352,116,,30,30,0,false,2025-04-06T07:02:47.562Z,,8906010500276,22GM*288 SHING BHUJIA,C119
2218,99,,3,3,0,false,2025-04-06T07:02:47.451Z,,8906010500566,500GM*10 TIKHA MITHA MIX,C104
2219,99,,2,2,0,false,2025-04-06T07:02:47.451Z,,8906010500832,200GM*20 HEALTHY BITES MASALA KHAKHRA,C114
2220,99,,2,2,0,false,2025-04-06T07:02:47.451Z,,8906010500856,200GM*20 HEALTHY BITES METHI KHAKHRA,C115
2221,99,,2,2,0,false,2025-04-06T07:02:47.451Z,,8906010500849,200GM*20 HEALTHY BITES JEERA KHAKHRA,C116
2222,99,,10,10,0,false,2025-04-06T07:02:47.451Z,,8906010500559,22GM*240 MAGDAL,C118
2223,99,,5,5,0,false,2025-04-06T07:02:47.451Z,,8906010500276,22GM*288 SHING BHUJIA,C119
2224,99,,15,15,0,false,2025-04-06T07:02:47.451Z,,8906010500337,22GM*240 ALOO SEV,C121
2225,99,,2,2,0,false,2025-04-06T07:02:47.451Z,,8906010500702,25GM*240 CHANADAL,C125
2226,99,,5,5,0,false,2025-04-06T07:02:47.451Z,,8906010500368,25GM*240 TIKHA MITHA MIX,C127
2227,99,,3,3,0,false,2025-04-06T07:02:47.451Z,,8906010500221,45GM*144 MAGDAL,C134
2228,99,,2,2,0,false,2025-04-06T07:02:47.451Z,,8906010500344,45GM*180 ALOO SEV,C136
2229,99,,2,2,0,false,2025-04-06T07:02:47.451Z,,8906010500375,50GM*150 TIKHA MITHA MIX,C140
2230,99,,5,5,0,false,2025-04-06T07:02:47.451Z,,8906010500085,45GM*180 FARALI CHEVDO,C150
2231,99,,5,5,0,false,2025-04-06T07:02:47.451Z,,8906010503826,30GM*120 RUMBLES HOT CHILI WAFERS,C153
2277,103,,30,30,0,false,2025-04-06T07:02:47.529Z,,8906010500023,15GM*192 CRUNCHEM SIMPLY SALTED WAFERS,C001
2278,103,,5,5,0,false,2025-04-06T07:02:47.529Z,,8906010500047,15GM*192 CRUNCHEM MASALA MASTI WAFERS,C002
2279,103,,15,15,0,false,2025-04-06T07:02:47.529Z,,8906010500818,15GM*192 CRUNCHEM CREAM & ONION WAFERS,C003
2280,103,,15,15,0,false,2025-04-06T07:02:47.529Z,,8906010500481,15GM*192 CRUNCHEM TOMATO TWIST WAFERS,C004
2281,103,,10,10,0,false,2025-04-06T07:02:47.529Z,,8906010500474,15GM*192 CRUNCHEM CHAT CHASKA WAFERS,C005
2282,103,,5,5,0,false,2025-04-06T07:02:47.529Z,,8906010502492,15GM*192 CRUNCHEM PERI PERI WAFERS,C006
2283,103,,60,60,0,false,2025-04-06T07:02:47.529Z,,8906010500016,30GM*120 CRUNCHEM SIMPLY SALTED WAFERS,C007
2284,103,,30,30,0,false,2025-04-06T07:02:47.529Z,,8906010500030,30GM*120 CRUNCHEM MASALA MASTI WAFERS,C008
2285,103,,30,30,0,false,2025-04-06T07:02:47.529Z,,8906010500870,30GM*120 CRUNCHEM CREAM & ONION WAFERS,C009
2286,103,,10,10,0,false,2025-04-06T07:02:47.529Z,,8906010501198,30GM*120 CRUNCHEM PIZZY MASALA WAFERS,C010
2287,103,,15,15,0,false,2025-04-06T07:02:47.529Z,,8906010501952,30GM*120 RUMBLES PUDINA TWIST WAFERS,C011
2288,103,,30,30,0,false,2025-04-06T07:02:47.529Z,,8906010500498,30GM*120 CRUNCHEM TOMATO TWIST WAFERS,C012
2289,103,,15,15,0,false,2025-04-06T07:02:47.529Z,,8906010500535,30GM*120 CRUNCHEM CHAT CHASKA WAFERS,C013
2290,103,,15,15,0,false,2025-04-06T07:02:47.529Z,,8906010502508,30GM*120 CRUNCHEM PERI PERI WAFERS,C014
2291,103,,5,5,0,false,2025-04-06T07:02:47.529Z,,8906010500092,30GM*120 CRUNCHEX SALTED WAFERS,C015
2292,103,,30,30,0,false,2025-04-06T07:02:47.529Z,,8906010501570,30GM*120 CRUNCHEX CHILI TADKA WAFERS,C016
2293,103,,30,30,0,false,2025-04-06T07:02:47.529Z,,8906010502294,22GM*192 AMAIZE FLAMIN' HOT NACHOS,C019
2294,103,,10,10,0,false,2025-04-06T07:02:47.529Z,,8906010502300,45GM*120 AMAIZE FLAMIN' HOT NACHOS,C024
2295,103,,24,24,0,false,2025-04-06T07:02:47.529Z,,8906010501228,22GM*120 SCOOPITOS MASALA,C027
2296,103,,5,5,0,false,2025-04-06T07:02:47.529Z,,8906010501419,22GM*144 POP RINGS YUMMY CHEESE,C030
2297,103,,5,5,0,false,2025-04-06T07:02:47.529Z,,8906010504724,22GM*120 SNACK'EM PONGA PLAIN,C031
2298,103,,96,96,0,false,2025-04-06T07:02:47.529Z,,8906010500900,22GM*120 WHEELOS MASALA,C032
2299,103,,8,8,0,false,2025-04-06T07:02:47.529Z,,8906010503444,22GM*144 FUNNE SPICY PUNCH,C033
2300,103,,24,24,0,false,2025-04-06T07:02:47.529Z,,8906010500764,25GM*240 C.P.NAMKIN {MASALA MASTI},C035
2301,103,,24,24,0,false,2025-04-06T07:02:47.529Z,,8906010500627,25GM*240 C.P.NAMKIN {TANGY TOMATO},C036
2302,103,,5,5,0,false,2025-04-06T07:02:47.529Z,,8906010500894,25GM*240 C.P.NAMKIN {CHINESE CHATKA},C037
2303,103,,24,24,0,false,2025-04-06T07:02:47.529Z,,8906010502119,25GM*240 C.P.NAMKIN {FLAMIN HOT},C038
2304,103,,24,24,0,false,2025-04-06T07:02:47.529Z,,8906010502973,25GM*192 PAPDI GATHIYA,C039
2305,103,,12,12,0,false,2025-04-06T07:02:47.529Z,,8906010503451,22GM*144 NOODLE STICKS MASALA,C040
2306,103,,5,5,0,false,2025-04-06T07:02:47.529Z,,0_7,25GM*120 GIPPI TORNADO FLAMIN CHILLI,V041
2307,103,,32,32,0,false,2025-04-06T07:02:47.529Z,,8906010502232,22GM*240 PUNJABI TADKA,C042
2308,103,,10,10,0,false,2025-04-06T07:02:47.529Z,,8906010500214,25GM*240 SEV MURMURA,C043
2309,103,,30,30,0,false,2025-04-06T07:02:47.529Z,,8906010500245,25GM*240 MASALA SEV MURMURA,C044
2310,103,,5,5,0,false,2025-04-06T07:02:47.529Z,,8906010502041,22GM*240 BHEL MIX,C046
2311,103,,10,10,0,false,2025-04-06T07:02:47.529Z,,8906010503512,135GM*24 CRUNCHEM SIMPLY SALTED WAFERS,C052
2312,103,,5,5,0,false,2025-04-06T07:02:47.529Z,,8906010503529,135GM*24 CRUNCHEM MASALA MASTI WAFERS,C053
2313,103,,10,10,0,false,2025-04-06T07:02:47.529Z,,8906010503550,135GM*24 CRUNCHEM CREAM & ONION WAFERS,C054
2314,103,,10,10,0,false,2025-04-06T07:02:47.529Z,,8906010503482,135GM*24  CRUNCHEM  TOMATO TWIST WAFERS,C056
2315,103,,8,8,0,false,2025-04-06T07:02:47.529Z,,8906010503543,135GM*24 CRUNCHEM CHAT CHASKA WAFERS,C057
2316,103,,10,10,0,false,2025-04-06T07:02:47.529Z,,8906010500511,50GM*120 C.P.NAMKIN (MASALA MASTI),C060
2317,103,,8,8,0,false,2025-04-06T07:02:47.529Z,,8906010500610,50GM*120 C.P.NAMKIN (TANGY TOMATO),C061
2318,103,,48,48,0,false,2025-04-06T07:02:47.529Z,,8906010501242,45GM*72 WHEELOS MASALA,C070
2319,103,,3,3,0,false,2025-04-06T07:02:47.529Z,,8906010502836,45GM*144 PUNJABI TADKA,C078
2320,103,,2,2,0,false,2025-04-06T07:02:47.529Z,,8906010500580,210GM*20 RATLAMI SEV,C086
2321,103,,5,5,0,false,2025-04-06T07:02:47.529Z,,8906010501822,70GM*100 GIPPI MASALA NOODLES,C089
2322,103,,2,2,0,false,2025-04-06T07:02:47.529Z,,8906010500382,240GM*20 TIKHA MITHA MIX,C094
2323,103,,2,2,0,false,2025-04-06T07:02:47.529Z,,8906010500238,250GM*20 MAGDAL,C096
2324,103,,2,2,0,false,2025-04-06T07:02:47.529Z,,8906010500290,210GM*20 SHING BHUJIA,C097
2325,103,,4,4,0,false,2025-04-06T07:02:47.529Z,,8906010502171,300GM*10 GATHIYA,C103
2326,103,,10,10,0,false,2025-04-06T07:02:47.529Z,,8906010500559,22GM*240 MAGDAL,C118
2327,103,,5,5,0,false,2025-04-06T07:02:47.529Z,,8906010500276,22GM*288 SHING BHUJIA,C119
2328,103,,5,5,0,false,2025-04-06T07:02:47.529Z,,8906010500863,22GM*288 NIMBU CHATKA SHING BHUJIA,C120
2329,103,,5,5,0,false,2025-04-06T07:02:47.529Z,,8906010500337,22GM*240 ALOO SEV,C121
2330,103,,3,3,0,false,2025-04-06T07:02:47.529Z,,8906010500429,25GM*240 GATHIYA,C123
2331,103,,2,2,0,false,2025-04-06T07:02:47.529Z,,8906010500221,45GM*144 MAGDAL,C134
2332,103,,5,5,0,false,2025-04-06T07:02:47.529Z,,8906010503949,25GM*240 C.P NAMKIN (LASANIYA),C148
2333,103,,4,4,0,false,2025-04-06T07:02:47.529Z,,8906010503826,30GM*120 RUMBLES HOT CHILI WAFERS,C153
2334,103,,6,6,0,false,2025-04-06T07:02:47.529Z,,8906010504205,22GM*120 SNACK'EM PONGA MASALA,C161
2358,97,,90,90,0,false,2025-04-06T07:02:47.606Z,,8906010500023,15GM*192 CRUNCHEM SIMPLY SALTED WAFERS,C001
2359,97,,30,30,0,false,2025-04-06T07:02:47.606Z,,8906010500481,15GM*192 CRUNCHEM TOMATO TWIST WAFERS,C004
2360,97,,30,30,0,false,2025-04-06T07:02:47.606Z,,8906010500016,30GM*120 CRUNCHEM SIMPLY SALTED WAFERS,C007
2361,97,,5,5,0,false,2025-04-06T07:02:47.606Z,,8906010500870,30GM*120 CRUNCHEM CREAM & ONION WAFERS,C009
2362,97,,5,5,0,false,2025-04-06T07:02:47.606Z,,8906010500498,30GM*120 CRUNCHEM TOMATO TWIST WAFERS,C012
2363,97,,30,30,0,false,2025-04-06T07:02:47.606Z,,8906010502294,22GM*192 AMAIZE FLAMIN' HOT NACHOS,C019
2364,97,,48,48,0,false,2025-04-06T07:02:47.606Z,,8906010501228,22GM*120 SCOOPITOS MASALA,C027
2365,97,,96,96,0,false,2025-04-06T07:02:47.606Z,,8906010500900,22GM*120 WHEELOS MASALA,C032
2366,97,,24,24,0,false,2025-04-06T07:02:47.606Z,,8906010503444,22GM*144 FUNNE SPICY PUNCH,C033
2367,97,,48,48,0,false,2025-04-06T07:02:47.606Z,,8906010500764,25GM*240 C.P.NAMKIN {MASALA MASTI},C035
2368,97,,24,24,0,false,2025-04-06T07:02:47.606Z,,8906010500627,25GM*240 C.P.NAMKIN {TANGY TOMATO},C036
2369,97,,24,24,0,false,2025-04-06T07:02:47.606Z,,8906010502973,25GM*192 PAPDI GATHIYA,C039
2370,97,,48,48,0,false,2025-04-06T07:02:47.606Z,,8906010503451,22GM*144 NOODLE STICKS MASALA,C040
2371,97,,25,25,0,false,2025-04-06T07:02:47.606Z,,0_7,25GM*120 GIPPI TORNADO FLAMIN CHILLI,V041
2372,97,,64,64,0,false,2025-04-06T07:02:47.606Z,,8906010502232,22GM*240 PUNJABI TADKA,C042
2373,97,,90,90,0,false,2025-04-06T07:02:47.606Z,,8906010500245,25GM*240 MASALA SEV MURMURA,C044
2374,97,,10,10,0,false,2025-04-06T07:02:47.606Z,,8906010503512,135GM*24 CRUNCHEM SIMPLY SALTED WAFERS,C052
2375,97,,3,3,0,false,2025-04-06T07:02:47.606Z,,8906010500511,50GM*120 C.P.NAMKIN (MASALA MASTI),C060
2376,97,,2,2,0,false,2025-04-06T07:02:47.606Z,,8906010500610,50GM*120 C.P.NAMKIN (TANGY TOMATO),C061
2377,97,,1,1,0,false,2025-04-06T07:02:47.606Z,,8906010500177,25GM*180 BANANA MAST MASALA WAFERS,C074
2378,97,,2,2,0,false,2025-04-06T07:02:47.606Z,,8906010501259,50GM*120 MASALA SEV MURMURA,C081
2379,97,,3,3,0,false,2025-04-06T07:02:47.606Z,,8906010501860,250GM*12 MASALA SEV MURMURA,C083
2380,97,,5,5,0,false,2025-04-06T07:02:47.606Z,,8906010500320,235GM*20 FARALICHEVDO,C084
2381,97,,1,1,0,false,2025-04-06T07:02:47.606Z,,8906010500580,210GM*20 RATLAMI SEV,C086
2382,97,,90,90,0,false,2025-04-06T07:02:47.606Z,,8906010501822,70GM*100 GIPPI MASALA NOODLES,C089
2383,97,,1,1,0,false,2025-04-06T07:02:47.606Z,,8906010500290,210GM*20 SHING BHUJIA,C097
2384,97,,45,45,0,false,2025-04-06T07:02:47.606Z,,8906010500559,22GM*240 MAGDAL,C118
2385,97,,10,10,0,false,2025-04-06T07:02:47.606Z,,8906010500276,22GM*288 SHING BHUJIA,C119
2386,97,,30,30,0,false,2025-04-06T07:02:47.606Z,,8906010500863,22GM*288 NIMBU CHATKA SHING BHUJIA,C120
2387,97,,2,2,0,false,2025-04-06T07:02:47.606Z,,8906010502065,25GM*240 CLASSIC SEV,C129
2388,97,,24,24,0,false,2025-04-06T07:02:47.606Z,,8906010500078,22GM*240 FARALI CHEVDO,C149
2389,97,,24,24,0,false,2025-04-06T07:02:47.606Z,,8906010504359,22GM*120 SNACK'EM CHOKDI MASALA,C160
2390,97,,6,6,0,false,2025-04-06T07:02:47.606Z,,8906010504205,22GM*120 SNACK'EM PONGA MASALA,C161
2432,95,,10,10,0,false,2025-04-06T07:02:47.683Z,,8906010500023,15GM*192 CRUNCHEM SIMPLY SALTED WAFERS,C001
2433,95,,30,30,0,false,2025-04-06T07:02:47.683Z,,8906010500047,15GM*192 CRUNCHEM MASALA MASTI WAFERS,C002
2434,95,,30,30,0,false,2025-04-06T07:02:47.683Z,,8906010500818,15GM*192 CRUNCHEM CREAM & ONION WAFERS,C003
2435,95,,10,10,0,false,2025-04-06T07:02:47.683Z,,8906010500481,15GM*192 CRUNCHEM TOMATO TWIST WAFERS,C004
2436,95,,15,15,0,false,2025-04-06T07:02:47.683Z,,8906010500474,15GM*192 CRUNCHEM CHAT CHASKA WAFERS,C005
2437,95,,30,30,0,false,2025-04-06T07:02:47.683Z,,8906010502492,15GM*192 CRUNCHEM PERI PERI WAFERS,C006
2438,95,,15,15,0,false,2025-04-06T07:02:47.683Z,,8906010500016,30GM*120 CRUNCHEM SIMPLY SALTED WAFERS,C007
2439,95,,10,10,0,false,2025-04-06T07:02:47.683Z,,8906010500030,30GM*120 CRUNCHEM MASALA MASTI WAFERS,C008
2440,95,,15,15,0,false,2025-04-06T07:02:47.683Z,,8906010500870,30GM*120 CRUNCHEM CREAM & ONION WAFERS,C009
2441,95,,10,10,0,false,2025-04-06T07:02:47.683Z,,8906010501198,30GM*120 CRUNCHEM PIZZY MASALA WAFERS,C010
2442,95,,10,10,0,false,2025-04-06T07:02:47.683Z,,8906010501952,30GM*120 RUMBLES PUDINA TWIST WAFERS,C011
2443,95,,10,10,0,false,2025-04-06T07:02:47.683Z,,8906010500498,30GM*120 CRUNCHEM TOMATO TWIST WAFERS,C012
2444,95,,10,10,0,false,2025-04-06T07:02:47.683Z,,8906010500535,30GM*120 CRUNCHEM CHAT CHASKA WAFERS,C013
2445,95,,10,10,0,false,2025-04-06T07:02:47.683Z,,8906010502508,30GM*120 CRUNCHEM PERI PERI WAFERS,C014
2446,95,,5,5,0,false,2025-04-06T07:02:47.683Z,,8906010500092,30GM*120 CRUNCHEX SALTED WAFERS,C015
2529,137,,15,15,0,false,2025-04-06T07:02:47.941Z,,8906010500870,30GM*120 CRUNCHEM CREAM & ONION WAFERS,C009
2530,137,,15,15,0,false,2025-04-06T07:02:47.941Z,,8906010500498,30GM*120 CRUNCHEM TOMATO TWIST WAFERS,C012
2531,137,,5,5,0,false,2025-04-06T07:02:47.941Z,,8906010500535,30GM*120 CRUNCHEM CHAT CHASKA WAFERS,C013
2532,137,,5,5,0,false,2025-04-06T07:02:47.941Z,,8906010502508,30GM*120 CRUNCHEM PERI PERI WAFERS,C014
2533,137,,15,15,0,false,2025-04-06T07:02:47.941Z,,8906010502294,22GM*192 AMAIZE FLAMIN' HOT NACHOS,C019
2534,137,,12,12,0,false,2025-04-06T07:02:47.941Z,,8906010501228,22GM*120 SCOOPITOS MASALA,C027
2535,137,,5,5,0,false,2025-04-06T07:02:47.941Z,,8906010501419,22GM*144 POP RINGS YUMMY CHEESE,C030
2536,137,,37,24,0,false,2025-04-06T07:02:47.941Z,,8906010500900,22GM*120 WHEELOS MASALA,C032
2537,137,,5,5,0,false,2025-04-06T07:02:47.941Z,,8906010503444,22GM*144 FUNNE SPICY PUNCH,C033
2538,137,,12,12,0,false,2025-04-06T07:02:47.941Z,,8906010500764,25GM*240 C.P.NAMKIN {MASALA MASTI},C035
2539,137,,12,12,0,false,2025-04-06T07:02:47.941Z,,8906010500627,25GM*240 C.P.NAMKIN {TANGY TOMATO},C036
2540,137,,6,6,0,false,2025-04-06T07:02:47.941Z,,8906010502119,25GM*240 C.P.NAMKIN {FLAMIN HOT},C038
2541,137,,12,12,0,false,2025-04-06T07:02:47.941Z,,8906010502973,25GM*192 PAPDI GATHIYA,C039
2353,116,,30,30,0,false,2025-04-06T07:02:47.562Z,,8906010500863,22GM*288 NIMBU CHATKA SHING BHUJIA,C120
2354,116,,32,32,0,false,2025-04-06T07:02:47.562Z,,8906010500429,25GM*240 GATHIYA,C123
2355,116,,25,25,0,false,2025-04-06T07:02:47.562Z,,8906010500702,25GM*240 CHANADAL,C125
2356,116,,10,10,0,false,2025-04-06T07:02:47.562Z,,8906010503420,20GM*288 MASALA PEAS,C126
2357,116,,15,15,0,false,2025-04-06T07:02:47.562Z,,8906010500368,25GM*240 TIKHA MITHA MIX,C127
2391,119,,30,30,0,false,2025-04-06T07:02:47.636Z,,8906010500047,15GM*192 CRUNCHEM MASALA MASTI WAFERS,C002
2392,119,,30,30,0,false,2025-04-06T07:02:47.636Z,,8906010500818,15GM*192 CRUNCHEM CREAM & ONION WAFERS,C003
2393,119,,30,30,0,false,2025-04-06T07:02:47.636Z,,8906010500481,15GM*192 CRUNCHEM TOMATO TWIST WAFERS,C004
2394,119,,30,30,0,false,2025-04-06T07:02:47.636Z,,8906010500474,15GM*192 CRUNCHEM CHAT CHASKA WAFERS,C005
2395,119,,30,30,0,false,2025-04-06T07:02:47.636Z,,8906010502492,15GM*192 CRUNCHEM PERI PERI WAFERS,C006
2396,119,,30,30,0,false,2025-04-06T07:02:47.636Z,,8906010500016,30GM*120 CRUNCHEM SIMPLY SALTED WAFERS,C007
2397,119,,5,5,0,false,2025-04-06T07:02:47.636Z,,8906010500870,30GM*120 CRUNCHEM CREAM & ONION WAFERS,C009
2398,119,,10,10,0,false,2025-04-06T07:02:47.636Z,,8906010501198,30GM*120 CRUNCHEM PIZZY MASALA WAFERS,C010
2399,119,,10,10,0,false,2025-04-06T07:02:47.636Z,,8906010501952,30GM*120 RUMBLES PUDINA TWIST WAFERS,C011
2400,119,,15,15,0,false,2025-04-06T07:02:47.636Z,,8906010500535,30GM*120 CRUNCHEM CHAT CHASKA WAFERS,C013
2401,119,,15,15,0,false,2025-04-06T07:02:47.636Z,,8906010502508,30GM*120 CRUNCHEM PERI PERI WAFERS,C014
2402,119,,15,15,0,false,2025-04-06T07:02:47.636Z,,8906010501570,30GM*120 CRUNCHEX CHILI TADKA WAFERS,C016
2403,119,,35,35,0,false,2025-04-06T07:02:47.636Z,,8906010502294,22GM*192 AMAIZE FLAMIN' HOT NACHOS,C019
2404,119,,3,3,0,false,2025-04-06T07:02:47.636Z,,8906010502300,45GM*120 AMAIZE FLAMIN' HOT NACHOS,C024
2405,119,,48,48,0,false,2025-04-06T07:02:47.636Z,,8906010501228,22GM*120 SCOOPITOS MASALA,C027
2406,119,,72,72,0,false,2025-04-06T07:02:47.636Z,,8906010500900,22GM*120 WHEELOS MASALA,C032
2407,119,,10,10,0,false,2025-04-06T07:02:47.636Z,,8906010500627,25GM*240 C.P.NAMKIN {TANGY TOMATO},C036
2408,119,,10,10,0,false,2025-04-06T07:02:47.636Z,,8906010500894,25GM*240 C.P.NAMKIN {CHINESE CHATKA},C037
2409,119,,12,12,0,false,2025-04-06T07:02:47.636Z,,8906010502119,25GM*240 C.P.NAMKIN {FLAMIN HOT},C038
2410,119,,24,24,0,false,2025-04-06T07:02:47.636Z,,8906010502973,25GM*192 PAPDI GATHIYA,C039
2411,119,,12,12,0,false,2025-04-06T07:02:47.636Z,,8906010503451,22GM*144 NOODLE STICKS MASALA,C040
2412,119,,20,20,0,false,2025-04-06T07:02:47.636Z,,0_7,25GM*120 GIPPI TORNADO FLAMIN CHILLI,V041
2413,119,,32,32,0,false,2025-04-06T07:02:47.636Z,,8906010502232,22GM*240 PUNJABI TADKA,C042
2414,119,,15,15,0,false,2025-04-06T07:02:47.636Z,,8906010500214,25GM*240 SEV MURMURA,C043
2415,119,,60,60,0,false,2025-04-06T07:02:47.636Z,,8906010500245,25GM*240 MASALA SEV MURMURA,C044
2416,119,,1,1,0,false,2025-04-06T07:02:47.636Z,,8906010502607,65GM*72 CRUNCHEM MASALA MASTI WAFERS,C048
2417,119,,1,1,0,false,2025-04-06T07:02:47.636Z,,8906010503628,65GM*72 CRUNCHEM TOMATO TWIST WAFERS,C051
2418,119,,3,3,0,false,2025-04-06T07:02:47.636Z,,8906010503512,135GM*24 CRUNCHEM SIMPLY SALTED WAFERS,C052
2419,119,,2,2,0,false,2025-04-06T07:02:47.636Z,,8906010502133,25GM*240 CHANA JOR GARAM,C076
2420,119,,15,20,0,false,2025-04-06T07:02:47.636Z,,8906010501822,70GM*100 GIPPI MASALA NOODLES,C089
2421,119,,15,15,0,false,2025-04-06T07:02:47.636Z,,8906010500559,22GM*240 MAGDAL,C118
2422,119,,15,15,0,false,2025-04-06T07:02:47.636Z,,8906010500276,22GM*288 SHING BHUJIA,C119
2423,119,,15,15,0,false,2025-04-06T07:02:47.636Z,,8906010500863,22GM*288 NIMBU CHATKA SHING BHUJIA,C120
2424,119,,15,15,0,false,2025-04-06T07:02:47.636Z,,8906010500337,22GM*240 ALOO SEV,C121
2425,119,,8,8,0,false,2025-04-06T07:02:47.636Z,,8906010500429,25GM*240 GATHIYA,C123
2426,119,,1,1,0,false,2025-04-06T07:02:47.636Z,,8906010500436,50GM*144 GATHIYA,C138
2427,119,,15,15,0,false,2025-04-06T07:02:47.636Z,,8906010503949,25GM*240 C.P NAMKIN (LASANIYA),C148
2428,119,,12,12,0,false,2025-04-06T07:02:47.636Z,,8906010500078,22GM*240 FARALI CHEVDO,C149
2429,119,,1,1,0,false,2025-04-06T07:02:47.636Z,,8906010500412,45GM*180 NIMBU CHATKA SHING BHUJIA,V157
2430,119,,12,12,0,false,2025-04-06T07:02:47.636Z,,8906010504359,22GM*120 SNACK'EM CHOKDI MASALA,C160
2431,119,,5,5,0,false,2025-04-06T07:02:47.636Z,,8906010504281,13GM*24PKT*12JAR OLEE CHOCO STIX,EOO1
2447,120,,60,60,0,false,2025-04-06T07:02:47.711Z,,8906010500023,15GM*192 CRUNCHEM SIMPLY SALTED WAFERS,C001
2448,120,,30,30,0,false,2025-04-06T07:02:47.711Z,,8906010500047,15GM*192 CRUNCHEM MASALA MASTI WAFERS,C002
2449,120,,90,90,0,false,2025-04-06T07:02:47.711Z,,8906010500818,15GM*192 CRUNCHEM CREAM & ONION WAFERS,C003
2450,120,,60,60,0,false,2025-04-06T07:02:47.711Z,,8906010500481,15GM*192 CRUNCHEM TOMATO TWIST WAFERS,C004
2451,120,,60,60,0,false,2025-04-06T07:02:47.711Z,,8906010500474,15GM*192 CRUNCHEM CHAT CHASKA WAFERS,C005
2452,120,,30,30,0,false,2025-04-06T07:02:47.711Z,,8906010502492,15GM*192 CRUNCHEM PERI PERI WAFERS,C006
2453,120,,15,15,0,false,2025-04-06T07:02:47.711Z,,8906010502294,22GM*192 AMAIZE FLAMIN' HOT NACHOS,C019
2454,120,,48,48,0,false,2025-04-06T07:02:47.711Z,,8906010501228,22GM*120 SCOOPITOS MASALA,C027
2455,120,,10,10,0,false,2025-04-06T07:02:47.711Z,,8906010500269,22GM*144 POP RINGS MASALA,C029
2456,120,,10,10,0,false,2025-04-06T07:02:47.711Z,,8906010501419,22GM*144 POP RINGS YUMMY CHEESE,C030
2457,120,,6,6,0,false,2025-04-06T07:02:47.711Z,,8906010504724,22GM*120 SNACK'EM PONGA PLAIN,C031
2458,120,,24,24,0,false,2025-04-06T07:02:47.711Z,,8906010500900,22GM*120 WHEELOS MASALA,C032
2459,120,,6,6,0,false,2025-04-06T07:02:47.711Z,,8906010501327,22GM*240 YUMSTIX CHATPATA MASALA,C034
2460,120,,48,48,0,false,2025-04-06T07:02:47.711Z,,8906010500764,25GM*240 C.P.NAMKIN {MASALA MASTI},C035
2461,120,,24,24,0,false,2025-04-06T07:02:47.711Z,,8906010500627,25GM*240 C.P.NAMKIN {TANGY TOMATO},C036
2462,120,,10,10,0,false,2025-04-06T07:02:47.711Z,,8906010500894,25GM*240 C.P.NAMKIN {CHINESE CHATKA},C037
2463,120,,24,24,0,false,2025-04-06T07:02:47.711Z,,8906010502119,25GM*240 C.P.NAMKIN {FLAMIN HOT},C038
2464,120,,6,6,0,false,2025-04-06T07:02:47.711Z,,8906010502973,25GM*192 PAPDI GATHIYA,C039
2465,120,,6,6,0,false,2025-04-06T07:02:47.711Z,,8906010503451,22GM*144 NOODLE STICKS MASALA,C040
2466,120,,10,10,0,false,2025-04-06T07:02:47.711Z,,0_7,25GM*120 GIPPI TORNADO FLAMIN CHILLI,V041
2467,120,,32,32,0,false,2025-04-06T07:02:47.711Z,,8906010502232,22GM*240 PUNJABI TADKA,C042
2468,120,,15,15,0,false,2025-04-06T07:02:47.711Z,,8906010500245,25GM*240 MASALA SEV MURMURA,C044
2469,120,,15,15,0,false,2025-04-06T07:02:47.711Z,,8906010502041,22GM*240 BHEL MIX,C046
2470,120,,1,1,0,false,2025-04-06T07:02:47.711Z,,8906010502607,65GM*72 CRUNCHEM MASALA MASTI WAFERS,C048
2471,120,,1,1,0,false,2025-04-06T07:02:47.711Z,,8906010503628,65GM*72 CRUNCHEM TOMATO TWIST WAFERS,C051
2472,120,,2,2,0,false,2025-04-06T07:02:47.711Z,,8906010500320,235GM*20 FARALICHEVDO,C084
2473,120,,2,2,0,false,2025-04-06T07:02:47.711Z,,8906010500580,210GM*20 RATLAMI SEV,C086
2474,120,,10,10,0,false,2025-04-06T07:02:47.711Z,,8906010501822,70GM*100 GIPPI MASALA NOODLES,C089
2475,120,,2,2,0,false,2025-04-06T07:02:47.711Z,,8906010502256,500GM*10 MAGDAL,C108
2476,120,,55,55,0,false,2025-04-06T07:02:47.711Z,,8906010500559,22GM*240 MAGDAL,C118
2477,120,,5,5,0,false,2025-04-06T07:02:47.711Z,,8906010500276,22GM*288 SHING BHUJIA,C119
2478,120,,30,30,0,false,2025-04-06T07:02:47.711Z,,8906010500863,22GM*288 NIMBU CHATKA SHING BHUJIA,C120
2479,120,,30,30,0,false,2025-04-06T07:02:47.711Z,,8906010500337,22GM*240 ALOO SEV,C121
2480,120,,3,3,0,false,2025-04-06T07:02:47.711Z,,8906010500429,25GM*240 GATHIYA,C123
2481,120,,10,10,0,false,2025-04-06T07:02:47.711Z,,8906010500702,25GM*240 CHANADAL,C125
2482,120,,15,15,0,false,2025-04-06T07:02:47.711Z,,8906010503420,20GM*288 MASALA PEAS,C126
2483,120,,5,5,0,false,2025-04-06T07:02:47.711Z,,8906010500368,25GM*240 TIKHA MITHA MIX,C127
2484,120,,1,1,0,false,2025-04-06T07:02:47.711Z,,8906010500221,45GM*144 MAGDAL,C134
2485,120,,12,12,0,false,2025-04-06T07:02:47.711Z,,8906010500078,22GM*240 FARALI CHEVDO,C149
2486,120,,1,1,0,false,2025-04-06T07:02:47.711Z,,8906010504250,22GM*240 KATAK BATAK DESI MASALA,C155
2487,120,,2,2,0,false,2025-04-06T07:02:47.711Z,,8906010504359,22GM*120 SNACK'EM CHOKDI MASALA,C160
2488,120,,10,10,0,false,2025-04-06T07:02:47.711Z,,8906010504298,70GM*100 GIPPI FLAMIN' CHILLI NOODLES,C187
2489,121,,30,30,0,false,2025-04-06T07:02:47.785Z,,8906010500023,15GM*192 CRUNCHEM SIMPLY SALTED WAFERS,C001
2490,121,,10,10,0,false,2025-04-06T07:02:47.785Z,,8906010500047,15GM*192 CRUNCHEM MASALA MASTI WAFERS,C002
2491,121,,30,30,0,false,2025-04-06T07:02:47.785Z,,8906010500818,15GM*192 CRUNCHEM CREAM & ONION WAFERS,C003
2492,121,,30,30,0,false,2025-04-06T07:02:47.785Z,,8906010500481,15GM*192 CRUNCHEM TOMATO TWIST WAFERS,C004
2493,121,,10,10,0,false,2025-04-06T07:02:47.785Z,,8906010500474,15GM*192 CRUNCHEM CHAT CHASKA WAFERS,C005
2494,121,,5,5,0,false,2025-04-06T07:02:47.785Z,,8906010500016,30GM*120 CRUNCHEM SIMPLY SALTED WAFERS,C007
2495,121,,5,5,0,false,2025-04-06T07:02:47.785Z,,8906010500030,30GM*120 CRUNCHEM MASALA MASTI WAFERS,C008
2496,121,,5,5,0,false,2025-04-06T07:02:47.785Z,,8906010500870,30GM*120 CRUNCHEM CREAM & ONION WAFERS,C009
2497,121,,5,5,0,false,2025-04-06T07:02:47.785Z,,8906010500498,30GM*120 CRUNCHEM TOMATO TWIST WAFERS,C012
2498,121,,3,3,0,false,2025-04-06T07:02:47.785Z,,8906010500535,30GM*120 CRUNCHEM CHAT CHASKA WAFERS,C013
2499,121,,2,2,0,false,2025-04-06T07:02:47.785Z,,8906010500092,30GM*120 CRUNCHEX SALTED WAFERS,C015
2500,121,,100,100,0,false,2025-04-06T07:02:47.937Z,,8906010502294,22GM*192 AMAIZE FLAMIN' HOT NACHOS,C019
2501,121,,24,24,0,false,2025-04-06T07:02:47.937Z,,8906010501228,22GM*120 SCOOPITOS MASALA,C027
2502,121,,5,5,0,false,2025-04-06T07:02:47.937Z,,8906010500269,22GM*144 POP RINGS MASALA,C029
2503,121,,5,5,0,false,2025-04-06T07:02:47.937Z,,8906010501419,22GM*144 POP RINGS YUMMY CHEESE,C030
2504,121,,45,48,0,false,2025-04-06T07:02:47.937Z,,8906010500900,22GM*120 WHEELOS MASALA,C032
2505,121,,24,24,0,false,2025-04-06T07:02:47.937Z,,8906010500764,25GM*240 C.P.NAMKIN {MASALA MASTI},C035
2506,121,,48,48,0,false,2025-04-06T07:02:47.937Z,,8906010500627,25GM*240 C.P.NAMKIN {TANGY TOMATO},C036
2507,121,,30,30,0,false,2025-04-06T07:02:47.937Z,,8906010500894,25GM*240 C.P.NAMKIN {CHINESE CHATKA},C037
2508,121,,24,24,0,false,2025-04-06T07:02:47.937Z,,8906010502119,25GM*240 C.P.NAMKIN {FLAMIN HOT},C038
2509,121,,12,20,0,false,2025-04-06T07:02:47.937Z,,0_7,25GM*120 GIPPI TORNADO FLAMIN CHILLI,V041
2510,121,,96,96,0,false,2025-04-06T07:02:47.937Z,,8906010502232,22GM*240 PUNJABI TADKA,C042
2511,121,,30,30,0,false,2025-04-06T07:02:47.937Z,,8906010500214,25GM*240 SEV MURMURA,C043
2512,121,,90,90,0,false,2025-04-06T07:02:47.937Z,,8906010500245,25GM*240 MASALA SEV MURMURA,C044
2513,121,,3,3,0,false,2025-04-06T07:02:47.937Z,,8906010502041,22GM*240 BHEL MIX,C046
2514,121,,1,1,0,false,2025-04-06T07:02:47.937Z,,8906010500610,50GM*120 C.P.NAMKIN (TANGY TOMATO),C061
2515,121,,2,2,0,false,2025-04-06T07:02:47.937Z,,8906010503697,240GM*20 KHATA MITHA MIX,C093
2516,121,,5,5,0,false,2025-04-06T07:02:47.937Z,,8906010500382,240GM*20 TIKHA MITHA MIX,C094
2517,121,,2,2,0,false,2025-04-06T07:02:47.937Z,,8906010500566,500GM*10 TIKHA MITHA MIX,C104
2518,121,,45,45,0,false,2025-04-06T07:02:47.937Z,,8906010500559,22GM*240 MAGDAL,C118
2519,121,,30,30,0,false,2025-04-06T07:02:47.937Z,,8906010500276,22GM*288 SHING BHUJIA,C119
2520,121,,30,30,0,false,2025-04-06T07:02:47.937Z,,8906010500863,22GM*288 NIMBU CHATKA SHING BHUJIA,C120
2521,121,,10,10,0,false,2025-04-06T07:02:47.937Z,,8906010500337,22GM*240 ALOO SEV,C121
2522,121,,10,10,0,false,2025-04-06T07:02:47.937Z,,8906010500702,25GM*240 CHANADAL,C125
2523,121,,30,30,0,false,2025-04-06T07:02:47.937Z,,8906010500368,25GM*240 TIKHA MITHA MIX,C127
2524,121,,5,5,0,false,2025-04-06T07:02:47.937Z,,8906010500399,25GM*240 KHATA MITHA MIX,C128
2525,121,,3,3,0,false,2025-04-06T07:02:47.937Z,,8906010502065,25GM*240 CLASSIC SEV,C129
2526,121,,10,10,0,false,2025-04-06T07:02:47.937Z,,8906010503949,25GM*240 C.P NAMKIN (LASANIYA),C148
2527,121,,24,24,0,false,2025-04-06T07:02:47.937Z,,8906010500078,22GM*240 FARALI CHEVDO,C149
2528,121,,3,3,0,false,2025-04-06T07:02:47.937Z,,8906010504359,22GM*120 SNACK'EM CHOKDI MASALA,C160
2562,118,,30,30,0,false,2025-04-06T07:02:48.011Z,,8906010500023,15GM*192 CRUNCHEM SIMPLY SALTED WAFERS,C001
2563,118,,30,30,0,false,2025-04-06T07:02:48.011Z,,8906010500047,15GM*192 CRUNCHEM MASALA MASTI WAFERS,C002
2564,118,,60,60,0,false,2025-04-06T07:02:48.011Z,,8906010500818,15GM*192 CRUNCHEM CREAM & ONION WAFERS,C003
2565,118,,30,30,0,false,2025-04-06T07:02:48.011Z,,8906010500474,15GM*192 CRUNCHEM CHAT CHASKA WAFERS,C005
2566,118,,30,30,0,false,2025-04-06T07:02:48.011Z,,8906010502492,15GM*192 CRUNCHEM PERI PERI WAFERS,C006
2567,118,,60,60,0,false,2025-04-06T07:02:48.011Z,,8906010500016,30GM*120 CRUNCHEM SIMPLY SALTED WAFERS,C007
2568,118,,30,30,0,false,2025-04-06T07:02:48.011Z,,8906010500030,30GM*120 CRUNCHEM MASALA MASTI WAFERS,C008
2542,137,,6,6,0,false,2025-04-06T07:02:47.941Z,,8906010503451,22GM*144 NOODLE STICKS MASALA,C040
2543,137,,3,3,0,false,2025-04-06T07:02:47.941Z,,0_7,25GM*120 GIPPI TORNADO FLAMIN CHILLI,V041
2544,137,,16,16,0,false,2025-04-06T07:02:47.941Z,,8906010502232,22GM*240 PUNJABI TADKA,C042
2545,137,,2,2,0,false,2025-04-06T07:02:47.941Z,,8906010500214,25GM*240 SEV MURMURA,C043
2546,137,,5,5,0,false,2025-04-06T07:02:47.941Z,,8906010500245,25GM*240 MASALA SEV MURMURA,C044
2547,137,,2,2,0,false,2025-04-06T07:02:47.941Z,,8906010502041,22GM*240 BHEL MIX,C046
2548,137,,10,10,0,false,2025-04-06T07:02:47.941Z,,8906010503512,135GM*24 CRUNCHEM SIMPLY SALTED WAFERS,C052
2549,137,,5,5,0,false,2025-04-06T07:02:47.941Z,,8906010503550,135GM*24 CRUNCHEM CREAM & ONION WAFERS,C054
2550,137,,5,5,0,false,2025-04-06T07:02:47.941Z,,8906010503482,135GM*24  CRUNCHEM  TOMATO TWIST WAFERS,C056
2551,137,,4,4,0,false,2025-04-06T07:02:47.941Z,,8906010503543,135GM*24 CRUNCHEM CHAT CHASKA WAFERS,C057
2552,137,,3,3,0,false,2025-04-06T07:02:47.941Z,,8906010500511,50GM*120 C.P.NAMKIN (MASALA MASTI),C060
2553,137,,3,3,0,false,2025-04-06T07:02:47.941Z,,8906010500610,50GM*120 C.P.NAMKIN (TANGY TOMATO),C061
2554,137,,12,12,0,false,2025-04-06T07:02:47.941Z,,8906010501242,45GM*72 WHEELOS MASALA,C070
2555,137,,2,2,0,false,2025-04-06T07:02:47.941Z,,8906010503772,50GM*120 PAPDI GATHIYA,C077
2556,137,,10,10,0,false,2025-04-06T07:02:47.941Z,,8906010500559,22GM*240 MAGDAL,C118
2557,137,,5,5,0,false,2025-04-06T07:02:47.941Z,,8906010500276,22GM*288 SHING BHUJIA,C119
2558,137,,5,5,0,false,2025-04-06T07:02:47.941Z,,8906010500863,22GM*288 NIMBU CHATKA SHING BHUJIA,C120
2559,137,,5,5,0,false,2025-04-06T07:02:47.941Z,,8906010500337,22GM*240 ALOO SEV,C121
2560,137,,4,4,0,false,2025-04-06T07:02:47.941Z,,8906010500078,22GM*240 FARALI CHEVDO,C149
2561,137,,2,2,0,false,2025-04-06T07:02:47.941Z,,8906010504359,22GM*120 SNACK'EM CHOKDI MASALA,C160
2595,135,,30,30,0,false,2025-04-06T07:02:48.017Z,,8906010500023,15GM*192 CRUNCHEM SIMPLY SALTED WAFERS,C001
2596,135,,5,5,0,false,2025-04-06T07:02:48.017Z,,8906010500047,15GM*192 CRUNCHEM MASALA MASTI WAFERS,C002
2597,135,,15,15,0,false,2025-04-06T07:02:48.017Z,,8906010500818,15GM*192 CRUNCHEM CREAM & ONION WAFERS,C003
2598,135,,15,15,0,false,2025-04-06T07:02:48.017Z,,8906010500481,15GM*192 CRUNCHEM TOMATO TWIST WAFERS,C004
2599,135,,5,5,0,false,2025-04-06T07:02:48.017Z,,8906010500474,15GM*192 CRUNCHEM CHAT CHASKA WAFERS,C005
2600,135,,60,60,0,false,2025-04-06T07:02:48.017Z,,8906010500016,30GM*120 CRUNCHEM SIMPLY SALTED WAFERS,C007
2601,135,,30,30,0,false,2025-04-06T07:02:48.017Z,,8906010500870,30GM*120 CRUNCHEM CREAM & ONION WAFERS,C009
2602,135,,30,30,0,false,2025-04-06T07:02:48.017Z,,8906010500498,30GM*120 CRUNCHEM TOMATO TWIST WAFERS,C012
2603,135,,30,30,0,false,2025-04-06T07:02:48.017Z,,8906010500535,30GM*120 CRUNCHEM CHAT CHASKA WAFERS,C013
2604,135,,20,20,0,false,2025-04-06T07:02:48.017Z,,8906010502294,22GM*192 AMAIZE FLAMIN' HOT NACHOS,C019
2605,135,,24,24,0,false,2025-04-06T07:02:48.017Z,,8906010501228,22GM*120 SCOOPITOS MASALA,C027
2606,135,,5,5,0,false,2025-04-06T07:02:48.017Z,,8906010500269,22GM*144 POP RINGS MASALA,C029
2607,135,,10,10,0,false,2025-04-06T07:02:48.017Z,,8906010501419,22GM*144 POP RINGS YUMMY CHEESE,C030
2608,135,,84,72,0,false,2025-04-06T07:02:48.017Z,,8906010500900,22GM*120 WHEELOS MASALA,C032
2609,135,,48,48,0,false,2025-04-06T07:02:48.017Z,,8906010500764,25GM*240 C.P.NAMKIN {MASALA MASTI},C035
2610,135,,24,24,0,false,2025-04-06T07:02:48.017Z,,8906010500627,25GM*240 C.P.NAMKIN {TANGY TOMATO},C036
2611,135,,15,15,0,false,2025-04-06T07:02:48.017Z,,8906010500894,25GM*240 C.P.NAMKIN {CHINESE CHATKA},C037
2612,135,,48,48,0,false,2025-04-06T07:02:48.017Z,,8906010502119,25GM*240 C.P.NAMKIN {FLAMIN HOT},C038
2613,135,,24,24,0,false,2025-04-06T07:02:48.017Z,,8906010502973,25GM*192 PAPDI GATHIYA,C039
2614,135,,6,6,0,false,2025-04-06T07:02:48.017Z,,8906010503451,22GM*144 NOODLE STICKS MASALA,C040
2615,135,,32,32,0,false,2025-04-06T07:02:48.017Z,,8906010502232,22GM*240 PUNJABI TADKA,C042
2616,135,,15,15,0,false,2025-04-06T07:02:48.017Z,,8906010500214,25GM*240 SEV MURMURA,C043
2617,135,,30,30,0,false,2025-04-06T07:02:48.017Z,,8906010500245,25GM*240 MASALA SEV MURMURA,C044
2618,135,,15,15,0,false,2025-04-06T07:02:48.017Z,,8906010502041,22GM*240 BHEL MIX,C046
2619,135,,30,30,0,false,2025-04-06T07:02:48.017Z,,8906010503512,135GM*24 CRUNCHEM SIMPLY SALTED WAFERS,C052
2620,135,,30,30,0,false,2025-04-06T07:02:48.017Z,,8906010503550,135GM*24 CRUNCHEM CREAM & ONION WAFERS,C054
2621,135,,5,5,0,false,2025-04-06T07:02:48.017Z,,8906010503482,135GM*24  CRUNCHEM  TOMATO TWIST WAFERS,C056
2622,135,,10,10,0,false,2025-04-06T07:02:48.017Z,,8906010500511,50GM*120 C.P.NAMKIN (MASALA MASTI),C060
2623,135,,48,48,0,false,2025-04-06T07:02:48.017Z,,8906010501242,45GM*72 WHEELOS MASALA,C070
2624,135,,5,5,0,false,2025-04-06T07:02:48.017Z,,8906010501488,45GM*90 POP RINGS MASALA,C071
2625,135,,10,10,0,false,2025-04-06T07:02:48.017Z,,8906010501495,45GM*90 POP RINGS YUMMY CHEESE,C072
2626,135,,4,4,0,false,2025-04-06T07:02:48.017Z,,8906010502133,25GM*240 CHANA JOR GARAM,C076
2627,135,,3,3,0,false,2025-04-06T07:02:48.017Z,,8906010500542,50GM*120 SEV MURMURA,C080
2628,135,,10,10,0,false,2025-04-06T07:02:48.017Z,,8906010501259,50GM*120 MASALA SEV MURMURA,C081
2629,135,,2,2,0,false,2025-04-06T07:02:48.017Z,,8906010501853,250GM*12 SEV MURMURA,C082
2630,135,,2,2,0,false,2025-04-06T07:02:48.017Z,,8906010501860,250GM*12 MASALA SEV MURMURA,C083
2631,135,,10,10,0,false,2025-04-06T07:02:48.017Z,,8906010500559,22GM*240 MAGDAL,C118
2632,135,,2,2,0,false,2025-04-06T07:02:48.017Z,,8906010500276,22GM*288 SHING BHUJIA,C119
2633,135,,5,5,0,false,2025-04-06T07:02:48.017Z,,8906010500337,22GM*240 ALOO SEV,C121
2634,135,,10,10,0,false,2025-04-06T07:02:48.017Z,,8906010503420,20GM*288 MASALA PEAS,C126
2635,135,,5,5,0,false,2025-04-06T07:02:48.017Z,,8906010500368,25GM*240 TIKHA MITHA MIX,C127
2636,135,,1,1,0,false,2025-04-06T07:02:48.017Z,,8906010500221,45GM*144 MAGDAL,C134
2637,135,,2,2,0,false,2025-04-06T07:02:48.017Z,,8906010500344,45GM*180 ALOO SEV,C136
2638,135,,10,10,0,false,2025-04-06T07:02:48.017Z,,8906010503949,25GM*240 C.P NAMKIN (LASANIYA),C148
2639,135,,3,3,0,false,2025-04-06T07:02:48.017Z,,8906010504281,13GM*24PKT*12JAR OLEE CHOCO STIX,EOO1
2692,145,,10,10,0,false,2025-04-06T07:02:48.095Z,,8906010500047,15GM*192 CRUNCHEM MASALA MASTI WAFERS,C002
2693,145,,5,5,0,false,2025-04-06T07:02:48.095Z,,8906010500818,15GM*192 CRUNCHEM CREAM & ONION WAFERS,C003
2569,118,,60,60,0,false,2025-04-06T07:02:48.011Z,,8906010500870,30GM*120 CRUNCHEM CREAM & ONION WAFERS,C009
2570,118,,30,30,0,false,2025-04-06T07:02:48.011Z,,8906010501198,30GM*120 CRUNCHEM PIZZY MASALA WAFERS,C010
2571,118,,15,15,0,false,2025-04-06T07:02:48.011Z,,8906010501952,30GM*120 RUMBLES PUDINA TWIST WAFERS,C011
2572,118,,15,15,0,false,2025-04-06T07:02:48.011Z,,8906010500498,30GM*120 CRUNCHEM TOMATO TWIST WAFERS,C012
2573,118,,30,30,0,false,2025-04-06T07:02:48.011Z,,8906010500535,30GM*120 CRUNCHEM CHAT CHASKA WAFERS,C013
2574,118,,30,30,0,false,2025-04-06T07:02:48.011Z,,8906010502508,30GM*120 CRUNCHEM PERI PERI WAFERS,C014
2575,118,,30,30,0,false,2025-04-06T07:02:48.011Z,,8906010501570,30GM*120 CRUNCHEX CHILI TADKA WAFERS,C016
2576,118,,70,48,0,false,2025-04-06T07:02:48.011Z,,8906010500900,22GM*120 WHEELOS MASALA,C032
2577,118,,5,5,0,false,2025-04-06T07:02:48.011Z,,8906010503529,135GM*24 CRUNCHEM MASALA MASTI WAFERS,C053
2578,118,,10,10,0,false,2025-04-06T07:02:48.011Z,,8906010503550,135GM*24 CRUNCHEM CREAM & ONION WAFERS,C054
2579,118,,5,5,0,false,2025-04-06T07:02:48.011Z,,8906010503109,135GM*24 RUMBLES PUDINA TWIST WAFERS,C055
2580,118,,5,5,0,false,2025-04-06T07:02:48.011Z,,8906010503604,135GM*24 CRUNCHEX SALTED WAFERS,C058
2581,118,,4,4,0,false,2025-04-06T07:02:48.011Z,,8906010500511,50GM*120 C.P.NAMKIN (MASALA MASTI),C060
2582,118,,4,4,0,false,2025-04-06T07:02:48.011Z,,8906010500610,50GM*120 C.P.NAMKIN (TANGY TOMATO),C061
2583,118,,12,12,0,false,2025-04-06T07:02:48.011Z,,8906010501242,45GM*72 WHEELOS MASALA,C070
2584,118,,5,5,0,false,2025-04-06T07:02:48.011Z,,8906010500566,500GM*10 TIKHA MITHA MIX,C104
2585,118,,5,5,0,false,2025-04-06T07:02:48.011Z,,8906010500559,22GM*240 MAGDAL,C118
2586,118,,5,5,0,false,2025-04-06T07:02:48.011Z,,8906010500337,22GM*240 ALOO SEV,C121
2587,118,,5,5,0,false,2025-04-06T07:02:48.011Z,,8906010500368,25GM*240 TIKHA MITHA MIX,C127
2588,118,,2,2,0,false,2025-04-06T07:02:48.011Z,,8906010502263,25GM*240 NAVRATAN MIX,C132
2589,118,,15,15,0,false,2025-04-06T07:02:48.011Z,,8906010503949,25GM*240 C.P NAMKIN (LASANIYA),C148
2590,118,,10,10,0,false,2025-04-06T07:02:48.011Z,,8906010503826,30GM*120 RUMBLES HOT CHILI WAFERS,C153
2591,118,,5,5,0,false,2025-04-06T07:02:48.011Z,,8906010504205,22GM*120 SNACK'EM PONGA MASALA,C161
2592,118,,60,60,0,false,2025-04-06T07:02:48.011Z,,8906010502294,22GM*192 AMAIZE FLAMIN' HOT NACHOS,C019
2593,118,,48,48,0,false,2025-04-06T07:02:48.011Z,,8906010500764,25GM*240 C.P.NAMKIN {MASALA MASTI},C035
2594,118,,30,30,0,false,2025-04-06T07:02:48.011Z,,8906010500894,25GM*240 C.P.NAMKIN {CHINESE CHATKA},C037
2640,127,,30,30,0,false,2025-04-06T07:02:48.086Z,,8906010500023,15GM*192 CRUNCHEM SIMPLY SALTED WAFERS,C001
2641,127,,10,10,0,false,2025-04-06T07:02:48.086Z,,8906010500047,15GM*192 CRUNCHEM MASALA MASTI WAFERS,C002
2642,127,,30,30,0,false,2025-04-06T07:02:48.086Z,,8906010500818,15GM*192 CRUNCHEM CREAM & ONION WAFERS,C003
2643,127,,30,30,0,false,2025-04-06T07:02:48.086Z,,8906010500481,15GM*192 CRUNCHEM TOMATO TWIST WAFERS,C004
2644,127,,10,10,0,false,2025-04-06T07:02:48.086Z,,8906010500474,15GM*192 CRUNCHEM CHAT CHASKA WAFERS,C005
2645,127,,5,5,0,false,2025-04-06T07:02:48.086Z,,8906010502492,15GM*192 CRUNCHEM PERI PERI WAFERS,C006
2646,127,,30,30,0,false,2025-04-06T07:02:48.086Z,,8906010500016,30GM*120 CRUNCHEM SIMPLY SALTED WAFERS,C007
2647,127,,15,15,0,false,2025-04-06T07:02:48.086Z,,8906010500030,30GM*120 CRUNCHEM MASALA MASTI WAFERS,C008
2648,127,,30,30,0,false,2025-04-06T07:02:48.086Z,,8906010500870,30GM*120 CRUNCHEM CREAM & ONION WAFERS,C009
2649,127,,15,15,0,false,2025-04-06T07:02:48.086Z,,8906010501198,30GM*120 CRUNCHEM PIZZY MASALA WAFERS,C010
2650,127,,15,15,0,false,2025-04-06T07:02:48.086Z,,8906010501952,30GM*120 RUMBLES PUDINA TWIST WAFERS,C011
2651,127,,30,30,0,false,2025-04-06T07:02:48.086Z,,8906010500498,30GM*120 CRUNCHEM TOMATO TWIST WAFERS,C012
2652,127,,15,15,0,false,2025-04-06T07:02:48.086Z,,8906010500535,30GM*120 CRUNCHEM CHAT CHASKA WAFERS,C013
2653,127,,15,15,0,false,2025-04-06T07:02:48.086Z,,8906010502508,30GM*120 CRUNCHEM PERI PERI WAFERS,C014
2654,127,,15,15,0,false,2025-04-06T07:02:48.086Z,,8906010501570,30GM*120 CRUNCHEX CHILI TADKA WAFERS,C016
2655,127,,20,20,0,false,2025-04-06T07:02:48.086Z,,8906010502294,22GM*192 AMAIZE FLAMIN' HOT NACHOS,C019
2656,127,,30,30,0,false,2025-04-06T07:02:48.086Z,,8906010502300,45GM*120 AMAIZE FLAMIN' HOT NACHOS,C024
2657,127,,24,24,0,false,2025-04-06T07:02:48.086Z,,8906010501228,22GM*120 SCOOPITOS MASALA,C027
2658,127,,4,4,0,false,2025-04-06T07:02:48.086Z,,8906010503222,22GM*144 POP RINGS SHAPES,C028
2659,127,,10,10,0,false,2025-04-06T07:02:48.086Z,,8906010500269,22GM*144 POP RINGS MASALA,C029
2660,127,,10,10,0,false,2025-04-06T07:02:48.086Z,,8906010501419,22GM*144 POP RINGS YUMMY CHEESE,C030
2661,127,,96,96,0,false,2025-04-06T07:02:48.086Z,,8906010500900,22GM*120 WHEELOS MASALA,C032
2662,127,,12,12,0,false,2025-04-06T07:02:48.086Z,,8906010503444,22GM*144 FUNNE SPICY PUNCH,C033
2663,127,,24,24,0,false,2025-04-06T07:02:48.086Z,,8906010500764,25GM*240 C.P.NAMKIN {MASALA MASTI},C035
2664,127,,24,24,0,false,2025-04-06T07:02:48.086Z,,8906010500627,25GM*240 C.P.NAMKIN {TANGY TOMATO},C036
2665,127,,15,15,0,false,2025-04-06T07:02:48.086Z,,8906010500894,25GM*240 C.P.NAMKIN {CHINESE CHATKA},C037
2666,127,,24,24,0,false,2025-04-06T07:02:48.086Z,,8906010502119,25GM*240 C.P.NAMKIN {FLAMIN HOT},C038
2667,127,,24,24,0,false,2025-04-06T07:02:48.086Z,,8906010502973,25GM*192 PAPDI GATHIYA,C039
2668,127,,32,32,0,false,2025-04-06T07:02:48.086Z,,8906010502232,22GM*240 PUNJABI TADKA,C042
2669,127,,15,15,0,false,2025-04-06T07:02:48.086Z,,8906010500214,25GM*240 SEV MURMURA,C043
2670,127,,30,30,0,false,2025-04-06T07:02:48.086Z,,8906010500245,25GM*240 MASALA SEV MURMURA,C044
2671,127,,10,10,0,false,2025-04-06T07:02:48.086Z,,8906010502041,22GM*240 BHEL MIX,C046
2672,127,,10,10,0,false,2025-04-06T07:02:48.086Z,,8906010503512,135GM*24 CRUNCHEM SIMPLY SALTED WAFERS,C052
2673,127,,10,10,0,false,2025-04-06T07:02:48.086Z,,8906010503529,135GM*24 CRUNCHEM MASALA MASTI WAFERS,C053
2674,127,,15,15,0,false,2025-04-06T07:02:48.086Z,,8906010503550,135GM*24 CRUNCHEM CREAM & ONION WAFERS,C054
2675,127,,10,10,0,false,2025-04-06T07:02:48.086Z,,8906010503482,135GM*24  CRUNCHEM  TOMATO TWIST WAFERS,C056
2676,127,,5,5,0,false,2025-04-06T07:02:48.086Z,,8906010503543,135GM*24 CRUNCHEM CHAT CHASKA WAFERS,C057
2677,127,,5,5,0,false,2025-04-06T07:02:48.086Z,,8906010503611,135GM*24 CRUNCHEX CHILI TADKA WAFERS,C059
2678,127,,1,1,0,false,2025-04-06T07:02:48.086Z,,8906010503574,16GM*24PKT*12JAR RICH CHOCOLATE CREAM WAFERS,C066
2679,127,,1,1,0,false,2025-04-06T07:02:48.086Z,,8906010503260,16GM*24PKT*12JAR JUICY STRAWBERRY CREAM WAFERS,C068
2680,127,,12,12,0,false,2025-04-06T07:02:48.086Z,,8906010501242,45GM*72 WHEELOS MASALA,C070
2681,127,,15,15,0,false,2025-04-06T07:02:48.086Z,,8906010500559,22GM*240 MAGDAL,C118
2682,127,,5,5,0,false,2025-04-06T07:02:48.086Z,,8906010500276,22GM*288 SHING BHUJIA,C119
2683,127,,5,5,0,false,2025-04-06T07:02:48.086Z,,8906010500863,22GM*288 NIMBU CHATKA SHING BHUJIA,C120
2684,127,,15,15,0,false,2025-04-06T07:02:48.086Z,,8906010500337,22GM*240 ALOO SEV,C121
2685,127,,4,4,0,false,2025-04-06T07:02:48.086Z,,8906010500429,25GM*240 GATHIYA,C123
2686,127,,5,5,0,false,2025-04-06T07:02:48.086Z,,8906010500702,25GM*240 CHANADAL,C125
2687,127,,5,5,0,false,2025-04-06T07:02:48.086Z,,8906010500221,45GM*144 MAGDAL,C134
2688,127,,5,5,0,false,2025-04-06T07:02:48.086Z,,8906010500344,45GM*180 ALOO SEV,C136
2689,127,,5,5,0,false,2025-04-06T07:02:48.086Z,,8906010503949,25GM*240 C.P NAMKIN (LASANIYA),C148
2690,127,,5,5,0,false,2025-04-06T07:02:48.086Z,,8906010500085,45GM*180 FARALI CHEVDO,C150
2691,127,,10,10,0,false,2025-04-06T07:02:48.086Z,,8906010503826,30GM*120 RUMBLES HOT CHILI WAFERS,C153
2726,117,,120,120,0,false,2025-04-06T07:02:48.161Z,,8906010500023,15GM*192 CRUNCHEM SIMPLY SALTED WAFERS,C001
2727,117,,30,30,0,false,2025-04-06T07:02:48.161Z,,8906010500481,15GM*192 CRUNCHEM TOMATO TWIST WAFERS,C004
2728,117,,30,30,0,false,2025-04-06T07:02:48.161Z,,8906010500016,30GM*120 CRUNCHEM SIMPLY SALTED WAFERS,C007
2729,117,,5,5,0,false,2025-04-06T07:02:48.161Z,,8906010500870,30GM*120 CRUNCHEM CREAM & ONION WAFERS,C009
2730,117,,24,24,0,false,2025-04-06T07:02:48.161Z,,8906010501228,22GM*120 SCOOPITOS MASALA,C027
2731,117,,6,6,0,false,2025-04-06T07:02:48.161Z,,8906010504724,22GM*120 SNACK'EM PONGA PLAIN,C031
2732,117,,96,120,0,false,2025-04-06T07:02:48.161Z,,8906010500900,22GM*120 WHEELOS MASALA,C032
2733,117,,24,24,0,false,2025-04-06T07:02:48.161Z,,8906010500764,25GM*240 C.P.NAMKIN {MASALA MASTI},C035
2734,117,,48,48,0,false,2025-04-06T07:02:48.161Z,,8906010500627,25GM*240 C.P.NAMKIN {TANGY TOMATO},C036
2735,117,,12,12,0,false,2025-04-06T07:02:48.161Z,,8906010502119,25GM*240 C.P.NAMKIN {FLAMIN HOT},C038
2736,117,,12,12,0,false,2025-04-06T07:02:48.161Z,,8906010502973,25GM*192 PAPDI GATHIYA,C039
2737,117,,12,12,0,false,2025-04-06T07:02:48.161Z,,8906010503451,22GM*144 NOODLE STICKS MASALA,C040
2738,117,,10,10,0,false,2025-04-06T07:02:48.161Z,,0_7,25GM*120 GIPPI TORNADO FLAMIN CHILLI,V041
2739,117,,64,64,0,false,2025-04-06T07:02:48.161Z,,8906010502232,22GM*240 PUNJABI TADKA,C042
2740,117,,30,30,0,false,2025-04-06T07:02:48.161Z,,8906010500245,25GM*240 MASALA SEV MURMURA,C044
2741,117,,10,15,0,false,2025-04-06T07:02:48.161Z,,8906010503512,135GM*24 CRUNCHEM SIMPLY SALTED WAFERS,C052
2742,117,,5,5,0,false,2025-04-06T07:02:48.161Z,,8906010500320,235GM*20 FARALICHEVDO,C084
2743,117,,60,60,0,false,2025-04-06T07:02:48.161Z,,8906010501822,70GM*100 GIPPI MASALA NOODLES,C089
2744,117,,10,10,0,false,2025-04-06T07:02:48.161Z,,8906010500382,240GM*20 TIKHA MITHA MIX,C094
2745,117,,20,20,0,false,2025-04-06T07:02:48.161Z,,8906010500566,500GM*10 TIKHA MITHA MIX,C104
2746,117,,45,45,0,false,2025-04-06T07:02:48.161Z,,8906010500559,22GM*240 MAGDAL,C118
2747,117,,10,10,0,false,2025-04-06T07:02:48.161Z,,8906010500276,22GM*288 SHING BHUJIA,C119
2748,117,,10,10,0,false,2025-04-06T07:02:48.161Z,,8906010500863,22GM*288 NIMBU CHATKA SHING BHUJIA,C120
2749,117,,6,6,0,false,2025-04-06T07:02:48.161Z,,8906010500702,25GM*240 CHANADAL,C125
2750,117,,12,12,0,false,2025-04-06T07:02:48.161Z,,8906010502683,40GM*30 SALTED PEANUTS,C144
2751,117,,24,24,0,false,2025-04-06T07:02:48.161Z,,8906010500078,22GM*240 FARALI CHEVDO,C149
2752,117,,12,12,0,false,2025-04-06T07:02:48.161Z,,8906010500085,45GM*180 FARALI CHEVDO,C150
2753,117,,6,6,0,false,2025-04-06T07:02:48.161Z,,8906010504205,22GM*120 SNACK'EM PONGA MASALA,C161
2754,117,,5,5,0,false,2025-04-06T07:02:48.161Z,,A2,ADVERTISEMENT MATERIAL BIG STAND,A002
2787,122,,30,30,0,false,2025-04-06T07:02:48.235Z,,8906010500023,15GM*192 CRUNCHEM SIMPLY SALTED WAFERS,C001
2788,122,,60,60,0,false,2025-04-06T07:02:48.235Z,,8906010500818,15GM*192 CRUNCHEM CREAM & ONION WAFERS,C003
2789,122,,30,30,0,false,2025-04-06T07:02:48.235Z,,8906010500481,15GM*192 CRUNCHEM TOMATO TWIST WAFERS,C004
2790,122,,30,30,0,false,2025-04-06T07:02:48.235Z,,8906010500474,15GM*192 CRUNCHEM CHAT CHASKA WAFERS,C005
2791,122,,30,30,0,false,2025-04-06T07:02:48.235Z,,8906010502492,15GM*192 CRUNCHEM PERI PERI WAFERS,C006
2792,122,,15,15,0,false,2025-04-06T07:02:48.235Z,,8906010500870,30GM*120 CRUNCHEM CREAM & ONION WAFERS,C009
2793,122,,10,10,0,false,2025-04-06T07:02:48.235Z,,8906010501198,30GM*120 CRUNCHEM PIZZY MASALA WAFERS,C010
2794,122,,10,10,0,false,2025-04-06T07:02:48.235Z,,8906010501952,30GM*120 RUMBLES PUDINA TWIST WAFERS,C011
2795,122,,10,10,0,false,2025-04-06T07:02:48.235Z,,8906010500498,30GM*120 CRUNCHEM TOMATO TWIST WAFERS,C012
2796,122,,10,10,0,false,2025-04-06T07:02:48.235Z,,8906010502508,30GM*120 CRUNCHEM PERI PERI WAFERS,C014
2797,122,,5,5,0,false,2025-04-06T07:02:48.235Z,,8906010500092,30GM*120 CRUNCHEX SALTED WAFERS,C015
2798,122,,60,60,0,false,2025-04-06T07:02:48.235Z,,8906010501570,30GM*120 CRUNCHEX CHILI TADKA WAFERS,C016
2799,122,,10,10,0,false,2025-04-06T07:02:48.235Z,,8906010504304,30GM*120 CRUNCHEX MIRCH MASALA WAFERS,C017
2800,122,,5,5,0,false,2025-04-06T07:02:48.235Z,,8906010502294,22GM*192 AMAIZE FLAMIN' HOT NACHOS,C019
2801,122,,2,2,0,false,2025-04-06T07:02:48.235Z,,8906010502348,22GM*192 AMAIZE CHEESE CHILLI NACHOS,C020
2802,122,,10,10,0,false,2025-04-06T07:02:48.235Z,,8906010502300,45GM*120 AMAIZE FLAMIN' HOT NACHOS,C024
2803,122,,48,48,0,false,2025-04-06T07:02:48.235Z,,8906010501228,22GM*120 SCOOPITOS MASALA,C027
2804,122,,10,10,0,false,2025-04-06T07:02:48.235Z,,8906010501419,22GM*144 POP RINGS YUMMY CHEESE,C030
2805,122,,38,48,0,false,2025-04-06T07:02:48.235Z,,8906010500900,22GM*120 WHEELOS MASALA,C032
2806,122,,6,6,0,false,2025-04-06T07:02:48.235Z,,8906010503444,22GM*144 FUNNE SPICY PUNCH,C033
2807,122,,1,1,0,false,2025-04-06T07:02:48.235Z,,8906010501327,22GM*240 YUMSTIX CHATPATA MASALA,C034
2808,122,,24,24,0,false,2025-04-06T07:02:48.235Z,,8906010500764,25GM*240 C.P.NAMKIN {MASALA MASTI},C035
2809,122,,10,10,0,false,2025-04-06T07:02:48.235Z,,8906010500627,25GM*240 C.P.NAMKIN {TANGY TOMATO},C036
2810,122,,15,15,0,false,2025-04-06T07:02:48.235Z,,8906010500894,25GM*240 C.P.NAMKIN {CHINESE CHATKA},C037
2811,122,,12,12,0,false,2025-04-06T07:02:48.235Z,,8906010502119,25GM*240 C.P.NAMKIN {FLAMIN HOT},C038
2694,145,,5,5,0,false,2025-04-06T07:02:48.095Z,,8906010500481,15GM*192 CRUNCHEM TOMATO TWIST WAFERS,C004
2695,145,,5,5,0,false,2025-04-06T07:02:48.095Z,,8906010500474,15GM*192 CRUNCHEM CHAT CHASKA WAFERS,C005
2696,145,,15,15,0,false,2025-04-06T07:02:48.095Z,,8906010500016,30GM*120 CRUNCHEM SIMPLY SALTED WAFERS,C007
2697,145,,5,5,0,false,2025-04-06T07:02:48.095Z,,8906010500030,30GM*120 CRUNCHEM MASALA MASTI WAFERS,C008
2698,145,,15,15,0,false,2025-04-06T07:02:48.095Z,,8906010500870,30GM*120 CRUNCHEM CREAM & ONION WAFERS,C009
2699,145,,15,15,0,false,2025-04-06T07:02:48.095Z,,8906010500498,30GM*120 CRUNCHEM TOMATO TWIST WAFERS,C012
2700,145,,10,10,0,false,2025-04-06T07:02:48.095Z,,8906010500535,30GM*120 CRUNCHEM CHAT CHASKA WAFERS,C013
2701,145,,12,12,0,false,2025-04-06T07:02:48.095Z,,8906010502300,45GM*120 AMAIZE FLAMIN' HOT NACHOS,C024
2702,145,,24,24,0,false,2025-04-06T07:02:48.095Z,,8906010500900,22GM*120 WHEELOS MASALA,C032
2703,145,,24,24,0,false,2025-04-06T07:02:48.095Z,,8906010500764,25GM*240 C.P.NAMKIN {MASALA MASTI},C035
2704,145,,24,24,0,false,2025-04-06T07:02:48.095Z,,8906010500627,25GM*240 C.P.NAMKIN {TANGY TOMATO},C036
2705,145,,5,5,0,false,2025-04-06T07:02:48.095Z,,8906010503451,22GM*144 NOODLE STICKS MASALA,C040
2706,145,,10,10,0,false,2025-04-06T07:02:48.095Z,,8906010500245,25GM*240 MASALA SEV MURMURA,C044
2707,145,,3,3,0,false,2025-04-06T07:02:48.095Z,,8906010502041,22GM*240 BHEL MIX,C046
2708,145,,15,15,0,false,2025-04-06T07:02:48.095Z,,8906010503512,135GM*24 CRUNCHEM SIMPLY SALTED WAFERS,C052
2709,145,,5,5,0,false,2025-04-06T07:02:48.095Z,,8906010503529,135GM*24 CRUNCHEM MASALA MASTI WAFERS,C053
2710,145,,15,15,0,false,2025-04-06T07:02:48.095Z,,8906010503550,135GM*24 CRUNCHEM CREAM & ONION WAFERS,C054
2711,145,,10,10,0,false,2025-04-06T07:02:48.095Z,,8906010503482,135GM*24  CRUNCHEM  TOMATO TWIST WAFERS,C056
2712,145,,3,3,0,false,2025-04-06T07:02:48.095Z,,8906010503543,135GM*24 CRUNCHEM CHAT CHASKA WAFERS,C057
2713,145,,2,2,0,false,2025-04-06T07:02:48.095Z,,8906010500511,50GM*120 C.P.NAMKIN (MASALA MASTI),C060
2714,145,,1,1,0,false,2025-04-06T07:02:48.095Z,,8906010500610,50GM*120 C.P.NAMKIN (TANGY TOMATO),C061
2715,145,,6,6,0,false,2025-04-06T07:02:48.095Z,,8906010501242,45GM*72 WHEELOS MASALA,C070
2716,145,,1,1,0,false,2025-04-06T07:02:48.095Z,,8906010502836,45GM*144 PUNJABI TADKA,C078
2717,145,,2,2,0,false,2025-04-06T07:02:48.095Z,,8906010501860,250GM*12 MASALA SEV MURMURA,C083
2718,145,,15,15,0,false,2025-04-06T07:02:48.095Z,,8906010501822,70GM*100 GIPPI MASALA NOODLES,C089
2719,145,,5,5,0,false,2025-04-06T07:02:48.095Z,,8906010500566,500GM*10 TIKHA MITHA MIX,C104
2720,145,,15,15,0,false,2025-04-06T07:02:48.095Z,,8906010500559,22GM*240 MAGDAL,C118
2721,145,,5,5,0,false,2025-04-06T07:02:48.095Z,,8906010500276,22GM*288 SHING BHUJIA,C119
2722,145,,10,10,0,false,2025-04-06T07:02:48.095Z,,8906010500337,22GM*240 ALOO SEV,C121
2723,145,,3,3,0,false,2025-04-06T07:02:48.095Z,,8906010500221,45GM*144 MAGDAL,C134
2724,145,,12,12,0,false,2025-04-06T07:02:48.095Z,,8906010502683,40GM*30 SALTED PEANUTS,C144
2725,145,,5,5,0,false,2025-04-06T07:02:48.095Z,,A2,ADVERTISEMENT MATERIAL BIG STAND,A002
2755,147,,60,60,0,false,2025-04-06T07:02:48.171Z,,8906010500023,15GM*192 CRUNCHEM SIMPLY SALTED WAFERS,C001
2756,147,,30,30,0,false,2025-04-06T07:02:48.171Z,,8906010500481,15GM*192 CRUNCHEM TOMATO TWIST WAFERS,C004
2757,147,,30,30,0,false,2025-04-06T07:02:48.171Z,,8906010500016,30GM*120 CRUNCHEM SIMPLY SALTED WAFERS,C007
2758,147,,30,30,0,false,2025-04-06T07:02:48.171Z,,8906010500870,30GM*120 CRUNCHEM CREAM & ONION WAFERS,C009
2759,147,,30,30,0,false,2025-04-06T07:02:48.171Z,,8906010500498,30GM*120 CRUNCHEM TOMATO TWIST WAFERS,C012
2760,147,,30,30,0,false,2025-04-06T07:02:48.171Z,,8906010502294,22GM*192 AMAIZE FLAMIN' HOT NACHOS,C019
2761,147,,70,48,0,false,2025-04-06T07:02:48.171Z,,8906010500900,22GM*120 WHEELOS MASALA,C032
2762,147,,24,24,0,false,2025-04-06T07:02:48.171Z,,8906010500764,25GM*240 C.P.NAMKIN {MASALA MASTI},C035
2763,147,,24,24,0,false,2025-04-06T07:02:48.171Z,,8906010500627,25GM*240 C.P.NAMKIN {TANGY TOMATO},C036
2764,147,,24,24,0,false,2025-04-06T07:02:48.171Z,,8906010502119,25GM*240 C.P.NAMKIN {FLAMIN HOT},C038
2765,147,,32,32,0,false,2025-04-06T07:02:48.171Z,,8906010502232,22GM*240 PUNJABI TADKA,C042
2766,147,,15,15,0,false,2025-04-06T07:02:48.171Z,,8906010500245,25GM*240 MASALA SEV MURMURA,C044
2767,147,,30,30,0,false,2025-04-06T07:02:48.171Z,,8906010503512,135GM*24 CRUNCHEM SIMPLY SALTED WAFERS,C052
2768,147,,15,15,0,false,2025-04-06T07:02:48.171Z,,8906010503550,135GM*24 CRUNCHEM CREAM & ONION WAFERS,C054
2769,147,,15,15,0,false,2025-04-06T07:02:48.171Z,,8906010503482,135GM*24  CRUNCHEM  TOMATO TWIST WAFERS,C056
2770,147,,5,5,0,false,2025-04-06T07:02:48.171Z,,8906010500511,50GM*120 C.P.NAMKIN (MASALA MASTI),C060
2771,147,,5,5,0,false,2025-04-06T07:02:48.171Z,,8906010500610,50GM*120 C.P.NAMKIN (TANGY TOMATO),C061
2772,147,,12,12,0,false,2025-04-06T07:02:48.171Z,,8906010501242,45GM*72 WHEELOS MASALA,C070
2773,147,,5,5,0,false,2025-04-06T07:02:48.171Z,,8906010502836,45GM*144 PUNJABI TADKA,C078
2774,147,,15,15,0,false,2025-04-06T07:02:48.171Z,,8906010501822,70GM*100 GIPPI MASALA NOODLES,C089
2775,147,,15,15,0,false,2025-04-06T07:02:48.171Z,,8906010500382,240GM*20 TIKHA MITHA MIX,C094
2776,147,,15,15,0,false,2025-04-06T07:02:48.171Z,,8906010500566,500GM*10 TIKHA MITHA MIX,C104
2777,147,,10,10,0,false,2025-04-06T07:02:48.171Z,,8906010500559,22GM*240 MAGDAL,C118
2778,147,,5,5,0,false,2025-04-06T07:02:48.171Z,,8906010500276,22GM*288 SHING BHUJIA,C119
2779,147,,5,5,0,false,2025-04-06T07:02:48.171Z,,8906010500863,22GM*288 NIMBU CHATKA SHING BHUJIA,C120
2780,147,,5,5,0,false,2025-04-06T07:02:48.171Z,,8906010500337,22GM*240 ALOO SEV,C121
2781,147,,4,4,0,false,2025-04-06T07:02:48.171Z,,8906010500429,25GM*240 GATHIYA,C123
2782,147,,5,5,0,false,2025-04-06T07:02:48.171Z,,8906010500221,45GM*144 MAGDAL,C134
2783,147,,1,1,0,false,2025-04-06T07:02:48.171Z,,8906010502676,40GM*180 BHUJIA SEV,C137
2784,147,,36,36,0,false,2025-04-06T07:02:48.171Z,,8906010502683,40GM*30 SALTED PEANUTS,C144
2785,147,,12,12,0,false,2025-04-06T07:02:48.171Z,,8906010500078,22GM*240 FARALI CHEVDO,C149
2786,147,,10,10,0,false,2025-04-06T07:02:48.171Z,,8906010500085,45GM*180 FARALI CHEVDO,C150
2832,138,,30,30,0,false,2025-04-06T07:02:48.248Z,,8906010500047,15GM*192 CRUNCHEM MASALA MASTI WAFERS,C002
2833,138,,30,30,0,false,2025-04-06T07:02:48.248Z,,8906010500818,15GM*192 CRUNCHEM CREAM & ONION WAFERS,C003
2834,138,,30,30,0,false,2025-04-06T07:02:48.248Z,,8906010500481,15GM*192 CRUNCHEM TOMATO TWIST WAFERS,C004
2812,122,,24,24,0,false,2025-04-06T07:02:48.235Z,,8906010502973,25GM*192 PAPDI GATHIYA,C039
2813,122,,16,16,0,false,2025-04-06T07:02:48.235Z,,8906010502232,22GM*240 PUNJABI TADKA,C042
2814,122,,10,10,0,false,2025-04-06T07:02:48.235Z,,8906010500214,25GM*240 SEV MURMURA,C043
2815,122,,30,30,0,false,2025-04-06T07:02:48.235Z,,8906010500245,25GM*240 MASALA SEV MURMURA,C044
2816,122,,5,5,0,false,2025-04-06T07:02:48.235Z,,8906010502041,22GM*240 BHEL MIX,C046
2817,122,,3,3,0,false,2025-04-06T07:02:48.235Z,,8906010503109,135GM*24 RUMBLES PUDINA TWIST WAFERS,C055
2818,122,,2,2,0,false,2025-04-06T07:02:48.235Z,,8906010503604,135GM*24 CRUNCHEX SALTED WAFERS,C058
2819,122,,5,5,0,false,2025-04-06T07:02:48.235Z,,8906010503611,135GM*24 CRUNCHEX CHILI TADKA WAFERS,C059
2820,122,,50,50,0,false,2025-04-06T07:02:48.235Z,,8906010501822,70GM*100 GIPPI MASALA NOODLES,C089
2821,122,,35,35,0,false,2025-04-06T07:02:48.235Z,,8906010500559,22GM*240 MAGDAL,C118
2822,122,,10,10,0,false,2025-04-06T07:02:48.235Z,,8906010500276,22GM*288 SHING BHUJIA,C119
2823,122,,15,15,0,false,2025-04-06T07:02:48.235Z,,8906010500337,22GM*240 ALOO SEV,C121
2824,122,,8,8,0,false,2025-04-06T07:02:48.235Z,,8906010500429,25GM*240 GATHIYA,C123
2825,122,,6,6,0,false,2025-04-06T07:02:48.235Z,,8906010500306,25GM*240 RATLAMI SEV,C124
2826,122,,6,6,0,false,2025-04-06T07:02:48.235Z,,8906010500702,25GM*240 CHANADAL,C125
2827,122,,5,5,0,false,2025-04-06T07:02:48.235Z,,8906010503420,20GM*288 MASALA PEAS,C126
2828,122,,10,10,0,false,2025-04-06T07:02:48.235Z,,8906010500368,25GM*240 TIKHA MITHA MIX,C127
2829,122,,10,10,0,false,2025-04-06T07:02:48.235Z,,8906010503949,25GM*240 C.P NAMKIN (LASANIYA),C148
2830,122,,15,15,0,false,2025-04-06T07:02:48.235Z,,8906010504298,70GM*100 GIPPI FLAMIN' CHILLI NOODLES,C187
2831,122,,5,5,0,false,2025-04-06T07:02:48.235Z,,A1,ADVERTISEMENT MATERIAL HEAVY STAND,A001
2887,124,,90,90,0,false,2025-04-06T07:02:48.309Z,,8906010500023,15GM*192 CRUNCHEM SIMPLY SALTED WAFERS,C001
2888,124,,90,90,0,false,2025-04-06T07:02:48.309Z,,8906010500818,15GM*192 CRUNCHEM CREAM & ONION WAFERS,C003
2889,124,,90,90,0,false,2025-04-06T07:02:48.309Z,,8906010500481,15GM*192 CRUNCHEM TOMATO TWIST WAFERS,C004
2890,124,,90,90,0,false,2025-04-06T07:02:48.309Z,,8906010500474,15GM*192 CRUNCHEM CHAT CHASKA WAFERS,C005
2891,124,,30,30,0,false,2025-04-06T07:02:48.309Z,,8906010502492,15GM*192 CRUNCHEM PERI PERI WAFERS,C006
2892,124,,60,60,0,false,2025-04-06T07:02:48.309Z,,8906010500016,30GM*120 CRUNCHEM SIMPLY SALTED WAFERS,C007
2893,124,,30,30,0,false,2025-04-06T07:02:48.309Z,,8906010500498,30GM*120 CRUNCHEM TOMATO TWIST WAFERS,C012
2894,124,,30,30,0,false,2025-04-06T07:02:48.309Z,,8906010500535,30GM*120 CRUNCHEM CHAT CHASKA WAFERS,C013
2895,124,,30,30,0,false,2025-04-06T07:02:48.309Z,,8906010502508,30GM*120 CRUNCHEM PERI PERI WAFERS,C014
2896,124,,30,30,0,false,2025-04-06T07:02:48.309Z,,8906010500092,30GM*120 CRUNCHEX SALTED WAFERS,C015
2897,124,,60,60,0,false,2025-04-06T07:02:48.309Z,,8906010501570,30GM*120 CRUNCHEX CHILI TADKA WAFERS,C016
2898,124,,3,3,0,false,2025-04-06T07:02:48.309Z,,8906010503222,22GM*144 POP RINGS SHAPES,C028
2899,124,,15,15,0,false,2025-04-06T07:02:48.309Z,,8906010501419,22GM*144 POP RINGS YUMMY CHEESE,C030
2900,124,,30,30,0,false,2025-04-06T07:02:48.309Z,,0_7,25GM*120 GIPPI TORNADO FLAMIN CHILLI,V041
2901,124,,32,32,0,false,2025-04-06T07:02:48.309Z,,8906010502232,22GM*240 PUNJABI TADKA,C042
2902,124,,30,30,0,false,2025-04-06T07:02:48.309Z,,8906010500245,25GM*240 MASALA SEV MURMURA,C044
2903,124,,5,5,0,false,2025-04-06T07:02:48.309Z,,8906010502133,25GM*240 CHANA JOR GARAM,C076
2904,124,,10,10,0,false,2025-04-06T07:02:48.309Z,,8906010501822,70GM*100 GIPPI MASALA NOODLES,C089
2905,124,,28,30,0,false,2025-04-06T07:02:48.309Z,,8906010504298,70GM*100 GIPPI FLAMIN' CHILLI NOODLES,C187
2906,124,,6,6,0,false,2025-04-06T07:02:48.309Z,,8906010500900,22GM*120 WHEELOS MASALA,C032
2985,123,,80,90,0,false,2025-04-06T07:02:48.383Z,,8906010500023,15GM*192 CRUNCHEM SIMPLY SALTED WAFERS,C001
2986,123,,30,30,0,false,2025-04-06T07:02:48.383Z,,8906010500047,15GM*192 CRUNCHEM MASALA MASTI WAFERS,C002
2987,123,,30,30,0,false,2025-04-06T07:02:48.383Z,,8906010500818,15GM*192 CRUNCHEM CREAM & ONION WAFERS,C003
2988,123,,25,30,0,false,2025-04-06T07:02:48.383Z,,8906010500481,15GM*192 CRUNCHEM TOMATO TWIST WAFERS,C004
2989,123,,30,30,0,false,2025-04-06T07:02:48.383Z,,8906010500474,15GM*192 CRUNCHEM CHAT CHASKA WAFERS,C005
2990,123,,30,30,0,false,2025-04-06T07:02:48.383Z,,8906010502492,15GM*192 CRUNCHEM PERI PERI WAFERS,C006
2991,123,,10,10,0,false,2025-04-06T07:02:48.383Z,,8906010500016,30GM*120 CRUNCHEM SIMPLY SALTED WAFERS,C007
2992,123,,10,10,0,false,2025-04-06T07:02:48.383Z,,8906010500870,30GM*120 CRUNCHEM CREAM & ONION WAFERS,C009
2993,123,,10,10,0,false,2025-04-06T07:02:48.383Z,,8906010501198,30GM*120 CRUNCHEM PIZZY MASALA WAFERS,C010
2994,123,,10,10,0,false,2025-04-06T07:02:48.383Z,,8906010500535,30GM*120 CRUNCHEM CHAT CHASKA WAFERS,C013
2995,123,,10,10,0,false,2025-04-06T07:02:48.383Z,,8906010502508,30GM*120 CRUNCHEM PERI PERI WAFERS,C014
2996,123,,15,15,0,false,2025-04-06T07:02:48.383Z,,8906010500092,30GM*120 CRUNCHEX SALTED WAFERS,C015
2997,123,,30,30,0,false,2025-04-06T07:02:48.383Z,,8906010501570,30GM*120 CRUNCHEX CHILI TADKA WAFERS,C016
2998,123,,15,15,0,false,2025-04-06T07:02:48.383Z,,8906010504304,30GM*120 CRUNCHEX MIRCH MASALA WAFERS,C017
2999,123,,30,30,0,false,2025-04-06T07:02:48.383Z,,8906010502294,22GM*192 AMAIZE FLAMIN' HOT NACHOS,C019
3000,123,,48,48,0,false,2025-04-06T07:02:48.383Z,,8906010501228,22GM*120 SCOOPITOS MASALA,C027
3001,123,,48,48,0,false,2025-04-06T07:02:48.383Z,,8906010500764,25GM*240 C.P.NAMKIN {MASALA MASTI},C035
3002,123,,24,24,0,false,2025-04-06T07:02:48.383Z,,8906010500627,25GM*240 C.P.NAMKIN {TANGY TOMATO},C036
3003,123,,24,24,0,false,2025-04-06T07:02:48.383Z,,8906010502119,25GM*240 C.P.NAMKIN {FLAMIN HOT},C038
3004,123,,24,24,0,false,2025-04-06T07:02:48.383Z,,8906010502973,25GM*192 PAPDI GATHIYA,C039
3005,123,,15,15,0,false,2025-04-06T07:02:48.383Z,,0_7,25GM*120 GIPPI TORNADO FLAMIN CHILLI,V041
3006,123,,32,32,0,false,2025-04-06T07:02:48.383Z,,8906010502232,22GM*240 PUNJABI TADKA,C042
3007,123,,55,60,0,false,2025-04-06T07:02:48.383Z,,8906010500245,25GM*240 MASALA SEV MURMURA,C044
3008,123,,2,2,0,false,2025-04-06T07:02:48.383Z,,8906010503512,135GM*24 CRUNCHEM SIMPLY SALTED WAFERS,C052
3009,123,,2,2,0,false,2025-04-06T07:02:48.383Z,,8906010503529,135GM*24 CRUNCHEM MASALA MASTI WAFERS,C053
3010,123,,2,2,0,false,2025-04-06T07:02:48.383Z,,8906010503543,135GM*24 CRUNCHEM CHAT CHASKA WAFERS,C057
2835,138,,30,30,0,false,2025-04-06T07:02:48.248Z,,8906010500474,15GM*192 CRUNCHEM CHAT CHASKA WAFERS,C005
2836,138,,30,30,0,false,2025-04-06T07:02:48.248Z,,8906010502492,15GM*192 CRUNCHEM PERI PERI WAFERS,C006
2837,138,,30,30,0,false,2025-04-06T07:02:48.248Z,,8906010500016,30GM*120 CRUNCHEM SIMPLY SALTED WAFERS,C007
2838,138,,30,30,0,false,2025-04-06T07:02:48.248Z,,8906010500870,30GM*120 CRUNCHEM CREAM & ONION WAFERS,C009
2839,138,,10,10,0,false,2025-04-06T07:02:48.248Z,,8906010501198,30GM*120 CRUNCHEM PIZZY MASALA WAFERS,C010
2840,138,,15,15,0,false,2025-04-06T07:02:48.248Z,,8906010501952,30GM*120 RUMBLES PUDINA TWIST WAFERS,C011
2841,138,,15,15,0,false,2025-04-06T07:02:48.248Z,,8906010500498,30GM*120 CRUNCHEM TOMATO TWIST WAFERS,C012
2842,138,,10,10,0,false,2025-04-06T07:02:48.248Z,,8906010500535,30GM*120 CRUNCHEM CHAT CHASKA WAFERS,C013
2843,138,,15,15,0,false,2025-04-06T07:02:48.248Z,,8906010502508,30GM*120 CRUNCHEM PERI PERI WAFERS,C014
2844,138,,15,15,0,false,2025-04-06T07:02:48.248Z,,8906010500092,30GM*120 CRUNCHEX SALTED WAFERS,C015
2845,138,,30,30,0,false,2025-04-06T07:02:48.248Z,,8906010501570,30GM*120 CRUNCHEX CHILI TADKA WAFERS,C016
2846,138,,30,30,0,false,2025-04-06T07:02:48.248Z,,8906010502294,22GM*192 AMAIZE FLAMIN' HOT NACHOS,C019
2847,138,,10,10,0,false,2025-04-06T07:02:48.248Z,,8906010502348,22GM*192 AMAIZE CHEESE CHILLI NACHOS,C020
2848,138,,5,5,0,false,2025-04-06T07:02:48.248Z,,8906010504663,25GM*240 AMAIZE JALAPENO CORN CHIPS,C021
2849,138,,10,10,0,false,2025-04-06T07:02:48.248Z,,8906010502300,45GM*120 AMAIZE FLAMIN' HOT NACHOS,C024
2850,138,,48,48,0,false,2025-04-06T07:02:48.248Z,,8906010501228,22GM*120 SCOOPITOS MASALA,C027
2851,138,,10,10,0,false,2025-04-06T07:02:48.248Z,,8906010500269,22GM*144 POP RINGS MASALA,C029
2852,138,,22,24,0,false,2025-04-06T07:02:48.248Z,,8906010500900,22GM*120 WHEELOS MASALA,C032
2853,138,,48,48,0,false,2025-04-06T07:02:48.248Z,,8906010500764,25GM*240 C.P.NAMKIN {MASALA MASTI},C035
2854,138,,24,24,0,false,2025-04-06T07:02:48.248Z,,8906010500627,25GM*240 C.P.NAMKIN {TANGY TOMATO},C036
2855,138,,15,15,0,false,2025-04-06T07:02:48.248Z,,8906010500894,25GM*240 C.P.NAMKIN {CHINESE CHATKA},C037
2856,138,,24,24,0,false,2025-04-06T07:02:48.248Z,,8906010502119,25GM*240 C.P.NAMKIN {FLAMIN HOT},C038
2857,138,,24,24,0,false,2025-04-06T07:02:48.248Z,,8906010502973,25GM*192 PAPDI GATHIYA,C039
2858,138,,30,30,0,false,2025-04-06T07:02:48.248Z,,0_7,25GM*120 GIPPI TORNADO FLAMIN CHILLI,V041
2859,138,,30,30,0,false,2025-04-06T07:02:48.248Z,,8906010500214,25GM*240 SEV MURMURA,C043
2860,138,,5,5,0,false,2025-04-06T07:02:48.248Z,,8906010502041,22GM*240 BHEL MIX,C046
2861,138,,5,5,0,false,2025-04-06T07:02:48.248Z,,8906010503512,135GM*24 CRUNCHEM SIMPLY SALTED WAFERS,C052
2862,138,,5,5,0,false,2025-04-06T07:02:48.248Z,,8906010503529,135GM*24 CRUNCHEM MASALA MASTI WAFERS,C053
2863,138,,5,5,0,false,2025-04-06T07:02:48.248Z,,8906010503109,135GM*24 RUMBLES PUDINA TWIST WAFERS,C055
2864,138,,5,5,0,false,2025-04-06T07:02:48.248Z,,8906010503482,135GM*24  CRUNCHEM  TOMATO TWIST WAFERS,C056
2865,138,,3,3,0,false,2025-04-06T07:02:48.248Z,,8906010503543,135GM*24 CRUNCHEM CHAT CHASKA WAFERS,C057
2866,138,,6,6,0,false,2025-04-06T07:02:48.248Z,,8906010500511,50GM*120 C.P.NAMKIN (MASALA MASTI),C060
2867,138,,1,1,0,false,2025-04-06T07:02:48.248Z,,8906010504083,16GM*24PKT*12JAR CRUNCHYCOCONUTCREAM WAFERS,C063
2868,138,,1,1,0,false,2025-04-06T07:02:48.248Z,,8906010503574,16GM*24PKT*12JAR RICH CHOCOLATE CREAM WAFERS,C066
2869,138,,1,1,0,false,2025-04-06T07:02:48.248Z,,8906010503666,16GM*24PKT*12JAR TANGY ORANGE CREAM WAFERS,C067
2870,138,,1,1,0,false,2025-04-06T07:02:48.248Z,,8906010503260,16GM*24PKT*12JAR JUICY STRAWBERRY CREAM WAFERS,C068
2871,138,,1,1,0,false,2025-04-06T07:02:48.248Z,,8906010503871,16GM*24PKT*12JAR YUMMY VANILLA CREAM WAFERS,C069
2872,138,,5,5,0,false,2025-04-06T07:02:48.248Z,,8906010502133,25GM*240 CHANA JOR GARAM,C076
2873,138,,50,50,0,false,2025-04-06T07:02:48.248Z,,8906010501822,70GM*100 GIPPI MASALA NOODLES,C089
2874,138,,45,45,0,false,2025-04-06T07:02:48.248Z,,8906010500559,22GM*240 MAGDAL,C118
2875,138,,10,10,0,false,2025-04-06T07:02:48.248Z,,8906010500276,22GM*288 SHING BHUJIA,C119
2876,138,,15,15,0,false,2025-04-06T07:02:48.248Z,,8906010500863,22GM*288 NIMBU CHATKA SHING BHUJIA,C120
2877,138,,30,30,0,false,2025-04-06T07:02:48.248Z,,8906010500337,22GM*240 ALOO SEV,C121
2878,138,,16,16,0,false,2025-04-06T07:02:48.248Z,,8906010500429,25GM*240 GATHIYA,C123
2879,138,,3,3,0,false,2025-04-06T07:02:48.248Z,,8906010500306,25GM*240 RATLAMI SEV,C124
2880,138,,3,3,0,false,2025-04-06T07:02:48.248Z,,8906010500702,25GM*240 CHANADAL,C125
2881,138,,15,15,0,false,2025-04-06T07:02:48.248Z,,8906010500368,25GM*240 TIKHA MITHA MIX,C127
2882,138,,8,8,0,false,2025-04-06T07:02:48.248Z,,8906010500399,25GM*240 KHATA MITHA MIX,C128
2883,138,,3,3,0,false,2025-04-06T07:02:48.248Z,,8906010502263,25GM*240 NAVRATAN MIX,C132
2884,138,,10,10,0,false,2025-04-06T07:02:48.248Z,,8906010503949,25GM*240 C.P NAMKIN (LASANIYA),C148
2885,138,,20,20,0,false,2025-04-06T07:02:48.248Z,,8906010504298,70GM*100 GIPPI FLAMIN' CHILLI NOODLES,C187
2886,138,,3,3,0,false,2025-04-06T07:02:48.248Z,,8906010504281,13GM*24PKT*12JAR OLEE CHOCO STIX,EOO1
2907,130,,60,60,0,false,2025-04-06T07:02:48.325Z,,8906010500023,15GM*192 CRUNCHEM SIMPLY SALTED WAFERS,C001
2908,130,,30,30,0,false,2025-04-06T07:02:48.325Z,,8906010500047,15GM*192 CRUNCHEM MASALA MASTI WAFERS,C002
2909,130,,60,60,0,false,2025-04-06T07:02:48.325Z,,8906010500818,15GM*192 CRUNCHEM CREAM & ONION WAFERS,C003
2910,130,,30,30,0,false,2025-04-06T07:02:48.325Z,,8906010500481,15GM*192 CRUNCHEM TOMATO TWIST WAFERS,C004
2911,130,,10,10,0,false,2025-04-06T07:02:48.325Z,,8906010500474,15GM*192 CRUNCHEM CHAT CHASKA WAFERS,C005
2912,130,,10,10,0,false,2025-04-06T07:02:48.325Z,,8906010502492,15GM*192 CRUNCHEM PERI PERI WAFERS,C006
2913,130,,30,30,0,false,2025-04-06T07:02:48.325Z,,8906010500016,30GM*120 CRUNCHEM SIMPLY SALTED WAFERS,C007
2914,130,,10,10,0,false,2025-04-06T07:02:48.325Z,,8906010500030,30GM*120 CRUNCHEM MASALA MASTI WAFERS,C008
2915,130,,10,10,0,false,2025-04-06T07:02:48.325Z,,8906010500870,30GM*120 CRUNCHEM CREAM & ONION WAFERS,C009
2916,130,,5,5,0,false,2025-04-06T07:02:48.325Z,,8906010501952,30GM*120 RUMBLES PUDINA TWIST WAFERS,C011
2917,130,,10,10,0,false,2025-04-06T07:02:48.325Z,,8906010500498,30GM*120 CRUNCHEM TOMATO TWIST WAFERS,C012
2918,130,,10,10,0,false,2025-04-06T07:02:48.325Z,,8906010500535,30GM*120 CRUNCHEM CHAT CHASKA WAFERS,C013
2919,130,,5,5,0,false,2025-04-06T07:02:48.325Z,,8906010500092,30GM*120 CRUNCHEX SALTED WAFERS,C015
2920,130,,10,10,0,false,2025-04-06T07:02:48.325Z,,8906010501570,30GM*120 CRUNCHEX CHILI TADKA WAFERS,C016
2921,130,,30,30,0,false,2025-04-06T07:02:48.325Z,,8906010502294,22GM*192 AMAIZE FLAMIN' HOT NACHOS,C019
2922,130,,48,48,0,false,2025-04-06T07:02:48.325Z,,8906010501228,22GM*120 SCOOPITOS MASALA,C027
2923,130,,3,3,0,false,2025-04-06T07:02:48.325Z,,8906010503222,22GM*144 POP RINGS SHAPES,C028
2924,130,,15,15,0,false,2025-04-06T07:02:48.325Z,,8906010501419,22GM*144 POP RINGS YUMMY CHEESE,C030
2925,130,,14,24,0,false,2025-04-06T07:02:48.325Z,,8906010500900,22GM*120 WHEELOS MASALA,C032
2926,130,,24,24,0,false,2025-04-06T07:02:48.325Z,,8906010500764,25GM*240 C.P.NAMKIN {MASALA MASTI},C035
2927,130,,24,24,0,false,2025-04-06T07:02:48.325Z,,8906010500627,25GM*240 C.P.NAMKIN {TANGY TOMATO},C036
2928,130,,48,48,0,false,2025-04-06T07:02:48.325Z,,8906010502119,25GM*240 C.P.NAMKIN {FLAMIN HOT},C038
2929,130,,24,24,0,false,2025-04-06T07:02:48.325Z,,8906010502973,25GM*192 PAPDI GATHIYA,C039
2930,130,,24,24,0,false,2025-04-06T07:02:48.325Z,,0_7,25GM*120 GIPPI TORNADO FLAMIN CHILLI,V041
2931,130,,32,32,0,false,2025-04-06T07:02:48.325Z,,8906010502232,22GM*240 PUNJABI TADKA,C042
2932,130,,10,10,0,false,2025-04-06T07:02:48.325Z,,8906010500214,25GM*240 SEV MURMURA,C043
2933,130,,30,30,0,false,2025-04-06T07:02:48.325Z,,8906010500245,25GM*240 MASALA SEV MURMURA,C044
2934,130,,5,5,0,false,2025-04-06T07:02:48.325Z,,8906010502041,22GM*240 BHEL MIX,C046
2935,130,,5,5,0,false,2025-04-06T07:02:48.325Z,,8906010503512,135GM*24 CRUNCHEM SIMPLY SALTED WAFERS,C052
2936,130,,10,10,0,false,2025-04-06T07:02:48.325Z,,8906010503529,135GM*24 CRUNCHEM MASALA MASTI WAFERS,C053
2937,130,,5,5,0,false,2025-04-06T07:02:48.325Z,,8906010503550,135GM*24 CRUNCHEM CREAM & ONION WAFERS,C054
2938,130,,5,5,0,false,2025-04-06T07:02:48.325Z,,8906010503482,135GM*24  CRUNCHEM  TOMATO TWIST WAFERS,C056
2939,130,,5,5,0,false,2025-04-06T07:02:48.325Z,,8906010503543,135GM*24 CRUNCHEM CHAT CHASKA WAFERS,C057
2940,130,,2,2,0,false,2025-04-06T07:02:48.325Z,,8906010504120,24GM*40PKT*6 DUMBAR PEANUT CHIKKI,C062
2941,130,,3,3,0,false,2025-04-06T07:02:48.325Z,,8906010503994,NIMBU PANI CANDY ( 3.5GM*170*12 JAR ),C064
2942,130,,2,2,0,false,2025-04-06T07:02:48.325Z,,8906010503987,SOFT IMLI CANDY ( 3.5GM*220*10 JAR ),C065
2943,130,,2,2,0,false,2025-04-06T07:02:48.325Z,,8906010503574,16GM*24PKT*12JAR RICH CHOCOLATE CREAM WAFERS,C066
2944,130,,1,1,0,false,2025-04-06T07:02:48.325Z,,8906010503666,16GM*24PKT*12JAR TANGY ORANGE CREAM WAFERS,C067
2945,130,,1,1,0,false,2025-04-06T07:02:48.325Z,,8906010503260,16GM*24PKT*12JAR JUICY STRAWBERRY CREAM WAFERS,C068
2946,130,,12,12,0,false,2025-04-06T07:02:48.325Z,,8906010501242,45GM*72 WHEELOS MASALA,C070
2947,130,,5,5,0,false,2025-04-06T07:02:48.325Z,,8906010501488,45GM*90 POP RINGS MASALA,C071
2948,130,,5,5,0,false,2025-04-06T07:02:48.325Z,,8906010501495,45GM*90 POP RINGS YUMMY CHEESE,C072
2949,130,,2,2,0,false,2025-04-06T07:02:48.325Z,,8906010500177,25GM*180 BANANA MAST MASALA WAFERS,C074
2950,130,,3,3,0,false,2025-04-06T07:02:48.325Z,,8906010502836,45GM*144 PUNJABI TADKA,C078
2951,130,,2,2,0,false,2025-04-06T07:02:48.325Z,,8906010500542,50GM*120 SEV MURMURA,C080
2952,130,,4,4,0,false,2025-04-06T07:02:48.325Z,,8906010501259,50GM*120 MASALA SEV MURMURA,C081
2953,130,,1,1,0,false,2025-04-06T07:02:48.325Z,,8906010500320,235GM*20 FARALICHEVDO,C084
2954,130,,2,2,0,false,2025-04-06T07:02:48.325Z,,8906010500580,210GM*20 RATLAMI SEV,C086
2955,130,,5,5,0,false,2025-04-06T07:02:48.325Z,,8906010501822,70GM*100 GIPPI MASALA NOODLES,C089
2956,130,,1,1,0,false,2025-04-06T07:02:48.325Z,,8906010500290,210GM*20 SHING BHUJIA,C097
2957,130,,1,1,0,false,2025-04-06T07:02:48.325Z,,8906010503505,400GM*10 ALOO SEV,C100
2958,130,,2,2,0,false,2025-04-06T07:02:48.325Z,,8906010502171,300GM*10 GATHIYA,C103
2959,130,,5,5,0,false,2025-04-06T07:02:48.325Z,,8906010500566,500GM*10 TIKHA MITHA MIX,C104
2960,130,,2,2,0,false,2025-04-06T07:02:48.325Z,,8906010502478,500GM*10 KHATA MITHA MIX,C105
2961,130,,1,1,0,false,2025-04-06T07:02:48.325Z,,8906010504649,40GM*120 KATAK BATAK HING JEERA,C111
2962,130,,1,1,0,false,2025-04-06T07:02:48.325Z,,8906010502164,45GM*120 KATAK BATAK CHILLI LEMON,C112
2963,130,,3,3,0,false,2025-04-06T07:02:48.325Z,,8906010500832,200GM*20 HEALTHY BITES MASALA KHAKHRA,C114
2964,130,,3,3,0,false,2025-04-06T07:02:48.325Z,,8906010500856,200GM*20 HEALTHY BITES METHI KHAKHRA,C115
2965,130,,1,1,0,false,2025-04-06T07:02:48.325Z,,8906010500849,200GM*20 HEALTHY BITES JEERA KHAKHRA,C116
2966,130,,10,10,0,false,2025-04-06T07:02:48.325Z,,8906010500559,22GM*240 MAGDAL,C118
2967,130,,5,5,0,false,2025-04-06T07:02:48.325Z,,8906010500863,22GM*288 NIMBU CHATKA SHING BHUJIA,C120
2968,130,,10,10,0,false,2025-04-06T07:02:48.325Z,,8906010500337,22GM*240 ALOO SEV,C121
2969,130,,4,4,0,false,2025-04-06T07:02:48.325Z,,8906010500429,25GM*240 GATHIYA,C123
2970,130,,2,2,0,false,2025-04-06T07:02:48.325Z,,8906010500306,25GM*240 RATLAMI SEV,C124
2971,130,,5,5,0,false,2025-04-06T07:02:48.325Z,,8906010500702,25GM*240 CHANADAL,C125
2972,130,,5,5,0,false,2025-04-06T07:02:48.325Z,,8906010500399,25GM*240 KHATA MITHA MIX,C128
2973,130,,1,1,0,false,2025-04-06T07:02:48.325Z,,8906010502676,40GM*180 BHUJIA SEV,C137
2974,130,,2,2,0,false,2025-04-06T07:02:48.325Z,,8906010500436,50GM*144 GATHIYA,C138
2975,130,,1,1,0,false,2025-04-06T07:02:48.325Z,,8906010500313,50GM*144 RATLAMI SEV,C139
2976,130,,2,2,0,false,2025-04-06T07:02:48.325Z,,8906010500375,50GM*150 TIKHA MITHA MIX,C140
2977,130,,12,12,0,false,2025-04-06T07:02:48.325Z,,8906010502683,40GM*30 SALTED PEANUTS,C144
2978,130,,15,15,0,false,2025-04-06T07:02:48.325Z,,8906010503949,25GM*240 C.P NAMKIN (LASANIYA),C148
2979,130,,12,12,0,false,2025-04-06T07:02:48.325Z,,8906010500078,22GM*240 FARALI CHEVDO,C149
2980,130,,5,5,0,false,2025-04-06T07:02:48.325Z,,8906010503826,30GM*120 RUMBLES HOT CHILI WAFERS,C153
2981,130,,1,1,0,false,2025-04-06T07:02:48.325Z,,8906010504199,22GM*240 KATAK BATAK CHILLI LEMON,C154
2982,130,,1,1,0,false,2025-04-06T07:02:48.325Z,,8906010504250,22GM*240 KATAK BATAK DESI MASALA,C155
2983,130,,12,12,0,false,2025-04-06T07:02:48.325Z,,8906010504359,22GM*120 SNACK'EM CHOKDI MASALA,C160
2984,130,,2,2,0,false,2025-04-06T07:02:48.325Z,,8906010504236,45GM*120 BHEL MIX,V189
3028,152,,90,90,0,false,2025-04-06T07:02:48.404Z,,8906010500023,15GM*192 CRUNCHEM SIMPLY SALTED WAFERS,C001
3029,152,,90,90,0,false,2025-04-06T07:02:48.404Z,,8906010500016,30GM*120 CRUNCHEM SIMPLY SALTED WAFERS,C007
3030,152,,3,3,0,false,2025-04-06T07:02:48.404Z,,8906010500092,30GM*120 CRUNCHEX SALTED WAFERS,C015
3031,152,,90,90,0,false,2025-04-06T07:02:48.404Z,,8906010501570,30GM*120 CRUNCHEX CHILI TADKA WAFERS,C016
3011,123,,2,2,0,false,2025-04-06T07:02:48.383Z,,8906010503604,135GM*24 CRUNCHEX SALTED WAFERS,C058
3012,123,,2,2,0,false,2025-04-06T07:02:48.383Z,,8906010503611,135GM*24 CRUNCHEX CHILI TADKA WAFERS,C059
3013,123,,3,3,0,false,2025-04-06T07:02:48.383Z,,8906010500511,50GM*120 C.P.NAMKIN (MASALA MASTI),C060
3014,123,,1,1,0,false,2025-04-06T07:02:48.383Z,,8906010503987,SOFT IMLI CANDY ( 3.5GM*220*10 JAR ),C065
3015,123,,40,40,0,false,2025-04-06T07:02:48.383Z,,8906010501822,70GM*100 GIPPI MASALA NOODLES,C089
3016,123,,45,45,0,false,2025-04-06T07:02:48.383Z,,8906010500559,22GM*240 MAGDAL,C118
3017,123,,15,15,0,false,2025-04-06T07:02:48.383Z,,8906010500337,22GM*240 ALOO SEV,C121
3018,123,,16,16,0,false,2025-04-06T07:02:48.383Z,,8906010500429,25GM*240 GATHIYA,C123
3019,123,,3,3,0,false,2025-04-06T07:02:48.383Z,,8906010500306,25GM*240 RATLAMI SEV,C124
3020,123,,15,15,0,false,2025-04-06T07:02:48.383Z,,8906010500702,25GM*240 CHANADAL,C125
3021,123,,7,7,0,false,2025-04-06T07:02:48.383Z,,8906010503420,20GM*288 MASALA PEAS,C126
3022,123,,5,5,0,false,2025-04-06T07:02:48.383Z,,8906010500399,25GM*240 KHATA MITHA MIX,C128
3023,123,,5,5,0,false,2025-04-06T07:02:48.383Z,,8906010502263,25GM*240 NAVRATAN MIX,C132
3024,123,,24,24,0,false,2025-04-06T07:02:48.383Z,,8906010500078,22GM*240 FARALI CHEVDO,C149
3025,123,,2,2,0,false,2025-04-06T07:02:48.383Z,,8906010504359,22GM*120 SNACK'EM CHOKDI MASALA,C160
3026,123,,30,30,0,false,2025-04-06T07:02:48.383Z,,8906010504298,70GM*100 GIPPI FLAMIN' CHILLI NOODLES,C187
3027,123,,2,2,0,false,2025-04-06T07:02:48.383Z,,8906010504281,13GM*24PKT*12JAR OLEE CHOCO STIX,EOO1
3045,133,,30,30,0,false,2025-04-06T07:02:48.457Z,,8906010500023,15GM*192 CRUNCHEM SIMPLY SALTED WAFERS,C001
3046,133,,30,30,0,false,2025-04-06T07:02:48.457Z,,8906010500481,15GM*192 CRUNCHEM TOMATO TWIST WAFERS,C004
3047,133,,10,10,0,false,2025-04-06T07:02:48.457Z,,8906010500870,30GM*120 CRUNCHEM CREAM & ONION WAFERS,C009
3048,133,,10,10,0,false,2025-04-06T07:02:48.457Z,,8906010500498,30GM*120 CRUNCHEM TOMATO TWIST WAFERS,C012
3049,133,,15,15,0,false,2025-04-06T07:02:48.457Z,,8906010504311,30GM*120 CRUNCHEX CHILLI LEMON WAFERS,C018
3050,133,,30,30,0,false,2025-04-06T07:02:48.457Z,,8906010502294,22GM*192 AMAIZE FLAMIN' HOT NACHOS,C019
3051,133,,48,48,0,false,2025-04-06T07:02:48.457Z,,8906010501228,22GM*120 SCOOPITOS MASALA,C027
3052,133,,12,12,0,false,2025-04-06T07:02:48.457Z,,8906010504724,22GM*120 SNACK'EM PONGA PLAIN,C031
3053,133,,15,15,0,false,2025-04-06T07:02:48.457Z,,8906010500894,25GM*240 C.P.NAMKIN {CHINESE CHATKA},C037
3054,133,,24,24,0,false,2025-04-06T07:02:48.457Z,,8906010502119,25GM*240 C.P.NAMKIN {FLAMIN HOT},C038
3055,133,,48,48,0,false,2025-04-06T07:02:48.457Z,,8906010503451,22GM*144 NOODLE STICKS MASALA,C040
3056,133,,30,30,0,false,2025-04-06T07:02:48.457Z,,8906010500245,25GM*240 MASALA SEV MURMURA,C044
3057,133,,10,10,0,false,2025-04-06T07:02:48.457Z,,8906010502041,22GM*240 BHEL MIX,C046
3058,133,,5,5,0,false,2025-04-06T07:02:48.457Z,,8906010503512,135GM*24 CRUNCHEM SIMPLY SALTED WAFERS,C052
3059,133,,2,2,0,false,2025-04-06T07:02:48.457Z,,8906010503529,135GM*24 CRUNCHEM MASALA MASTI WAFERS,C053
3060,133,,5,5,0,false,2025-04-06T07:02:48.457Z,,8906010503550,135GM*24 CRUNCHEM CREAM & ONION WAFERS,C054
3061,133,,5,5,0,false,2025-04-06T07:02:48.457Z,,8906010503482,135GM*24  CRUNCHEM  TOMATO TWIST WAFERS,C056
3062,133,,2,2,0,false,2025-04-06T07:02:48.457Z,,8906010503543,135GM*24 CRUNCHEM CHAT CHASKA WAFERS,C057
3063,133,,2,2,0,false,2025-04-06T07:02:48.457Z,,8906010500511,50GM*120 C.P.NAMKIN (MASALA MASTI),C060
3064,133,,2,2,0,false,2025-04-06T07:02:48.457Z,,8906010500610,50GM*120 C.P.NAMKIN (TANGY TOMATO),C061
3065,133,,1,1,0,false,2025-04-06T07:02:48.457Z,,8906010504649,40GM*120 KATAK BATAK HING JEERA,C111
3066,133,,5,5,0,false,2025-04-06T07:02:48.457Z,,8906010500337,22GM*240 ALOO SEV,C121
3067,133,,1,1,0,false,2025-04-06T07:02:48.457Z,,8906010502065,25GM*240 CLASSIC SEV,C129
3068,133,,12,12,0,false,2025-04-06T07:02:48.457Z,,8906010502683,40GM*30 SALTED PEANUTS,C144
3069,133,,24,24,0,false,2025-04-06T07:02:48.457Z,,8906010500900,22GM*120 WHEELOS MASALA,C032
3114,129,,30,30,0,false,2025-04-06T07:02:48.531Z,,8906010500023,15GM*192 CRUNCHEM SIMPLY SALTED WAFERS,C001
3115,129,,30,30,0,false,2025-04-06T07:02:48.531Z,,8906010500818,15GM*192 CRUNCHEM CREAM & ONION WAFERS,C003
3116,129,,30,30,0,false,2025-04-06T07:02:48.531Z,,8906010500481,15GM*192 CRUNCHEM TOMATO TWIST WAFERS,C004
3117,129,,5,5,0,false,2025-04-06T07:02:48.531Z,,8906010500016,30GM*120 CRUNCHEM SIMPLY SALTED WAFERS,C007
3118,129,,15,15,0,false,2025-04-06T07:02:48.531Z,,8906010502294,22GM*192 AMAIZE FLAMIN' HOT NACHOS,C019
3119,129,,24,24,0,false,2025-04-06T07:02:48.531Z,,8906010501228,22GM*120 SCOOPITOS MASALA,C027
3120,129,,10,10,0,false,2025-04-06T07:02:48.531Z,,8906010503444,22GM*144 FUNNE SPICY PUNCH,C033
3121,129,,24,24,0,false,2025-04-06T07:02:48.531Z,,8906010500764,25GM*240 C.P.NAMKIN {MASALA MASTI},C035
3122,129,,5,5,0,false,2025-04-06T07:02:48.531Z,,8906010500894,25GM*240 C.P.NAMKIN {CHINESE CHATKA},C037
3123,129,,24,24,0,false,2025-04-06T07:02:48.531Z,,8906010502119,25GM*240 C.P.NAMKIN {FLAMIN HOT},C038
3124,129,,12,12,0,false,2025-04-06T07:02:48.531Z,,8906010502973,25GM*192 PAPDI GATHIYA,C039
3125,129,,10,10,0,false,2025-04-06T07:02:48.531Z,,8906010503451,22GM*144 NOODLE STICKS MASALA,C040
3126,129,,5,5,0,false,2025-04-06T07:02:48.531Z,,0_7,25GM*120 GIPPI TORNADO FLAMIN CHILLI,V041
3127,129,,32,32,0,false,2025-04-06T07:02:48.531Z,,8906010502232,22GM*240 PUNJABI TADKA,C042
3128,129,,10,10,0,false,2025-04-06T07:02:48.531Z,,8906010500214,25GM*240 SEV MURMURA,C043
3129,129,,15,15,0,false,2025-04-06T07:02:48.531Z,,8906010500245,25GM*240 MASALA SEV MURMURA,C044
3130,129,,2,2,0,false,2025-04-06T07:02:48.531Z,,8906010503512,135GM*24 CRUNCHEM SIMPLY SALTED WAFERS,C052
3131,129,,1,1,0,false,2025-04-06T07:02:48.531Z,,8906010503550,135GM*24 CRUNCHEM CREAM & ONION WAFERS,C054
3132,129,,1,1,0,false,2025-04-06T07:02:48.531Z,,8906010503482,135GM*24  CRUNCHEM  TOMATO TWIST WAFERS,C056
3133,129,,5,5,0,false,2025-04-06T07:02:48.531Z,,8906010501822,70GM*100 GIPPI MASALA NOODLES,C089
3134,129,,2,2,0,false,2025-04-06T07:02:48.531Z,,8906010500382,240GM*20 TIKHA MITHA MIX,C094
3135,129,,1,1,0,false,2025-04-06T07:02:48.531Z,,8906010500825,200GM*20 HEALTHY BITES PLAIN KHAKHRA,C113
3136,129,,10,10,0,false,2025-04-06T07:02:48.531Z,,8906010500559,22GM*240 MAGDAL,C118
3137,129,,5,5,0,false,2025-04-06T07:02:48.531Z,,8906010500276,22GM*288 SHING BHUJIA,C119
3138,129,,5,5,0,false,2025-04-06T07:02:48.531Z,,8906010500337,22GM*240 ALOO SEV,C121
3032,152,,30,30,0,false,2025-04-06T07:02:48.404Z,,8906010504311,30GM*120 CRUNCHEX CHILLI LEMON WAFERS,C018
3033,152,,25,25,0,false,2025-04-06T07:02:48.404Z,,8906010500269,22GM*144 POP RINGS MASALA,C029
3034,152,,81,72,0,false,2025-04-06T07:02:48.404Z,,8906010500900,22GM*120 WHEELOS MASALA,C032
3035,152,,24,24,0,false,2025-04-06T07:02:48.404Z,,8906010500764,25GM*240 C.P.NAMKIN {MASALA MASTI},C035
3036,152,,48,48,0,false,2025-04-06T07:02:48.404Z,,8906010500627,25GM*240 C.P.NAMKIN {TANGY TOMATO},C036
3037,152,,96,96,0,false,2025-04-06T07:02:48.404Z,,8906010502973,25GM*192 PAPDI GATHIYA,C039
3038,152,,60,60,0,false,2025-04-06T07:02:48.404Z,,8906010500214,25GM*240 SEV MURMURA,C043
3039,152,,30,30,0,false,2025-04-06T07:02:48.404Z,,8906010502041,22GM*240 BHEL MIX,C046
3040,152,,45,45,0,false,2025-04-06T07:02:48.404Z,,8906010500559,22GM*240 MAGDAL,C118
3041,152,,60,60,0,false,2025-04-06T07:02:48.404Z,,8906010500337,22GM*240 ALOO SEV,C121
3042,152,,30,30,0,false,2025-04-06T07:02:48.404Z,,8906010500368,25GM*240 TIKHA MITHA MIX,C127
3043,152,,30,30,0,false,2025-04-06T07:02:48.404Z,,8906010500399,25GM*240 KHATA MITHA MIX,C128
3044,152,,48,48,0,false,2025-04-06T07:02:48.404Z,,8906010500078,22GM*240 FARALI CHEVDO,C149
3070,143,,90,90,0,false,2025-04-06T07:02:48.480Z,,8906010500023,15GM*192 CRUNCHEM SIMPLY SALTED WAFERS,C001
3071,143,,30,30,0,false,2025-04-06T07:02:48.480Z,,8906010500047,15GM*192 CRUNCHEM MASALA MASTI WAFERS,C002
3072,143,,60,60,0,false,2025-04-06T07:02:48.480Z,,8906010500818,15GM*192 CRUNCHEM CREAM & ONION WAFERS,C003
3073,143,,60,60,0,false,2025-04-06T07:02:48.480Z,,8906010500481,15GM*192 CRUNCHEM TOMATO TWIST WAFERS,C004
3074,143,,30,30,0,false,2025-04-06T07:02:48.480Z,,8906010500474,15GM*192 CRUNCHEM CHAT CHASKA WAFERS,C005
3075,143,,30,30,0,false,2025-04-06T07:02:48.480Z,,8906010500016,30GM*120 CRUNCHEM SIMPLY SALTED WAFERS,C007
3076,143,,15,15,0,false,2025-04-06T07:02:48.480Z,,8906010500870,30GM*120 CRUNCHEM CREAM & ONION WAFERS,C009
3077,143,,5,5,0,false,2025-04-06T07:02:48.480Z,,8906010501198,30GM*120 CRUNCHEM PIZZY MASALA WAFERS,C010
3078,143,,5,5,0,false,2025-04-06T07:02:48.480Z,,8906010500498,30GM*120 CRUNCHEM TOMATO TWIST WAFERS,C012
3079,143,,50,50,0,false,2025-04-06T07:02:48.480Z,,8906010502294,22GM*192 AMAIZE FLAMIN' HOT NACHOS,C019
3080,143,,6,6,0,false,2025-04-06T07:02:48.480Z,,8906010504724,22GM*120 SNACK'EM PONGA PLAIN,C031
3081,143,,103,96,0,false,2025-04-06T07:02:48.480Z,,8906010500900,22GM*120 WHEELOS MASALA,C032
3082,143,,24,24,0,false,2025-04-06T07:02:48.480Z,,8906010500764,25GM*240 C.P.NAMKIN {MASALA MASTI},C035
3083,143,,24,24,0,false,2025-04-06T07:02:48.480Z,,8906010500627,25GM*240 C.P.NAMKIN {TANGY TOMATO},C036
3084,143,,48,48,0,false,2025-04-06T07:02:48.480Z,,8906010502119,25GM*240 C.P.NAMKIN {FLAMIN HOT},C038
3085,143,,24,24,0,false,2025-04-06T07:02:48.480Z,,8906010502973,25GM*192 PAPDI GATHIYA,C039
3086,143,,5,5,0,false,2025-04-06T07:02:48.480Z,,0_7,25GM*120 GIPPI TORNADO FLAMIN CHILLI,V041
3087,143,,32,32,0,false,2025-04-06T07:02:48.480Z,,8906010502232,22GM*240 PUNJABI TADKA,C042
3088,143,,15,15,0,false,2025-04-06T07:02:48.480Z,,8906010500214,25GM*240 SEV MURMURA,C043
3089,143,,60,60,0,false,2025-04-06T07:02:48.480Z,,8906010500245,25GM*240 MASALA SEV MURMURA,C044
3090,143,,10,10,0,false,2025-04-06T07:02:48.480Z,,8906010502041,22GM*240 BHEL MIX,C046
3091,143,,1,1,0,false,2025-04-06T07:02:48.480Z,,8906010502591,65GM*72 CRUNCHEM SIMPLY SALTED WAFERS,C047
3092,143,,15,15,0,false,2025-04-06T07:02:48.480Z,,8906010503512,135GM*24 CRUNCHEM SIMPLY SALTED WAFERS,C052
3093,143,,5,5,0,false,2025-04-06T07:02:48.480Z,,8906010503550,135GM*24 CRUNCHEM CREAM & ONION WAFERS,C054
3094,143,,5,5,0,false,2025-04-06T07:02:48.480Z,,8906010503482,135GM*24  CRUNCHEM  TOMATO TWIST WAFERS,C056
3095,143,,10,10,0,false,2025-04-06T07:02:48.480Z,,8906010500511,50GM*120 C.P.NAMKIN (MASALA MASTI),C060
3096,143,,5,5,0,false,2025-04-06T07:02:48.480Z,,8906010500610,50GM*120 C.P.NAMKIN (TANGY TOMATO),C061
3097,143,,12,12,0,false,2025-04-06T07:02:48.480Z,,8906010501242,45GM*72 WHEELOS MASALA,C070
3098,143,,5,5,0,false,2025-04-06T07:02:48.480Z,,8906010500382,240GM*20 TIKHA MITHA MIX,C094
3099,143,,15,15,0,false,2025-04-06T07:02:48.480Z,,8906010500566,500GM*10 TIKHA MITHA MIX,C104
3100,143,,5,5,0,false,2025-04-06T07:02:48.480Z,,8906010502478,500GM*10 KHATA MITHA MIX,C105
3101,143,,1,1,0,false,2025-04-06T07:02:48.480Z,,8906010500825,200GM*20 HEALTHY BITES PLAIN KHAKHRA,C113
3102,143,,1,1,0,false,2025-04-06T07:02:48.480Z,,8906010500832,200GM*20 HEALTHY BITES MASALA KHAKHRA,C114
3103,143,,1,1,0,false,2025-04-06T07:02:48.480Z,,8906010500856,200GM*20 HEALTHY BITES METHI KHAKHRA,C115
3104,143,,1,1,0,false,2025-04-06T07:02:48.480Z,,8906010500849,200GM*20 HEALTHY BITES JEERA KHAKHRA,C116
3105,143,,10,10,0,false,2025-04-06T07:02:48.480Z,,8906010500559,22GM*240 MAGDAL,C118
3106,143,,5,5,0,false,2025-04-06T07:02:48.480Z,,8906010500276,22GM*288 SHING BHUJIA,C119
3107,143,,5,5,0,false,2025-04-06T07:02:48.480Z,,8906010500863,22GM*288 NIMBU CHATKA SHING BHUJIA,C120
3108,143,,10,10,0,false,2025-04-06T07:02:48.480Z,,8906010500337,22GM*240 ALOO SEV,C121
3109,143,,3,3,0,false,2025-04-06T07:02:48.480Z,,8906010502065,25GM*240 CLASSIC SEV,C129
3110,143,,24,24,0,false,2025-04-06T07:02:48.480Z,,8906010500078,22GM*240 FARALI CHEVDO,C149
3111,143,,1,1,0,false,2025-04-06T07:02:48.480Z,,8906010500085,45GM*180 FARALI CHEVDO,C150
3112,143,,3,3,0,false,2025-04-06T07:02:48.480Z,,8906010504359,22GM*120 SNACK'EM CHOKDI MASALA,C160
3113,143,,6,6,0,false,2025-04-06T07:02:48.480Z,,8906010504205,22GM*120 SNACK'EM PONGA MASALA,C161
3141,155,,120,120,0,false,2025-04-06T07:02:48.558Z,,8906010500023,15GM*192 CRUNCHEM SIMPLY SALTED WAFERS,C001
3142,155,,5,5,0,false,2025-04-06T07:02:48.558Z,,8906010500047,15GM*192 CRUNCHEM MASALA MASTI WAFERS,C002
3143,155,,10,10,0,false,2025-04-06T07:02:48.558Z,,8906010500818,15GM*192 CRUNCHEM CREAM & ONION WAFERS,C003
3144,155,,60,60,0,false,2025-04-06T07:02:48.558Z,,8906010500481,15GM*192 CRUNCHEM TOMATO TWIST WAFERS,C004
3145,155,,30,30,0,false,2025-04-06T07:02:48.558Z,,8906010500016,30GM*120 CRUNCHEM SIMPLY SALTED WAFERS,C007
3146,155,,3,3,0,false,2025-04-06T07:02:48.558Z,,8906010500030,30GM*120 CRUNCHEM MASALA MASTI WAFERS,C008
3147,155,,10,10,0,false,2025-04-06T07:02:48.558Z,,8906010500870,30GM*120 CRUNCHEM CREAM & ONION WAFERS,C009
3148,155,,15,15,0,false,2025-04-06T07:02:48.558Z,,8906010500498,30GM*120 CRUNCHEM TOMATO TWIST WAFERS,C012
3149,155,,25,25,0,false,2025-04-06T07:02:48.558Z,,8906010502294,22GM*192 AMAIZE FLAMIN' HOT NACHOS,C019
3139,129,,2,2,0,false,2025-04-06T07:02:48.531Z,,8906010503420,20GM*288 MASALA PEAS,C126
3140,129,,5,5,0,false,2025-04-06T07:02:48.531Z,,8906010503949,25GM*240 C.P NAMKIN (LASANIYA),C148
3174,128,,10,10,0,false,2025-04-06T07:02:48.605Z,,8906010500023,15GM*192 CRUNCHEM SIMPLY SALTED WAFERS,C001
3175,128,,15,15,0,false,2025-04-06T07:02:48.605Z,,8906010500047,15GM*192 CRUNCHEM MASALA MASTI WAFERS,C002
3176,128,,60,60,0,false,2025-04-06T07:02:48.605Z,,8906010500818,15GM*192 CRUNCHEM CREAM & ONION WAFERS,C003
3177,128,,5,5,0,false,2025-04-06T07:02:48.605Z,,8906010500481,15GM*192 CRUNCHEM TOMATO TWIST WAFERS,C004
3178,128,,10,10,0,false,2025-04-06T07:02:48.605Z,,8906010500474,15GM*192 CRUNCHEM CHAT CHASKA WAFERS,C005
3179,128,,5,5,0,false,2025-04-06T07:02:48.605Z,,8906010502492,15GM*192 CRUNCHEM PERI PERI WAFERS,C006
3180,128,,60,60,0,false,2025-04-06T07:02:48.605Z,,8906010500016,30GM*120 CRUNCHEM SIMPLY SALTED WAFERS,C007
3181,128,,10,10,0,false,2025-04-06T07:02:48.605Z,,8906010500030,30GM*120 CRUNCHEM MASALA MASTI WAFERS,C008
3182,128,,30,30,0,false,2025-04-06T07:02:48.605Z,,8906010500870,30GM*120 CRUNCHEM CREAM & ONION WAFERS,C009
3183,128,,30,30,0,false,2025-04-06T07:02:48.605Z,,8906010501198,30GM*120 CRUNCHEM PIZZY MASALA WAFERS,C010
3184,128,,10,10,0,false,2025-04-06T07:02:48.605Z,,8906010500498,30GM*120 CRUNCHEM TOMATO TWIST WAFERS,C012
3185,128,,30,30,0,false,2025-04-06T07:02:48.605Z,,8906010500535,30GM*120 CRUNCHEM CHAT CHASKA WAFERS,C013
3186,128,,30,30,0,false,2025-04-06T07:02:48.605Z,,8906010502508,30GM*120 CRUNCHEM PERI PERI WAFERS,C014
3187,128,,30,30,0,false,2025-04-06T07:02:48.605Z,,8906010501570,30GM*120 CRUNCHEX CHILI TADKA WAFERS,C016
3188,128,,15,15,0,false,2025-04-06T07:02:48.605Z,,8906010504311,30GM*120 CRUNCHEX CHILLI LEMON WAFERS,C018
3189,128,,15,15,0,false,2025-04-06T07:02:48.605Z,,8906010502300,45GM*120 AMAIZE FLAMIN' HOT NACHOS,C024
3190,128,,5,5,0,false,2025-04-06T07:02:48.605Z,,8906010502355,45GM*120 AMAIZE CHEESE CHILLI NACHOS,C025
3191,128,,6,6,0,false,2025-04-06T07:02:48.605Z,,8906010500627,25GM*240 C.P.NAMKIN {TANGY TOMATO},C036
3192,128,,5,5,0,false,2025-04-06T07:02:48.605Z,,8906010500894,25GM*240 C.P.NAMKIN {CHINESE CHATKA},C037
3193,128,,12,12,0,false,2025-04-06T07:02:48.605Z,,8906010502119,25GM*240 C.P.NAMKIN {FLAMIN HOT},C038
3194,128,,12,12,0,false,2025-04-06T07:02:48.605Z,,8906010502973,25GM*192 PAPDI GATHIYA,C039
3195,128,,5,5,0,false,2025-04-06T07:02:48.605Z,,0_7,25GM*120 GIPPI TORNADO FLAMIN CHILLI,V041
3196,128,,64,64,0,false,2025-04-06T07:02:48.605Z,,8906010502232,22GM*240 PUNJABI TADKA,C042
3197,128,,30,30,0,false,2025-04-06T07:02:48.605Z,,8906010500245,25GM*240 MASALA SEV MURMURA,C044
3198,128,,5,5,0,false,2025-04-06T07:02:48.605Z,,8906010502041,22GM*240 BHEL MIX,C046
3199,128,,30,30,0,false,2025-04-06T07:02:48.605Z,,8906010503550,135GM*24 CRUNCHEM CREAM & ONION WAFERS,C054
3200,128,,10,10,0,false,2025-04-06T07:02:48.605Z,,8906010503109,135GM*24 RUMBLES PUDINA TWIST WAFERS,C055
3201,128,,5,5,0,false,2025-04-06T07:02:48.605Z,,8906010503482,135GM*24  CRUNCHEM  TOMATO TWIST WAFERS,C056
3202,128,,15,15,0,false,2025-04-06T07:02:48.605Z,,8906010503543,135GM*24 CRUNCHEM CHAT CHASKA WAFERS,C057
3203,128,,5,5,0,false,2025-04-06T07:02:48.605Z,,8906010503611,135GM*24 CRUNCHEX CHILI TADKA WAFERS,C059
3204,128,,15,15,0,false,2025-04-06T07:02:48.605Z,,8906010500511,50GM*120 C.P.NAMKIN (MASALA MASTI),C060
3205,128,,10,10,0,false,2025-04-06T07:02:48.605Z,,8906010500610,50GM*120 C.P.NAMKIN (TANGY TOMATO),C061
3206,128,,24,24,0,false,2025-04-06T07:02:48.605Z,,8906010501242,45GM*72 WHEELOS MASALA,C070
3207,128,,5,5,0,false,2025-04-06T07:02:48.605Z,,8906010501488,45GM*90 POP RINGS MASALA,C071
3208,128,,5,5,0,false,2025-04-06T07:02:48.605Z,,8906010501495,45GM*90 POP RINGS YUMMY CHEESE,C072
3209,128,,6,6,0,false,2025-04-06T07:02:48.605Z,,8906010501259,50GM*120 MASALA SEV MURMURA,C081
3210,128,,2,2,0,false,2025-04-06T07:02:48.605Z,,8906010500320,235GM*20 FARALICHEVDO,C084
3211,128,,45,45,0,false,2025-04-06T07:02:48.605Z,,8906010500559,22GM*240 MAGDAL,C118
3212,128,,5,5,0,false,2025-04-06T07:02:48.605Z,,8906010500276,22GM*288 SHING BHUJIA,C119
3213,128,,5,5,0,false,2025-04-06T07:02:48.605Z,,8906010500863,22GM*288 NIMBU CHATKA SHING BHUJIA,C120
3214,128,,1,1,0,false,2025-04-06T07:02:48.605Z,,8906010500306,25GM*240 RATLAMI SEV,C124
3215,128,,5,5,0,false,2025-04-06T07:02:48.605Z,,8906010500368,25GM*240 TIKHA MITHA MIX,C127
3216,128,,5,5,0,false,2025-04-06T07:02:48.605Z,,8906010500221,45GM*144 MAGDAL,C134
3217,128,,5,5,0,false,2025-04-06T07:02:48.605Z,,8906010500344,45GM*180 ALOO SEV,C136
3218,128,,36,36,0,false,2025-04-06T07:02:48.605Z,,8906010502683,40GM*30 SALTED PEANUTS,C144
3219,128,,6,6,0,false,2025-04-06T07:02:48.605Z,,8906010500078,22GM*240 FARALI CHEVDO,C149
3220,128,,2,2,0,false,2025-04-06T07:02:48.605Z,,8906010504236,45GM*120 BHEL MIX,V189
3350,125,,10,10,0,false,2025-04-06T07:02:48.681Z,,8906010500023,15GM*192 CRUNCHEM SIMPLY SALTED WAFERS,C001
3351,125,,10,10,0,false,2025-04-06T07:02:48.681Z,,8906010500047,15GM*192 CRUNCHEM MASALA MASTI WAFERS,C002
3352,125,,10,10,0,false,2025-04-06T07:02:48.681Z,,8906010500818,15GM*192 CRUNCHEM CREAM & ONION WAFERS,C003
3353,125,,10,10,0,false,2025-04-06T07:02:48.681Z,,8906010500481,15GM*192 CRUNCHEM TOMATO TWIST WAFERS,C004
3354,125,,10,10,0,false,2025-04-06T07:02:48.681Z,,8906010500474,15GM*192 CRUNCHEM CHAT CHASKA WAFERS,C005
3355,125,,5,5,0,false,2025-04-06T07:02:48.681Z,,8906010502492,15GM*192 CRUNCHEM PERI PERI WAFERS,C006
3356,125,,30,30,0,false,2025-04-06T07:02:48.681Z,,8906010500016,30GM*120 CRUNCHEM SIMPLY SALTED WAFERS,C007
3357,125,,15,15,0,false,2025-04-06T07:02:48.681Z,,8906010500030,30GM*120 CRUNCHEM MASALA MASTI WAFERS,C008
3358,125,,30,30,0,false,2025-04-06T07:02:48.681Z,,8906010500870,30GM*120 CRUNCHEM CREAM & ONION WAFERS,C009
3359,125,,10,10,0,false,2025-04-06T07:02:48.681Z,,8906010501198,30GM*120 CRUNCHEM PIZZY MASALA WAFERS,C010
3360,125,,15,15,0,false,2025-04-06T07:02:48.681Z,,8906010500498,30GM*120 CRUNCHEM TOMATO TWIST WAFERS,C012
3361,125,,10,10,0,false,2025-04-06T07:02:48.681Z,,8906010500535,30GM*120 CRUNCHEM CHAT CHASKA WAFERS,C013
3362,125,,15,15,0,false,2025-04-06T07:02:48.681Z,,8906010502508,30GM*120 CRUNCHEM PERI PERI WAFERS,C014
3363,125,,15,15,0,false,2025-04-06T07:02:48.681Z,,8906010501570,30GM*120 CRUNCHEX CHILI TADKA WAFERS,C016
3364,125,,20,20,0,false,2025-04-06T07:02:48.681Z,,8906010502294,22GM*192 AMAIZE FLAMIN' HOT NACHOS,C019
3365,125,,5,5,0,false,2025-04-06T07:02:48.681Z,,8906010504663,25GM*240 AMAIZE JALAPENO CORN CHIPS,C021
3366,125,,30,30,0,false,2025-04-06T07:02:48.681Z,,8906010502300,45GM*120 AMAIZE FLAMIN' HOT NACHOS,C024
3150,155,,12,12,0,false,2025-04-06T07:02:48.558Z,,8906010501228,22GM*120 SCOOPITOS MASALA,C027
3151,155,,96,96,0,false,2025-04-06T07:02:48.558Z,,8906010500900,22GM*120 WHEELOS MASALA,C032
3152,155,,96,96,0,false,2025-04-06T07:02:48.558Z,,8906010500764,25GM*240 C.P.NAMKIN {MASALA MASTI},C035
3153,155,,48,48,0,false,2025-04-06T07:02:48.558Z,,8906010500627,25GM*240 C.P.NAMKIN {TANGY TOMATO},C036
3154,155,,12,12,0,false,2025-04-06T07:02:48.558Z,,8906010502119,25GM*240 C.P.NAMKIN {FLAMIN HOT},C038
3155,155,,24,24,0,false,2025-04-06T07:02:48.558Z,,8906010502973,25GM*192 PAPDI GATHIYA,C039
3156,155,,12,12,0,false,2025-04-06T07:02:48.558Z,,8906010503451,22GM*144 NOODLE STICKS MASALA,C040
3157,155,,10,10,0,false,2025-04-06T07:02:48.558Z,,0_7,25GM*120 GIPPI TORNADO FLAMIN CHILLI,V041
3158,155,,32,32,0,false,2025-04-06T07:02:48.558Z,,8906010502232,22GM*240 PUNJABI TADKA,C042
3159,155,,10,10,0,false,2025-04-06T07:02:48.558Z,,8906010500214,25GM*240 SEV MURMURA,C043
3160,155,,60,60,0,false,2025-04-06T07:02:48.558Z,,8906010500245,25GM*240 MASALA SEV MURMURA,C044
3161,155,,5,5,0,false,2025-04-06T07:02:48.558Z,,8906010502041,22GM*240 BHEL MIX,C046
3162,155,,10,10,0,false,2025-04-06T07:02:48.558Z,,8906010500511,50GM*120 C.P.NAMKIN (MASALA MASTI),C060
3163,155,,12,12,0,false,2025-04-06T07:02:48.558Z,,8906010501242,45GM*72 WHEELOS MASALA,C070
3164,155,,3,3,0,false,2025-04-06T07:02:48.558Z,,8906010502836,45GM*144 PUNJABI TADKA,C078
3165,155,,12,12,0,false,2025-04-06T07:02:48.558Z,,8906010501259,50GM*120 MASALA SEV MURMURA,C081
3166,155,,45,45,0,false,2025-04-06T07:02:48.558Z,,8906010500559,22GM*240 MAGDAL,C118
3167,155,,15,15,0,false,2025-04-06T07:02:48.558Z,,8906010500276,22GM*288 SHING BHUJIA,C119
3168,155,,5,5,0,false,2025-04-06T07:02:48.558Z,,8906010500863,22GM*288 NIMBU CHATKA SHING BHUJIA,C120
3169,155,,15,15,0,false,2025-04-06T07:02:48.558Z,,8906010500337,22GM*240 ALOO SEV,C121
3170,155,,12,12,0,false,2025-04-06T07:02:48.558Z,,8906010502683,40GM*30 SALTED PEANUTS,C144
3171,155,,48,48,0,false,2025-04-06T07:02:48.558Z,,8906010500078,22GM*240 FARALI CHEVDO,C149
3172,155,,5,5,0,false,2025-04-06T07:02:48.558Z,,8906010500085,45GM*180 FARALI CHEVDO,C150
3173,155,,6,6,0,false,2025-04-06T07:02:48.558Z,,8906010504359,22GM*120 SNACK'EM CHOKDI MASALA,C160
3221,131,,10,10,0,false,2025-04-06T07:02:48.635Z,,8906010500023,15GM*192 CRUNCHEM SIMPLY SALTED WAFERS,C001
3222,131,,15,15,0,false,2025-04-06T07:02:48.635Z,,8906010500818,15GM*192 CRUNCHEM CREAM & ONION WAFERS,C003
3223,131,,5,5,0,false,2025-04-06T07:02:48.635Z,,8906010500481,15GM*192 CRUNCHEM TOMATO TWIST WAFERS,C004
3224,131,,5,5,0,false,2025-04-06T07:02:48.635Z,,8906010500474,15GM*192 CRUNCHEM CHAT CHASKA WAFERS,C005
3225,131,,5,5,0,false,2025-04-06T07:02:48.635Z,,8906010502492,15GM*192 CRUNCHEM PERI PERI WAFERS,C006
3226,131,,60,60,0,false,2025-04-06T07:02:48.635Z,,8906010500016,30GM*120 CRUNCHEM SIMPLY SALTED WAFERS,C007
3227,131,,30,30,0,false,2025-04-06T07:02:48.635Z,,8906010500030,30GM*120 CRUNCHEM MASALA MASTI WAFERS,C008
3228,131,,30,30,0,false,2025-04-06T07:02:48.635Z,,8906010500870,30GM*120 CRUNCHEM CREAM & ONION WAFERS,C009
3229,131,,10,10,0,false,2025-04-06T07:02:48.635Z,,8906010501198,30GM*120 CRUNCHEM PIZZY MASALA WAFERS,C010
3230,131,,10,10,0,false,2025-04-06T07:02:48.635Z,,8906010501952,30GM*120 RUMBLES PUDINA TWIST WAFERS,C011
3231,131,,30,30,0,false,2025-04-06T07:02:48.635Z,,8906010500498,30GM*120 CRUNCHEM TOMATO TWIST WAFERS,C012
3232,131,,30,30,0,false,2025-04-06T07:02:48.635Z,,8906010500535,30GM*120 CRUNCHEM CHAT CHASKA WAFERS,C013
3233,131,,15,15,0,false,2025-04-06T07:02:48.635Z,,8906010502508,30GM*120 CRUNCHEM PERI PERI WAFERS,C014
3234,131,,30,30,0,false,2025-04-06T07:02:48.635Z,,8906010501570,30GM*120 CRUNCHEX CHILI TADKA WAFERS,C016
3235,131,,5,5,0,false,2025-04-06T07:02:48.635Z,,8906010504311,30GM*120 CRUNCHEX CHILLI LEMON WAFERS,C018
3236,131,,10,10,0,false,2025-04-06T07:02:48.635Z,,8906010502294,22GM*192 AMAIZE FLAMIN' HOT NACHOS,C019
3237,131,,3,3,0,false,2025-04-06T07:02:48.635Z,,8906010504663,25GM*240 AMAIZE JALAPENO CORN CHIPS,C021
3238,131,,30,30,0,false,2025-04-06T07:02:48.635Z,,8906010502829,45GM*120 AMAIZE SIMPLY SALTED NACHOS,C022
3239,131,,30,30,0,false,2025-04-06T07:02:48.635Z,,8906010502300,45GM*120 AMAIZE FLAMIN' HOT NACHOS,C024
3240,131,,25,25,0,false,2025-04-06T07:02:48.635Z,,8906010502355,45GM*120 AMAIZE CHEESE CHILLI NACHOS,C025
3241,131,,12,12,0,false,2025-04-06T07:02:48.635Z,,8906010501228,22GM*120 SCOOPITOS MASALA,C027
3242,131,,5,5,0,false,2025-04-06T07:02:48.635Z,,8906010500269,22GM*144 POP RINGS MASALA,C029
3243,131,,1,1,0,false,2025-04-06T07:02:48.635Z,,8906010504724,22GM*120 SNACK'EM PONGA PLAIN,C031
3244,131,,37,48,0,false,2025-04-06T07:02:48.635Z,,8906010500900,22GM*120 WHEELOS MASALA,C032
3245,131,,5,5,0,false,2025-04-06T07:02:48.635Z,,8906010503444,22GM*144 FUNNE SPICY PUNCH,C033
3246,131,,12,12,0,false,2025-04-06T07:02:48.635Z,,8906010500764,25GM*240 C.P.NAMKIN {MASALA MASTI},C035
3247,131,,10,10,0,false,2025-04-06T07:02:48.635Z,,8906010500627,25GM*240 C.P.NAMKIN {TANGY TOMATO},C036
3248,131,,10,10,0,false,2025-04-06T07:02:48.635Z,,8906010500894,25GM*240 C.P.NAMKIN {CHINESE CHATKA},C037
3249,131,,24,24,0,false,2025-04-06T07:02:48.635Z,,8906010502119,25GM*240 C.P.NAMKIN {FLAMIN HOT},C038
3250,131,,7,7,0,false,2025-04-06T07:02:48.635Z,,8906010502973,25GM*192 PAPDI GATHIYA,C039
3251,131,,5,5,0,false,2025-04-06T07:02:48.635Z,,8906010503451,22GM*144 NOODLE STICKS MASALA,C040
3252,131,,5,5,0,false,2025-04-06T07:02:48.635Z,,0_7,25GM*120 GIPPI TORNADO FLAMIN CHILLI,V041
3253,131,,32,32,0,false,2025-04-06T07:02:48.635Z,,8906010502232,22GM*240 PUNJABI TADKA,C042
3254,131,,10,10,0,false,2025-04-06T07:02:48.635Z,,8906010500214,25GM*240 SEV MURMURA,C043
3255,131,,30,30,0,false,2025-04-06T07:02:48.635Z,,8906010500245,25GM*240 MASALA SEV MURMURA,C044
3256,131,,10,10,0,false,2025-04-06T07:02:48.635Z,,8906010502041,22GM*240 BHEL MIX,C046
3257,131,,10,10,0,false,2025-04-06T07:02:48.635Z,,8906010503512,135GM*24 CRUNCHEM SIMPLY SALTED WAFERS,C052
3258,131,,10,10,0,false,2025-04-06T07:02:48.635Z,,8906010503529,135GM*24 CRUNCHEM MASALA MASTI WAFERS,C053
3259,131,,10,10,0,false,2025-04-06T07:02:48.635Z,,8906010503550,135GM*24 CRUNCHEM CREAM & ONION WAFERS,C054
3260,131,,5,5,0,false,2025-04-06T07:02:48.635Z,,8906010503482,135GM*24  CRUNCHEM  TOMATO TWIST WAFERS,C056
3261,131,,5,5,0,false,2025-04-06T07:02:48.635Z,,8906010503543,135GM*24 CRUNCHEM CHAT CHASKA WAFERS,C057
3262,131,,5,5,0,false,2025-04-06T07:02:48.635Z,,8906010503604,135GM*24 CRUNCHEX SALTED WAFERS,C058
3263,131,,10,10,0,false,2025-04-06T07:02:48.635Z,,8906010503611,135GM*24 CRUNCHEX CHILI TADKA WAFERS,C059
3264,131,,15,15,0,false,2025-04-06T07:02:48.635Z,,8906010500511,50GM*120 C.P.NAMKIN (MASALA MASTI),C060
3265,131,,10,10,0,false,2025-04-06T07:02:48.635Z,,8906010500610,50GM*120 C.P.NAMKIN (TANGY TOMATO),C061
3266,131,,1,1,0,false,2025-04-06T07:02:48.635Z,,8906010503987,SOFT IMLI CANDY ( 3.5GM*220*10 JAR ),C065
3267,131,,1,1,0,false,2025-04-06T07:02:48.635Z,,8906010503260,16GM*24PKT*12JAR JUICY STRAWBERRY CREAM WAFERS,C068
3268,131,,48,48,0,false,2025-04-06T07:02:48.635Z,,8906010501242,45GM*72 WHEELOS MASALA,C070
3269,131,,5,5,0,false,2025-04-06T07:02:48.635Z,,8906010501488,45GM*90 POP RINGS MASALA,C071
3270,131,,5,5,0,false,2025-04-06T07:02:48.635Z,,8906010501495,45GM*90 POP RINGS YUMMY CHEESE,C072
3271,131,,2,2,0,false,2025-04-06T07:02:48.635Z,,8906010502133,25GM*240 CHANA JOR GARAM,C076
3272,131,,6,6,0,false,2025-04-06T07:02:48.635Z,,8906010503772,50GM*120 PAPDI GATHIYA,C077
3273,131,,10,10,0,false,2025-04-06T07:02:48.635Z,,8906010502836,45GM*144 PUNJABI TADKA,C078
3274,131,,2,2,0,false,2025-04-06T07:02:48.635Z,,8906010500542,50GM*120 SEV MURMURA,C080
3275,131,,12,12,0,false,2025-04-06T07:02:48.635Z,,8906010501259,50GM*120 MASALA SEV MURMURA,C081
3276,131,,5,5,0,false,2025-04-06T07:02:48.635Z,,8906010501822,70GM*100 GIPPI MASALA NOODLES,C089
3277,131,,3,3,0,false,2025-04-06T07:02:48.635Z,,8906010500382,240GM*20 TIKHA MITHA MIX,C094
3278,131,,1,1,0,false,2025-04-06T07:02:48.635Z,,8906010500566,500GM*10 TIKHA MITHA MIX,C104
3279,131,,15,15,0,false,2025-04-06T07:02:48.635Z,,8906010500559,22GM*240 MAGDAL,C118
3280,131,,5,5,0,false,2025-04-06T07:02:48.635Z,,8906010500276,22GM*288 SHING BHUJIA,C119
3281,131,,5,5,0,false,2025-04-06T07:02:48.635Z,,8906010500863,22GM*288 NIMBU CHATKA SHING BHUJIA,C120
3282,131,,15,15,0,false,2025-04-06T07:02:48.635Z,,8906010500337,22GM*240 ALOO SEV,C121
3283,131,,4,4,0,false,2025-04-06T07:02:48.635Z,,8906010500429,25GM*240 GATHIYA,C123
3284,131,,1,1,0,false,2025-04-06T07:02:48.635Z,,8906010500306,25GM*240 RATLAMI SEV,C124
3285,131,,3,3,0,false,2025-04-06T07:02:48.635Z,,8906010500702,25GM*240 CHANADAL,C125
3286,131,,3,3,0,false,2025-04-06T07:02:48.635Z,,8906010500368,25GM*240 TIKHA MITHA MIX,C127
3287,131,,5,5,0,false,2025-04-06T07:02:48.635Z,,8906010500221,45GM*144 MAGDAL,C134
3288,131,,1,1,0,false,2025-04-06T07:02:48.635Z,,8906010500283,45GM*180 SHING BHUJIA,C135
3289,131,,5,5,0,false,2025-04-06T07:02:48.635Z,,8906010500344,45GM*180 ALOO SEV,C136
3290,131,,2,2,0,false,2025-04-06T07:02:48.635Z,,8906010500436,50GM*144 GATHIYA,C138
3291,131,,1,1,0,false,2025-04-06T07:02:48.635Z,,8906010500313,50GM*144 RATLAMI SEV,C139
3292,131,,4,4,0,false,2025-04-06T07:02:48.635Z,,8906010500375,50GM*150 TIKHA MITHA MIX,C140
3293,131,,12,12,0,false,2025-04-06T07:02:48.635Z,,8906010502683,40GM*30 SALTED PEANUTS,C144
3294,131,,5,5,0,false,2025-04-06T07:02:48.635Z,,8906010503949,25GM*240 C.P NAMKIN (LASANIYA),C148
3295,131,,4,4,0,false,2025-04-06T07:02:48.635Z,,8906010500078,22GM*240 FARALI CHEVDO,C149
3296,131,,3,3,0,false,2025-04-06T07:02:48.635Z,,8906010500085,45GM*180 FARALI CHEVDO,C150
3297,131,,5,5,0,false,2025-04-06T07:02:48.635Z,,8906010503826,30GM*120 RUMBLES HOT CHILI WAFERS,C153
3298,131,,1,1,0,false,2025-04-06T07:02:48.635Z,,8906010500412,45GM*180 NIMBU CHATKA SHING BHUJIA,V157
3299,131,,1,1,0,false,2025-04-06T07:02:48.635Z,,8906010504205,22GM*120 SNACK'EM PONGA MASALA,C161
3300,131,,2,2,0,false,2025-04-06T07:02:48.635Z,,8906010504236,45GM*120 BHEL MIX,V189
3301,131,,10,10,0,false,2025-04-06T07:02:48.635Z,,8906010500023,15GM*192 CRUNCHEM SIMPLY SALTED WAFERS,C001
3302,131,,15,15,0,false,2025-04-06T07:02:48.635Z,,8906010500818,15GM*192 CRUNCHEM CREAM & ONION WAFERS,C003
3303,131,,5,5,0,false,2025-04-06T07:02:48.635Z,,8906010500481,15GM*192 CRUNCHEM TOMATO TWIST WAFERS,C004
3304,131,,5,5,0,false,2025-04-06T07:02:48.635Z,,8906010500474,15GM*192 CRUNCHEM CHAT CHASKA WAFERS,C005
3305,131,,5,5,0,false,2025-04-06T07:02:48.635Z,,8906010502492,15GM*192 CRUNCHEM PERI PERI WAFERS,C006
3306,131,,60,60,0,false,2025-04-06T07:02:48.635Z,,8906010500016,30GM*120 CRUNCHEM SIMPLY SALTED WAFERS,C007
3307,131,,30,30,0,false,2025-04-06T07:02:48.635Z,,8906010500030,30GM*120 CRUNCHEM MASALA MASTI WAFERS,C008
3308,131,,30,30,0,false,2025-04-06T07:02:48.635Z,,8906010500870,30GM*120 CRUNCHEM CREAM & ONION WAFERS,C009
3309,131,,10,10,0,false,2025-04-06T07:02:48.635Z,,8906010501198,30GM*120 CRUNCHEM PIZZY MASALA WAFERS,C010
3310,131,,10,10,0,false,2025-04-06T07:02:48.635Z,,8906010501952,30GM*120 RUMBLES PUDINA TWIST WAFERS,C011
3311,131,,30,30,0,false,2025-04-06T07:02:48.635Z,,8906010500498,30GM*120 CRUNCHEM TOMATO TWIST WAFERS,C012
3312,131,,30,30,0,false,2025-04-06T07:02:48.635Z,,8906010500535,30GM*120 CRUNCHEM CHAT CHASKA WAFERS,C013
3313,131,,15,15,0,false,2025-04-06T07:02:48.635Z,,8906010502508,30GM*120 CRUNCHEM PERI PERI WAFERS,C014
3314,131,,30,30,0,false,2025-04-06T07:02:48.635Z,,8906010501570,30GM*120 CRUNCHEX CHILI TADKA WAFERS,C016
3315,131,,5,5,0,false,2025-04-06T07:02:48.635Z,,8906010504311,30GM*120 CRUNCHEX CHILLI LEMON WAFERS,C018
3316,131,,10,10,0,false,2025-04-06T07:02:48.635Z,,8906010502294,22GM*192 AMAIZE FLAMIN' HOT NACHOS,C019
3317,131,,3,3,0,false,2025-04-06T07:02:48.635Z,,8906010504663,25GM*240 AMAIZE JALAPENO CORN CHIPS,C021
3318,131,,30,30,0,false,2025-04-06T07:02:48.635Z,,8906010502829,45GM*120 AMAIZE SIMPLY SALTED NACHOS,C022
3319,131,,30,30,0,false,2025-04-06T07:02:48.635Z,,8906010502300,45GM*120 AMAIZE FLAMIN' HOT NACHOS,C024
3320,131,,25,25,0,false,2025-04-06T07:02:48.635Z,,8906010502355,45GM*120 AMAIZE CHEESE CHILLI NACHOS,C025
3321,131,,12,12,0,false,2025-04-06T07:02:48.635Z,,8906010501228,22GM*120 SCOOPITOS MASALA,C027
3322,131,,5,5,0,false,2025-04-06T07:02:48.635Z,,8906010500269,22GM*144 POP RINGS MASALA,C029
3323,131,,1,1,0,false,2025-04-06T07:02:48.635Z,,8906010504724,22GM*120 SNACK'EM PONGA PLAIN,C031
3324,131,,37,48,0,false,2025-04-06T07:02:48.635Z,,8906010500900,22GM*120 WHEELOS MASALA,C032
3325,131,,5,5,0,false,2025-04-06T07:02:48.635Z,,8906010503444,22GM*144 FUNNE SPICY PUNCH,C033
3326,131,,12,12,0,false,2025-04-06T07:02:48.635Z,,8906010500764,25GM*240 C.P.NAMKIN {MASALA MASTI},C035
3327,131,,10,10,0,false,2025-04-06T07:02:48.635Z,,8906010500627,25GM*240 C.P.NAMKIN {TANGY TOMATO},C036
3328,131,,10,10,0,false,2025-04-06T07:02:48.635Z,,8906010500894,25GM*240 C.P.NAMKIN {CHINESE CHATKA},C037
3329,131,,24,24,0,false,2025-04-06T07:02:48.635Z,,8906010502119,25GM*240 C.P.NAMKIN {FLAMIN HOT},C038
3330,131,,7,7,0,false,2025-04-06T07:02:48.635Z,,8906010502973,25GM*192 PAPDI GATHIYA,C039
3331,131,,5,5,0,false,2025-04-06T07:02:48.635Z,,8906010503451,22GM*144 NOODLE STICKS MASALA,C040
3332,131,,5,5,0,false,2025-04-06T07:02:48.635Z,,0_7,25GM*120 GIPPI TORNADO FLAMIN CHILLI,V041
3333,131,,32,32,0,false,2025-04-06T07:02:48.635Z,,8906010502232,22GM*240 PUNJABI TADKA,C042
3334,131,,10,10,0,false,2025-04-06T07:02:48.635Z,,8906010500214,25GM*240 SEV MURMURA,C043
3335,131,,30,30,0,false,2025-04-06T07:02:48.635Z,,8906010500245,25GM*240 MASALA SEV MURMURA,C044
3336,131,,10,10,0,false,2025-04-06T07:02:48.635Z,,8906010502041,22GM*240 BHEL MIX,C046
3337,131,,10,10,0,false,2025-04-06T07:02:48.635Z,,8906010503512,135GM*24 CRUNCHEM SIMPLY SALTED WAFERS,C052
3338,131,,10,10,0,false,2025-04-06T07:02:48.635Z,,8906010503529,135GM*24 CRUNCHEM MASALA MASTI WAFERS,C053
3339,131,,10,10,0,false,2025-04-06T07:02:48.635Z,,8906010503550,135GM*24 CRUNCHEM CREAM & ONION WAFERS,C054
3340,131,,5,5,0,false,2025-04-06T07:02:48.635Z,,8906010503482,135GM*24  CRUNCHEM  TOMATO TWIST WAFERS,C056
3341,131,,5,5,0,false,2025-04-06T07:02:48.635Z,,8906010503543,135GM*24 CRUNCHEM CHAT CHASKA WAFERS,C057
3342,131,,5,5,0,false,2025-04-06T07:02:48.635Z,,8906010503604,135GM*24 CRUNCHEX SALTED WAFERS,C058
3343,131,,10,10,0,false,2025-04-06T07:02:48.635Z,,8906010503611,135GM*24 CRUNCHEX CHILI TADKA WAFERS,C059
3344,131,,15,15,0,false,2025-04-06T07:02:48.635Z,,8906010500511,50GM*120 C.P.NAMKIN (MASALA MASTI),C060
3345,131,,10,10,0,false,2025-04-06T07:02:48.635Z,,8906010500610,50GM*120 C.P.NAMKIN (TANGY TOMATO),C061
3346,131,,1,1,0,false,2025-04-06T07:02:48.635Z,,8906010503987,SOFT IMLI CANDY ( 3.5GM*220*10 JAR ),C065
3347,131,,1,1,0,false,2025-04-06T07:02:48.635Z,,8906010503260,16GM*24PKT*12JAR JUICY STRAWBERRY CREAM WAFERS,C068
3348,131,,48,48,0,false,2025-04-06T07:02:48.635Z,,8906010501242,45GM*72 WHEELOS MASALA,C070
3349,131,,5,5,0,false,2025-04-06T07:02:48.635Z,,8906010501488,45GM*90 POP RINGS MASALA,C071
3531,159,,1,1,0,false,2025-04-06T07:02:49.070Z,,8906010502065,25GM*240 CLASSIC SEV,C129
3532,159,,24,24,0,false,2025-04-06T07:02:49.070Z,,8906010500078,22GM*240 FARALI CHEVDO,C149
3533,159,,5,5,0,false,2025-04-06T07:02:49.070Z,,8906010500085,45GM*180 FARALI CHEVDO,C150
3534,159,,6,6,0,false,2025-04-06T07:02:49.070Z,,8906010504359,22GM*120 SNACK'EM CHOKDI MASALA,C160
3535,159,,12,12,0,false,2025-04-06T07:02:49.070Z,,8906010504205,22GM*120 SNACK'EM PONGA MASALA,C161
3561,136,,90,90,0,false,2025-04-06T07:02:49.148Z,,8906010500023,15GM*192 CRUNCHEM SIMPLY SALTED WAFERS,C001
3562,136,,30,30,0,false,2025-04-06T07:02:49.148Z,,8906010500818,15GM*192 CRUNCHEM CREAM & ONION WAFERS,C003
3563,136,,120,120,0,false,2025-04-06T07:02:49.148Z,,8906010500481,15GM*192 CRUNCHEM TOMATO TWIST WAFERS,C004
3564,136,,10,10,0,false,2025-04-06T07:02:49.148Z,,8906010500016,30GM*120 CRUNCHEM SIMPLY SALTED WAFERS,C007
3565,136,,45,45,0,false,2025-04-06T07:02:49.148Z,,8906010502294,22GM*192 AMAIZE FLAMIN' HOT NACHOS,C019
3566,136,,24,24,0,false,2025-04-06T07:02:49.148Z,,8906010501228,22GM*120 SCOOPITOS MASALA,C027
3567,136,,46,48,0,false,2025-04-06T07:02:49.148Z,,8906010500900,22GM*120 WHEELOS MASALA,C032
3568,136,,24,24,0,false,2025-04-06T07:02:49.148Z,,8906010503444,22GM*144 FUNNE SPICY PUNCH,C033
3569,136,,72,72,0,false,2025-04-06T07:02:49.148Z,,8906010500764,25GM*240 C.P.NAMKIN {MASALA MASTI},C035
3570,136,,48,48,0,false,2025-04-06T07:02:49.148Z,,8906010500627,25GM*240 C.P.NAMKIN {TANGY TOMATO},C036
3571,136,,12,12,0,false,2025-04-06T07:02:49.148Z,,8906010502973,25GM*192 PAPDI GATHIYA,C039
3572,136,,24,24,0,false,2025-04-06T07:02:49.148Z,,8906010503451,22GM*144 NOODLE STICKS MASALA,C040
3573,136,,10,10,0,false,2025-04-06T07:02:49.148Z,,0_7,22GM*120 GIPPI TORNADO FLAMIN CHILLI,C041
3574,136,,64,64,0,false,2025-04-06T07:02:49.148Z,,8906010502232,22GM*240 PUNJABI TADKA,C042
3575,136,,15,15,0,false,2025-04-06T07:02:49.148Z,,8906010500214,25GM*240 SEV MURMURA,C043
3576,136,,60,60,0,false,2025-04-06T07:02:49.148Z,,8906010500245,25GM*240 MASALA SEV MURMURA,C044
3577,136,,10,10,0,false,2025-04-06T07:02:49.148Z,,8906010502041,22GM*240 BHEL MIX,C046
3578,136,,6,6,0,false,2025-04-06T07:02:49.148Z,,8906010501242,45GM*72 WHEELOS MASALA,C070
3579,136,,45,45,0,false,2025-04-06T07:02:49.148Z,,8906010500559,22GM*240 MAGDAL,C118
3580,136,,10,10,0,false,2025-04-06T07:02:49.148Z,,8906010500276,22GM*288 SHING BHUJIA,C119
3581,136,,10,10,0,false,2025-04-06T07:02:49.148Z,,8906010500863,22GM*288 NIMBU CHATKA SHING BHUJIA,C120
3582,136,,15,15,0,false,2025-04-06T07:02:49.148Z,,8906010500337,22GM*240 ALOO SEV,C121
3583,136,,32,32,0,false,2025-04-06T07:02:49.148Z,,8906010500429,25GM*240 GATHIYA,C123
3584,136,,15,15,0,false,2025-04-06T07:02:49.148Z,,8906010500702,25GM*240 CHANADAL,C125
3585,136,,3,3,0,false,2025-04-06T07:02:49.148Z,,8906010504359,22GM*120 SNACK'EM CHOKDI MASALA,C160
3649,156,,5,5,0,false,2025-04-06T07:02:49.224Z,,8906010502348,22GM*192 AMAIZE CHEESE CHILLI NACHOS,C020
3650,156,,5,5,0,false,2025-04-06T07:02:49.224Z,,8906010504663,25GM*240 AMAIZE JALAPENO CORN CHIPS,C021
3651,156,,5,5,0,false,2025-04-06T07:02:49.224Z,,8906010502829,45GM*120 AMAIZE SIMPLY SALTED NACHOS,C022
3652,156,,30,30,0,false,2025-04-06T07:02:49.224Z,,8906010502300,45GM*120 AMAIZE FLAMIN' HOT NACHOS,C024
3653,156,,13,13,0,false,2025-04-06T07:02:49.224Z,,8906010502355,45GM*120 AMAIZE CHEESE CHILLI NACHOS,C025
3654,156,,48,48,0,false,2025-04-06T07:02:49.224Z,,8906010501228,22GM*120 SCOOPITOS MASALA,C027
3655,156,,7,7,0,false,2025-04-06T07:02:49.224Z,,8906010503222,22GM*144 POP RINGS SHAPES,C028
3656,156,,15,15,0,false,2025-04-06T07:02:49.224Z,,8906010501419,22GM*144 POP RINGS YUMMY CHEESE,C030
3657,156,,74,24,0,false,2025-04-06T07:02:49.224Z,,8906010500900,22GM*120 WHEELOS MASALA,C032
3658,156,,6,6,0,false,2025-04-06T07:02:49.224Z,,8906010500627,25GM*240 C.P.NAMKIN {TANGY TOMATO},C036
3659,156,,72,72,0,false,2025-04-06T07:02:49.224Z,,8906010502119,25GM*240 C.P.NAMKIN {FLAMIN HOT},C038
3660,156,,48,48,0,false,2025-04-06T07:02:49.224Z,,8906010502973,25GM*192 PAPDI GATHIYA,C039
3661,156,,60,30,0,false,2025-04-06T07:02:49.224Z,,0_7,22GM*120 GIPPI TORNADO FLAMIN CHILLI,C041
3662,156,,128,64,0,false,2025-04-06T07:02:49.224Z,,8906010502232,22GM*240 PUNJABI TADKA,C042
3663,156,,30,30,0,false,2025-04-06T07:02:49.224Z,,8906010500214,25GM*240 SEV MURMURA,C043
3664,156,,90,30,0,false,2025-04-06T07:02:49.224Z,,8906010500245,25GM*240 MASALA SEV MURMURA,C044
3665,156,,15,15,0,false,2025-04-06T07:02:49.224Z,,8906010502041,22GM*240 BHEL MIX,C046
3666,156,,48,48,0,false,2025-04-06T07:02:49.224Z,,8906010501242,45GM*72 WHEELOS MASALA,C070
3667,156,,5,5,0,false,2025-04-06T07:02:49.224Z,,8906010501488,45GM*90 POP RINGS MASALA,C071
3367,125,,5,5,0,false,2025-04-06T07:02:48.681Z,,8906010502355,45GM*120 AMAIZE CHEESE CHILLI NACHOS,C025
3368,125,,12,12,0,false,2025-04-06T07:02:48.681Z,,8906010501228,22GM*120 SCOOPITOS MASALA,C027
3369,125,,10,10,0,false,2025-04-06T07:02:48.681Z,,8906010500269,22GM*144 POP RINGS MASALA,C029
3370,125,,10,10,0,false,2025-04-06T07:02:48.681Z,,8906010501419,22GM*144 POP RINGS YUMMY CHEESE,C030
3371,125,,5,5,0,false,2025-04-06T07:02:48.681Z,,8906010504724,22GM*120 SNACK'EM PONGA PLAIN,C031
3372,125,,91,96,0,false,2025-04-06T07:02:48.681Z,,8906010500900,22GM*120 WHEELOS MASALA,C032
3373,125,,10,10,0,false,2025-04-06T07:02:48.681Z,,8906010503444,22GM*144 FUNNE SPICY PUNCH,C033
3374,125,,24,24,0,false,2025-04-06T07:02:48.681Z,,8906010500764,25GM*240 C.P.NAMKIN {MASALA MASTI},C035
3375,125,,12,12,0,false,2025-04-06T07:02:48.681Z,,8906010500627,25GM*240 C.P.NAMKIN {TANGY TOMATO},C036
3376,125,,10,10,0,false,2025-04-06T07:02:48.681Z,,8906010500894,25GM*240 C.P.NAMKIN {CHINESE CHATKA},C037
3377,125,,12,12,0,false,2025-04-06T07:02:48.681Z,,8906010502119,25GM*240 C.P.NAMKIN {FLAMIN HOT},C038
3378,125,,12,12,0,false,2025-04-06T07:02:48.681Z,,8906010502973,25GM*192 PAPDI GATHIYA,C039
3379,125,,12,12,0,false,2025-04-06T07:02:48.681Z,,8906010503451,22GM*144 NOODLE STICKS MASALA,C040
3380,125,,5,5,0,false,2025-04-06T07:02:48.681Z,,0_7,25GM*120 GIPPI TORNADO FLAMIN CHILLI,V041
3381,125,,64,64,0,false,2025-04-06T07:02:48.681Z,,8906010502232,22GM*240 PUNJABI TADKA,C042
3382,125,,10,10,0,false,2025-04-06T07:02:48.681Z,,8906010500214,25GM*240 SEV MURMURA,C043
3383,125,,30,30,0,false,2025-04-06T07:02:48.681Z,,8906010500245,25GM*240 MASALA SEV MURMURA,C044
3384,125,,5,5,0,false,2025-04-06T07:02:48.681Z,,8906010502041,22GM*240 BHEL MIX,C046
3385,125,,5,5,0,false,2025-04-06T07:02:48.681Z,,8906010503512,135GM*24 CRUNCHEM SIMPLY SALTED WAFERS,C052
3386,125,,5,5,0,false,2025-04-06T07:02:48.681Z,,8906010503529,135GM*24 CRUNCHEM MASALA MASTI WAFERS,C053
3387,125,,10,10,0,false,2025-04-06T07:02:48.681Z,,8906010503550,135GM*24 CRUNCHEM CREAM & ONION WAFERS,C054
3388,125,,5,5,0,false,2025-04-06T07:02:48.681Z,,8906010503482,135GM*24  CRUNCHEM  TOMATO TWIST WAFERS,C056
3389,125,,5,5,0,false,2025-04-06T07:02:48.681Z,,8906010503611,135GM*24 CRUNCHEX CHILI TADKA WAFERS,C059
3390,125,,12,12,0,false,2025-04-06T07:02:48.681Z,,8906010501242,45GM*72 WHEELOS MASALA,C070
3391,125,,5,5,0,false,2025-04-06T07:02:48.681Z,,8906010500559,22GM*240 MAGDAL,C118
3392,125,,1,1,0,false,2025-04-06T07:02:48.681Z,,8906010500276,22GM*288 SHING BHUJIA,C119
3393,125,,2,2,0,false,2025-04-06T07:02:48.681Z,,8906010500863,22GM*288 NIMBU CHATKA SHING BHUJIA,C120
3394,125,,2,2,0,false,2025-04-06T07:02:48.681Z,,8906010500221,45GM*144 MAGDAL,C134
3395,125,,1,1,0,false,2025-04-06T07:02:48.681Z,,8906010502676,40GM*180 BHUJIA SEV,C137
3396,125,,5,5,0,false,2025-04-06T07:02:48.681Z,,8906010503949,25GM*240 C.P NAMKIN (LASANIYA),C148
3397,125,,3,3,0,false,2025-04-06T07:02:48.681Z,,8906010504359,22GM*120 SNACK'EM CHOKDI MASALA,C160
3398,125,,6,6,0,false,2025-04-06T07:02:48.681Z,,8906010504205,22GM*120 SNACK'EM PONGA MASALA,C161
3399,125,,3,3,0,false,2025-04-06T07:02:48.681Z,,8906010504281,13GM*24PKT*12JAR OLEE CHOCO STIX,EOO1
3400,126,,30,30,0,false,2025-04-06T07:02:48.755Z,,8906010500023,15GM*192 CRUNCHEM SIMPLY SALTED WAFERS,C001
3401,126,,30,30,0,false,2025-04-06T07:02:48.755Z,,8906010500047,15GM*192 CRUNCHEM MASALA MASTI WAFERS,C002
3402,126,,30,30,0,false,2025-04-06T07:02:48.755Z,,8906010500818,15GM*192 CRUNCHEM CREAM & ONION WAFERS,C003
3403,126,,30,30,0,false,2025-04-06T07:02:48.755Z,,8906010500481,15GM*192 CRUNCHEM TOMATO TWIST WAFERS,C004
3404,126,,30,30,0,false,2025-04-06T07:02:48.755Z,,8906010500474,15GM*192 CRUNCHEM CHAT CHASKA WAFERS,C005
3405,126,,30,30,0,false,2025-04-06T07:02:48.755Z,,8906010502492,15GM*192 CRUNCHEM PERI PERI WAFERS,C006
3406,126,,30,30,0,false,2025-04-06T07:02:48.755Z,,8906010500016,30GM*120 CRUNCHEM SIMPLY SALTED WAFERS,C007
3407,126,,10,10,0,false,2025-04-06T07:02:48.755Z,,8906010500030,30GM*120 CRUNCHEM MASALA MASTI WAFERS,C008
3408,126,,15,15,0,false,2025-04-06T07:02:48.755Z,,8906010500870,30GM*120 CRUNCHEM CREAM & ONION WAFERS,C009
3409,126,,10,10,0,false,2025-04-06T07:02:48.755Z,,8906010501198,30GM*120 CRUNCHEM PIZZY MASALA WAFERS,C010
3410,126,,5,5,0,false,2025-04-06T07:02:48.755Z,,8906010501952,30GM*120 RUMBLES PUDINA TWIST WAFERS,C011
3411,126,,10,10,0,false,2025-04-06T07:02:48.755Z,,8906010500498,30GM*120 CRUNCHEM TOMATO TWIST WAFERS,C012
3412,126,,10,10,0,false,2025-04-06T07:02:48.755Z,,8906010500535,30GM*120 CRUNCHEM CHAT CHASKA WAFERS,C013
3413,126,,5,5,0,false,2025-04-06T07:02:48.755Z,,8906010502508,30GM*120 CRUNCHEM PERI PERI WAFERS,C014
3414,126,,3,3,0,false,2025-04-06T07:02:48.755Z,,8906010500092,30GM*120 CRUNCHEX SALTED WAFERS,C015
3415,126,,15,15,0,false,2025-04-06T07:02:48.755Z,,8906010501570,30GM*120 CRUNCHEX CHILI TADKA WAFERS,C016
3416,126,,5,5,0,false,2025-04-06T07:02:48.755Z,,8906010504304,30GM*120 CRUNCHEX MIRCH MASALA WAFERS,C017
3417,126,,5,5,0,false,2025-04-06T07:02:48.755Z,,8906010504311,30GM*120 CRUNCHEX CHILLI LEMON WAFERS,C018
3418,126,,20,20,0,false,2025-04-06T07:02:48.755Z,,8906010502294,22GM*192 AMAIZE FLAMIN' HOT NACHOS,C019
3419,126,,3,3,0,false,2025-04-06T07:02:48.755Z,,8906010502348,22GM*192 AMAIZE CHEESE CHILLI NACHOS,C020
3420,126,,5,5,0,false,2025-04-06T07:02:48.755Z,,8906010502300,45GM*120 AMAIZE FLAMIN' HOT NACHOS,C024
3421,126,,2,2,0,false,2025-04-06T07:02:48.755Z,,8906010502355,45GM*120 AMAIZE CHEESE CHILLI NACHOS,C025
3422,126,,48,48,0,false,2025-04-06T07:02:48.755Z,,8906010501228,22GM*120 SCOOPITOS MASALA,C027
3423,126,,1,1,0,false,2025-04-06T07:02:48.755Z,,8906010503222,22GM*144 POP RINGS SHAPES,C028
3424,126,,5,5,0,false,2025-04-06T07:02:48.755Z,,8906010500269,22GM*144 POP RINGS MASALA,C029
3425,126,,15,15,0,false,2025-04-06T07:02:48.755Z,,8906010501419,22GM*144 POP RINGS YUMMY CHEESE,C030
3426,126,,2,2,0,false,2025-04-06T07:02:48.755Z,,8906010504724,22GM*120 SNACK'EM PONGA PLAIN,C031
3427,126,,24,24,0,false,2025-04-06T07:02:48.755Z,,8906010500900,22GM*120 WHEELOS MASALA,C032
3428,126,,8,8,0,false,2025-04-06T07:02:48.755Z,,8906010503444,22GM*144 FUNNE SPICY PUNCH,C033
3429,126,,24,24,0,false,2025-04-06T07:02:48.755Z,,8906010500764,25GM*240 C.P.NAMKIN {MASALA MASTI},C035
3430,126,,24,24,0,false,2025-04-06T07:02:48.755Z,,8906010500627,25GM*240 C.P.NAMKIN {TANGY TOMATO},C036
3431,126,,15,15,0,false,2025-04-06T07:02:48.755Z,,8906010500894,25GM*240 C.P.NAMKIN {CHINESE CHATKA},C037
3432,126,,24,24,0,false,2025-04-06T07:02:48.755Z,,8906010502119,25GM*240 C.P.NAMKIN {FLAMIN HOT},C038
3433,126,,24,24,0,false,2025-04-06T07:02:48.755Z,,8906010502973,25GM*192 PAPDI GATHIYA,C039
3434,126,,12,12,0,false,2025-04-06T07:02:48.755Z,,8906010503451,22GM*144 NOODLE STICKS MASALA,C040
3435,126,,15,15,0,false,2025-04-06T07:02:48.755Z,,0_7,25GM*120 GIPPI TORNADO FLAMIN CHILLI,V041
3436,126,,32,32,0,false,2025-04-06T07:02:48.755Z,,8906010502232,22GM*240 PUNJABI TADKA,C042
3437,126,,15,15,0,false,2025-04-06T07:02:48.755Z,,8906010500214,25GM*240 SEV MURMURA,C043
3438,126,,30,30,0,false,2025-04-06T07:02:48.755Z,,8906010500245,25GM*240 MASALA SEV MURMURA,C044
3439,126,,5,5,0,false,2025-04-06T07:02:48.755Z,,8906010502041,22GM*240 BHEL MIX,C046
3440,126,,5,5,0,false,2025-04-06T07:02:48.755Z,,8906010503512,135GM*24 CRUNCHEM SIMPLY SALTED WAFERS,C052
3441,126,,5,5,0,false,2025-04-06T07:02:48.755Z,,8906010503529,135GM*24 CRUNCHEM MASALA MASTI WAFERS,C053
3442,126,,5,5,0,false,2025-04-06T07:02:48.755Z,,8906010503550,135GM*24 CRUNCHEM CREAM & ONION WAFERS,C054
3443,126,,1,1,0,false,2025-04-06T07:02:48.755Z,,8906010503109,135GM*24 RUMBLES PUDINA TWIST WAFERS,C055
3444,126,,3,3,0,false,2025-04-06T07:02:48.755Z,,8906010503482,135GM*24  CRUNCHEM  TOMATO TWIST WAFERS,C056
3445,126,,2,2,0,false,2025-04-06T07:02:48.755Z,,8906010503543,135GM*24 CRUNCHEM CHAT CHASKA WAFERS,C057
3446,126,,1,1,0,false,2025-04-06T07:02:48.755Z,,8906010503604,135GM*24 CRUNCHEX SALTED WAFERS,C058
3447,126,,3,3,0,false,2025-04-06T07:02:48.755Z,,8906010503611,135GM*24 CRUNCHEX CHILI TADKA WAFERS,C059
3448,126,,1,1,0,false,2025-04-06T07:02:48.755Z,,8906010502133,25GM*240 CHANA JOR GARAM,C076
3449,126,,25,25,0,false,2025-04-06T07:02:48.755Z,,8906010501822,70GM*100 GIPPI MASALA NOODLES,C089
3450,126,,2,2,0,false,2025-04-06T07:02:48.755Z,,8906010500382,240GM*20 TIKHA MITHA MIX,C094
3451,126,,45,45,0,false,2025-04-06T07:02:48.755Z,,8906010500559,22GM*240 MAGDAL,C118
3452,126,,10,10,0,false,2025-04-06T07:02:48.755Z,,8906010500276,22GM*288 SHING BHUJIA,C119
3453,126,,15,15,0,false,2025-04-06T07:02:48.755Z,,8906010500863,22GM*288 NIMBU CHATKA SHING BHUJIA,C120
3454,126,,15,15,0,false,2025-04-06T07:02:48.755Z,,8906010500337,22GM*240 ALOO SEV,C121
3455,126,,8,8,0,false,2025-04-06T07:02:48.755Z,,8906010500429,25GM*240 GATHIYA,C123
3456,126,,2,2,0,false,2025-04-06T07:02:48.755Z,,8906010500306,25GM*240 RATLAMI SEV,C124
3457,126,,15,15,0,false,2025-04-06T07:02:48.755Z,,8906010500702,25GM*240 CHANADAL,C125
3458,126,,5,5,0,false,2025-04-06T07:02:48.755Z,,8906010503420,20GM*288 MASALA PEAS,C126
3459,126,,5,5,0,false,2025-04-06T07:02:48.755Z,,8906010500368,25GM*240 TIKHA MITHA MIX,C127
3460,126,,2,2,0,false,2025-04-06T07:02:48.755Z,,8906010500399,25GM*240 KHATA MITHA MIX,C128
3461,126,,12,12,0,false,2025-04-06T07:02:48.755Z,,8906010502683,40GM*30 SALTED PEANUTS,C144
3462,126,,10,10,0,false,2025-04-06T07:02:48.755Z,,8906010503949,25GM*240 C.P NAMKIN (LASANIYA),C148
3463,126,,12,12,0,false,2025-04-06T07:02:48.755Z,,8906010500078,22GM*240 FARALI CHEVDO,C149
3464,126,,2,2,0,false,2025-04-06T07:02:48.755Z,,8906010504205,22GM*120 SNACK'EM PONGA MASALA,C161
3465,126,,100,100,0,false,2025-04-06T07:02:48.755Z,,A3,ADVERTISEMENT MATERIAL HANGER,A003
3466,134,,30,30,0,false,2025-04-06T07:02:48.830Z,,8906010500023,15GM*192 CRUNCHEM SIMPLY SALTED WAFERS,C001
3467,134,,5,5,0,false,2025-04-06T07:02:48.830Z,,8906010500818,15GM*192 CRUNCHEM CREAM & ONION WAFERS,C003
3468,134,,60,60,0,false,2025-04-06T07:02:48.830Z,,8906010500016,30GM*120 CRUNCHEM SIMPLY SALTED WAFERS,C007
3469,134,,5,5,0,false,2025-04-06T07:02:48.830Z,,8906010500030,30GM*120 CRUNCHEM MASALA MASTI WAFERS,C008
3470,134,,5,5,0,false,2025-04-06T07:02:48.830Z,,8906010502294,22GM*192 AMAIZE FLAMIN' HOT NACHOS,C019
3471,134,,5,5,0,false,2025-04-06T07:02:48.830Z,,8906010502300,45GM*120 AMAIZE FLAMIN' HOT NACHOS,C024
3472,134,,24,24,0,false,2025-04-06T07:02:48.830Z,,8906010501228,22GM*120 SCOOPITOS MASALA,C027
3473,134,,5,5,0,false,2025-04-06T07:02:48.830Z,,8906010500269,22GM*144 POP RINGS MASALA,C029
3474,134,,72,72,0,false,2025-04-06T07:02:48.830Z,,8906010500900,22GM*120 WHEELOS MASALA,C032
3475,134,,24,24,0,false,2025-04-06T07:02:48.830Z,,8906010500764,25GM*240 C.P.NAMKIN {MASALA MASTI},C035
3476,134,,6,6,0,false,2025-04-06T07:02:48.830Z,,8906010502119,25GM*240 C.P.NAMKIN {FLAMIN HOT},C038
3477,134,,24,24,0,false,2025-04-06T07:02:48.830Z,,8906010503451,22GM*144 NOODLE STICKS MASALA,C040
3478,134,,32,32,0,false,2025-04-06T07:02:48.830Z,,8906010502232,22GM*240 PUNJABI TADKA,C042
3479,134,,10,10,0,false,2025-04-06T07:02:48.830Z,,8906010500214,25GM*240 SEV MURMURA,C043
3480,134,,30,30,0,false,2025-04-06T07:02:48.830Z,,8906010500245,25GM*240 MASALA SEV MURMURA,C044
3481,134,,5,5,0,false,2025-04-06T07:02:48.830Z,,8906010503512,135GM*24 CRUNCHEM SIMPLY SALTED WAFERS,C052
3482,134,,5,5,0,false,2025-04-06T07:02:48.830Z,,8906010503550,135GM*24 CRUNCHEM CREAM & ONION WAFERS,C054
3483,134,,5,5,0,false,2025-04-06T07:02:48.830Z,,8906010500511,50GM*120 C.P.NAMKIN (MASALA MASTI),C060
3484,134,,3,3,0,false,2025-04-06T07:02:48.830Z,,8906010500610,50GM*120 C.P.NAMKIN (TANGY TOMATO),C061
3485,134,,12,12,0,false,2025-04-06T07:02:48.830Z,,8906010501242,45GM*72 WHEELOS MASALA,C070
3486,134,,1,1,0,false,2025-04-06T07:02:48.830Z,,8906010500542,50GM*120 SEV MURMURA,C080
3487,134,,1,1,0,false,2025-04-06T07:02:48.830Z,,8906010501259,50GM*120 MASALA SEV MURMURA,C081
3488,134,,5,5,0,false,2025-04-06T07:02:48.830Z,,8906010501822,70GM*100 GIPPI MASALA NOODLES,C089
3489,134,,1,1,0,false,2025-04-06T07:02:48.830Z,,8906010502164,45GM*120 KATAK BATAK CHILLI LEMON,C112
3490,134,,5,5,0,false,2025-04-06T07:02:48.830Z,,8906010500559,22GM*240 MAGDAL,C118
3491,134,,10,10,0,false,2025-04-06T07:02:48.830Z,,8906010500337,22GM*240 ALOO SEV,C121
3492,134,,1,1,0,false,2025-04-06T07:02:48.830Z,,8906010500344,45GM*180 ALOO SEV,C136
3493,134,,9,9,0,false,2025-04-06T07:02:48.830Z,,8906010500078,22GM*240 FARALI CHEVDO,C149
3494,134,,2,2,0,false,2025-04-06T07:02:48.830Z,,8906010504359,22GM*120 SNACK'EM CHOKDI MASALA,C160
3495,137,,15,15,0,false,2025-04-06T07:02:48.904Z,,8906010500023,15GM*192 CRUNCHEM SIMPLY SALTED WAFERS,C001
3496,137,,15,15,0,false,2025-04-06T07:02:48.904Z,,8906010500818,15GM*192 CRUNCHEM CREAM & ONION WAFERS,C003
3497,137,,15,15,0,false,2025-04-06T07:02:48.904Z,,8906010500481,15GM*192 CRUNCHEM TOMATO TWIST WAFERS,C004
3498,137,,15,15,0,false,2025-04-06T07:02:48.904Z,,8906010500016,30GM*120 CRUNCHEM SIMPLY SALTED WAFERS,C007
3499,137,,10,10,0,false,2025-04-06T07:02:48.904Z,,8906010500030,30GM*120 CRUNCHEM MASALA MASTI WAFERS,C008
3500,131,,5,5,0,false,2025-04-06T07:02:49.069Z,,8906010501495,45GM*90 POP RINGS YUMMY CHEESE,C072
3501,131,,2,2,0,false,2025-04-06T07:02:49.069Z,,8906010502133,25GM*240 CHANA JOR GARAM,C076
3502,131,,6,6,0,false,2025-04-06T07:02:49.069Z,,8906010503772,50GM*120 PAPDI GATHIYA,C077
3503,131,,10,10,0,false,2025-04-06T07:02:49.069Z,,8906010502836,45GM*144 PUNJABI TADKA,C078
3504,131,,2,2,0,false,2025-04-06T07:02:49.069Z,,8906010500542,50GM*120 SEV MURMURA,C080
3505,131,,12,12,0,false,2025-04-06T07:02:49.069Z,,8906010501259,50GM*120 MASALA SEV MURMURA,C081
3506,131,,5,5,0,false,2025-04-06T07:02:49.069Z,,8906010501822,70GM*100 GIPPI MASALA NOODLES,C089
3507,131,,3,3,0,false,2025-04-06T07:02:49.069Z,,8906010500382,240GM*20 TIKHA MITHA MIX,C094
3508,131,,1,1,0,false,2025-04-06T07:02:49.069Z,,8906010500566,500GM*10 TIKHA MITHA MIX,C104
3509,131,,15,15,0,false,2025-04-06T07:02:49.069Z,,8906010500559,22GM*240 MAGDAL,C118
3510,131,,5,5,0,false,2025-04-06T07:02:49.069Z,,8906010500276,22GM*288 SHING BHUJIA,C119
3511,131,,5,5,0,false,2025-04-06T07:02:49.069Z,,8906010500863,22GM*288 NIMBU CHATKA SHING BHUJIA,C120
3512,131,,15,15,0,false,2025-04-06T07:02:49.069Z,,8906010500337,22GM*240 ALOO SEV,C121
3513,131,,4,4,0,false,2025-04-06T07:02:49.069Z,,8906010500429,25GM*240 GATHIYA,C123
3514,131,,1,1,0,false,2025-04-06T07:02:49.069Z,,8906010500306,25GM*240 RATLAMI SEV,C124
3515,131,,3,3,0,false,2025-04-06T07:02:49.069Z,,8906010500702,25GM*240 CHANADAL,C125
3516,131,,3,3,0,false,2025-04-06T07:02:49.069Z,,8906010500368,25GM*240 TIKHA MITHA MIX,C127
3517,131,,5,5,0,false,2025-04-06T07:02:49.069Z,,8906010500221,45GM*144 MAGDAL,C134
3518,131,,1,1,0,false,2025-04-06T07:02:49.069Z,,8906010500283,45GM*180 SHING BHUJIA,C135
3519,131,,5,5,0,false,2025-04-06T07:02:49.069Z,,8906010500344,45GM*180 ALOO SEV,C136
3520,131,,2,2,0,false,2025-04-06T07:02:49.069Z,,8906010500436,50GM*144 GATHIYA,C138
3521,131,,1,1,0,false,2025-04-06T07:02:49.069Z,,8906010500313,50GM*144 RATLAMI SEV,C139
3522,131,,4,4,0,false,2025-04-06T07:02:49.069Z,,8906010500375,50GM*150 TIKHA MITHA MIX,C140
3523,131,,12,12,0,false,2025-04-06T07:02:49.069Z,,8906010502683,40GM*30 SALTED PEANUTS,C144
3524,131,,5,5,0,false,2025-04-06T07:02:49.069Z,,8906010503949,25GM*240 C.P NAMKIN (LASANIYA),C148
3525,131,,4,4,0,false,2025-04-06T07:02:49.069Z,,8906010500078,22GM*240 FARALI CHEVDO,C149
3526,131,,3,3,0,false,2025-04-06T07:02:49.069Z,,8906010500085,45GM*180 FARALI CHEVDO,C150
3527,131,,5,5,0,false,2025-04-06T07:02:49.069Z,,8906010503826,30GM*120 RUMBLES HOT CHILI WAFERS,C153
3528,131,,1,1,0,false,2025-04-06T07:02:49.069Z,,8906010500412,45GM*180 NIMBU CHATKA SHING BHUJIA,V157
3529,131,,1,1,0,false,2025-04-06T07:02:49.069Z,,8906010504205,22GM*120 SNACK'EM PONGA MASALA,C161
3530,131,,2,2,0,false,2025-04-06T07:02:49.069Z,,8906010504236,45GM*120 BHEL MIX,V189
3536,139,,120,120,0,false,2025-04-06T07:02:49.144Z,,8906010500023,15GM*192 CRUNCHEM SIMPLY SALTED WAFERS,C001
3537,139,,15,15,0,false,2025-04-06T07:02:49.144Z,,8906010500016,30GM*120 CRUNCHEM SIMPLY SALTED WAFERS,C007
3538,139,,45,45,0,false,2025-04-06T07:02:49.144Z,,8906010502294,22GM*192 AMAIZE FLAMIN' HOT NACHOS,C019
3539,139,,72,72,0,false,2025-04-06T07:02:49.144Z,,8906010501228,22GM*120 SCOOPITOS MASALA,C027
3540,139,,6,6,0,false,2025-04-06T07:02:49.144Z,,8906010504724,22GM*120 SNACK'EM PONGA PLAIN,C031
3541,139,,144,144,0,false,2025-04-06T07:02:49.144Z,,8906010500900,22GM*120 WHEELOS MASALA,C032
3542,139,,24,24,0,false,2025-04-06T07:02:49.144Z,,8906010503444,22GM*144 FUNNE SPICY PUNCH,C033
3543,139,,24,24,0,false,2025-04-06T07:02:49.144Z,,8906010500764,25GM*240 C.P.NAMKIN {MASALA MASTI},C035
3544,139,,24,24,0,false,2025-04-06T07:02:49.144Z,,8906010500627,25GM*240 C.P.NAMKIN {TANGY TOMATO},C036
3545,139,,24,24,0,false,2025-04-06T07:02:49.144Z,,8906010502119,25GM*240 C.P.NAMKIN {FLAMIN HOT},C038
3546,139,,48,48,0,false,2025-04-06T07:02:49.144Z,,8906010502973,25GM*192 PAPDI GATHIYA,C039
3547,139,,24,24,0,false,2025-04-06T07:02:49.144Z,,8906010503451,22GM*144 NOODLE STICKS MASALA,C040
3548,139,,5,5,0,false,2025-04-06T07:02:49.144Z,,0_7,25GM*120 GIPPI TORNADO FLAMIN CHILLI,V041
3549,139,,64,64,0,false,2025-04-06T07:02:49.144Z,,8906010502232,22GM*240 PUNJABI TADKA,C042
3550,139,,5,5,0,false,2025-04-06T07:02:49.144Z,,8906010500214,25GM*240 SEV MURMURA,C043
3551,139,,30,30,0,false,2025-04-06T07:02:49.144Z,,8906010500245,25GM*240 MASALA SEV MURMURA,C044
3552,139,,10,10,0,false,2025-04-06T07:02:49.144Z,,8906010503512,135GM*24 CRUNCHEM SIMPLY SALTED WAFERS,C052
3553,139,,2,2,0,false,2025-04-06T07:02:49.144Z,,8906010504120,24GM*40PKT*6 DUMBAR PEANUT CHIKKI,C062
3554,139,,1,1,0,false,2025-04-06T07:02:49.144Z,,8906010503574,16GM*24PKT*12JAR RICH CHOCOLATE CREAM WAFERS,C066
3555,139,,1,1,0,false,2025-04-06T07:02:49.144Z,,8906010503260,16GM*24PKT*12JAR JUICY STRAWBERRY CREAM WAFERS,C068
3556,139,,15,15,0,false,2025-04-06T07:02:49.144Z,,8906010500320,235GM*20 FARALICHEVDO,C084
3557,139,,2,2,0,false,2025-04-06T07:02:49.144Z,,8906010500351,210GM*20 ALOO SEV,C088
3558,139,,30,30,0,false,2025-04-06T07:02:49.144Z,,8906010500382,240GM*20 TIKHA MITHA MIX,C094
3559,139,,45,45,0,false,2025-04-06T07:02:49.144Z,,8906010500559,22GM*240 MAGDAL,C118
3560,139,,48,48,0,false,2025-04-06T07:02:49.144Z,,8906010500078,22GM*240 FARALI CHEVDO,C149
3586,146,,60,60,0,false,2025-04-06T07:02:49.219Z,,8906010500023,15GM*192 CRUNCHEM SIMPLY SALTED WAFERS,C001
3587,146,,30,30,0,false,2025-04-06T07:02:49.219Z,,8906010500047,15GM*192 CRUNCHEM MASALA MASTI WAFERS,C002
3588,146,,30,30,0,false,2025-04-06T07:02:49.219Z,,8906010500818,15GM*192 CRUNCHEM CREAM & ONION WAFERS,C003
3589,146,,60,60,0,false,2025-04-06T07:02:49.219Z,,8906010500481,15GM*192 CRUNCHEM TOMATO TWIST WAFERS,C004
3590,146,,15,15,0,false,2025-04-06T07:02:49.219Z,,8906010500474,15GM*192 CRUNCHEM CHAT CHASKA WAFERS,C005
3591,146,,15,15,0,false,2025-04-06T07:02:49.219Z,,8906010502492,15GM*192 CRUNCHEM PERI PERI WAFERS,C006
3592,146,,5,5,0,false,2025-04-06T07:02:49.219Z,,8906010500016,30GM*120 CRUNCHEM SIMPLY SALTED WAFERS,C007
3593,146,,2,2,0,false,2025-04-06T07:02:49.219Z,,8906010500535,30GM*120 CRUNCHEM CHAT CHASKA WAFERS,C013
3594,146,,5,5,0,false,2025-04-06T07:02:49.219Z,,8906010501570,30GM*120 CRUNCHEX CHILI TADKA WAFERS,C016
3595,146,,20,20,0,false,2025-04-06T07:02:49.219Z,,8906010502294,22GM*192 AMAIZE FLAMIN' HOT NACHOS,C019
3596,146,,2,2,0,false,2025-04-06T07:02:49.219Z,,8906010504663,25GM*240 AMAIZE JALAPENO CORN CHIPS,C021
3597,146,,24,24,0,false,2025-04-06T07:02:49.219Z,,8906010501228,22GM*120 SCOOPITOS MASALA,C027
3598,146,,6,6,0,false,2025-04-06T07:02:49.219Z,,8906010504724,22GM*120 SNACK'EM PONGA PLAIN,C031
3599,146,,48,48,0,false,2025-04-06T07:02:49.219Z,,8906010500900,22GM*120 WHEELOS MASALA,C032
3600,146,,24,24,0,false,2025-04-06T07:02:49.219Z,,8906010503444,22GM*144 FUNNE SPICY PUNCH,C033
3601,146,,2,2,0,false,2025-04-06T07:02:49.219Z,,8906010501327,22GM*240 YUMSTIX CHATPATA MASALA,C034
3602,146,,48,48,0,false,2025-04-06T07:02:49.219Z,,8906010500764,25GM*240 C.P.NAMKIN {MASALA MASTI},C035
3603,146,,24,24,0,false,2025-04-06T07:02:49.219Z,,8906010500627,25GM*240 C.P.NAMKIN {TANGY TOMATO},C036
3604,146,,5,5,0,false,2025-04-06T07:02:49.219Z,,8906010500894,25GM*240 C.P.NAMKIN {CHINESE CHATKA},C037
3605,146,,12,12,0,false,2025-04-06T07:02:49.219Z,,8906010502119,25GM*240 C.P.NAMKIN {FLAMIN HOT},C038
3606,146,,12,12,0,false,2025-04-06T07:02:49.219Z,,8906010502973,25GM*192 PAPDI GATHIYA,C039
3607,146,,12,12,0,false,2025-04-06T07:02:49.219Z,,8906010503451,22GM*144 NOODLE STICKS MASALA,C040
3608,146,,10,10,0,false,2025-04-06T07:02:49.219Z,,0_7,25GM*120 GIPPI TORNADO FLAMIN CHILLI,V041
3609,146,,32,32,0,false,2025-04-06T07:02:49.219Z,,8906010502232,22GM*240 PUNJABI TADKA,C042
3610,146,,15,15,0,false,2025-04-06T07:02:49.219Z,,8906010500214,25GM*240 SEV MURMURA,C043
3611,146,,30,30,0,false,2025-04-06T07:02:49.219Z,,8906010500245,25GM*240 MASALA SEV MURMURA,C044
3612,146,,10,10,0,false,2025-04-06T07:02:49.219Z,,8906010502041,22GM*240 BHEL MIX,C046
3613,146,,3,3,0,false,2025-04-06T07:02:49.219Z,,8906010503512,135GM*24 CRUNCHEM SIMPLY SALTED WAFERS,C052
3614,146,,3,3,0,false,2025-04-06T07:02:49.219Z,,8906010503529,135GM*24 CRUNCHEM MASALA MASTI WAFERS,C053
3615,146,,2,2,0,false,2025-04-06T07:02:49.219Z,,8906010503550,135GM*24 CRUNCHEM CREAM & ONION WAFERS,C054
3616,146,,2,2,0,false,2025-04-06T07:02:49.219Z,,8906010503482,135GM*24  CRUNCHEM  TOMATO TWIST WAFERS,C056
3617,146,,2,2,0,false,2025-04-06T07:02:49.219Z,,8906010503543,135GM*24 CRUNCHEM CHAT CHASKA WAFERS,C057
3618,146,,1,1,0,false,2025-04-06T07:02:49.219Z,,8906010503604,135GM*24 CRUNCHEX SALTED WAFERS,C058
3619,146,,2,2,0,false,2025-04-06T07:02:49.219Z,,8906010503611,135GM*24 CRUNCHEX CHILI TADKA WAFERS,C059
3620,146,,1,1,0,false,2025-04-06T07:02:49.219Z,,8906010503574,16GM*24PKT*12JAR RICH CHOCOLATE CREAM WAFERS,C066
3621,146,,1,1,0,false,2025-04-06T07:02:49.219Z,,8906010502133,25GM*240 CHANA JOR GARAM,C076
3622,146,,2,2,0,false,2025-04-06T07:02:49.219Z,,8906010500320,235GM*20 FARALICHEVDO,C084
3623,146,,1,1,0,false,2025-04-06T07:02:49.219Z,,8906010500580,210GM*20 RATLAMI SEV,C086
3624,146,,2,2,0,false,2025-04-06T07:02:49.219Z,,8906010500351,210GM*20 ALOO SEV,C088
3625,146,,10,10,0,false,2025-04-06T07:02:49.219Z,,8906010501822,70GM*100 GIPPI MASALA NOODLES,C089
3626,146,,1,1,0,false,2025-04-06T07:02:49.219Z,,8906010503697,240GM*20 KHATA MITHA MIX,C093
3627,146,,5,5,0,false,2025-04-06T07:02:49.219Z,,8906010500382,240GM*20 TIKHA MITHA MIX,C094
3628,146,,2,2,0,false,2025-04-06T07:02:49.219Z,,8906010500238,250GM*20 MAGDAL,C096
3629,146,,2,2,0,false,2025-04-06T07:02:49.219Z,,8906010500290,210GM*20 SHING BHUJIA,C097
3630,146,,1,1,0,false,2025-04-06T07:02:49.219Z,,8906010503505,400GM*10 ALOO SEV,C100
3631,146,,2,2,0,false,2025-04-06T07:02:49.219Z,,8906010500566,500GM*10 TIKHA MITHA MIX,C104
3632,146,,1,1,0,false,2025-04-06T07:02:49.219Z,,8906010504700,210GM*20 BHUJIA SEV,C110
3633,146,,1,1,0,false,2025-04-06T07:02:49.219Z,,8906010500825,200GM*20 HEALTHY BITES PLAIN KHAKHRA,C113
3634,146,,2,2,0,false,2025-04-06T07:02:49.219Z,,8906010500856,200GM*20 HEALTHY BITES METHI KHAKHRA,C115
3635,146,,65,65,0,false,2025-04-06T07:02:49.219Z,,8906010500559,22GM*240 MAGDAL,C118
3636,146,,10,10,0,false,2025-04-06T07:02:49.219Z,,8906010500276,22GM*288 SHING BHUJIA,C119
3637,146,,10,10,0,false,2025-04-06T07:02:49.219Z,,8906010500863,22GM*288 NIMBU CHATKA SHING BHUJIA,C120
3638,146,,10,10,0,false,2025-04-06T07:02:49.219Z,,8906010500337,22GM*240 ALOO SEV,C121
3639,146,,2,2,0,false,2025-04-06T07:02:49.219Z,,8906010500429,25GM*240 GATHIYA,C123
3640,146,,6,6,0,false,2025-04-06T07:02:49.219Z,,8906010500702,25GM*240 CHANADAL,C125
3641,146,,5,5,0,false,2025-04-06T07:02:49.219Z,,8906010503420,20GM*288 MASALA PEAS,C126
3642,146,,5,5,0,false,2025-04-06T07:02:49.219Z,,8906010500368,25GM*240 TIKHA MITHA MIX,C127
3643,146,,15,15,0,false,2025-04-06T07:02:49.219Z,,8906010503239,22GM*60 MASALA CHANA,C147
3644,146,,5,5,0,false,2025-04-06T07:02:49.219Z,,8906010503949,25GM*240 C.P NAMKIN (LASANIYA),C148
3645,146,,12,12,0,false,2025-04-06T07:02:49.219Z,,8906010500078,22GM*240 FARALI CHEVDO,C149
3646,146,,2,2,0,false,2025-04-06T07:02:49.219Z,,8906010504359,22GM*120 SNACK'EM CHOKDI MASALA,C160
3647,146,,5,5,0,false,2025-04-06T07:02:49.219Z,,8906010504298,70GM*100 GIPPI FLAMIN' CHILLI NOODLES,C187
3648,146,,2,2,0,false,2025-04-06T07:02:49.219Z,,8906010504281,13GM*24PKT*12JAR OLEE CHOCO STIX,EOO1
3679,158,,30,30,0,false,2025-04-06T07:02:49.294Z,,8906010500023,15GM*192 CRUNCHEM SIMPLY SALTED WAFERS,C001
3680,158,,5,5,0,false,2025-04-06T07:02:49.294Z,,8906010500047,15GM*192 CRUNCHEM MASALA MASTI WAFERS,C002
3681,158,,15,15,0,false,2025-04-06T07:02:49.294Z,,8906010500818,15GM*192 CRUNCHEM CREAM & ONION WAFERS,C003
3682,158,,30,30,0,false,2025-04-06T07:02:49.294Z,,8906010500016,30GM*120 CRUNCHEM SIMPLY SALTED WAFERS,C007
3683,158,,5,5,0,false,2025-04-06T07:02:49.294Z,,8906010500030,30GM*120 CRUNCHEM MASALA MASTI WAFERS,C008
3684,158,,5,5,0,false,2025-04-06T07:02:49.294Z,,8906010500870,30GM*120 CRUNCHEM CREAM & ONION WAFERS,C009
3685,158,,5,5,0,false,2025-04-06T07:02:49.294Z,,8906010501198,30GM*120 CRUNCHEM PIZZY MASALA WAFERS,C010
3686,158,,10,10,0,false,2025-04-06T07:02:49.294Z,,8906010501952,30GM*120 RUMBLES PUDINA TWIST WAFERS,C011
3687,158,,5,5,0,false,2025-04-06T07:02:49.294Z,,8906010500498,30GM*120 CRUNCHEM TOMATO TWIST WAFERS,C012
3688,158,,3,3,0,false,2025-04-06T07:02:49.294Z,,8906010500535,30GM*120 CRUNCHEM CHAT CHASKA WAFERS,C013
3689,158,,5,5,0,false,2025-04-06T07:02:49.294Z,,8906010502508,30GM*120 CRUNCHEM PERI PERI WAFERS,C014
3690,158,,5,5,0,false,2025-04-06T07:02:49.294Z,,8906010501570,30GM*120 CRUNCHEX CHILI TADKA WAFERS,C016
3691,158,,15,15,0,false,2025-04-06T07:02:49.294Z,,8906010502294,22GM*192 AMAIZE FLAMIN' HOT NACHOS,C019
3692,158,,1,1,0,false,2025-04-06T07:02:49.294Z,,8906010502348,22GM*192 AMAIZE CHEESE CHILLI NACHOS,C020
3693,158,,24,24,0,false,2025-04-06T07:02:49.294Z,,8906010501228,22GM*120 SCOOPITOS MASALA,C027
3694,158,,6,6,0,false,2025-04-06T07:02:49.294Z,,8906010504724,22GM*120 SNACK'EM PONGA PLAIN,C031
3668,156,,5,5,0,false,2025-04-06T07:02:49.224Z,,8906010501495,45GM*90 POP RINGS YUMMY CHEESE,C072
3669,156,,20,20,0,false,2025-04-06T07:02:49.224Z,,8906010501822,70GM*100 GIPPI MASALA NOODLES,C089
3670,156,,1,1,0,false,2025-04-06T07:02:49.224Z,,8906010500825,200GM*20 HEALTHY BITES PLAIN KHAKHRA,C113
3671,156,,1,1,0,false,2025-04-06T07:02:49.224Z,,8906010500832,200GM*20 HEALTHY BITES MASALA KHAKHRA,C114
3672,156,,2,2,0,false,2025-04-06T07:02:49.224Z,,8906010500856,200GM*20 HEALTHY BITES METHI KHAKHRA,C115
3673,156,,1,1,0,false,2025-04-06T07:02:49.224Z,,8906010500849,200GM*20 HEALTHY BITES JEERA KHAKHRA,C116
3674,156,,10,10,0,false,2025-04-06T07:02:49.224Z,,8906010504298,70GM*100 GIPPI FLAMIN' CHILLI NOODLES,C187
3675,156,,30,30,0,false,2025-04-06T07:02:49.224Z,,8906010500481,15GM*192 CRUNCHEM TOMATO TWIST WAFERS,C004
3676,156,,8,8,0,false,2025-04-06T07:02:49.224Z,,8906010500429,25GM*240 GATHIYA,C123
3677,156,,3,3,0,false,2025-04-06T07:02:49.224Z,,8906010500306,25GM*240 RATLAMI SEV,C124
3678,156,,30,30,0,false,2025-04-06T07:02:49.224Z,,8906010500023,15GM*192 CRUNCHEM SIMPLY SALTED WAFERS,C001
3736,160,,60,60,0,false,2025-04-06T07:02:49.300Z,,8906010500023,15GM*192 CRUNCHEM SIMPLY SALTED WAFERS,C001
3737,160,,30,30,0,false,2025-04-06T07:02:49.300Z,,8906010500481,15GM*192 CRUNCHEM TOMATO TWIST WAFERS,C004
3738,160,,30,30,0,false,2025-04-06T07:02:49.300Z,,8906010500474,15GM*192 CRUNCHEM CHAT CHASKA WAFERS,C005
3739,160,,30,30,0,false,2025-04-06T07:02:49.300Z,,8906010500016,30GM*120 CRUNCHEM SIMPLY SALTED WAFERS,C007
3740,160,,10,10,0,false,2025-04-06T07:02:49.300Z,,8906010501952,30GM*120 RUMBLES PUDINA TWIST WAFERS,C011
3741,160,,10,10,0,false,2025-04-06T07:02:49.300Z,,8906010500498,30GM*120 CRUNCHEM TOMATO TWIST WAFERS,C012
3742,160,,30,30,0,false,2025-04-06T07:02:49.300Z,,8906010500092,30GM*120 CRUNCHEX SALTED WAFERS,C015
3743,160,,60,60,0,false,2025-04-06T07:02:49.300Z,,8906010501570,30GM*120 CRUNCHEX CHILI TADKA WAFERS,C016
3744,160,,10,10,0,false,2025-04-06T07:02:49.300Z,,8906010504311,30GM*120 CRUNCHEX CHILLI LEMON WAFERS,C018
3745,160,,30,30,0,false,2025-04-06T07:02:49.300Z,,8906010502294,22GM*192 AMAIZE FLAMIN' HOT NACHOS,C019
3746,160,,5,5,0,false,2025-04-06T07:02:49.300Z,,8906010500269,22GM*144 POP RINGS MASALA,C029
3747,160,,5,5,0,false,2025-04-06T07:02:49.300Z,,8906010501419,22GM*144 POP RINGS YUMMY CHEESE,C030
3748,160,,28,48,0,false,2025-04-06T07:02:49.300Z,,8906010500900,22GM*120 WHEELOS MASALA,C032
3749,160,,48,48,0,false,2025-04-06T07:02:49.300Z,,8906010500764,25GM*240 C.P.NAMKIN {MASALA MASTI},C035
3750,160,,24,24,0,false,2025-04-06T07:02:49.300Z,,8906010500627,25GM*240 C.P.NAMKIN {TANGY TOMATO},C036
3751,160,,48,48,0,false,2025-04-06T07:02:49.300Z,,8906010502119,25GM*240 C.P.NAMKIN {FLAMIN HOT},C038
3752,160,,24,24,0,false,2025-04-06T07:02:49.300Z,,8906010502973,25GM*192 PAPDI GATHIYA,C039
3753,160,,64,64,0,false,2025-04-06T07:02:49.300Z,,8906010502232,22GM*240 PUNJABI TADKA,C042
3754,160,,30,30,0,false,2025-04-06T07:02:49.300Z,,8906010500214,25GM*240 SEV MURMURA,C043
3755,160,,60,60,0,false,2025-04-06T07:02:49.300Z,,8906010500245,25GM*240 MASALA SEV MURMURA,C044
3756,160,,30,30,0,false,2025-04-06T07:02:49.300Z,,8906010502041,22GM*240 BHEL MIX,C046
3757,160,,5,5,0,false,2025-04-06T07:02:49.300Z,,8906010503529,135GM*24 CRUNCHEM MASALA MASTI WAFERS,C053
3758,160,,5,5,0,false,2025-04-06T07:02:49.300Z,,8906010503550,135GM*24 CRUNCHEM CREAM & ONION WAFERS,C054
3759,160,,5,5,0,false,2025-04-06T07:02:49.300Z,,8906010503482,135GM*24  CRUNCHEM  TOMATO TWIST WAFERS,C056
3760,160,,2,2,0,false,2025-04-06T07:02:49.300Z,,8906010503543,135GM*24 CRUNCHEM CHAT CHASKA WAFERS,C057
3761,160,,5,5,0,false,2025-04-06T07:02:49.300Z,,8906010503611,135GM*24 CRUNCHEX CHILI TADKA WAFERS,C059
3762,160,,3,3,0,false,2025-04-06T07:02:49.300Z,,8906010502836,45GM*144 PUNJABI TADKA,C078
3763,160,,45,45,0,false,2025-04-06T07:02:49.300Z,,8906010500559,22GM*240 MAGDAL,C118
3764,160,,30,30,0,false,2025-04-06T07:02:49.300Z,,8906010500863,22GM*288 NIMBU CHATKA SHING BHUJIA,C120
3765,160,,60,60,0,false,2025-04-06T07:02:49.300Z,,8906010500337,22GM*240 ALOO SEV,C121
3766,160,,8,16,0,false,2025-04-06T07:02:49.300Z,,8906010500429,25GM*240 GATHIYA,C123
3767,160,,30,30,0,false,2025-04-06T07:02:49.300Z,,8906010500368,25GM*240 TIKHA MITHA MIX,C127
3768,160,,30,30,0,false,2025-04-06T07:02:49.300Z,,8906010500399,25GM*240 KHATA MITHA MIX,C128
3769,160,,24,24,0,false,2025-04-06T07:02:49.300Z,,8906010500078,22GM*240 FARALI CHEVDO,C149
3770,160,,5,5,0,false,2025-04-06T07:02:49.300Z,,8906010500085,45GM*180 FARALI CHEVDO,C150
3771,160,,13,13,0,false,2025-04-06T07:02:49.300Z,,0_7,22GM*120 GIPPI TORNADO FLAMIN CHILLI,C041
3848,164,,90,90,0,false,2025-04-06T07:02:49.377Z,,8906010500023,15GM*192 CRUNCHEM SIMPLY SALTED WAFERS,C001
3849,164,,60,60,0,false,2025-04-06T07:02:49.377Z,,8906010500481,15GM*192 CRUNCHEM TOMATO TWIST WAFERS,C004
3850,164,,10,10,0,false,2025-04-06T07:02:49.377Z,,8906010500269,22GM*144 POP RINGS MASALA,C029
3851,164,,260,240,0,false,2025-04-06T07:02:49.377Z,,8906010500900,22GM*120 WHEELOS MASALA,C032
3852,164,,96,96,0,false,2025-04-06T07:02:49.377Z,,8906010503451,22GM*144 NOODLE STICKS MASALA,C040
3853,164,,150,150,0,false,2025-04-06T07:02:49.377Z,,8906010500245,25GM*240 MASALA SEV MURMURA,C044
3854,164,,60,60,0,false,2025-04-06T07:02:49.377Z,,8906010500337,22GM*240 ALOO SEV,C121
3855,164,,120,120,0,false,2025-04-06T07:02:49.377Z,,8906010500078,22GM*240 FARALI CHEVDO,C149
3914,165,,60,60,0,false,2025-04-06T07:02:49.452Z,,8906010500023,15GM*192 CRUNCHEM SIMPLY SALTED WAFERS,C001
3915,165,,30,30,0,false,2025-04-06T07:02:49.452Z,,8906010500818,15GM*192 CRUNCHEM CREAM & ONION WAFERS,C003
3916,165,,30,30,0,false,2025-04-06T07:02:49.452Z,,8906010500481,15GM*192 CRUNCHEM TOMATO TWIST WAFERS,C004
3917,165,,30,30,0,false,2025-04-06T07:02:49.452Z,,8906010500474,15GM*192 CRUNCHEM CHAT CHASKA WAFERS,C005
3918,165,,30,30,0,false,2025-04-06T07:02:49.452Z,,8906010501198,30GM*120 CRUNCHEM PIZZY MASALA WAFERS,C010
3919,165,,90,90,0,false,2025-04-06T07:02:49.452Z,,8906010501570,30GM*120 CRUNCHEX CHILI TADKA WAFERS,C016
3920,165,,24,24,0,false,2025-04-06T07:02:49.452Z,,8906010501228,22GM*120 SCOOPITOS MASALA,C027
3921,165,,30,30,0,false,2025-04-06T07:02:49.452Z,,8906010501419,22GM*144 POP RINGS YUMMY CHEESE,C030
3922,165,,24,24,0,false,2025-04-06T07:02:49.452Z,,8906010503444,22GM*144 FUNNE SPICY PUNCH,C033
3923,165,,48,48,0,false,2025-04-06T07:02:49.452Z,,8906010500764,25GM*240 C.P.NAMKIN {MASALA MASTI},C035
3924,165,,24,24,0,false,2025-04-06T07:02:49.452Z,,8906010500627,25GM*240 C.P.NAMKIN {TANGY TOMATO},C036
3695,158,,48,48,0,false,2025-04-06T07:02:49.294Z,,8906010500900,22GM*120 WHEELOS MASALA,C032
3696,158,,5,5,0,false,2025-04-06T07:02:49.294Z,,8906010503444,22GM*144 FUNNE SPICY PUNCH,C033
3697,158,,24,24,0,false,2025-04-06T07:02:49.294Z,,8906010500764,25GM*240 C.P.NAMKIN {MASALA MASTI},C035
3698,158,,24,24,0,false,2025-04-06T07:02:49.294Z,,8906010500627,25GM*240 C.P.NAMKIN {TANGY TOMATO},C036
3699,158,,5,5,0,false,2025-04-06T07:02:49.294Z,,8906010500894,25GM*240 C.P.NAMKIN {CHINESE CHATKA},C037
3700,158,,24,24,0,false,2025-04-06T07:02:49.294Z,,8906010502119,25GM*240 C.P.NAMKIN {FLAMIN HOT},C038
3701,158,,5,5,0,false,2025-04-06T07:02:49.294Z,,8906010502973,25GM*192 PAPDI GATHIYA,C039
3702,158,,10,10,0,false,2025-04-06T07:02:49.294Z,,8906010503451,22GM*144 NOODLE STICKS MASALA,C040
3703,158,,10,10,0,false,2025-04-06T07:02:49.294Z,,0_7,25GM*120 GIPPI TORNADO FLAMIN CHILLI,V041
3704,158,,16,16,0,false,2025-04-06T07:02:49.294Z,,8906010502232,22GM*240 PUNJABI TADKA,C042
3705,158,,4,4,0,false,2025-04-06T07:02:49.294Z,,8906010500214,25GM*240 SEV MURMURA,C043
3706,158,,5,5,0,false,2025-04-06T07:02:49.294Z,,8906010502041,22GM*240 BHEL MIX,C046
3707,158,,5,5,0,false,2025-04-06T07:02:49.294Z,,8906010500511,50GM*120 C.P.NAMKIN (MASALA MASTI),C060
3708,158,,4,4,0,false,2025-04-06T07:02:49.294Z,,8906010500610,50GM*120 C.P.NAMKIN (TANGY TOMATO),C061
3709,158,,1,1,0,false,2025-04-06T07:02:49.294Z,,8906010504120,24GM*40PKT*6 DUMBAR PEANUT CHIKKI,C062
3710,158,,1,1,0,false,2025-04-06T07:02:49.294Z,,8906010503994,NIMBU PANI CANDY ( 3.5GM*170*12 JAR ),C064
3711,158,,1,1,0,false,2025-04-06T07:02:49.294Z,,8906010503987,SOFT IMLI CANDY ( 3.5GM*220*10 JAR ),C065
3712,158,,1,1,0,false,2025-04-06T07:02:49.294Z,,8906010503574,16GM*24PKT*12JAR RICH CHOCOLATE CREAM WAFERS,C066
3713,158,,6,6,0,false,2025-04-06T07:02:49.294Z,,8906010501242,45GM*72 WHEELOS MASALA,C070
3714,158,,1,1,0,false,2025-04-06T07:02:49.294Z,,8906010502133,25GM*240 CHANA JOR GARAM,C076
3715,158,,1,1,0,false,2025-04-06T07:02:49.294Z,,8906010500542,50GM*120 SEV MURMURA,C080
3716,158,,1,1,0,false,2025-04-06T07:02:49.294Z,,8906010501259,50GM*120 MASALA SEV MURMURA,C081
3717,158,,1,1,0,false,2025-04-06T07:02:49.294Z,,8906010501860,250GM*12 MASALA SEV MURMURA,C083
3718,158,,5,5,0,false,2025-04-06T07:02:49.294Z,,8906010501822,70GM*100 GIPPI MASALA NOODLES,C089
3719,158,,25,25,0,false,2025-04-06T07:02:49.294Z,,8906010500559,22GM*240 MAGDAL,C118
3720,158,,10,10,0,false,2025-04-06T07:02:49.294Z,,8906010500276,22GM*288 SHING BHUJIA,C119
3721,158,,5,5,0,false,2025-04-06T07:02:49.294Z,,8906010500863,22GM*288 NIMBU CHATKA SHING BHUJIA,C120
3722,158,,10,10,0,false,2025-04-06T07:02:49.294Z,,8906010500337,22GM*240 ALOO SEV,C121
3723,158,,2,2,0,false,2025-04-06T07:02:49.294Z,,8906010500702,25GM*240 CHANADAL,C125
3724,158,,1,1,0,false,2025-04-06T07:02:49.294Z,,8906010500221,45GM*144 MAGDAL,C134
3725,158,,12,12,0,false,2025-04-06T07:02:49.294Z,,8906010502683,40GM*30 SALTED PEANUTS,C144
3726,158,,5,5,0,false,2025-04-06T07:02:49.294Z,,8906010503949,25GM*240 C.P NAMKIN (LASANIYA),C148
3727,158,,24,24,0,false,2025-04-06T07:02:49.294Z,,8906010500078,22GM*240 FARALI CHEVDO,C149
3728,158,,1,1,0,false,2025-04-06T07:02:49.294Z,,8906010500085,45GM*180 FARALI CHEVDO,C150
3729,158,,2,2,0,false,2025-04-06T07:02:49.294Z,,8906010503826,30GM*120 RUMBLES HOT CHILI WAFERS,C153
3730,158,,1,1,0,false,2025-04-06T07:02:49.294Z,,8906010504199,22GM*240 KATAK BATAK CHILLI LEMON,C154
3731,158,,3,3,0,false,2025-04-06T07:02:49.294Z,,8906010504359,22GM*120 SNACK'EM CHOKDI MASALA,C160
3732,158,,5,5,0,false,2025-04-06T07:02:49.294Z,,8906010504205,22GM*120 SNACK'EM PONGA MASALA,C161
3733,158,,1,1,0,false,2025-04-06T07:02:49.294Z,,8906010504236,45GM*120 BHEL MIX,V189
3734,158,,2,2,0,false,2025-04-06T07:02:49.294Z,,8906010504281,13GM*24PKT*12JAR OLEE CHOCO STIX,EOO1
3735,158,,5,5,0,false,2025-04-06T07:02:49.294Z,,A2,ADVERTISEMENT MATERIAL BIG STAND,A002
3772,157,,10,10,0,false,2025-04-06T07:02:49.370Z,,8906010500023,15GM*192 CRUNCHEM SIMPLY SALTED WAFERS,C001
3773,157,,5,5,0,false,2025-04-06T07:02:49.370Z,,8906010500047,15GM*192 CRUNCHEM MASALA MASTI WAFERS,C002
3774,157,,10,10,0,false,2025-04-06T07:02:49.370Z,,8906010500818,15GM*192 CRUNCHEM CREAM & ONION WAFERS,C003
3775,157,,5,5,0,false,2025-04-06T07:02:49.370Z,,8906010500481,15GM*192 CRUNCHEM TOMATO TWIST WAFERS,C004
3776,157,,5,5,0,false,2025-04-06T07:02:49.370Z,,8906010500474,15GM*192 CRUNCHEM CHAT CHASKA WAFERS,C005
3777,157,,5,5,0,false,2025-04-06T07:02:49.370Z,,8906010502492,15GM*192 CRUNCHEM PERI PERI WAFERS,C006
3778,157,,15,15,0,false,2025-04-06T07:02:49.370Z,,8906010500016,30GM*120 CRUNCHEM SIMPLY SALTED WAFERS,C007
3779,157,,5,5,0,false,2025-04-06T07:02:49.370Z,,8906010500030,30GM*120 CRUNCHEM MASALA MASTI WAFERS,C008
3780,157,,10,10,0,false,2025-04-06T07:02:49.370Z,,8906010500870,30GM*120 CRUNCHEM CREAM & ONION WAFERS,C009
3781,157,,10,10,0,false,2025-04-06T07:02:49.370Z,,8906010501198,30GM*120 CRUNCHEM PIZZY MASALA WAFERS,C010
3782,157,,5,5,0,false,2025-04-06T07:02:49.370Z,,8906010500498,30GM*120 CRUNCHEM TOMATO TWIST WAFERS,C012
3783,157,,5,5,0,false,2025-04-06T07:02:49.370Z,,8906010500535,30GM*120 CRUNCHEM CHAT CHASKA WAFERS,C013
3784,157,,5,5,0,false,2025-04-06T07:02:49.370Z,,8906010502508,30GM*120 CRUNCHEM PERI PERI WAFERS,C014
3785,157,,5,5,0,false,2025-04-06T07:02:49.370Z,,8906010500092,30GM*120 CRUNCHEX SALTED WAFERS,C015
3786,157,,30,30,0,false,2025-04-06T07:02:49.370Z,,8906010501570,30GM*120 CRUNCHEX CHILI TADKA WAFERS,C016
3787,157,,5,5,0,false,2025-04-06T07:02:49.370Z,,8906010504311,30GM*120 CRUNCHEX CHILLI LEMON WAFERS,C018
3788,157,,1,1,0,false,2025-04-06T07:02:49.370Z,,8906010502294,22GM*192 AMAIZE FLAMIN' HOT NACHOS,C019
3789,157,,24,24,0,false,2025-04-06T07:02:49.370Z,,8906010501228,22GM*120 SCOOPITOS MASALA,C027
3790,157,,10,10,0,false,2025-04-06T07:02:49.370Z,,8906010500269,22GM*144 POP RINGS MASALA,C029
3791,157,,10,10,0,false,2025-04-06T07:02:49.370Z,,8906010501419,22GM*144 POP RINGS YUMMY CHEESE,C030
3792,157,,5,5,0,false,2025-04-06T07:02:49.370Z,,8906010503444,22GM*144 FUNNE SPICY PUNCH,C033
3793,157,,12,12,0,false,2025-04-06T07:02:49.370Z,,8906010500764,25GM*240 C.P.NAMKIN {MASALA MASTI},C035
3794,157,,6,6,0,false,2025-04-06T07:02:49.370Z,,8906010500627,25GM*240 C.P.NAMKIN {TANGY TOMATO},C036
3795,157,,10,10,0,false,2025-04-06T07:02:49.370Z,,8906010500894,25GM*240 C.P.NAMKIN {CHINESE CHATKA},C037
3796,157,,12,12,0,false,2025-04-06T07:02:49.370Z,,8906010502119,25GM*240 C.P.NAMKIN {FLAMIN HOT},C038
3797,157,,2,2,0,false,2025-04-06T07:02:49.370Z,,8906010502973,25GM*192 PAPDI GATHIYA,C039
3798,157,,3,3,0,false,2025-04-06T07:02:49.370Z,,0_7,25GM*120 GIPPI TORNADO FLAMIN CHILLI,V041
3799,157,,8,8,0,false,2025-04-06T07:02:49.370Z,,8906010502232,22GM*240 PUNJABI TADKA,C042
3800,157,,4,4,0,false,2025-04-06T07:02:49.370Z,,8906010500214,25GM*240 SEV MURMURA,C043
3801,157,,5,5,0,false,2025-04-06T07:02:49.370Z,,8906010500245,25GM*240 MASALA SEV MURMURA,C044
3802,157,,5,5,0,false,2025-04-06T07:02:49.370Z,,8906010502041,22GM*240 BHEL MIX,C046
3803,157,,5,5,0,false,2025-04-06T07:02:49.370Z,,8906010503512,135GM*24 CRUNCHEM SIMPLY SALTED WAFERS,C052
3804,157,,5,5,0,false,2025-04-06T07:02:49.370Z,,8906010503529,135GM*24 CRUNCHEM MASALA MASTI WAFERS,C053
3805,157,,5,5,0,false,2025-04-06T07:02:49.370Z,,8906010503550,135GM*24 CRUNCHEM CREAM & ONION WAFERS,C054
3806,157,,5,5,0,false,2025-04-06T07:02:49.370Z,,8906010503611,135GM*24 CRUNCHEX CHILI TADKA WAFERS,C059
3807,157,,1,1,0,false,2025-04-06T07:02:49.370Z,,8906010500511,50GM*120 C.P.NAMKIN (MASALA MASTI),C060
3808,157,,5,5,0,false,2025-04-06T07:02:49.370Z,,8906010501822,70GM*100 GIPPI MASALA NOODLES,C089
3809,157,,10,10,0,false,2025-04-06T07:02:49.370Z,,8906010500559,22GM*240 MAGDAL,C118
3810,157,,10,10,0,false,2025-04-06T07:02:49.370Z,,8906010500023,15GM*192 CRUNCHEM SIMPLY SALTED WAFERS,C001
3811,157,,5,5,0,false,2025-04-06T07:02:49.370Z,,8906010500047,15GM*192 CRUNCHEM MASALA MASTI WAFERS,C002
3812,157,,10,10,0,false,2025-04-06T07:02:49.370Z,,8906010500818,15GM*192 CRUNCHEM CREAM & ONION WAFERS,C003
3813,157,,5,5,0,false,2025-04-06T07:02:49.370Z,,8906010500481,15GM*192 CRUNCHEM TOMATO TWIST WAFERS,C004
3814,157,,5,5,0,false,2025-04-06T07:02:49.370Z,,8906010500474,15GM*192 CRUNCHEM CHAT CHASKA WAFERS,C005
3815,157,,5,5,0,false,2025-04-06T07:02:49.370Z,,8906010502492,15GM*192 CRUNCHEM PERI PERI WAFERS,C006
3816,157,,15,15,0,false,2025-04-06T07:02:49.370Z,,8906010500016,30GM*120 CRUNCHEM SIMPLY SALTED WAFERS,C007
3817,157,,5,5,0,false,2025-04-06T07:02:49.370Z,,8906010500030,30GM*120 CRUNCHEM MASALA MASTI WAFERS,C008
3818,157,,10,10,0,false,2025-04-06T07:02:49.370Z,,8906010500870,30GM*120 CRUNCHEM CREAM & ONION WAFERS,C009
3819,157,,10,10,0,false,2025-04-06T07:02:49.370Z,,8906010501198,30GM*120 CRUNCHEM PIZZY MASALA WAFERS,C010
3820,157,,5,5,0,false,2025-04-06T07:02:49.370Z,,8906010500498,30GM*120 CRUNCHEM TOMATO TWIST WAFERS,C012
3821,157,,5,5,0,false,2025-04-06T07:02:49.370Z,,8906010500535,30GM*120 CRUNCHEM CHAT CHASKA WAFERS,C013
3822,157,,5,5,0,false,2025-04-06T07:02:49.370Z,,8906010502508,30GM*120 CRUNCHEM PERI PERI WAFERS,C014
3823,157,,5,5,0,false,2025-04-06T07:02:49.370Z,,8906010500092,30GM*120 CRUNCHEX SALTED WAFERS,C015
3824,157,,30,30,0,false,2025-04-06T07:02:49.370Z,,8906010501570,30GM*120 CRUNCHEX CHILI TADKA WAFERS,C016
3825,157,,5,5,0,false,2025-04-06T07:02:49.370Z,,8906010504311,30GM*120 CRUNCHEX CHILLI LEMON WAFERS,C018
3826,157,,1,1,0,false,2025-04-06T07:02:49.370Z,,8906010502294,22GM*192 AMAIZE FLAMIN' HOT NACHOS,C019
3827,157,,24,24,0,false,2025-04-06T07:02:49.370Z,,8906010501228,22GM*120 SCOOPITOS MASALA,C027
3828,157,,10,10,0,false,2025-04-06T07:02:49.370Z,,8906010500269,22GM*144 POP RINGS MASALA,C029
3829,157,,10,10,0,false,2025-04-06T07:02:49.370Z,,8906010501419,22GM*144 POP RINGS YUMMY CHEESE,C030
3830,157,,5,5,0,false,2025-04-06T07:02:49.370Z,,8906010503444,22GM*144 FUNNE SPICY PUNCH,C033
3831,157,,12,12,0,false,2025-04-06T07:02:49.370Z,,8906010500764,25GM*240 C.P.NAMKIN {MASALA MASTI},C035
3832,157,,6,6,0,false,2025-04-06T07:02:49.370Z,,8906010500627,25GM*240 C.P.NAMKIN {TANGY TOMATO},C036
3833,157,,10,10,0,false,2025-04-06T07:02:49.370Z,,8906010500894,25GM*240 C.P.NAMKIN {CHINESE CHATKA},C037
3834,157,,12,12,0,false,2025-04-06T07:02:49.370Z,,8906010502119,25GM*240 C.P.NAMKIN {FLAMIN HOT},C038
3835,157,,2,2,0,false,2025-04-06T07:02:49.370Z,,8906010502973,25GM*192 PAPDI GATHIYA,C039
3836,157,,3,3,0,false,2025-04-06T07:02:49.370Z,,0_7,25GM*120 GIPPI TORNADO FLAMIN CHILLI,V041
3837,157,,8,8,0,false,2025-04-06T07:02:49.370Z,,8906010502232,22GM*240 PUNJABI TADKA,C042
3838,157,,4,4,0,false,2025-04-06T07:02:49.370Z,,8906010500214,25GM*240 SEV MURMURA,C043
3839,157,,5,5,0,false,2025-04-06T07:02:49.370Z,,8906010500245,25GM*240 MASALA SEV MURMURA,C044
3840,157,,5,5,0,false,2025-04-06T07:02:49.370Z,,8906010502041,22GM*240 BHEL MIX,C046
3841,157,,5,5,0,false,2025-04-06T07:02:49.370Z,,8906010503512,135GM*24 CRUNCHEM SIMPLY SALTED WAFERS,C052
3842,157,,5,5,0,false,2025-04-06T07:02:49.370Z,,8906010503529,135GM*24 CRUNCHEM MASALA MASTI WAFERS,C053
3843,157,,5,5,0,false,2025-04-06T07:02:49.370Z,,8906010503550,135GM*24 CRUNCHEM CREAM & ONION WAFERS,C054
3844,157,,5,5,0,false,2025-04-06T07:02:49.370Z,,8906010503611,135GM*24 CRUNCHEX CHILI TADKA WAFERS,C059
3845,157,,1,1,0,false,2025-04-06T07:02:49.370Z,,8906010500511,50GM*120 C.P.NAMKIN (MASALA MASTI),C060
3846,157,,5,5,0,false,2025-04-06T07:02:49.370Z,,8906010501822,70GM*100 GIPPI MASALA NOODLES,C089
3847,157,,10,10,0,false,2025-04-06T07:02:49.370Z,,8906010500559,22GM*240 MAGDAL,C118
3856,140,,90,90,0,false,2025-04-06T07:02:49.445Z,,8906010500023,15GM*192 CRUNCHEM SIMPLY SALTED WAFERS,C001
3857,140,,30,30,0,false,2025-04-06T07:02:49.445Z,,8906010500047,15GM*192 CRUNCHEM MASALA MASTI WAFERS,C002
3858,140,,30,30,0,false,2025-04-06T07:02:49.445Z,,8906010500818,15GM*192 CRUNCHEM CREAM & ONION WAFERS,C003
3859,140,,30,30,0,false,2025-04-06T07:02:49.445Z,,8906010500481,15GM*192 CRUNCHEM TOMATO TWIST WAFERS,C004
3860,140,,30,30,0,false,2025-04-06T07:02:49.445Z,,8906010500474,15GM*192 CRUNCHEM CHAT CHASKA WAFERS,C005
3861,140,,30,30,0,false,2025-04-06T07:02:49.445Z,,8906010502492,15GM*192 CRUNCHEM PERI PERI WAFERS,C006
3862,140,,5,5,0,false,2025-04-06T07:02:49.445Z,,8906010500030,30GM*120 CRUNCHEM MASALA MASTI WAFERS,C008
3863,140,,5,5,0,false,2025-04-06T07:02:49.445Z,,8906010500535,30GM*120 CRUNCHEM CHAT CHASKA WAFERS,C013
3864,140,,24,24,0,false,2025-04-06T07:02:49.445Z,,8906010501228,22GM*120 SCOOPITOS MASALA,C027
3865,140,,1,1,0,false,2025-04-06T07:02:49.445Z,,8906010503222,22GM*144 POP RINGS SHAPES,C028
3866,140,,10,10,0,false,2025-04-06T07:02:49.445Z,,8906010501419,22GM*144 POP RINGS YUMMY CHEESE,C030
3867,140,,24,24,0,false,2025-04-06T07:02:49.445Z,,8906010504724,22GM*120 SNACK'EM PONGA PLAIN,C031
3868,140,,48,48,0,false,2025-04-06T07:02:49.445Z,,8906010500900,22GM*120 WHEELOS MASALA,C032
3869,140,,48,48,0,false,2025-04-06T07:02:49.445Z,,8906010500764,25GM*240 C.P.NAMKIN {MASALA MASTI},C035
3870,140,,24,24,0,false,2025-04-06T07:02:49.445Z,,8906010500627,25GM*240 C.P.NAMKIN {TANGY TOMATO},C036
3871,140,,24,24,0,false,2025-04-06T07:02:49.445Z,,8906010502119,25GM*240 C.P.NAMKIN {FLAMIN HOT},C038
3872,140,,24,24,0,false,2025-04-06T07:02:49.445Z,,8906010502973,25GM*192 PAPDI GATHIYA,C039
3873,140,,24,24,0,false,2025-04-06T07:02:49.445Z,,8906010503451,22GM*144 NOODLE STICKS MASALA,C040
3874,140,,20,20,0,false,2025-04-06T07:02:49.445Z,,0_7,25GM*120 GIPPI TORNADO FLAMIN CHILLI,V041
3875,140,,32,32,0,false,2025-04-06T07:02:49.445Z,,8906010502232,22GM*240 PUNJABI TADKA,C042
3876,140,,30,30,0,false,2025-04-06T07:02:49.445Z,,8906010500245,25GM*240 MASALA SEV MURMURA,C044
3877,140,,2,2,0,false,2025-04-06T07:02:49.445Z,,8906010502591,65GM*72 CRUNCHEM SIMPLY SALTED WAFERS,C047
3878,140,,1,1,0,false,2025-04-06T07:02:49.445Z,,8906010502607,65GM*72 CRUNCHEM MASALA MASTI WAFERS,C048
3879,140,,1,1,0,false,2025-04-06T07:02:49.445Z,,8906010503628,65GM*72 CRUNCHEM TOMATO TWIST WAFERS,C051
3880,140,,5,5,0,false,2025-04-06T07:02:49.445Z,,8906010503512,135GM*24 CRUNCHEM SIMPLY SALTED WAFERS,C052
3881,140,,5,5,0,false,2025-04-06T07:02:49.445Z,,8906010503529,135GM*24 CRUNCHEM MASALA MASTI WAFERS,C053
3882,140,,5,5,0,false,2025-04-06T07:02:49.445Z,,8906010503550,135GM*24 CRUNCHEM CREAM & ONION WAFERS,C054
3883,140,,1,1,0,false,2025-04-06T07:02:49.445Z,,8906010503109,135GM*24 RUMBLES PUDINA TWIST WAFERS,C055
3884,140,,5,5,0,false,2025-04-06T07:02:49.445Z,,8906010503482,135GM*24  CRUNCHEM  TOMATO TWIST WAFERS,C056
3885,140,,5,5,0,false,2025-04-06T07:02:49.445Z,,8906010503543,135GM*24 CRUNCHEM CHAT CHASKA WAFERS,C057
3886,140,,5,5,0,false,2025-04-06T07:02:49.445Z,,8906010500511,50GM*120 C.P.NAMKIN (MASALA MASTI),C060
3887,140,,1,1,0,false,2025-04-06T07:02:49.445Z,,8906010504083,16GM*24PKT*12JAR CRUNCHYCOCONUTCREAM WAFERS,C063
3888,140,,6,6,0,false,2025-04-06T07:02:49.445Z,,8906010503994,NIMBU PANI CANDY ( 3.5GM*170*12 JAR ),C064
3889,140,,1,1,0,false,2025-04-06T07:02:49.445Z,,8906010503574,16GM*24PKT*12JAR RICH CHOCOLATE CREAM WAFERS,C066
3890,140,,1,1,0,false,2025-04-06T07:02:49.445Z,,8906010503666,16GM*24PKT*12JAR TANGY ORANGE CREAM WAFERS,C067
3891,140,,2,2,0,false,2025-04-06T07:02:49.445Z,,8906010503260,16GM*24PKT*12JAR JUICY STRAWBERRY CREAM WAFERS,C068
3892,140,,6,6,0,false,2025-04-06T07:02:49.445Z,,8906010501242,45GM*72 WHEELOS MASALA,C070
3893,140,,5,5,0,false,2025-04-06T07:02:49.445Z,,8906010502836,45GM*144 PUNJABI TADKA,C078
3894,140,,1,1,0,false,2025-04-06T07:02:49.445Z,,8906010500320,235GM*20 FARALICHEVDO,C084
3895,140,,1,1,0,false,2025-04-06T07:02:49.445Z,,8906010500351,210GM*20 ALOO SEV,C088
3896,140,,1,1,0,false,2025-04-06T07:02:49.445Z,,8906010503697,240GM*20 KHATA MITHA MIX,C093
3897,140,,1,1,0,false,2025-04-06T07:02:49.445Z,,8906010500238,250GM*20 MAGDAL,C096
3898,140,,1,1,0,false,2025-04-06T07:02:49.445Z,,8906010502478,500GM*10 KHATA MITHA MIX,C105
3899,140,,45,45,0,false,2025-04-06T07:02:49.445Z,,8906010500559,22GM*240 MAGDAL,C118
3900,140,,30,30,0,false,2025-04-06T07:02:49.445Z,,8906010500276,22GM*288 SHING BHUJIA,C119
3901,140,,32,32,0,false,2025-04-06T07:02:49.445Z,,8906010500429,25GM*240 GATHIYA,C123
3902,140,,30,30,0,false,2025-04-06T07:02:49.445Z,,8906010500368,25GM*240 TIKHA MITHA MIX,C127
3903,140,,8,8,0,false,2025-04-06T07:02:49.445Z,,8906010502065,25GM*240 CLASSIC SEV,C129
3904,140,,1,1,0,false,2025-04-06T07:02:49.445Z,,8906010500221,45GM*144 MAGDAL,C134
3905,140,,1,1,0,false,2025-04-06T07:02:49.445Z,,8906010500283,45GM*180 SHING BHUJIA,C135
3906,140,,1,1,0,false,2025-04-06T07:02:49.445Z,,8906010500344,45GM*180 ALOO SEV,C136
3907,140,,12,12,0,false,2025-04-06T07:02:49.445Z,,8906010502683,40GM*30 SALTED PEANUTS,C144
3908,140,,24,24,0,false,2025-04-06T07:02:49.445Z,,8906010500078,22GM*240 FARALI CHEVDO,C149
3909,140,,1,1,0,false,2025-04-06T07:02:49.445Z,,8906010500085,45GM*180 FARALI CHEVDO,C150
3910,140,,3,3,0,false,2025-04-06T07:02:49.445Z,,8906010503826,30GM*120 RUMBLES HOT CHILI WAFERS,C153
3911,140,,24,24,0,false,2025-04-06T07:02:49.445Z,,8906010504205,22GM*120 SNACK'EM PONGA MASALA,C161
3912,140,,30,30,0,false,2025-04-06T07:02:49.445Z,,8906010504298,70GM*100 GIPPI FLAMIN' CHILLI NOODLES,C187
3913,140,,5,5,0,false,2025-04-06T07:02:49.445Z,,8906010504281,13GM*24PKT*12JAR OLEE CHOCO STIX,EOO1
3953,148,,60,60,0,false,2025-04-06T07:02:49.520Z,,8906010500023,15GM*192 CRUNCHEM SIMPLY SALTED WAFERS,C001
3954,148,,30,30,0,false,2025-04-06T07:02:49.520Z,,8906010500481,15GM*192 CRUNCHEM TOMATO TWIST WAFERS,C004
3955,148,,10,10,0,false,2025-04-06T07:02:49.520Z,,8906010500016,30GM*120 CRUNCHEM SIMPLY SALTED WAFERS,C007
3956,148,,5,5,0,false,2025-04-06T07:02:49.520Z,,8906010500870,30GM*120 CRUNCHEM CREAM & ONION WAFERS,C009
3957,148,,10,10,0,false,2025-04-06T07:02:49.520Z,,8906010502294,22GM*192 AMAIZE FLAMIN' HOT NACHOS,C019
3958,148,,12,12,0,false,2025-04-06T07:02:49.520Z,,8906010501228,22GM*120 SCOOPITOS MASALA,C027
3959,148,,3,3,0,false,2025-04-06T07:02:49.520Z,,8906010503222,22GM*144 POP RINGS SHAPES,C028
3960,148,,5,5,0,false,2025-04-06T07:02:49.520Z,,8906010501419,22GM*144 POP RINGS YUMMY CHEESE,C030
3961,148,,12,12,0,false,2025-04-06T07:02:49.520Z,,8906010504724,22GM*120 SNACK'EM PONGA PLAIN,C031
3962,148,,48,48,0,false,2025-04-06T07:02:49.520Z,,8906010500900,22GM*120 WHEELOS MASALA,C032
3963,148,,6,6,0,false,2025-04-06T07:02:49.520Z,,8906010503444,22GM*144 FUNNE SPICY PUNCH,C033
3964,148,,6,6,0,false,2025-04-06T07:02:49.520Z,,8906010501327,22GM*240 YUMSTIX CHATPATA MASALA,C034
3965,148,,12,12,0,false,2025-04-06T07:02:49.520Z,,8906010500764,25GM*240 C.P.NAMKIN {MASALA MASTI},C035
3966,148,,24,24,0,false,2025-04-06T07:02:49.520Z,,8906010500627,25GM*240 C.P.NAMKIN {TANGY TOMATO},C036
3967,148,,12,12,0,false,2025-04-06T07:02:49.520Z,,8906010502119,25GM*240 C.P.NAMKIN {FLAMIN HOT},C038
3968,148,,24,24,0,false,2025-04-06T07:02:49.520Z,,8906010503451,22GM*144 NOODLE STICKS MASALA,C040
3969,148,,5,5,0,false,2025-04-06T07:02:49.520Z,,0_7,22GM*120 GIPPI TORNADO FLAMIN CHILLI,C041
3970,148,,32,32,0,false,2025-04-06T07:02:49.520Z,,8906010502232,22GM*240 PUNJABI TADKA,C042
3971,148,,10,10,0,false,2025-04-06T07:02:49.520Z,,8906010500245,25GM*240 MASALA SEV MURMURA,C044
3972,148,,15,15,0,false,2025-04-06T07:02:49.520Z,,8906010503512,135GM*24 CRUNCHEM SIMPLY SALTED WAFERS,C052
3973,148,,5,5,0,false,2025-04-06T07:02:49.520Z,,8906010503529,135GM*24 CRUNCHEM MASALA MASTI WAFERS,C053
3974,148,,5,5,0,false,2025-04-06T07:02:49.520Z,,8906010503482,135GM*24  CRUNCHEM  TOMATO TWIST WAFERS,C056
3975,148,,10,10,0,false,2025-04-06T07:02:49.520Z,,8906010500511,50GM*120 C.P.NAMKIN (MASALA MASTI),C060
3976,148,,1,1,0,false,2025-04-06T07:02:49.520Z,,8906010503994,NIMBU PANI CANDY ( 3.5GM*170*12 JAR ),C064
3925,165,,24,24,0,false,2025-04-06T07:02:49.452Z,,8906010502119,25GM*240 C.P.NAMKIN {FLAMIN HOT},C038
3926,165,,24,24,0,false,2025-04-06T07:02:49.452Z,,8906010502973,25GM*192 PAPDI GATHIYA,C039
3927,165,,24,24,0,false,2025-04-06T07:02:49.452Z,,8906010503451,22GM*144 NOODLE STICKS MASALA,C040
3928,165,,15,15,0,false,2025-04-06T07:02:49.452Z,,0_7,22GM*120 GIPPI TORNADO FLAMIN CHILLI,C041
3929,165,,32,32,0,false,2025-04-06T07:02:49.452Z,,8906010502232,22GM*240 PUNJABI TADKA,C042
3930,165,,30,30,0,false,2025-04-06T07:02:49.452Z,,8906010500214,25GM*240 SEV MURMURA,C043
3931,165,,3,3,0,false,2025-04-06T07:02:49.452Z,,8906010504120,24GM*40PKT*6 DUMBAR PEANUT CHIKKI,C062
3932,165,,2,2,0,false,2025-04-06T07:02:49.452Z,,8906010504083,16GM*24PKT*12JAR CRUNCHYCOCONUTCREAM WAFERS,C063
3933,165,,2,2,0,false,2025-04-06T07:02:49.452Z,,8906010503871,16GM*24PKT*12JAR YUMMY VANILLA CREAM WAFERS,C069
3934,165,,2,2,0,false,2025-04-06T07:02:49.452Z,,8906010502133,25GM*240 CHANA JOR GARAM,C076
3935,165,,2,2,0,false,2025-04-06T07:02:49.452Z,,8906010500580,210GM*20 RATLAMI SEV,C086
3936,165,,5,5,0,false,2025-04-06T07:02:49.452Z,,8906010500351,210GM*20 ALOO SEV,C088
3937,165,,2,2,0,false,2025-04-06T07:02:49.452Z,,8906010500382,240GM*20 TIKHA MITHA MIX,C094
3938,165,,5,5,0,false,2025-04-06T07:02:49.452Z,,8906010500238,250GM*20 MAGDAL,C096
3939,165,,5,5,0,false,2025-04-06T07:02:49.452Z,,8906010500290,210GM*20 SHING BHUJIA,C097
3940,165,,45,45,0,false,2025-04-06T07:02:49.452Z,,8906010500559,22GM*240 MAGDAL,C118
3941,165,,30,30,0,false,2025-04-06T07:02:49.452Z,,8906010500276,22GM*288 SHING BHUJIA,C119
3942,165,,60,60,0,false,2025-04-06T07:02:49.452Z,,8906010500337,22GM*240 ALOO SEV,C121
3943,165,,32,32,0,false,2025-04-06T07:02:49.452Z,,8906010500429,25GM*240 GATHIYA,C123
3944,165,,7,7,0,false,2025-04-06T07:02:49.452Z,,8906010500306,25GM*240 RATLAMI SEV,C124
3945,165,,15,15,0,false,2025-04-06T07:02:49.452Z,,8906010500702,25GM*240 CHANADAL,C125
3946,165,,30,30,0,false,2025-04-06T07:02:49.452Z,,8906010500368,25GM*240 TIKHA MITHA MIX,C127
3947,165,,15,15,0,false,2025-04-06T07:02:49.452Z,,8906010502263,25GM*240 NAVRATAN MIX,C132
3948,165,,15,15,0,false,2025-04-06T07:02:49.452Z,,8906010503239,22GM*60 MASALA CHANA,C147
3949,165,,30,30,0,false,2025-04-06T07:02:49.452Z,,8906010503949,25GM*240 C.P NAMKIN (LASANIYA),C148
3950,165,,6,6,0,false,2025-04-06T07:02:49.452Z,,8906010500078,22GM*240 FARALI CHEVDO,C149
3951,165,,24,24,0,false,2025-04-06T07:02:49.452Z,,8906010504359,22GM*120 SNACK'EM CHOKDI MASALA,C160
3952,165,,6,6,0,false,2025-04-06T07:02:49.452Z,,8906010500900,22GM*120 WHEELOS MASALA,C032
3999,168,,90,90,0,false,2025-04-06T07:02:49.529Z,,8906010500023,15GM*192 CRUNCHEM SIMPLY SALTED WAFERS,C001
4000,168,,30,30,0,false,2025-04-06T07:02:49.529Z,,8906010500047,15GM*192 CRUNCHEM MASALA MASTI WAFERS,C002
4001,168,,60,60,0,false,2025-04-06T07:02:49.529Z,,8906010500818,15GM*192 CRUNCHEM CREAM & ONION WAFERS,C003
4002,168,,30,30,0,false,2025-04-06T07:02:49.529Z,,8906010500481,15GM*192 CRUNCHEM TOMATO TWIST WAFERS,C004
4003,168,,30,30,0,false,2025-04-06T07:02:49.529Z,,8906010500474,15GM*192 CRUNCHEM CHAT CHASKA WAFERS,C005
4004,168,,30,30,0,false,2025-04-06T07:02:49.529Z,,8906010502492,15GM*192 CRUNCHEM PERI PERI WAFERS,C006
4005,168,,20,20,0,false,2025-04-06T07:02:49.529Z,,8906010502294,22GM*192 AMAIZE FLAMIN' HOT NACHOS,C019
4006,168,,30,30,0,false,2025-04-06T07:02:49.529Z,,8906010500269,22GM*144 POP RINGS MASALA,C029
4007,168,,30,30,0,false,2025-04-06T07:02:49.529Z,,8906010501419,22GM*144 POP RINGS YUMMY CHEESE,C030
4008,168,,12,12,0,false,2025-04-06T07:02:49.529Z,,8906010504724,22GM*120 SNACK'EM PONGA PLAIN,C031
4009,168,,24,24,0,false,2025-04-06T07:02:49.529Z,,8906010500900,22GM*120 WHEELOS MASALA,C032
4010,168,,48,48,0,false,2025-04-06T07:02:49.529Z,,8906010503444,22GM*144 FUNNE SPICY PUNCH,C033
4011,168,,96,96,0,false,2025-04-06T07:02:49.529Z,,8906010503451,22GM*144 NOODLE STICKS MASALA,C040
4012,168,,45,45,0,false,2025-04-06T07:02:49.529Z,,0_7,22GM*120 GIPPI TORNADO FLAMIN CHILLI,C041
4013,168,,5,5,0,false,2025-04-06T07:02:49.529Z,,8906010502041,22GM*240 BHEL MIX,C046
4014,168,,1,1,0,false,2025-04-06T07:02:49.529Z,,8906010500511,50GM*120 C.P.NAMKIN (MASALA MASTI),C060
4015,168,,2,2,0,false,2025-04-06T07:02:49.529Z,,8906010501242,45GM*72 WHEELOS MASALA,C070
4016,168,,2,2,0,false,2025-04-06T07:02:49.529Z,,8906010502133,25GM*240 CHANA JOR GARAM,C076
4017,168,,60,60,0,false,2025-04-06T07:02:49.529Z,,8906010500559,22GM*240 MAGDAL,C118
4018,168,,60,60,0,false,2025-04-06T07:02:49.529Z,,8906010500863,22GM*288 NIMBU CHATKA SHING BHUJIA,C120
4019,168,,60,60,0,false,2025-04-06T07:02:49.529Z,,8906010500337,22GM*240 ALOO SEV,C121
4020,168,,5,5,0,false,2025-04-06T07:02:49.529Z,,8906010500429,25GM*240 GATHIYA,C123
4021,168,,10,10,0,false,2025-04-06T07:02:49.529Z,,8906010500702,25GM*240 CHANADAL,C125
4022,168,,3,3,0,false,2025-04-06T07:02:49.529Z,,8906010503420,20GM*288 MASALA PEAS,C126
4023,168,,1,1,0,false,2025-04-06T07:02:49.529Z,,8906010500221,45GM*144 MAGDAL,C134
4024,168,,10,10,0,false,2025-04-06T07:02:49.529Z,,8906010503949,25GM*240 C.P NAMKIN (LASANIYA),C148
4025,168,,3,3,0,false,2025-04-06T07:02:49.529Z,,8906010504199,22GM*240 KATAK BATAK CHILLI LEMON,C154
4026,168,,1,1,0,false,2025-04-06T07:02:49.529Z,,8906010504250,22GM*240 KATAK BATAK DESI MASALA,C155
4027,168,,24,24,0,false,2025-04-06T07:02:49.529Z,,8906010504359,22GM*120 SNACK'EM CHOKDI MASALA,C160
4028,168,,10,10,0,false,2025-04-06T07:02:49.529Z,,8906010504205,22GM*120 SNACK'EM PONGA MASALA,C161
4029,168,,8,8,0,false,2025-04-06T07:02:49.529Z,,8906010504298,70GM*100 GIPPI FLAMIN' CHILLI NOODLES,C187
4072,166,,30,30,0,false,2025-04-06T07:02:49.606Z,,8906010500023,15GM*192 CRUNCHEM SIMPLY SALTED WAFERS,C001
4073,166,,5,5,0,false,2025-04-06T07:02:49.606Z,,8906010500047,15GM*192 CRUNCHEM MASALA MASTI WAFERS,C002
4074,166,,30,30,0,false,2025-04-06T07:02:49.606Z,,8906010500818,15GM*192 CRUNCHEM CREAM & ONION WAFERS,C003
4075,166,,30,30,0,false,2025-04-06T07:02:49.606Z,,8906010500481,15GM*192 CRUNCHEM TOMATO TWIST WAFERS,C004
4076,166,,5,5,0,false,2025-04-06T07:02:49.606Z,,8906010500474,15GM*192 CRUNCHEM CHAT CHASKA WAFERS,C005
4077,166,,5,5,0,false,2025-04-06T07:02:49.606Z,,8906010502492,15GM*192 CRUNCHEM PERI PERI WAFERS,C006
4078,166,,2,2,0,false,2025-04-06T07:02:49.606Z,,8906010500030,30GM*120 CRUNCHEM MASALA MASTI WAFERS,C008
4079,166,,2,2,0,false,2025-04-06T07:02:49.606Z,,8906010500870,30GM*120 CRUNCHEM CREAM & ONION WAFERS,C009
4080,166,,5,5,0,false,2025-04-06T07:02:49.606Z,,8906010500498,30GM*120 CRUNCHEM TOMATO TWIST WAFERS,C012
3977,148,,1,1,0,false,2025-04-06T07:02:49.520Z,,8906010503987,SOFT IMLI CANDY ( 3.5GM*220*10 JAR ),C065
3978,148,,12,12,0,false,2025-04-06T07:02:49.520Z,,8906010501242,45GM*72 WHEELOS MASALA,C070
3979,148,,1,1,0,false,2025-04-06T07:02:49.520Z,,8906010500542,50GM*120 SEV MURMURA,C080
3980,148,,1,1,0,false,2025-04-06T07:02:49.520Z,,8906010501259,50GM*120 MASALA SEV MURMURA,C081
3981,148,,10,10,0,false,2025-04-06T07:02:49.520Z,,8906010500382,240GM*20 TIKHA MITHA MIX,C094
3982,148,,15,15,0,false,2025-04-06T07:02:49.520Z,,8906010500566,500GM*10 TIKHA MITHA MIX,C104
3983,148,,1,1,0,false,2025-04-06T07:02:49.520Z,,8906010500825,200GM*20 HEALTHY BITES PLAIN KHAKHRA,C113
3984,148,,2,2,0,false,2025-04-06T07:02:49.520Z,,8906010500832,200GM*20 HEALTHY BITES MASALA KHAKHRA,C114
3985,148,,1,1,0,false,2025-04-06T07:02:49.520Z,,8906010500856,200GM*20 HEALTHY BITES METHI KHAKHRA,C115
3986,148,,1,1,0,false,2025-04-06T07:02:49.520Z,,8906010500849,200GM*20 HEALTHY BITES JEERA KHAKHRA,C116
3987,148,,20,20,0,false,2025-04-06T07:02:49.520Z,,8906010500559,22GM*240 MAGDAL,C118
3988,148,,5,5,0,false,2025-04-06T07:02:49.520Z,,8906010500337,22GM*240 ALOO SEV,C121
3989,148,,6,6,0,false,2025-04-06T07:02:49.520Z,,8906010500702,25GM*240 CHANADAL,C125
3990,148,,5,5,0,false,2025-04-06T07:02:49.520Z,,8906010500221,45GM*144 MAGDAL,C134
3991,148,,10,10,0,false,2025-04-06T07:02:49.520Z,,8906010503949,25GM*240 C.P NAMKIN (LASANIYA),C148
3992,148,,24,24,0,false,2025-04-06T07:02:49.520Z,,8906010500078,22GM*240 FARALI CHEVDO,C149
3993,148,,5,5,0,false,2025-04-06T07:02:49.520Z,,8906010500085,45GM*180 FARALI CHEVDO,C150
3994,148,,5,5,0,false,2025-04-06T07:02:49.520Z,,8906010504250,22GM*240 KATAK BATAK DESI MASALA,C155
3995,148,,5,5,0,false,2025-04-06T07:02:49.520Z,,8906010504205,22GM*120 SNACK'EM PONGA MASALA,C161
3996,148,,3,3,0,false,2025-04-06T07:02:49.520Z,,8906010504281,13GM*24PKT*12JAR OLEE CHOCO STIX,EOO1
3997,148,,5,5,0,false,2025-04-06T07:02:49.520Z,,A1,ADVERTISEMENT MATERIAL HEAVY STAND,A001
3998,148,,5,5,0,false,2025-04-06T07:02:49.520Z,,A2,ADVERTISEMENT MATERIAL BIG STAND,A002
4030,154,,60,60,0,false,2025-04-06T07:02:49.601Z,,8906010500023,15GM*192 CRUNCHEM SIMPLY SALTED WAFERS,C001
4031,154,,30,30,0,false,2025-04-06T07:02:49.601Z,,8906010500047,15GM*192 CRUNCHEM MASALA MASTI WAFERS,C002
4032,154,,60,60,0,false,2025-04-06T07:02:49.601Z,,8906010500818,15GM*192 CRUNCHEM CREAM & ONION WAFERS,C003
4033,154,,30,30,0,false,2025-04-06T07:02:49.601Z,,8906010500481,15GM*192 CRUNCHEM TOMATO TWIST WAFERS,C004
4034,154,,30,30,0,false,2025-04-06T07:02:49.601Z,,8906010500474,15GM*192 CRUNCHEM CHAT CHASKA WAFERS,C005
4035,154,,5,5,0,false,2025-04-06T07:02:49.601Z,,8906010500030,30GM*120 CRUNCHEM MASALA MASTI WAFERS,C008
4036,154,,5,5,0,false,2025-04-06T07:02:49.601Z,,8906010500870,30GM*120 CRUNCHEM CREAM & ONION WAFERS,C009
4037,154,,5,5,0,false,2025-04-06T07:02:49.601Z,,8906010501952,30GM*120 RUMBLES PUDINA TWIST WAFERS,C011
4038,154,,5,5,0,false,2025-04-06T07:02:49.601Z,,8906010500498,30GM*120 CRUNCHEM TOMATO TWIST WAFERS,C012
4039,154,,5,5,0,false,2025-04-06T07:02:49.601Z,,8906010500535,30GM*120 CRUNCHEM CHAT CHASKA WAFERS,C013
4040,154,,5,5,0,false,2025-04-06T07:02:49.601Z,,8906010502508,30GM*120 CRUNCHEM PERI PERI WAFERS,C014
4041,154,,5,5,0,false,2025-04-06T07:02:49.601Z,,8906010500092,30GM*120 CRUNCHEX SALTED WAFERS,C015
4042,154,,60,60,0,false,2025-04-06T07:02:49.601Z,,8906010501570,30GM*120 CRUNCHEX CHILI TADKA WAFERS,C016
4043,154,,5,5,0,false,2025-04-06T07:02:49.601Z,,8906010504311,30GM*120 CRUNCHEX CHILLI LEMON WAFERS,C018
4044,154,,25,25,0,false,2025-04-06T07:02:49.601Z,,8906010502294,22GM*192 AMAIZE FLAMIN' HOT NACHOS,C019
4045,154,,3,3,0,false,2025-04-06T07:02:49.601Z,,8906010502348,22GM*192 AMAIZE CHEESE CHILLI NACHOS,C020
4046,154,,48,48,0,false,2025-04-06T07:02:49.601Z,,8906010501228,22GM*120 SCOOPITOS MASALA,C027
4047,154,,2,2,0,false,2025-04-06T07:02:49.601Z,,8906010503222,22GM*144 POP RINGS SHAPES,C028
4048,154,,15,15,0,false,2025-04-06T07:02:49.601Z,,8906010501419,22GM*144 POP RINGS YUMMY CHEESE,C030
4049,154,,4,4,0,false,2025-04-06T07:02:49.601Z,,8906010504724,22GM*120 SNACK'EM PONGA PLAIN,C031
4050,154,,24,24,0,false,2025-04-06T07:02:49.601Z,,8906010500900,22GM*120 WHEELOS MASALA,C032
4051,154,,48,48,0,false,2025-04-06T07:02:49.601Z,,8906010500764,25GM*240 C.P.NAMKIN {MASALA MASTI},C035
4052,154,,48,48,0,false,2025-04-06T07:02:49.601Z,,8906010500627,25GM*240 C.P.NAMKIN {TANGY TOMATO},C036
4053,154,,30,30,0,false,2025-04-06T07:02:49.601Z,,8906010500894,25GM*240 C.P.NAMKIN {CHINESE CHATKA},C037
4054,154,,48,48,0,false,2025-04-06T07:02:49.601Z,,8906010502119,25GM*240 C.P.NAMKIN {FLAMIN HOT},C038
4055,154,,30,30,0,false,2025-04-06T07:02:49.601Z,,0_7,22GM*120 GIPPI TORNADO FLAMIN CHILLI,C041
4056,154,,32,32,0,false,2025-04-06T07:02:49.601Z,,8906010502232,22GM*240 PUNJABI TADKA,C042
4057,154,,60,60,0,false,2025-04-06T07:02:49.601Z,,8906010500245,25GM*240 MASALA SEV MURMURA,C044
4058,154,,1,1,0,false,2025-04-06T07:02:49.601Z,,8906010504120,24GM*40PKT*6 DUMBAR PEANUT CHIKKI,C062
4059,154,,1,1,0,false,2025-04-06T07:02:49.601Z,,8906010503574,16GM*24PKT*12JAR RICH CHOCOLATE CREAM WAFERS,C066
4060,154,,1,1,0,false,2025-04-06T07:02:49.601Z,,8906010500177,25GM*180 BANANA MAST MASALA WAFERS,C074
4061,154,,20,20,0,false,2025-04-06T07:02:49.601Z,,8906010501822,70GM*100 GIPPI MASALA NOODLES,C089
4062,154,,1,1,0,false,2025-04-06T07:02:49.601Z,,8906010500825,200GM*20 HEALTHY BITES PLAIN KHAKHRA,C113
4063,154,,1,1,0,false,2025-04-06T07:02:49.601Z,,8906010500849,200GM*20 HEALTHY BITES JEERA KHAKHRA,C116
4064,154,,10,10,0,false,2025-04-06T07:02:49.601Z,,8906010500559,22GM*240 MAGDAL,C118
4065,154,,5,5,0,false,2025-04-06T07:02:49.601Z,,8906010500276,22GM*288 SHING BHUJIA,C119
4066,154,,30,30,0,false,2025-04-06T07:02:49.601Z,,8906010500337,22GM*240 ALOO SEV,C121
4067,154,,10,10,0,false,2025-04-06T07:02:49.601Z,,8906010500368,25GM*240 TIKHA MITHA MIX,C127
4068,154,,5,5,0,false,2025-04-06T07:02:49.601Z,,8906010500399,25GM*240 KHATA MITHA MIX,C128
4069,154,,30,30,0,false,2025-04-06T07:02:49.601Z,,8906010503949,25GM*240 C.P NAMKIN (LASANIYA),C148
4070,154,,2,2,0,false,2025-04-06T07:02:49.601Z,,8906010504359,22GM*120 SNACK'EM CHOKDI MASALA,C160
4071,154,,30,30,0,false,2025-04-06T07:02:49.601Z,,8906010504298,70GM*100 GIPPI FLAMIN' CHILLI NOODLES,C187
4126,149,,60,60,0,false,2025-04-06T07:02:49.677Z,,8906010500023,15GM*192 CRUNCHEM SIMPLY SALTED WAFERS,C001
4127,149,,5,5,0,false,2025-04-06T07:02:49.677Z,,8906010500818,15GM*192 CRUNCHEM CREAM & ONION WAFERS,C003
4081,166,,5,5,0,false,2025-04-06T07:02:49.606Z,,8906010500535,30GM*120 CRUNCHEM CHAT CHASKA WAFERS,C013
4082,166,,2,2,0,false,2025-04-06T07:02:49.606Z,,8906010501570,30GM*120 CRUNCHEX CHILI TADKA WAFERS,C016
4083,166,,35,35,0,false,2025-04-06T07:02:49.606Z,,8906010502294,22GM*192 AMAIZE FLAMIN' HOT NACHOS,C019
4084,166,,3,3,0,false,2025-04-06T07:02:49.606Z,,8906010504663,25GM*240 AMAIZE JALAPENO CORN CHIPS,C021
4085,166,,48,48,0,false,2025-04-06T07:02:49.606Z,,8906010501228,22GM*120 SCOOPITOS MASALA,C027
4086,166,,5,5,0,false,2025-04-06T07:02:49.606Z,,8906010500269,22GM*144 POP RINGS MASALA,C029
4087,166,,10,10,0,false,2025-04-06T07:02:49.606Z,,8906010501419,22GM*144 POP RINGS YUMMY CHEESE,C030
4088,166,,12,12,0,false,2025-04-06T07:02:49.606Z,,8906010504724,22GM*120 SNACK'EM PONGA PLAIN,C031
4089,166,,96,96,0,false,2025-04-06T07:02:49.606Z,,8906010500900,22GM*120 WHEELOS MASALA,C032
4090,166,,12,12,0,false,2025-04-06T07:02:49.606Z,,8906010503444,22GM*144 FUNNE SPICY PUNCH,C033
4091,166,,72,72,0,false,2025-04-06T07:02:49.606Z,,8906010500764,25GM*240 C.P.NAMKIN {MASALA MASTI},C035
4092,166,,24,24,0,false,2025-04-06T07:02:49.606Z,,8906010500627,25GM*240 C.P.NAMKIN {TANGY TOMATO},C036
4093,166,,15,15,0,false,2025-04-06T07:02:49.606Z,,8906010500894,25GM*240 C.P.NAMKIN {CHINESE CHATKA},C037
4094,166,,24,24,0,false,2025-04-06T07:02:49.606Z,,8906010502119,25GM*240 C.P.NAMKIN {FLAMIN HOT},C038
4095,166,,15,15,0,false,2025-04-06T07:02:49.606Z,,8906010502973,25GM*192 PAPDI GATHIYA,C039
4096,166,,48,48,0,false,2025-04-06T07:02:49.606Z,,8906010503451,22GM*144 NOODLE STICKS MASALA,C040
4097,166,,32,32,0,false,2025-04-06T07:02:49.606Z,,8906010502232,22GM*240 PUNJABI TADKA,C042
4098,166,,60,60,0,false,2025-04-06T07:02:49.606Z,,8906010500214,25GM*240 SEV MURMURA,C043
4099,166,,60,60,0,false,2025-04-06T07:02:49.606Z,,8906010500245,25GM*240 MASALA SEV MURMURA,C044
4100,166,,10,10,0,false,2025-04-06T07:02:49.606Z,,8906010502041,22GM*240 BHEL MIX,C046
4101,166,,3,3,0,false,2025-04-06T07:02:49.606Z,,8906010503529,135GM*24 CRUNCHEM MASALA MASTI WAFERS,C053
4102,166,,2,2,0,false,2025-04-06T07:02:49.606Z,,8906010503550,135GM*24 CRUNCHEM CREAM & ONION WAFERS,C054
4103,166,,3,3,0,false,2025-04-06T07:02:49.606Z,,8906010503482,135GM*24  CRUNCHEM  TOMATO TWIST WAFERS,C056
4104,166,,5,5,0,false,2025-04-06T07:02:49.606Z,,8906010503604,135GM*24 CRUNCHEX SALTED WAFERS,C058
4105,166,,1,1,0,false,2025-04-06T07:02:49.606Z,,8906010500511,50GM*120 C.P.NAMKIN (MASALA MASTI),C060
4106,166,,2,2,0,false,2025-04-06T07:02:49.606Z,,8906010500610,50GM*120 C.P.NAMKIN (TANGY TOMATO),C061
4107,166,,1,1,0,false,2025-04-06T07:02:49.606Z,,8906010503574,16GM*24PKT*12JAR RICH CHOCOLATE CREAM WAFERS,C066
4108,166,,1,1,0,false,2025-04-06T07:02:49.606Z,,8906010503666,16GM*24PKT*12JAR TANGY ORANGE CREAM WAFERS,C067
4109,166,,1,1,0,false,2025-04-06T07:02:49.606Z,,8906010503871,16GM*24PKT*12JAR YUMMY VANILLA CREAM WAFERS,C069
4110,166,,2,2,0,false,2025-04-06T07:02:49.606Z,,8906010502133,25GM*240 CHANA JOR GARAM,C076
4111,166,,20,20,0,false,2025-04-06T07:02:49.606Z,,8906010501822,70GM*100 GIPPI MASALA NOODLES,C089
4112,166,,3,3,0,false,2025-04-06T07:02:49.606Z,,8906010500382,240GM*20 TIKHA MITHA MIX,C094
4113,166,,3,3,0,false,2025-04-06T07:02:49.606Z,,8906010500566,500GM*10 TIKHA MITHA MIX,C104
4114,166,,15,15,0,false,2025-04-06T07:02:49.606Z,,8906010500559,22GM*240 MAGDAL,C118
4115,166,,5,5,0,false,2025-04-06T07:02:49.606Z,,8906010500276,22GM*288 SHING BHUJIA,C119
4116,166,,15,15,0,false,2025-04-06T07:02:49.606Z,,8906010500863,22GM*288 NIMBU CHATKA SHING BHUJIA,C120
4117,166,,2,2,0,false,2025-04-06T07:02:49.606Z,,8906010500337,22GM*240 ALOO SEV,C121
4118,166,,5,5,0,false,2025-04-06T07:02:49.606Z,,8906010500429,25GM*240 GATHIYA,C123
4119,166,,2,2,0,false,2025-04-06T07:02:49.606Z,,8906010500702,25GM*240 CHANADAL,C125
4120,166,,3,3,0,false,2025-04-06T07:02:49.606Z,,8906010500368,25GM*240 TIKHA MITHA MIX,C127
4121,166,,2,2,0,false,2025-04-06T07:02:49.606Z,,8906010500399,25GM*240 KHATA MITHA MIX,C128
4122,166,,1,1,0,false,2025-04-06T07:02:49.606Z,,8906010502065,25GM*240 CLASSIC SEV,C129
4123,166,,10,10,0,false,2025-04-06T07:02:49.606Z,,8906010503949,25GM*240 C.P NAMKIN (LASANIYA),C148
4124,166,,12,12,0,false,2025-04-06T07:02:49.606Z,,8906010504359,22GM*120 SNACK'EM CHOKDI MASALA,C160
4125,166,,6,6,0,false,2025-04-06T07:02:49.606Z,,8906010504205,22GM*120 SNACK'EM PONGA MASALA,C161
4147,170,,60,60,0,false,2025-04-06T07:02:49.683Z,,8906010500023,15GM*192 CRUNCHEM SIMPLY SALTED WAFERS,C001
4148,170,,30,30,0,false,2025-04-06T07:02:49.683Z,,8906010500047,15GM*192 CRUNCHEM MASALA MASTI WAFERS,C002
4149,170,,60,60,0,false,2025-04-06T07:02:49.683Z,,8906010500818,15GM*192 CRUNCHEM CREAM & ONION WAFERS,C003
4150,170,,60,60,0,false,2025-04-06T07:02:49.683Z,,8906010500481,15GM*192 CRUNCHEM TOMATO TWIST WAFERS,C004
4151,170,,30,30,0,false,2025-04-06T07:02:49.683Z,,8906010500474,15GM*192 CRUNCHEM CHAT CHASKA WAFERS,C005
4152,170,,30,30,0,false,2025-04-06T07:02:49.683Z,,8906010502492,15GM*192 CRUNCHEM PERI PERI WAFERS,C006
4153,170,,1,1,0,false,2025-04-06T07:02:49.683Z,,8906010500092,30GM*120 CRUNCHEX SALTED WAFERS,C015
4154,170,,10,10,0,false,2025-04-06T07:02:49.683Z,,8906010502294,22GM*192 AMAIZE FLAMIN' HOT NACHOS,C019
4155,170,,3,3,0,false,2025-04-06T07:02:49.683Z,,8906010504663,25GM*240 AMAIZE JALAPENO CORN CHIPS,C021
4156,170,,24,24,0,false,2025-04-06T07:02:49.683Z,,8906010501228,22GM*120 SCOOPITOS MASALA,C027
4157,170,,5,5,0,false,2025-04-06T07:02:49.683Z,,8906010500269,22GM*144 POP RINGS MASALA,C029
4158,170,,5,5,0,false,2025-04-06T07:02:49.683Z,,8906010501419,22GM*144 POP RINGS YUMMY CHEESE,C030
4159,170,,5,5,0,false,2025-04-06T07:02:49.683Z,,8906010504724,22GM*120 SNACK'EM PONGA PLAIN,C031
4160,170,,24,24,0,false,2025-04-06T07:02:49.683Z,,8906010500900,22GM*120 WHEELOS MASALA,C032
4161,170,,24,24,0,false,2025-04-06T07:02:49.683Z,,8906010503444,22GM*144 FUNNE SPICY PUNCH,C033
4162,170,,5,5,0,false,2025-04-06T07:02:49.683Z,,8906010501327,22GM*240 YUMSTIX CHATPATA MASALA,C034
4163,170,,24,24,0,false,2025-04-06T07:02:49.683Z,,8906010500764,25GM*240 C.P.NAMKIN {MASALA MASTI},C035
4164,170,,24,24,0,false,2025-04-06T07:02:49.683Z,,8906010500627,25GM*240 C.P.NAMKIN {TANGY TOMATO},C036
4165,170,,15,15,0,false,2025-04-06T07:02:49.683Z,,8906010500894,25GM*240 C.P.NAMKIN {CHINESE CHATKA},C037
4166,170,,24,24,0,false,2025-04-06T07:02:49.683Z,,8906010502119,25GM*240 C.P.NAMKIN {FLAMIN HOT},C038
4167,170,,3,3,0,false,2025-04-06T07:02:49.683Z,,8906010502973,25GM*192 PAPDI GATHIYA,C039
4168,170,,12,12,0,false,2025-04-06T07:02:49.683Z,,8906010503451,22GM*144 NOODLE STICKS MASALA,C040
4128,149,,30,30,0,false,2025-04-06T07:02:49.677Z,,8906010500481,15GM*192 CRUNCHEM TOMATO TWIST WAFERS,C004
4129,149,,15,15,0,false,2025-04-06T07:02:49.677Z,,8906010500016,30GM*120 CRUNCHEM SIMPLY SALTED WAFERS,C007
4130,149,,5,5,0,false,2025-04-06T07:02:49.677Z,,8906010500870,30GM*120 CRUNCHEM CREAM & ONION WAFERS,C009
4131,149,,5,5,0,false,2025-04-06T07:02:49.677Z,,8906010500498,30GM*120 CRUNCHEM TOMATO TWIST WAFERS,C012
4132,149,,5,5,0,false,2025-04-06T07:02:49.677Z,,8906010502294,22GM*192 AMAIZE FLAMIN' HOT NACHOS,C019
4133,149,,40,48,0,false,2025-04-06T07:02:49.677Z,,8906010500900,22GM*120 WHEELOS MASALA,C032
4134,149,,24,24,0,false,2025-04-06T07:02:49.677Z,,8906010500764,25GM*240 C.P.NAMKIN {MASALA MASTI},C035
4135,149,,48,48,0,false,2025-04-06T07:02:49.677Z,,8906010500627,25GM*240 C.P.NAMKIN {TANGY TOMATO},C036
4136,149,,12,12,0,false,2025-04-06T07:02:49.677Z,,8906010502973,25GM*192 PAPDI GATHIYA,C039
4137,149,,32,32,0,false,2025-04-06T07:02:49.677Z,,8906010502232,22GM*240 PUNJABI TADKA,C042
4138,149,,5,5,0,false,2025-04-06T07:02:49.677Z,,8906010500214,25GM*240 SEV MURMURA,C043
4139,149,,60,60,0,false,2025-04-06T07:02:49.677Z,,8906010500245,25GM*240 MASALA SEV MURMURA,C044
4140,149,,5,5,0,false,2025-04-06T07:02:49.677Z,,8906010500566,500GM*10 TIKHA MITHA MIX,C104
4141,149,,25,25,0,false,2025-04-06T07:02:49.677Z,,8906010500559,22GM*240 MAGDAL,C118
4142,149,,10,10,0,false,2025-04-06T07:02:49.677Z,,8906010500276,22GM*288 SHING BHUJIA,C119
4143,149,,5,5,0,false,2025-04-06T07:02:49.677Z,,8906010500863,22GM*288 NIMBU CHATKA SHING BHUJIA,C120
4144,149,,5,5,0,false,2025-04-06T07:02:49.677Z,,8906010500337,22GM*240 ALOO SEV,C121
4145,149,,5,5,0,false,2025-04-06T07:02:49.677Z,,8906010500429,25GM*240 GATHIYA,C123
4146,149,,24,24,0,false,2025-04-06T07:02:49.677Z,,8906010500078,22GM*240 FARALI CHEVDO,C149
4197,144,,30,30,0,false,2025-04-06T07:02:49.751Z,,8906010500023,15GM*192 CRUNCHEM SIMPLY SALTED WAFERS,C001
4198,144,,30,30,0,false,2025-04-06T07:02:49.751Z,,8906010500047,15GM*192 CRUNCHEM MASALA MASTI WAFERS,C002
4199,144,,30,30,0,false,2025-04-06T07:02:49.751Z,,8906010500818,15GM*192 CRUNCHEM CREAM & ONION WAFERS,C003
4200,144,,30,30,0,false,2025-04-06T07:02:49.751Z,,8906010500481,15GM*192 CRUNCHEM TOMATO TWIST WAFERS,C004
4201,144,,30,30,0,false,2025-04-06T07:02:49.751Z,,8906010500474,15GM*192 CRUNCHEM CHAT CHASKA WAFERS,C005
4202,144,,5,5,0,false,2025-04-06T07:02:49.751Z,,8906010502492,15GM*192 CRUNCHEM PERI PERI WAFERS,C006
4203,144,,30,30,0,false,2025-04-06T07:02:49.751Z,,8906010500870,30GM*120 CRUNCHEM CREAM & ONION WAFERS,C009
4204,144,,10,10,0,false,2025-04-06T07:02:49.751Z,,8906010501952,30GM*120 RUMBLES PUDINA TWIST WAFERS,C011
4205,144,,10,10,0,false,2025-04-06T07:02:49.751Z,,8906010500498,30GM*120 CRUNCHEM TOMATO TWIST WAFERS,C012
4206,144,,90,90,0,false,2025-04-06T07:02:49.751Z,,8906010501570,30GM*120 CRUNCHEX CHILI TADKA WAFERS,C016
4207,144,,5,5,0,false,2025-04-06T07:02:49.751Z,,8906010500269,22GM*144 POP RINGS MASALA,C029
4208,144,,5,5,0,false,2025-04-06T07:02:49.751Z,,8906010501419,22GM*144 POP RINGS YUMMY CHEESE,C030
4209,144,,24,24,0,false,2025-04-06T07:02:49.751Z,,8906010503444,22GM*144 FUNNE SPICY PUNCH,C033
4210,144,,24,24,0,false,2025-04-06T07:02:49.751Z,,8906010500764,25GM*240 C.P.NAMKIN {MASALA MASTI},C035
4211,144,,10,10,0,false,2025-04-06T07:02:49.751Z,,8906010500894,25GM*240 C.P.NAMKIN {CHINESE CHATKA},C037
4212,144,,24,24,0,false,2025-04-06T07:02:49.751Z,,8906010502119,25GM*240 C.P.NAMKIN {FLAMIN HOT},C038
4213,144,,48,48,0,false,2025-04-06T07:02:49.751Z,,8906010502973,25GM*192 PAPDI GATHIYA,C039
4214,144,,30,30,0,false,2025-04-06T07:02:49.751Z,,0_7,22GM*120 GIPPI TORNADO FLAMIN CHILLI,C041
4215,144,,32,32,0,false,2025-04-06T07:02:49.751Z,,8906010502232,22GM*240 PUNJABI TADKA,C042
4216,144,,120,120,0,false,2025-04-06T07:02:49.751Z,,8906010500245,25GM*240 MASALA SEV MURMURA,C044
4217,144,,10,10,0,false,2025-04-06T07:02:49.751Z,,8906010502041,22GM*240 BHEL MIX,C046
4218,144,,1,1,0,false,2025-04-06T07:02:49.751Z,,8906010502591,65GM*72 CRUNCHEM SIMPLY SALTED WAFERS,C047
4219,144,,1,1,0,false,2025-04-06T07:02:49.751Z,,8906010503628,65GM*72 CRUNCHEM TOMATO TWIST WAFERS,C051
4220,144,,6,6,0,false,2025-04-06T07:02:49.751Z,,8906010503611,135GM*24 CRUNCHEX CHILI TADKA WAFERS,C059
4221,144,,5,5,0,false,2025-04-06T07:02:49.751Z,,8906010500610,50GM*120 C.P.NAMKIN (TANGY TOMATO),C061
4222,144,,2,2,0,false,2025-04-06T07:02:49.751Z,,8906010503574,16GM*24PKT*12JAR RICH CHOCOLATE CREAM WAFERS,C066
4223,144,,3,3,0,false,2025-04-06T07:02:49.751Z,,8906010503772,50GM*120 PAPDI GATHIYA,C077
4224,144,,3,3,0,false,2025-04-06T07:02:49.751Z,,8906010500542,50GM*120 SEV MURMURA,C080
4225,144,,2,2,0,false,2025-04-06T07:02:49.751Z,,8906010503376,280GM*20 GIPPI MASALA NOODLES,C090
4226,144,,15,15,0,false,2025-04-06T07:02:49.751Z,,8906010500559,22GM*240 MAGDAL,C118
4227,144,,5,5,0,false,2025-04-06T07:02:49.751Z,,8906010500276,22GM*288 SHING BHUJIA,C119
4228,144,,15,15,0,false,2025-04-06T07:02:49.751Z,,8906010500863,22GM*288 NIMBU CHATKA SHING BHUJIA,C120
4229,144,,30,30,0,false,2025-04-06T07:02:49.751Z,,8906010500337,22GM*240 ALOO SEV,C121
4230,144,,16,16,0,false,2025-04-06T07:02:49.751Z,,8906010500429,25GM*240 GATHIYA,C123
4231,144,,6,6,0,false,2025-04-06T07:02:49.751Z,,8906010500306,25GM*240 RATLAMI SEV,C124
4232,144,,30,30,0,false,2025-04-06T07:02:49.751Z,,8906010500368,25GM*240 TIKHA MITHA MIX,C127
4233,144,,5,5,0,false,2025-04-06T07:02:49.751Z,,8906010500221,45GM*144 MAGDAL,C134
4234,144,,5,5,0,false,2025-04-06T07:02:49.751Z,,8906010500375,50GM*150 TIKHA MITHA MIX,C140
4235,144,,12,12,0,false,2025-04-06T07:02:49.751Z,,8906010500443,40GM*30 MASALA SHING,C145
4236,144,,10,10,0,false,2025-04-06T07:02:49.751Z,,8906010503949,25GM*240 C.P NAMKIN (LASANIYA),C148
4237,144,,24,24,0,false,2025-04-06T07:02:49.751Z,,8906010500078,22GM*240 FARALI CHEVDO,C149
4238,144,,5,5,0,false,2025-04-06T07:02:49.751Z,,8906010503826,30GM*120 RUMBLES HOT CHILI WAFERS,C153
4239,144,,1,1,0,false,2025-04-06T07:02:49.751Z,,8906010504250,22GM*240 KATAK BATAK DESI MASALA,C155
4240,144,,15,15,0,false,2025-04-06T07:02:49.751Z,,8906010504298,70GM*100 GIPPI FLAMIN' CHILLI NOODLES,C187
4241,144,,5,5,0,false,2025-04-06T07:02:49.751Z,,A1,ADVERTISEMENT MATERIAL HEAVY STAND,A001
4242,144,,30,30,0,false,2025-04-06T07:02:49.751Z,,0_7,22GM*120 GIPPI TORNADO FLAMIN CHILLI,C041
4278,159,,90,90,0,false,2025-04-06T07:02:49.825Z,,8906010500023,15GM*192 CRUNCHEM SIMPLY SALTED WAFERS,C001
4279,159,,10,10,0,false,2025-04-06T07:02:49.825Z,,8906010500047,15GM*192 CRUNCHEM MASALA MASTI WAFERS,C002
4169,170,,3,3,0,false,2025-04-06T07:02:49.683Z,,0_7,22GM*120 GIPPI TORNADO FLAMIN CHILLI,C041
4170,170,,16,16,0,false,2025-04-06T07:02:49.683Z,,8906010502232,22GM*240 PUNJABI TADKA,C042
4171,170,,15,15,0,false,2025-04-06T07:02:49.683Z,,8906010500214,25GM*240 SEV MURMURA,C043
4172,170,,10,10,0,false,2025-04-06T07:02:49.683Z,,8906010500245,25GM*240 MASALA SEV MURMURA,C044
4173,170,,10,10,0,false,2025-04-06T07:02:49.683Z,,8906010502041,22GM*240 BHEL MIX,C046
4174,170,,1,1,0,false,2025-04-06T07:02:49.683Z,,8906010503482,135GM*24  CRUNCHEM  TOMATO TWIST WAFERS,C056
4175,170,,2,2,0,false,2025-04-06T07:02:49.683Z,,8906010503543,135GM*24 CRUNCHEM CHAT CHASKA WAFERS,C057
4176,170,,1,1,0,false,2025-04-06T07:02:49.683Z,,8906010504120,24GM*40PKT*6 DUMBAR PEANUT CHIKKI,C062
4177,170,,1,1,0,false,2025-04-06T07:02:49.683Z,,8906010503574,16GM*24PKT*12JAR RICH CHOCOLATE CREAM WAFERS,C066
4178,170,,1,1,0,false,2025-04-06T07:02:49.683Z,,8906010502133,25GM*240 CHANA JOR GARAM,C076
4179,170,,1,1,0,false,2025-04-06T07:02:49.683Z,,8906010500382,240GM*20 TIKHA MITHA MIX,C094
4180,170,,1,1,0,false,2025-04-06T07:02:49.683Z,,8906010500238,250GM*20 MAGDAL,C096
4181,170,,1,1,0,false,2025-04-06T07:02:49.683Z,,8906010500825,200GM*20 HEALTHY BITES PLAIN KHAKHRA,C113
4182,170,,1,1,0,false,2025-04-06T07:02:49.683Z,,8906010500849,200GM*20 HEALTHY BITES JEERA KHAKHRA,C116
4183,170,,45,45,0,false,2025-04-06T07:02:49.683Z,,8906010500559,22GM*240 MAGDAL,C118
4184,170,,15,15,0,false,2025-04-06T07:02:49.683Z,,8906010500276,22GM*288 SHING BHUJIA,C119
4185,170,,30,30,0,false,2025-04-06T07:02:49.683Z,,8906010500863,22GM*288 NIMBU CHATKA SHING BHUJIA,C120
4186,170,,30,30,0,false,2025-04-06T07:02:49.683Z,,8906010500337,22GM*240 ALOO SEV,C121
4187,170,,2,2,0,false,2025-04-06T07:02:49.683Z,,8906010500429,25GM*240 GATHIYA,C123
4188,170,,12,12,0,false,2025-04-06T07:02:49.683Z,,8906010500702,25GM*240 CHANADAL,C125
4189,170,,10,10,0,false,2025-04-06T07:02:49.683Z,,8906010503420,20GM*288 MASALA PEAS,C126
4190,170,,10,10,0,false,2025-04-06T07:02:49.683Z,,8906010503949,25GM*240 C.P NAMKIN (LASANIYA),C148
4191,170,,12,12,0,false,2025-04-06T07:02:49.683Z,,8906010500078,22GM*240 FARALI CHEVDO,C149
4192,170,,2,2,0,false,2025-04-06T07:02:49.683Z,,8906010504199,22GM*240 KATAK BATAK CHILLI LEMON,C154
4193,170,,2,2,0,false,2025-04-06T07:02:49.683Z,,8906010504250,22GM*240 KATAK BATAK DESI MASALA,C155
4194,170,,3,3,0,false,2025-04-06T07:02:49.683Z,,8906010504359,22GM*120 SNACK'EM CHOKDI MASALA,C160
4195,170,,3,3,0,false,2025-04-06T07:02:49.683Z,,8906010504205,22GM*120 SNACK'EM PONGA MASALA,C161
4196,170,,5,5,0,false,2025-04-06T07:02:49.683Z,,8906010504298,70GM*100 GIPPI FLAMIN' CHILLI NOODLES,C187
4243,167,,90,90,0,false,2025-04-06T07:02:49.760Z,,8906010500023,15GM*192 CRUNCHEM SIMPLY SALTED WAFERS,C001
4244,167,,15,15,0,false,2025-04-06T07:02:49.760Z,,8906010500047,15GM*192 CRUNCHEM MASALA MASTI WAFERS,C002
4245,167,,45,45,0,false,2025-04-06T07:02:49.760Z,,8906010500818,15GM*192 CRUNCHEM CREAM & ONION WAFERS,C003
4246,167,,60,60,0,false,2025-04-06T07:02:49.760Z,,8906010500481,15GM*192 CRUNCHEM TOMATO TWIST WAFERS,C004
4247,167,,15,15,0,false,2025-04-06T07:02:49.760Z,,8906010500474,15GM*192 CRUNCHEM CHAT CHASKA WAFERS,C005
4248,167,,5,5,0,false,2025-04-06T07:02:49.760Z,,8906010500016,30GM*120 CRUNCHEM SIMPLY SALTED WAFERS,C007
4249,167,,5,5,0,false,2025-04-06T07:02:49.760Z,,8906010500870,30GM*120 CRUNCHEM CREAM & ONION WAFERS,C009
4250,167,,5,5,0,false,2025-04-06T07:02:49.760Z,,8906010500498,30GM*120 CRUNCHEM TOMATO TWIST WAFERS,C012
4251,167,,30,30,0,false,2025-04-06T07:02:49.760Z,,8906010502294,22GM*192 AMAIZE FLAMIN' HOT NACHOS,C019
4252,167,,12,12,0,false,2025-04-06T07:02:49.760Z,,8906010501228,22GM*120 SCOOPITOS MASALA,C027
4253,167,,48,24,0,false,2025-04-06T07:02:49.760Z,,8906010500900,22GM*120 WHEELOS MASALA,C032
4254,167,,48,48,0,false,2025-04-06T07:02:49.760Z,,8906010500764,25GM*240 C.P.NAMKIN {MASALA MASTI},C035
4255,167,,48,48,0,false,2025-04-06T07:02:49.760Z,,8906010500627,25GM*240 C.P.NAMKIN {TANGY TOMATO},C036
4256,167,,30,30,0,false,2025-04-06T07:02:49.760Z,,8906010500894,25GM*240 C.P.NAMKIN {CHINESE CHATKA},C037
4257,167,,48,48,0,false,2025-04-06T07:02:49.760Z,,8906010502119,25GM*240 C.P.NAMKIN {FLAMIN HOT},C038
4258,167,,64,64,0,false,2025-04-06T07:02:49.760Z,,8906010502232,22GM*240 PUNJABI TADKA,C042
4259,167,,15,15,0,false,2025-04-06T07:02:49.760Z,,8906010500214,25GM*240 SEV MURMURA,C043
4260,167,,90,90,0,false,2025-04-06T07:02:49.760Z,,8906010500245,25GM*240 MASALA SEV MURMURA,C044
4261,167,,5,5,0,false,2025-04-06T07:02:49.760Z,,8906010503512,135GM*24 CRUNCHEM SIMPLY SALTED WAFERS,C052
4262,167,,3,3,0,false,2025-04-06T07:02:49.760Z,,8906010503529,135GM*24 CRUNCHEM MASALA MASTI WAFERS,C053
4263,167,,5,5,0,false,2025-04-06T07:02:49.760Z,,8906010503550,135GM*24 CRUNCHEM CREAM & ONION WAFERS,C054
4264,167,,5,5,0,false,2025-04-06T07:02:49.760Z,,8906010503482,135GM*24  CRUNCHEM  TOMATO TWIST WAFERS,C056
4265,167,,2,2,0,false,2025-04-06T07:02:49.760Z,,8906010503543,135GM*24 CRUNCHEM CHAT CHASKA WAFERS,C057
4266,167,,20,20,0,false,2025-04-06T07:02:49.760Z,,8906010501822,70GM*100 GIPPI MASALA NOODLES,C089
4267,167,,75,75,0,false,2025-04-06T07:02:49.760Z,,8906010500559,22GM*240 MAGDAL,C118
4268,167,,10,10,0,false,2025-04-06T07:02:49.760Z,,8906010500276,22GM*288 SHING BHUJIA,C119
4269,167,,10,10,0,false,2025-04-06T07:02:49.760Z,,8906010500863,22GM*288 NIMBU CHATKA SHING BHUJIA,C120
4270,167,,10,10,0,false,2025-04-06T07:02:49.760Z,,8906010500337,22GM*240 ALOO SEV,C121
4271,167,,2,2,0,false,2025-04-06T07:02:49.760Z,,8906010500429,25GM*240 GATHIYA,C123
4272,167,,15,15,0,false,2025-04-06T07:02:49.760Z,,8906010500702,25GM*240 CHANADAL,C125
4273,167,,2,2,0,false,2025-04-06T07:02:49.760Z,,8906010503420,20GM*288 MASALA PEAS,C126
4274,167,,15,15,0,false,2025-04-06T07:02:49.760Z,,8906010500368,25GM*240 TIKHA MITHA MIX,C127
4275,167,,15,15,0,false,2025-04-06T07:02:49.760Z,,8906010503239,22GM*60 MASALA CHANA,C147
4276,167,,15,15,0,false,2025-04-06T07:02:49.760Z,,8906010503949,25GM*240 C.P NAMKIN (LASANIYA),C148
4277,167,,24,24,0,false,2025-04-06T07:02:49.760Z,,8906010500078,22GM*240 FARALI CHEVDO,C149
4313,174,,60,60,0,false,2025-04-06T07:02:49.836Z,,8906010500023,15GM*192 CRUNCHEM SIMPLY SALTED WAFERS,C001
4314,174,,10,10,0,false,2025-04-06T07:02:49.836Z,,8906010500047,15GM*192 CRUNCHEM MASALA MASTI WAFERS,C002
4315,174,,30,30,0,false,2025-04-06T07:02:49.836Z,,8906010500818,15GM*192 CRUNCHEM CREAM & ONION WAFERS,C003
4316,174,,30,30,0,false,2025-04-06T07:02:49.836Z,,8906010500481,15GM*192 CRUNCHEM TOMATO TWIST WAFERS,C004
4280,159,,30,30,0,false,2025-04-06T07:02:49.825Z,,8906010500016,30GM*120 CRUNCHEM SIMPLY SALTED WAFERS,C007
4281,159,,15,15,0,false,2025-04-06T07:02:49.825Z,,8906010500870,30GM*120 CRUNCHEM CREAM & ONION WAFERS,C009
4282,159,,15,15,0,false,2025-04-06T07:02:49.825Z,,8906010500498,30GM*120 CRUNCHEM TOMATO TWIST WAFERS,C012
4283,159,,5,5,0,false,2025-04-06T07:02:49.825Z,,8906010501570,30GM*120 CRUNCHEX CHILI TADKA WAFERS,C016
4284,159,,30,30,0,false,2025-04-06T07:02:49.825Z,,8906010502294,22GM*192 AMAIZE FLAMIN' HOT NACHOS,C019
4285,159,,5,5,0,false,2025-04-06T07:02:49.825Z,,8906010502300,45GM*120 AMAIZE FLAMIN' HOT NACHOS,C024
4286,159,,48,48,0,false,2025-04-06T07:02:49.825Z,,8906010501228,22GM*120 SCOOPITOS MASALA,C027
4287,159,,15,15,0,false,2025-04-06T07:02:49.825Z,,8906010500269,22GM*144 POP RINGS MASALA,C029
4288,159,,84,72,0,false,2025-04-06T07:02:49.825Z,,8906010500900,22GM*120 WHEELOS MASALA,C032
4289,159,,24,24,0,false,2025-04-06T07:02:49.825Z,,8906010500764,25GM*240 C.P.NAMKIN {MASALA MASTI},C035
4290,159,,24,24,0,false,2025-04-06T07:02:49.825Z,,8906010500627,25GM*240 C.P.NAMKIN {TANGY TOMATO},C036
4291,159,,48,48,0,false,2025-04-06T07:02:49.825Z,,8906010502119,25GM*240 C.P.NAMKIN {FLAMIN HOT},C038
4292,159,,24,24,0,false,2025-04-06T07:02:49.825Z,,8906010502973,25GM*192 PAPDI GATHIYA,C039
4293,159,,48,48,0,false,2025-04-06T07:02:49.825Z,,8906010503451,22GM*144 NOODLE STICKS MASALA,C040
4294,159,,10,10,0,false,2025-04-06T07:02:49.825Z,,0_7,22GM*120 GIPPI TORNADO FLAMIN CHILLI,C041
4295,159,,64,64,0,false,2025-04-06T07:02:49.825Z,,8906010502232,22GM*240 PUNJABI TADKA,C042
4296,159,,5,5,0,false,2025-04-06T07:02:49.825Z,,8906010500214,25GM*240 SEV MURMURA,C043
4297,159,,60,60,0,false,2025-04-06T07:02:49.825Z,,8906010500245,25GM*240 MASALA SEV MURMURA,C044
4298,159,,2,2,0,false,2025-04-06T07:02:49.825Z,,8906010502041,22GM*240 BHEL MIX,C046
4299,159,,10,10,0,false,2025-04-06T07:02:49.825Z,,8906010503512,135GM*24 CRUNCHEM SIMPLY SALTED WAFERS,C052
4300,159,,5,5,0,false,2025-04-06T07:02:49.825Z,,8906010503529,135GM*24 CRUNCHEM MASALA MASTI WAFERS,C053
4301,159,,5,5,0,false,2025-04-06T07:02:49.825Z,,8906010503550,135GM*24 CRUNCHEM CREAM & ONION WAFERS,C054
4302,159,,5,5,0,false,2025-04-06T07:02:49.825Z,,8906010503482,135GM*24  CRUNCHEM  TOMATO TWIST WAFERS,C056
4303,159,,5,5,0,false,2025-04-06T07:02:49.825Z,,8906010500511,50GM*120 C.P.NAMKIN (MASALA MASTI),C060
4304,159,,5,5,0,false,2025-04-06T07:02:49.825Z,,8906010500610,50GM*120 C.P.NAMKIN (TANGY TOMATO),C061
4305,159,,12,12,0,false,2025-04-06T07:02:49.825Z,,8906010501242,45GM*72 WHEELOS MASALA,C070
4306,159,,20,20,0,false,2025-04-06T07:02:49.825Z,,8906010500382,240GM*20 TIKHA MITHA MIX,C094
4307,159,,25,25,0,false,2025-04-06T07:02:49.825Z,,8906010500566,500GM*10 TIKHA MITHA MIX,C104
4308,159,,45,45,0,false,2025-04-06T07:02:49.825Z,,8906010500559,22GM*240 MAGDAL,C118
4309,159,,10,10,0,false,2025-04-06T07:02:49.825Z,,8906010500276,22GM*288 SHING BHUJIA,C119
4310,159,,15,15,0,false,2025-04-06T07:02:49.825Z,,8906010500863,22GM*288 NIMBU CHATKA SHING BHUJIA,C120
4311,159,,10,10,0,false,2025-04-06T07:02:49.825Z,,8906010500337,22GM*240 ALOO SEV,C121
4312,159,,2,2,0,false,2025-04-06T07:02:49.825Z,,8906010500429,25GM*240 GATHIYA,C123
4500,196,,15,15,0,false,2025-04-06T07:02:50.382Z,,8906010500214,25GM*240 SEV MURMURA,C043
4501,196,,30,30,0,false,2025-04-06T07:02:50.382Z,,8906010500245,25GM*240 MASALA SEV MURMURA,C044
4502,196,,10,10,0,false,2025-04-06T07:02:50.382Z,,8906010502041,22GM*240 BHEL MIX,C046
4503,196,,15,15,0,false,2025-04-06T07:02:50.382Z,,8906010501822,70GM*100 GIPPI MASALA NOODLES,C089
4504,196,,30,30,0,false,2025-04-06T07:02:50.382Z,,8906010500559,22GM*240 MAGDAL,C118
4505,196,,15,15,0,false,2025-04-06T07:02:50.382Z,,8906010500337,22GM*240 ALOO SEV,C121
4506,196,,10,10,0,false,2025-04-06T07:02:50.382Z,,8906010500429,25GM*240 GATHIYA,C123
4507,196,,2,2,0,false,2025-04-06T07:02:50.382Z,,8906010500306,25GM*240 RATLAMI SEV,C124
4508,196,,5,5,0,false,2025-04-06T07:02:50.382Z,,8906010500702,25GM*240 CHANADAL,C125
4509,196,,10,10,0,false,2025-04-06T07:02:50.382Z,,8906010503949,25GM*240 C.P NAMKIN (LASANIYA),C148
4510,196,,1,1,0,false,2025-04-06T07:02:50.382Z,,8906010504199,22GM*240 KATAK BATAK CHILLI LEMON,C154
4511,196,,2,2,0,false,2025-04-06T07:02:50.382Z,,8906010504250,22GM*240 KATAK BATAK DESI MASALA,C155
4525,191,,30,30,0,false,2025-04-06T07:02:50.457Z,,8906010500023,15GM*192 CRUNCHEM SIMPLY SALTED WAFERS,C001
4526,191,,15,15,0,false,2025-04-06T07:02:50.457Z,,8906010500047,15GM*192 CRUNCHEM MASALA MASTI WAFERS,C002
4527,191,,30,30,0,false,2025-04-06T07:02:50.457Z,,8906010500818,15GM*192 CRUNCHEM CREAM & ONION WAFERS,C003
4528,191,,15,15,0,false,2025-04-06T07:02:50.457Z,,8906010500474,15GM*192 CRUNCHEM CHAT CHASKA WAFERS,C005
4529,191,,30,30,0,false,2025-04-06T07:02:50.457Z,,8906010500016,30GM*120 CRUNCHEM SIMPLY SALTED WAFERS,C007
4530,191,,15,15,0,false,2025-04-06T07:02:50.457Z,,8906010500030,30GM*120 CRUNCHEM MASALA MASTI WAFERS,C008
4531,191,,30,30,0,false,2025-04-06T07:02:50.457Z,,8906010500870,30GM*120 CRUNCHEM CREAM & ONION WAFERS,C009
4532,191,,15,15,0,false,2025-04-06T07:02:50.457Z,,8906010501198,30GM*120 CRUNCHEM PIZZY MASALA WAFERS,C010
4533,191,,15,15,0,false,2025-04-06T07:02:50.457Z,,8906010500535,30GM*120 CRUNCHEM CHAT CHASKA WAFERS,C013
4534,191,,30,30,0,false,2025-04-06T07:02:50.457Z,,8906010502508,30GM*120 CRUNCHEM PERI PERI WAFERS,C014
4535,191,,15,15,0,false,2025-04-06T07:02:50.457Z,,8906010501570,30GM*120 CRUNCHEX CHILI TADKA WAFERS,C016
4536,191,,30,30,0,false,2025-04-06T07:02:50.457Z,,8906010502294,22GM*192 AMAIZE FLAMIN' HOT NACHOS,C019
4537,191,,10,10,0,false,2025-04-06T07:02:50.457Z,,8906010502300,45GM*120 AMAIZE FLAMIN' HOT NACHOS,C024
4538,191,,24,24,0,false,2025-04-06T07:02:50.457Z,,8906010501228,22GM*120 SCOOPITOS MASALA,C027
4539,191,,10,10,0,false,2025-04-06T07:02:50.457Z,,8906010500269,22GM*144 POP RINGS MASALA,C029
4540,191,,15,15,0,false,2025-04-06T07:02:50.457Z,,8906010501419,22GM*144 POP RINGS YUMMY CHEESE,C030
4541,191,,24,24,0,false,2025-04-06T07:02:50.457Z,,8906010500900,22GM*120 WHEELOS MASALA,C032
4542,191,,12,12,0,false,2025-04-06T07:02:50.457Z,,8906010503444,22GM*144 FUNNE SPICY PUNCH,C033
4543,191,,72,72,0,false,2025-04-06T07:02:50.457Z,,8906010500764,25GM*240 C.P.NAMKIN {MASALA MASTI},C035
4544,191,,24,24,0,false,2025-04-06T07:02:50.457Z,,8906010500627,25GM*240 C.P.NAMKIN {TANGY TOMATO},C036
4545,191,,10,10,0,false,2025-04-06T07:02:50.457Z,,8906010500894,25GM*240 C.P.NAMKIN {CHINESE CHATKA},C037
4546,191,,24,24,0,false,2025-04-06T07:02:50.457Z,,8906010502119,25GM*240 C.P.NAMKIN {FLAMIN HOT},C038
4317,174,,15,15,0,false,2025-04-06T07:02:49.836Z,,8906010502492,15GM*192 CRUNCHEM PERI PERI WAFERS,C006
4318,174,,30,30,0,false,2025-04-06T07:02:49.836Z,,8906010500016,30GM*120 CRUNCHEM SIMPLY SALTED WAFERS,C007
4319,174,,5,5,0,false,2025-04-06T07:02:49.836Z,,8906010500030,30GM*120 CRUNCHEM MASALA MASTI WAFERS,C008
4320,174,,15,15,0,false,2025-04-06T07:02:49.836Z,,8906010500870,30GM*120 CRUNCHEM CREAM & ONION WAFERS,C009
4321,174,,5,5,0,false,2025-04-06T07:02:49.836Z,,8906010501198,30GM*120 CRUNCHEM PIZZY MASALA WAFERS,C010
4322,174,,5,5,0,false,2025-04-06T07:02:49.836Z,,8906010500498,30GM*120 CRUNCHEM TOMATO TWIST WAFERS,C012
4323,174,,15,15,0,false,2025-04-06T07:02:49.836Z,,8906010502294,22GM*192 AMAIZE FLAMIN' HOT NACHOS,C019
4324,174,,12,12,0,false,2025-04-06T07:02:49.836Z,,8906010501228,22GM*120 SCOOPITOS MASALA,C027
4325,174,,5,5,0,false,2025-04-06T07:02:49.836Z,,8906010500269,22GM*144 POP RINGS MASALA,C029
4326,174,,5,5,0,false,2025-04-06T07:02:49.836Z,,8906010501419,22GM*144 POP RINGS YUMMY CHEESE,C030
4327,174,,96,96,0,false,2025-04-06T07:02:49.836Z,,8906010500900,22GM*120 WHEELOS MASALA,C032
4328,174,,72,72,0,false,2025-04-06T07:02:49.836Z,,8906010500764,25GM*240 C.P.NAMKIN {MASALA MASTI},C035
4329,174,,24,24,0,false,2025-04-06T07:02:49.836Z,,8906010500627,25GM*240 C.P.NAMKIN {TANGY TOMATO},C036
4330,174,,48,48,0,false,2025-04-06T07:02:49.836Z,,8906010502119,25GM*240 C.P.NAMKIN {FLAMIN HOT},C038
4331,174,,24,24,0,false,2025-04-06T07:02:49.836Z,,8906010502973,25GM*192 PAPDI GATHIYA,C039
4332,174,,6,6,0,false,2025-04-06T07:02:49.836Z,,8906010503451,22GM*144 NOODLE STICKS MASALA,C040
4333,174,,32,32,0,false,2025-04-06T07:02:49.836Z,,8906010502232,22GM*240 PUNJABI TADKA,C042
4334,174,,30,30,0,false,2025-04-06T07:02:49.836Z,,8906010500245,25GM*240 MASALA SEV MURMURA,C044
4335,174,,10,10,0,false,2025-04-06T07:02:49.836Z,,8906010502041,22GM*240 BHEL MIX,C046
4336,174,,2,2,0,false,2025-04-06T07:02:49.836Z,,8906010502591,65GM*72 CRUNCHEM SIMPLY SALTED WAFERS,C047
4337,174,,2,2,0,false,2025-04-06T07:02:49.836Z,,8906010500511,50GM*120 C.P.NAMKIN (MASALA MASTI),C060
4338,174,,3,3,0,false,2025-04-06T07:02:49.836Z,,8906010500610,50GM*120 C.P.NAMKIN (TANGY TOMATO),C061
4339,174,,10,10,0,false,2025-04-06T07:02:49.836Z,,8906010500566,500GM*10 TIKHA MITHA MIX,C104
4340,174,,15,15,0,false,2025-04-06T07:02:49.836Z,,8906010500559,22GM*240 MAGDAL,C118
4341,174,,10,10,0,false,2025-04-06T07:02:49.836Z,,8906010500276,22GM*288 SHING BHUJIA,C119
4342,174,,5,5,0,false,2025-04-06T07:02:49.836Z,,8906010500863,22GM*288 NIMBU CHATKA SHING BHUJIA,C120
4343,174,,10,10,0,false,2025-04-06T07:02:49.836Z,,8906010500337,22GM*240 ALOO SEV,C121
4344,174,,5,5,0,false,2025-04-06T07:02:49.836Z,,8906010500429,25GM*240 GATHIYA,C123
4345,174,,5,5,0,false,2025-04-06T07:02:49.836Z,,8906010503949,25GM*240 C.P NAMKIN (LASANIYA),C148
4346,174,,24,24,0,false,2025-04-06T07:02:49.836Z,,8906010500078,22GM*240 FARALI CHEVDO,C149
4347,174,,5,5,0,false,2025-04-06T07:02:49.836Z,,8906010504205,22GM*120 SNACK'EM PONGA MASALA,C161
4348,174,,2,2,0,false,2025-04-06T07:02:49.836Z,,8906010504281,13GM*24PKT*12JAR OLEE CHOCO STIX,EOO1
4349,175,,90,90,0,false,2025-04-06T07:02:49.914Z,,8906010500023,15GM*192 CRUNCHEM SIMPLY SALTED WAFERS,C001
4350,175,,30,30,0,false,2025-04-06T07:02:49.914Z,,8906010500047,15GM*192 CRUNCHEM MASALA MASTI WAFERS,C002
4351,175,,60,60,0,false,2025-04-06T07:02:49.914Z,,8906010500818,15GM*192 CRUNCHEM CREAM & ONION WAFERS,C003
4352,175,,30,30,0,false,2025-04-06T07:02:49.914Z,,8906010500481,15GM*192 CRUNCHEM TOMATO TWIST WAFERS,C004
4353,175,,30,30,0,false,2025-04-06T07:02:49.914Z,,8906010500474,15GM*192 CRUNCHEM CHAT CHASKA WAFERS,C005
4354,175,,30,30,0,false,2025-04-06T07:02:49.914Z,,8906010502492,15GM*192 CRUNCHEM PERI PERI WAFERS,C006
4355,175,,30,30,0,false,2025-04-06T07:02:49.914Z,,8906010502508,30GM*120 CRUNCHEM PERI PERI WAFERS,C014
4356,175,,48,48,0,false,2025-04-06T07:02:49.914Z,,8906010501228,22GM*120 SCOOPITOS MASALA,C027
4357,175,,20,20,0,false,2025-04-06T07:02:49.914Z,,8906010501419,22GM*144 POP RINGS YUMMY CHEESE,C030
4358,175,,24,24,0,false,2025-04-06T07:02:49.914Z,,8906010500900,22GM*120 WHEELOS MASALA,C032
4359,175,,24,24,0,false,2025-04-06T07:02:49.914Z,,8906010503444,22GM*144 FUNNE SPICY PUNCH,C033
4360,175,,48,48,0,false,2025-04-06T07:02:49.914Z,,8906010500764,25GM*240 C.P.NAMKIN {MASALA MASTI},C035
4361,175,,24,24,0,false,2025-04-06T07:02:49.914Z,,8906010500627,25GM*240 C.P.NAMKIN {TANGY TOMATO},C036
4362,175,,24,24,0,false,2025-04-06T07:02:49.914Z,,8906010502973,25GM*192 PAPDI GATHIYA,C039
4363,175,,40,40,0,false,2025-04-06T07:02:49.914Z,,0_7,22GM*120 GIPPI TORNADO FLAMIN CHILLI,C041
4364,175,,32,32,0,false,2025-04-06T07:02:49.914Z,,8906010502232,22GM*240 PUNJABI TADKA,C042
4365,175,,30,30,0,false,2025-04-06T07:02:49.914Z,,8906010500214,25GM*240 SEV MURMURA,C043
4366,175,,60,60,0,false,2025-04-06T07:02:49.914Z,,8906010500245,25GM*240 MASALA SEV MURMURA,C044
4367,175,,1,1,0,false,2025-04-06T07:02:49.914Z,,8906010502591,65GM*72 CRUNCHEM SIMPLY SALTED WAFERS,C047
4368,175,,5,5,0,false,2025-04-06T07:02:49.914Z,,8906010503482,135GM*24  CRUNCHEM  TOMATO TWIST WAFERS,C056
4369,175,,5,5,0,false,2025-04-06T07:02:49.914Z,,8906010503543,135GM*24 CRUNCHEM CHAT CHASKA WAFERS,C057
4370,175,,3,3,0,false,2025-04-06T07:02:49.914Z,,8906010503611,135GM*24 CRUNCHEX CHILI TADKA WAFERS,C059
4371,175,,1,1,0,false,2025-04-06T07:02:49.914Z,,8906010503772,50GM*120 PAPDI GATHIYA,C077
4372,175,,30,30,0,false,2025-04-06T07:02:49.914Z,,8906010501822,70GM*100 GIPPI MASALA NOODLES,C089
4373,175,,1,1,0,false,2025-04-06T07:02:49.914Z,,8906010502171,300GM*10 GATHIYA,C103
4374,175,,45,45,0,false,2025-04-06T07:02:49.914Z,,8906010500559,22GM*240 MAGDAL,C118
4375,175,,30,30,0,false,2025-04-06T07:02:49.914Z,,8906010500337,22GM*240 ALOO SEV,C121
4376,175,,5,5,0,false,2025-04-06T07:02:49.914Z,,8906010500306,25GM*240 RATLAMI SEV,C124
4377,175,,10,10,0,false,2025-04-06T07:02:49.914Z,,8906010500702,25GM*240 CHANADAL,C125
4378,175,,15,15,0,false,2025-04-06T07:02:49.914Z,,8906010500368,25GM*240 TIKHA MITHA MIX,C127
4379,175,,7,7,0,false,2025-04-06T07:02:49.914Z,,8906010500399,25GM*240 KHATA MITHA MIX,C128
4380,175,,5,5,0,false,2025-04-06T07:02:49.914Z,,8906010500436,50GM*144 GATHIYA,C138
4381,175,,12,12,0,false,2025-04-06T07:02:49.914Z,,8906010500078,22GM*240 FARALI CHEVDO,C149
4382,175,,10,10,0,false,2025-04-06T07:02:49.914Z,,8906010503826,30GM*120 RUMBLES HOT CHILI WAFERS,C153
4383,176,,45,30,0,false,2025-04-06T07:02:49.993Z,,8906010500023,15GM*192 CRUNCHEM SIMPLY SALTED WAFERS,C001
4384,176,,10,10,0,false,2025-04-06T07:02:49.993Z,,8906010500047,15GM*192 CRUNCHEM MASALA MASTI WAFERS,C002
4385,176,,30,30,0,false,2025-04-06T07:02:49.993Z,,8906010500818,15GM*192 CRUNCHEM CREAM & ONION WAFERS,C003
4386,176,,10,10,0,false,2025-04-06T07:02:49.993Z,,8906010500474,15GM*192 CRUNCHEM CHAT CHASKA WAFERS,C005
4387,176,,5,5,0,false,2025-04-06T07:02:49.993Z,,8906010500016,30GM*120 CRUNCHEM SIMPLY SALTED WAFERS,C007
4388,176,,1,1,0,false,2025-04-06T07:02:49.993Z,,8906010500030,30GM*120 CRUNCHEM MASALA MASTI WAFERS,C008
4389,176,,5,5,0,false,2025-04-06T07:02:49.993Z,,8906010500870,30GM*120 CRUNCHEM CREAM & ONION WAFERS,C009
4390,176,,3,3,0,false,2025-04-06T07:02:49.993Z,,8906010501198,30GM*120 CRUNCHEM PIZZY MASALA WAFERS,C010
4391,176,,3,3,0,false,2025-04-06T07:02:49.993Z,,8906010501952,30GM*120 RUMBLES PUDINA TWIST WAFERS,C011
4392,176,,1,1,0,false,2025-04-06T07:02:49.993Z,,8906010500498,30GM*120 CRUNCHEM TOMATO TWIST WAFERS,C012
4393,176,,15,15,0,false,2025-04-06T07:02:49.993Z,,8906010502294,22GM*192 AMAIZE FLAMIN' HOT NACHOS,C019
4394,176,,1,1,0,false,2025-04-06T07:02:49.993Z,,8906010502348,22GM*192 AMAIZE CHEESE CHILLI NACHOS,C020
4395,176,,24,24,0,false,2025-04-06T07:02:49.993Z,,8906010501228,22GM*120 SCOOPITOS MASALA,C027
4396,176,,10,10,0,false,2025-04-06T07:02:49.993Z,,8906010500269,22GM*144 POP RINGS MASALA,C029
4397,176,,78,72,0,false,2025-04-06T07:02:49.993Z,,8906010500900,22GM*120 WHEELOS MASALA,C032
4398,176,,12,12,0,false,2025-04-06T07:02:49.993Z,,8906010503444,22GM*144 FUNNE SPICY PUNCH,C033
4399,176,,48,48,0,false,2025-04-06T07:02:49.993Z,,8906010500764,25GM*240 C.P.NAMKIN {MASALA MASTI},C035
4400,176,,24,48,0,false,2025-04-06T07:02:49.993Z,,8906010500627,25GM*240 C.P.NAMKIN {TANGY TOMATO},C036
4401,176,,5,5,0,false,2025-04-06T07:02:49.993Z,,8906010500894,25GM*240 C.P.NAMKIN {CHINESE CHATKA},C037
4402,176,,24,24,0,false,2025-04-06T07:02:49.993Z,,8906010502119,25GM*240 C.P.NAMKIN {FLAMIN HOT},C038
4403,176,,4,4,0,false,2025-04-06T07:02:49.993Z,,8906010502973,25GM*192 PAPDI GATHIYA,C039
4404,176,,24,24,0,false,2025-04-06T07:02:49.993Z,,8906010503451,22GM*144 NOODLE STICKS MASALA,C040
4405,176,,10,10,0,false,2025-04-06T07:02:49.993Z,,0_7,22GM*120 GIPPI TORNADO FLAMIN CHILLI,C041
4406,176,,16,16,0,false,2025-04-06T07:02:49.993Z,,8906010502232,22GM*240 PUNJABI TADKA,C042
4407,176,,5,5,0,false,2025-04-06T07:02:49.993Z,,8906010500214,25GM*240 SEV MURMURA,C043
4408,176,,2,2,0,false,2025-04-06T07:02:49.993Z,,8906010500245,25GM*240 MASALA SEV MURMURA,C044
4409,176,,1,1,0,false,2025-04-06T07:02:49.993Z,,8906010503512,135GM*24 CRUNCHEM SIMPLY SALTED WAFERS,C052
4410,176,,3,3,0,false,2025-04-06T07:02:49.993Z,,8906010503550,135GM*24 CRUNCHEM CREAM & ONION WAFERS,C054
4411,176,,2,2,0,false,2025-04-06T07:02:49.993Z,,8906010503482,135GM*24  CRUNCHEM  TOMATO TWIST WAFERS,C056
4412,176,,2,2,0,false,2025-04-06T07:02:49.993Z,,8906010500382,240GM*20 TIKHA MITHA MIX,C094
4413,176,,1,1,0,false,2025-04-06T07:02:49.993Z,,8906010500566,500GM*10 TIKHA MITHA MIX,C104
4414,176,,20,20,0,false,2025-04-06T07:02:49.993Z,,8906010500559,22GM*240 MAGDAL,C118
4415,176,,2,2,0,false,2025-04-06T07:02:49.993Z,,8906010500276,22GM*288 SHING BHUJIA,C119
4416,176,,10,10,0,false,2025-04-06T07:02:49.993Z,,8906010500863,22GM*288 NIMBU CHATKA SHING BHUJIA,C120
4417,176,,2,2,0,false,2025-04-06T07:02:49.993Z,,8906010500337,22GM*240 ALOO SEV,C121
4418,176,,1,1,0,false,2025-04-06T07:02:49.993Z,,8906010500702,25GM*240 CHANADAL,C125
4419,176,,2,2,0,false,2025-04-06T07:02:49.993Z,,8906010503949,25GM*240 C.P NAMKIN (LASANIYA),C148
4420,176,,24,24,0,false,2025-04-06T07:02:49.993Z,,8906010500078,22GM*240 FARALI CHEVDO,C149
4421,177,,15,15,0,false,2025-04-06T07:02:50.070Z,,8906010500023,15GM*192 CRUNCHEM SIMPLY SALTED WAFERS,C001
4422,177,,30,30,0,false,2025-04-06T07:02:50.070Z,,8906010500481,15GM*192 CRUNCHEM TOMATO TWIST WAFERS,C004
4423,177,,10,10,0,false,2025-04-06T07:02:50.070Z,,8906010500474,15GM*192 CRUNCHEM CHAT CHASKA WAFERS,C005
4424,177,,10,10,0,false,2025-04-06T07:02:50.070Z,,8906010502492,15GM*192 CRUNCHEM PERI PERI WAFERS,C006
4425,177,,48,48,0,false,2025-04-06T07:02:50.070Z,,8906010501228,22GM*120 SCOOPITOS MASALA,C027
4426,177,,5,5,0,false,2025-04-06T07:02:50.070Z,,8906010500269,22GM*144 POP RINGS MASALA,C029
4427,177,,5,5,0,false,2025-04-06T07:02:50.070Z,,8906010504724,22GM*120 SNACK'EM PONGA PLAIN,C031
4428,177,,12,12,0,false,2025-04-06T07:02:50.070Z,,8906010503444,22GM*144 FUNNE SPICY PUNCH,C033
4429,177,,12,12,0,false,2025-04-06T07:02:50.070Z,,8906010500764,25GM*240 C.P.NAMKIN {MASALA MASTI},C035
4430,177,,24,24,0,false,2025-04-06T07:02:50.070Z,,8906010500627,25GM*240 C.P.NAMKIN {TANGY TOMATO},C036
4431,177,,12,12,0,false,2025-04-06T07:02:50.070Z,,8906010502119,25GM*240 C.P.NAMKIN {FLAMIN HOT},C038
4432,177,,24,24,0,false,2025-04-06T07:02:50.070Z,,8906010503451,22GM*144 NOODLE STICKS MASALA,C040
4433,177,,25,25,0,false,2025-04-06T07:02:50.070Z,,0_7,22GM*120 GIPPI TORNADO FLAMIN CHILLI,C041
4434,177,,10,10,0,false,2025-04-06T07:02:50.070Z,,8906010502232,22GM*240 PUNJABI TADKA,C042
4435,177,,5,5,0,false,2025-04-06T07:02:50.070Z,,8906010500214,25GM*240 SEV MURMURA,C043
4436,177,,10,10,0,false,2025-04-06T07:02:50.070Z,,8906010500245,25GM*240 MASALA SEV MURMURA,C044
4437,177,,1,1,0,false,2025-04-06T07:02:50.070Z,,8906010503987,SOFT IMLI CANDY ( 3.5GM*220*10 JAR ),C065
4438,177,,1,1,0,false,2025-04-06T07:02:50.070Z,,8906010503574,16GM*24PKT*12JAR RICH CHOCOLATE CREAM WAFERS,C066
4439,177,,1,1,0,false,2025-04-06T07:02:50.070Z,,8906010503666,16GM*24PKT*12JAR TANGY ORANGE CREAM WAFERS,C067
4440,177,,1,1,0,false,2025-04-06T07:02:50.070Z,,8906010503871,16GM*24PKT*12JAR YUMMY VANILLA CREAM WAFERS,C069
4441,177,,40,40,0,false,2025-04-06T07:02:50.070Z,,8906010501822,70GM*100 GIPPI MASALA NOODLES,C089
4442,177,,3,3,0,false,2025-04-06T07:02:50.070Z,,8906010500382,240GM*20 TIKHA MITHA MIX,C094
4443,177,,5,5,0,false,2025-04-06T07:02:50.070Z,,8906010500566,500GM*10 TIKHA MITHA MIX,C104
4444,177,,10,10,0,false,2025-04-06T07:02:50.070Z,,8906010500559,22GM*240 MAGDAL,C118
4445,177,,5,5,0,false,2025-04-06T07:02:50.070Z,,8906010500276,22GM*288 SHING BHUJIA,C119
4446,177,,10,10,0,false,2025-04-06T07:02:50.070Z,,8906010500337,22GM*240 ALOO SEV,C121
4447,177,,3,3,0,false,2025-04-06T07:02:50.070Z,,8906010503420,20GM*288 MASALA PEAS,C126
4448,177,,5,5,0,false,2025-04-06T07:02:50.070Z,,8906010500368,25GM*240 TIKHA MITHA MIX,C127
4449,177,,2,2,0,false,2025-04-06T07:02:50.070Z,,8906010504199,22GM*240 KATAK BATAK CHILLI LEMON,C154
4450,177,,5,5,0,false,2025-04-06T07:02:50.070Z,,8906010504205,22GM*120 SNACK'EM PONGA MASALA,C161
4451,177,,1,1,0,false,2025-04-06T07:02:50.070Z,,8906010504281,13GM*24PKT*12JAR OLEE CHOCO STIX,EOO1
4452,178,,120,120,0,false,2025-04-06T07:02:50.147Z,,8906010500023,15GM*192 CRUNCHEM SIMPLY SALTED WAFERS,C001
4453,178,,60,60,0,false,2025-04-06T07:02:50.147Z,,8906010500818,15GM*192 CRUNCHEM CREAM & ONION WAFERS,C003
4454,178,,90,90,0,false,2025-04-06T07:02:50.147Z,,8906010500481,15GM*192 CRUNCHEM TOMATO TWIST WAFERS,C004
4455,178,,30,30,0,false,2025-04-06T07:02:50.147Z,,8906010500474,15GM*192 CRUNCHEM CHAT CHASKA WAFERS,C005
4456,178,,5,5,0,false,2025-04-06T07:02:50.147Z,,8906010500016,30GM*120 CRUNCHEM SIMPLY SALTED WAFERS,C007
4457,178,,5,5,0,false,2025-04-06T07:02:50.147Z,,8906010500870,30GM*120 CRUNCHEM CREAM & ONION WAFERS,C009
4458,178,,5,5,0,false,2025-04-06T07:02:50.147Z,,8906010500498,30GM*120 CRUNCHEM TOMATO TWIST WAFERS,C012
4459,178,,2,2,0,false,2025-04-06T07:02:50.147Z,,8906010500092,30GM*120 CRUNCHEX SALTED WAFERS,C015
4460,178,,5,5,0,false,2025-04-06T07:02:50.147Z,,8906010501570,30GM*120 CRUNCHEX CHILI TADKA WAFERS,C016
4461,178,,192,192,0,false,2025-04-06T07:02:50.147Z,,8906010501228,22GM*120 SCOOPITOS MASALA,C027
4462,178,,120,120,0,false,2025-04-06T07:02:50.147Z,,8906010500900,22GM*120 WHEELOS MASALA,C032
4463,178,,5,5,0,false,2025-04-06T07:02:50.147Z,,8906010503512,135GM*24 CRUNCHEM SIMPLY SALTED WAFERS,C052
4464,178,,5,5,0,false,2025-04-06T07:02:50.147Z,,8906010503550,135GM*24 CRUNCHEM CREAM & ONION WAFERS,C054
4465,178,,1,1,0,false,2025-04-06T07:02:50.147Z,,8906010503109,135GM*24 RUMBLES PUDINA TWIST WAFERS,C055
4466,178,,5,5,0,false,2025-04-06T07:02:50.147Z,,8906010503482,135GM*24  CRUNCHEM  TOMATO TWIST WAFERS,C056
4467,178,,2,2,0,false,2025-04-06T07:02:50.147Z,,8906010503543,135GM*24 CRUNCHEM CHAT CHASKA WAFERS,C057
4468,178,,3,3,0,false,2025-04-06T07:02:50.147Z,,8906010503611,135GM*24 CRUNCHEX CHILI TADKA WAFERS,C059
4469,178,,1,1,0,false,2025-04-06T07:02:50.147Z,,8906010503772,50GM*120 PAPDI GATHIYA,C077
4470,178,,1,1,0,false,2025-04-06T07:02:50.147Z,,8906010501860,250GM*12 MASALA SEV MURMURA,C083
4471,178,,5,5,0,false,2025-04-06T07:02:50.147Z,,8906010500382,240GM*20 TIKHA MITHA MIX,C094
4472,178,,5,5,0,false,2025-04-06T07:02:50.147Z,,8906010500566,500GM*10 TIKHA MITHA MIX,C104
4473,178,,45,45,0,false,2025-04-06T07:02:50.147Z,,8906010500559,22GM*240 MAGDAL,C118
4474,178,,30,30,0,false,2025-04-06T07:02:50.147Z,,8906010500276,22GM*288 SHING BHUJIA,C119
4475,178,,60,60,0,false,2025-04-06T07:02:50.147Z,,8906010500863,22GM*288 NIMBU CHATKA SHING BHUJIA,C120
4476,178,,30,30,0,false,2025-04-06T07:02:50.147Z,,8906010500337,22GM*240 ALOO SEV,C121
4477,178,,2,2,0,false,2025-04-06T07:02:50.147Z,,8906010500429,25GM*240 GATHIYA,C123
4478,178,,2,2,0,false,2025-04-06T07:02:50.147Z,,8906010500702,25GM*240 CHANADAL,C125
4479,178,,5,5,0,false,2025-04-06T07:02:50.147Z,,8906010500368,25GM*240 TIKHA MITHA MIX,C127
4480,178,,1,1,0,false,2025-04-06T07:02:50.147Z,,8906010500221,45GM*144 MAGDAL,C134
4481,178,,12,12,0,false,2025-04-06T07:02:50.147Z,,8906010502683,40GM*30 SALTED PEANUTS,C144
4482,178,,10,10,0,false,2025-04-06T07:02:50.147Z,,8906010503949,25GM*240 C.P NAMKIN (LASANIYA),C148
4483,178,,24,24,0,false,2025-04-06T07:02:50.147Z,,8906010504359,22GM*120 SNACK'EM CHOKDI MASALA,C160
4484,178,,5,5,0,false,2025-04-06T07:02:50.147Z,,A2,ADVERTISEMENT MATERIAL BIG STAND,A002
4485,178,,6,6,0,false,2025-04-06T07:02:50.147Z,,8906010501327,22GM*240 YUMSTIX CHATPATA MASALA,C034
4486,173,,45,45,0,false,2025-04-06T07:02:50.223Z,,8906010502294,22GM*192 AMAIZE FLAMIN' HOT NACHOS,C019
4487,173,,1,1,0,false,2025-04-06T07:02:50.223Z,,8906010502348,22GM*192 AMAIZE CHEESE CHILLI NACHOS,C020
4488,173,,3,3,0,false,2025-04-06T07:02:50.223Z,,8906010504663,25GM*240 AMAIZE JALAPENO CORN CHIPS,C021
4489,173,,5,5,0,false,2025-04-06T07:02:50.223Z,,8906010500269,22GM*144 POP RINGS MASALA,C029
4490,173,,15,15,0,false,2025-04-06T07:02:50.223Z,,8906010501419,22GM*144 POP RINGS YUMMY CHEESE,C030
4491,173,,12,6,0,false,2025-04-06T07:02:50.223Z,,8906010504724,22GM*120 SNACK'EM PONGA PLAIN,C031
4492,173,,80,72,0,false,2025-04-06T07:02:50.223Z,,8906010500900,22GM*120 WHEELOS MASALA,C032
4493,173,,24,24,0,false,2025-04-06T07:02:50.223Z,,8906010503444,22GM*144 FUNNE SPICY PUNCH,C033
4494,173,,24,24,0,false,2025-04-06T07:02:50.223Z,,8906010500764,25GM*240 C.P.NAMKIN {MASALA MASTI},C035
4495,173,,48,48,0,false,2025-04-06T07:02:50.223Z,,8906010500627,25GM*240 C.P.NAMKIN {TANGY TOMATO},C036
4496,173,,10,10,0,false,2025-04-06T07:02:50.223Z,,8906010500894,25GM*240 C.P.NAMKIN {CHINESE CHATKA},C037
4497,173,,96,96,0,false,2025-04-06T07:02:50.223Z,,8906010502119,25GM*240 C.P.NAMKIN {FLAMIN HOT},C038
4498,173,,48,48,0,false,2025-04-06T07:02:50.223Z,,8906010502973,25GM*192 PAPDI GATHIYA,C039
4499,173,,96,96,0,false,2025-04-06T07:02:50.223Z,,8906010503451,22GM*144 NOODLE STICKS MASALA,C040
4512,173,,45,45,0,false,2025-04-06T07:02:50.383Z,,0_7,22GM*120 GIPPI TORNADO FLAMIN CHILLI,C041
4513,173,,64,64,0,false,2025-04-06T07:02:50.383Z,,8906010502232,22GM*240 PUNJABI TADKA,C042
4514,173,,30,30,0,false,2025-04-06T07:02:50.383Z,,8906010500214,25GM*240 SEV MURMURA,C043
4515,173,,90,90,0,false,2025-04-06T07:02:50.383Z,,8906010500245,25GM*240 MASALA SEV MURMURA,C044
4516,173,,30,30,0,false,2025-04-06T07:02:50.383Z,,8906010502041,22GM*240 BHEL MIX,C046
4517,173,,1,1,0,false,2025-04-06T07:02:50.383Z,,8906010503987,SOFT IMLI CANDY ( 3.5GM*220*10 JAR ),C065
4518,173,,1,1,0,false,2025-04-06T07:02:50.383Z,,8906010500177,25GM*180 BANANA MAST MASALA WAFERS,C074
4519,173,,2,2,0,false,2025-04-06T07:02:50.383Z,,8906010502133,25GM*240 CHANA JOR GARAM,C076
4520,173,,15,15,0,false,2025-04-06T07:02:50.383Z,,8906010501822,70GM*100 GIPPI MASALA NOODLES,C089
4521,173,,1,1,0,false,2025-04-06T07:02:50.383Z,,8906010503376,280GM*20 GIPPI MASALA NOODLES,C090
4522,173,,24,24,0,false,2025-04-06T07:02:50.383Z,,8906010500078,22GM*240 FARALI CHEVDO,C149
4523,173,,1,1,0,false,2025-04-06T07:02:50.383Z,,8906010504199,22GM*240 KATAK BATAK CHILLI LEMON,C154
4524,173,,5,5,0,false,2025-04-06T07:02:50.383Z,,8906010504298,70GM*100 GIPPI FLAMIN' CHILLI NOODLES,C187
4572,179,,60,60,0,false,2025-04-06T07:02:50.459Z,,8906010500023,15GM*192 CRUNCHEM SIMPLY SALTED WAFERS,C001
4573,179,,30,30,0,false,2025-04-06T07:02:50.459Z,,8906010500818,15GM*192 CRUNCHEM CREAM & ONION WAFERS,C003
4574,179,,60,60,0,false,2025-04-06T07:02:50.459Z,,8906010500481,15GM*192 CRUNCHEM TOMATO TWIST WAFERS,C004
4575,179,,30,30,0,false,2025-04-06T07:02:50.459Z,,8906010502492,15GM*192 CRUNCHEM PERI PERI WAFERS,C006
4576,179,,5,5,0,false,2025-04-06T07:02:50.459Z,,8906010500535,30GM*120 CRUNCHEM CHAT CHASKA WAFERS,C013
4547,191,,24,24,0,false,2025-04-06T07:02:50.457Z,,8906010502973,25GM*192 PAPDI GATHIYA,C039
4548,191,,32,32,0,false,2025-04-06T07:02:50.457Z,,8906010502232,22GM*240 PUNJABI TADKA,C042
4549,191,,30,30,0,false,2025-04-06T07:02:50.457Z,,8906010500214,25GM*240 SEV MURMURA,C043
4550,191,,30,30,0,false,2025-04-06T07:02:50.457Z,,8906010500245,25GM*240 MASALA SEV MURMURA,C044
4551,191,,15,15,0,false,2025-04-06T07:02:50.457Z,,8906010502041,22GM*240 BHEL MIX,C046
4552,191,,10,10,0,false,2025-04-06T07:02:50.457Z,,8906010500511,50GM*120 C.P.NAMKIN (MASALA MASTI),C060
4553,191,,6,6,0,false,2025-04-06T07:02:50.457Z,,8906010501242,45GM*72 WHEELOS MASALA,C070
4554,191,,2,2,0,false,2025-04-06T07:02:50.457Z,,8906010502133,25GM*240 CHANA JOR GARAM,C076
4555,191,,3,3,0,false,2025-04-06T07:02:50.457Z,,8906010502836,45GM*144 PUNJABI TADKA,C078
4556,191,,45,45,0,false,2025-04-06T07:02:50.457Z,,8906010500559,22GM*240 MAGDAL,C118
4557,191,,15,15,0,false,2025-04-06T07:02:50.457Z,,8906010500276,22GM*288 SHING BHUJIA,C119
4558,191,,15,15,0,false,2025-04-06T07:02:50.457Z,,8906010500863,22GM*288 NIMBU CHATKA SHING BHUJIA,C120
4559,191,,30,30,0,false,2025-04-06T07:02:50.457Z,,8906010500337,22GM*240 ALOO SEV,C121
4560,191,,16,16,0,false,2025-04-06T07:02:50.457Z,,8906010500429,25GM*240 GATHIYA,C123
4561,191,,10,10,0,false,2025-04-06T07:02:50.457Z,,8906010500306,25GM*240 RATLAMI SEV,C124
4562,191,,15,15,0,false,2025-04-06T07:02:50.457Z,,8906010500702,25GM*240 CHANADAL,C125
4563,191,,15,15,0,false,2025-04-06T07:02:50.457Z,,8906010500368,25GM*240 TIKHA MITHA MIX,C127
4564,191,,15,15,0,false,2025-04-06T07:02:50.457Z,,8906010500399,25GM*240 KHATA MITHA MIX,C128
4565,191,,15,15,0,false,2025-04-06T07:02:50.457Z,,8906010502263,25GM*240 NAVRATAN MIX,C132
4566,191,,2,2,0,false,2025-04-06T07:02:50.457Z,,8906010500221,45GM*144 MAGDAL,C134
4567,191,,2,2,0,false,2025-04-06T07:02:50.457Z,,8906010500344,45GM*180 ALOO SEV,C136
4568,191,,12,12,0,false,2025-04-06T07:02:50.457Z,,8906010502683,40GM*30 SALTED PEANUTS,C144
4569,191,,30,30,0,false,2025-04-06T07:02:50.457Z,,8906010503949,25GM*240 C.P NAMKIN (LASANIYA),C148
4570,191,,12,12,0,false,2025-04-06T07:02:50.457Z,,8906010500078,22GM*240 FARALI CHEVDO,C149
4571,191,,24,24,0,false,2025-04-06T07:02:50.457Z,,8906010504359,22GM*120 SNACK'EM CHOKDI MASALA,C160
4617,189,,30,30,0,false,2025-04-06T07:02:50.534Z,,8906010500023,15GM*192 CRUNCHEM SIMPLY SALTED WAFERS,C001
4618,189,,30,30,0,false,2025-04-06T07:02:50.534Z,,8906010500047,15GM*192 CRUNCHEM MASALA MASTI WAFERS,C002
4619,189,,60,60,0,false,2025-04-06T07:02:50.534Z,,8906010500818,15GM*192 CRUNCHEM CREAM & ONION WAFERS,C003
4620,189,,30,30,0,false,2025-04-06T07:02:50.534Z,,8906010500481,15GM*192 CRUNCHEM TOMATO TWIST WAFERS,C004
4621,189,,30,30,0,false,2025-04-06T07:02:50.534Z,,8906010500474,15GM*192 CRUNCHEM CHAT CHASKA WAFERS,C005
4622,189,,30,30,0,false,2025-04-06T07:02:50.534Z,,8906010502492,15GM*192 CRUNCHEM PERI PERI WAFERS,C006
4623,189,,5,5,0,false,2025-04-06T07:02:50.534Z,,8906010500016,30GM*120 CRUNCHEM SIMPLY SALTED WAFERS,C007
4624,189,,5,5,0,false,2025-04-06T07:02:50.534Z,,8906010500030,30GM*120 CRUNCHEM MASALA MASTI WAFERS,C008
4625,189,,5,5,0,false,2025-04-06T07:02:50.534Z,,8906010500870,30GM*120 CRUNCHEM CREAM & ONION WAFERS,C009
4626,189,,5,5,0,false,2025-04-06T07:02:50.534Z,,8906010500498,30GM*120 CRUNCHEM TOMATO TWIST WAFERS,C012
4627,189,,5,5,0,false,2025-04-06T07:02:50.534Z,,8906010500535,30GM*120 CRUNCHEM CHAT CHASKA WAFERS,C013
4628,189,,5,5,0,false,2025-04-06T07:02:50.534Z,,8906010502508,30GM*120 CRUNCHEM PERI PERI WAFERS,C014
4629,189,,10,10,0,false,2025-04-06T07:02:50.534Z,,8906010502294,22GM*192 AMAIZE FLAMIN' HOT NACHOS,C019
4630,189,,5,5,0,false,2025-04-06T07:02:50.534Z,,8906010502348,22GM*192 AMAIZE CHEESE CHILLI NACHOS,C020
4631,189,,48,48,0,false,2025-04-06T07:02:50.534Z,,8906010501228,22GM*120 SCOOPITOS MASALA,C027
4632,189,,10,10,0,false,2025-04-06T07:02:50.534Z,,8906010500269,22GM*144 POP RINGS MASALA,C029
4633,189,,15,15,0,false,2025-04-06T07:02:50.534Z,,8906010501419,22GM*144 POP RINGS YUMMY CHEESE,C030
4634,189,,72,48,0,false,2025-04-06T07:02:50.534Z,,8906010500900,22GM*120 WHEELOS MASALA,C032
4635,189,,24,24,0,false,2025-04-06T07:02:50.534Z,,8906010503444,22GM*144 FUNNE SPICY PUNCH,C033
4636,189,,48,48,0,false,2025-04-06T07:02:50.534Z,,8906010500764,25GM*240 C.P.NAMKIN {MASALA MASTI},C035
4637,189,,24,24,0,false,2025-04-06T07:02:50.534Z,,8906010500627,25GM*240 C.P.NAMKIN {TANGY TOMATO},C036
4638,189,,30,30,0,false,2025-04-06T07:02:50.534Z,,8906010500894,25GM*240 C.P.NAMKIN {CHINESE CHATKA},C037
4639,189,,24,24,0,false,2025-04-06T07:02:50.534Z,,8906010502119,25GM*240 C.P.NAMKIN {FLAMIN HOT},C038
4640,189,,12,12,0,false,2025-04-06T07:02:50.534Z,,8906010503451,22GM*144 NOODLE STICKS MASALA,C040
4641,189,,10,10,0,false,2025-04-06T07:02:50.534Z,,0_7,22GM*120 GIPPI TORNADO FLAMIN CHILLI,C041
4642,189,,16,16,0,false,2025-04-06T07:02:50.534Z,,8906010502232,22GM*240 PUNJABI TADKA,C042
4643,189,,15,15,0,false,2025-04-06T07:02:50.534Z,,8906010500214,25GM*240 SEV MURMURA,C043
4644,189,,15,15,0,false,2025-04-06T07:02:50.534Z,,8906010500245,25GM*240 MASALA SEV MURMURA,C044
4645,189,,5,5,0,false,2025-04-06T07:02:50.534Z,,8906010502041,22GM*240 BHEL MIX,C046
4646,189,,5,5,0,false,2025-04-06T07:02:50.534Z,,8906010503512,135GM*24 CRUNCHEM SIMPLY SALTED WAFERS,C052
4647,189,,5,5,0,false,2025-04-06T07:02:50.534Z,,8906010503550,135GM*24 CRUNCHEM CREAM & ONION WAFERS,C054
4648,189,,5,5,0,false,2025-04-06T07:02:50.534Z,,8906010503482,135GM*24  CRUNCHEM  TOMATO TWIST WAFERS,C056
4649,189,,8,8,0,false,2025-04-06T07:02:50.534Z,,8906010503543,135GM*24 CRUNCHEM CHAT CHASKA WAFERS,C057
4650,189,,5,5,0,false,2025-04-06T07:02:50.534Z,,8906010501822,70GM*100 GIPPI MASALA NOODLES,C089
4651,189,,1,1,0,false,2025-04-06T07:02:50.534Z,,8906010500238,250GM*20 MAGDAL,C096
4652,189,,45,45,0,false,2025-04-06T07:02:50.534Z,,8906010500559,22GM*240 MAGDAL,C118
4653,189,,5,5,0,false,2025-04-06T07:02:50.534Z,,8906010500276,22GM*288 SHING BHUJIA,C119
4654,189,,30,30,0,false,2025-04-06T07:02:50.534Z,,8906010500863,22GM*288 NIMBU CHATKA SHING BHUJIA,C120
4655,189,,5,5,0,false,2025-04-06T07:02:50.534Z,,8906010500429,25GM*240 GATHIYA,C123
4656,189,,5,5,0,false,2025-04-06T07:02:50.534Z,,8906010500368,25GM*240 TIKHA MITHA MIX,C127
4657,189,,1,1,0,false,2025-04-06T07:02:50.534Z,,8906010500221,45GM*144 MAGDAL,C134
4658,189,,15,15,0,false,2025-04-06T07:02:50.534Z,,8906010503949,25GM*240 C.P NAMKIN (LASANIYA),C148
4659,189,,3,3,0,false,2025-04-06T07:02:50.534Z,,8906010503826,30GM*120 RUMBLES HOT CHILI WAFERS,C153
4577,179,,5,5,0,false,2025-04-06T07:02:50.459Z,,8906010502508,30GM*120 CRUNCHEM PERI PERI WAFERS,C014
4578,179,,40,40,0,false,2025-04-06T07:02:50.459Z,,8906010502294,22GM*192 AMAIZE FLAMIN' HOT NACHOS,C019
4579,179,,24,24,0,false,2025-04-06T07:02:50.459Z,,8906010501228,22GM*120 SCOOPITOS MASALA,C027
4580,179,,5,5,0,false,2025-04-06T07:02:50.459Z,,8906010500269,22GM*144 POP RINGS MASALA,C029
4581,179,,10,10,0,false,2025-04-06T07:02:50.459Z,,8906010501419,22GM*144 POP RINGS YUMMY CHEESE,C030
4582,179,,48,48,0,false,2025-04-06T07:02:50.459Z,,8906010500900,22GM*120 WHEELOS MASALA,C032
4583,179,,48,48,0,false,2025-04-06T07:02:50.459Z,,8906010500764,25GM*240 C.P.NAMKIN {MASALA MASTI},C035
4584,179,,24,24,0,false,2025-04-06T07:02:50.459Z,,8906010500627,25GM*240 C.P.NAMKIN {TANGY TOMATO},C036
4585,179,,24,24,0,false,2025-04-06T07:02:50.459Z,,8906010503451,22GM*144 NOODLE STICKS MASALA,C040
4586,179,,40,40,0,false,2025-04-06T07:02:50.459Z,,0_7,22GM*120 GIPPI TORNADO FLAMIN CHILLI,C041
4587,179,,64,64,0,false,2025-04-06T07:02:50.459Z,,8906010502232,22GM*240 PUNJABI TADKA,C042
4588,179,,60,60,0,false,2025-04-06T07:02:50.459Z,,8906010500245,25GM*240 MASALA SEV MURMURA,C044
4589,179,,5,5,0,false,2025-04-06T07:02:50.459Z,,8906010502041,22GM*240 BHEL MIX,C046
4590,179,,5,5,0,false,2025-04-06T07:02:50.459Z,,8906010503529,135GM*24 CRUNCHEM MASALA MASTI WAFERS,C053
4591,179,,2,2,0,false,2025-04-06T07:02:50.459Z,,8906010503109,135GM*24 RUMBLES PUDINA TWIST WAFERS,C055
4592,179,,10,10,0,false,2025-04-06T07:02:50.459Z,,8906010503604,135GM*24 CRUNCHEX SALTED WAFERS,C058
4593,179,,3,3,0,false,2025-04-06T07:02:50.459Z,,8906010503611,135GM*24 CRUNCHEX CHILI TADKA WAFERS,C059
4594,179,,10,10,0,false,2025-04-06T07:02:50.459Z,,8906010500610,50GM*120 C.P.NAMKIN (TANGY TOMATO),C061
4595,179,,7,7,0,false,2025-04-06T07:02:50.459Z,,8906010503987,SOFT IMLI CANDY ( 3.5GM*220*10 JAR ),C065
4596,179,,1,1,0,false,2025-04-06T07:02:50.459Z,,8906010501853,250GM*12 SEV MURMURA,C082
4597,179,,1,1,0,false,2025-04-06T07:02:50.459Z,,8906010501860,250GM*12 MASALA SEV MURMURA,C083
4598,179,,1,1,0,false,2025-04-06T07:02:50.459Z,,8906010500320,235GM*20 FARALICHEVDO,C084
4599,179,,1,1,0,false,2025-04-06T07:02:50.459Z,,8906010500351,210GM*20 ALOO SEV,C088
4600,179,,1,1,0,false,2025-04-06T07:02:50.459Z,,8906010503697,240GM*20 KHATA MITHA MIX,C093
4601,179,,1,1,0,false,2025-04-06T07:02:50.459Z,,8906010500238,250GM*20 MAGDAL,C096
4602,179,,1,1,0,false,2025-04-06T07:02:50.459Z,,8906010502478,500GM*10 KHATA MITHA MIX,C105
4603,179,,45,45,0,false,2025-04-06T07:02:50.459Z,,8906010500559,22GM*240 MAGDAL,C118
4604,179,,30,30,0,false,2025-04-06T07:02:50.459Z,,8906010500863,22GM*288 NIMBU CHATKA SHING BHUJIA,C120
4605,179,,30,30,0,false,2025-04-06T07:02:50.459Z,,8906010500337,22GM*240 ALOO SEV,C121
4606,179,,15,15,0,false,2025-04-06T07:02:50.459Z,,8906010500702,25GM*240 CHANADAL,C125
4607,179,,10,10,0,false,2025-04-06T07:02:50.459Z,,8906010503420,20GM*288 MASALA PEAS,C126
4608,179,,1,1,0,false,2025-04-06T07:02:50.459Z,,8906010500221,45GM*144 MAGDAL,C134
4609,179,,1,1,0,false,2025-04-06T07:02:50.459Z,,8906010500344,45GM*180 ALOO SEV,C136
4610,179,,15,15,0,false,2025-04-06T07:02:50.459Z,,8906010503239,22GM*60 MASALA CHANA,C147
4611,179,,30,30,0,false,2025-04-06T07:02:50.459Z,,8906010503949,25GM*240 C.P NAMKIN (LASANIYA),C148
4612,179,,24,24,0,false,2025-04-06T07:02:50.459Z,,8906010500078,22GM*240 FARALI CHEVDO,C149
4613,179,,2,2,0,false,2025-04-06T07:02:50.459Z,,8906010500085,45GM*180 FARALI CHEVDO,C150
4614,179,,1,1,0,false,2025-04-06T07:02:50.459Z,,8906010504199,22GM*240 KATAK BATAK CHILLI LEMON,C154
4615,179,,24,24,0,false,2025-04-06T07:02:50.459Z,,8906010504359,22GM*120 SNACK'EM CHOKDI MASALA,C160
4616,179,,24,24,0,false,2025-04-06T07:02:50.459Z,,8906010504205,22GM*120 SNACK'EM PONGA MASALA,C161
4662,180,,30,30,0,false,2025-04-06T07:02:50.536Z,,8906010500047,15GM*192 CRUNCHEM MASALA MASTI WAFERS,C002
4663,180,,60,60,0,false,2025-04-06T07:02:50.536Z,,8906010500818,15GM*192 CRUNCHEM CREAM & ONION WAFERS,C003
4664,180,,30,30,0,false,2025-04-06T07:02:50.536Z,,8906010500481,15GM*192 CRUNCHEM TOMATO TWIST WAFERS,C004
4665,180,,30,30,0,false,2025-04-06T07:02:50.536Z,,8906010500474,15GM*192 CRUNCHEM CHAT CHASKA WAFERS,C005
4666,180,,30,30,0,false,2025-04-06T07:02:50.536Z,,8906010502492,15GM*192 CRUNCHEM PERI PERI WAFERS,C006
4667,180,,5,5,0,false,2025-04-06T07:02:50.536Z,,8906010500016,30GM*120 CRUNCHEM SIMPLY SALTED WAFERS,C007
4668,180,,5,5,0,false,2025-04-06T07:02:50.536Z,,8906010500030,30GM*120 CRUNCHEM MASALA MASTI WAFERS,C008
4669,180,,5,5,0,false,2025-04-06T07:02:50.536Z,,8906010500870,30GM*120 CRUNCHEM CREAM & ONION WAFERS,C009
4670,180,,30,30,0,false,2025-04-06T07:02:50.536Z,,8906010501198,30GM*120 CRUNCHEM PIZZY MASALA WAFERS,C010
4671,180,,15,15,0,false,2025-04-06T07:02:50.536Z,,8906010501952,30GM*120 RUMBLES PUDINA TWIST WAFERS,C011
4672,180,,5,5,0,false,2025-04-06T07:02:50.536Z,,8906010500498,30GM*120 CRUNCHEM TOMATO TWIST WAFERS,C012
4673,180,,5,5,0,false,2025-04-06T07:02:50.536Z,,8906010500535,30GM*120 CRUNCHEM CHAT CHASKA WAFERS,C013
4674,180,,5,5,0,false,2025-04-06T07:02:50.536Z,,8906010502508,30GM*120 CRUNCHEM PERI PERI WAFERS,C014
4675,180,,5,5,0,false,2025-04-06T07:02:50.536Z,,8906010500092,30GM*120 CRUNCHEX SALTED WAFERS,C015
4676,180,,90,90,0,false,2025-04-06T07:02:50.536Z,,8906010501570,30GM*120 CRUNCHEX CHILI TADKA WAFERS,C016
4677,180,,15,15,0,false,2025-04-06T07:02:50.536Z,,8906010502294,22GM*192 AMAIZE FLAMIN' HOT NACHOS,C019
4678,180,,30,48,0,false,2025-04-06T07:02:50.536Z,,8906010501228,22GM*120 SCOOPITOS MASALA,C027
4679,180,,10,10,0,false,2025-04-06T07:02:50.536Z,,8906010500269,22GM*144 POP RINGS MASALA,C029
4680,180,,10,10,0,false,2025-04-06T07:02:50.536Z,,8906010501419,22GM*144 POP RINGS YUMMY CHEESE,C030
4681,180,,24,24,0,false,2025-04-06T07:02:50.536Z,,8906010500627,25GM*240 C.P.NAMKIN {TANGY TOMATO},C036
4682,180,,30,30,0,false,2025-04-06T07:02:50.536Z,,8906010500894,25GM*240 C.P.NAMKIN {CHINESE CHATKA},C037
4683,180,,24,24,0,false,2025-04-06T07:02:50.536Z,,8906010502119,25GM*240 C.P.NAMKIN {FLAMIN HOT},C038
4684,180,,24,24,0,false,2025-04-06T07:02:50.536Z,,8906010502973,25GM*192 PAPDI GATHIYA,C039
4685,180,,24,24,0,false,2025-04-06T07:02:50.536Z,,8906010503451,22GM*144 NOODLE STICKS MASALA,C040
4686,180,,20,20,0,false,2025-04-06T07:02:50.536Z,,0_7,22GM*120 GIPPI TORNADO FLAMIN CHILLI,C041
4687,180,,10,10,0,false,2025-04-06T07:02:50.536Z,,8906010500214,25GM*240 SEV MURMURA,C043
4688,180,,10,10,0,false,2025-04-06T07:02:50.536Z,,8906010502041,22GM*240 BHEL MIX,C046
4689,180,,45,45,0,false,2025-04-06T07:02:50.536Z,,8906010501822,70GM*100 GIPPI MASALA NOODLES,C089
4660,189,,6,6,0,false,2025-04-06T07:02:50.534Z,,8906010504359,22GM*120 SNACK'EM CHOKDI MASALA,C160
4661,189,,5,5,0,false,2025-04-06T07:02:50.534Z,,8906010504298,70GM*100 GIPPI FLAMIN' CHILLI NOODLES,C187
4740,183,,60,60,0,false,2025-04-06T07:02:50.624Z,,8906010500023,15GM*192 CRUNCHEM SIMPLY SALTED WAFERS,C001
4741,183,,10,10,0,false,2025-04-06T07:02:50.624Z,,8906010500047,15GM*192 CRUNCHEM MASALA MASTI WAFERS,C002
4742,183,,30,30,0,false,2025-04-06T07:02:50.624Z,,8906010500818,15GM*192 CRUNCHEM CREAM & ONION WAFERS,C003
4743,183,,15,15,0,false,2025-04-06T07:02:50.624Z,,8906010500481,15GM*192 CRUNCHEM TOMATO TWIST WAFERS,C004
4744,183,,5,5,0,false,2025-04-06T07:02:50.624Z,,8906010500474,15GM*192 CRUNCHEM CHAT CHASKA WAFERS,C005
4745,183,,10,10,0,false,2025-04-06T07:02:50.624Z,,8906010502492,15GM*192 CRUNCHEM PERI PERI WAFERS,C006
4746,183,,5,5,0,false,2025-04-06T07:02:50.624Z,,8906010500016,30GM*120 CRUNCHEM SIMPLY SALTED WAFERS,C007
4747,183,,5,5,0,false,2025-04-06T07:02:50.624Z,,8906010500498,30GM*120 CRUNCHEM TOMATO TWIST WAFERS,C012
4748,183,,24,24,0,false,2025-04-06T07:02:50.624Z,,8906010501228,22GM*120 SCOOPITOS MASALA,C027
4749,183,,15,15,0,false,2025-04-06T07:02:50.624Z,,8906010500269,22GM*144 POP RINGS MASALA,C029
4750,183,,48,48,0,false,2025-04-06T07:02:50.624Z,,8906010500900,22GM*120 WHEELOS MASALA,C032
4751,183,,24,24,0,false,2025-04-06T07:02:50.624Z,,8906010503444,22GM*144 FUNNE SPICY PUNCH,C033
4752,183,,2,2,0,false,2025-04-06T07:02:50.624Z,,8906010501327,22GM*240 YUMSTIX CHATPATA MASALA,C034
4753,183,,24,24,0,false,2025-04-06T07:02:50.624Z,,8906010500764,25GM*240 C.P.NAMKIN {MASALA MASTI},C035
4754,183,,24,24,0,false,2025-04-06T07:02:50.624Z,,8906010500627,25GM*240 C.P.NAMKIN {TANGY TOMATO},C036
4755,183,,10,10,0,false,2025-04-06T07:02:50.624Z,,8906010500894,25GM*240 C.P.NAMKIN {CHINESE CHATKA},C037
4756,183,,24,24,0,false,2025-04-06T07:02:50.624Z,,8906010502119,25GM*240 C.P.NAMKIN {FLAMIN HOT},C038
4757,183,,6,6,0,false,2025-04-06T07:02:50.624Z,,8906010503451,22GM*144 NOODLE STICKS MASALA,C040
4758,183,,16,16,0,false,2025-04-06T07:02:50.624Z,,8906010502232,22GM*240 PUNJABI TADKA,C042
4759,183,,10,10,0,false,2025-04-06T07:02:50.624Z,,8906010500214,25GM*240 SEV MURMURA,C043
4760,183,,30,30,0,false,2025-04-06T07:02:50.624Z,,8906010500245,25GM*240 MASALA SEV MURMURA,C044
4761,183,,5,5,0,false,2025-04-06T07:02:50.624Z,,8906010502041,22GM*240 BHEL MIX,C046
4762,183,,3,3,0,false,2025-04-06T07:02:50.624Z,,8906010503512,135GM*24 CRUNCHEM SIMPLY SALTED WAFERS,C052
4763,183,,3,3,0,false,2025-04-06T07:02:50.624Z,,8906010503550,135GM*24 CRUNCHEM CREAM & ONION WAFERS,C054
4764,183,,3,3,0,false,2025-04-06T07:02:50.624Z,,8906010503482,135GM*24  CRUNCHEM  TOMATO TWIST WAFERS,C056
4765,183,,20,20,0,false,2025-04-06T07:02:50.624Z,,8906010500559,22GM*240 MAGDAL,C118
4766,183,,10,10,0,false,2025-04-06T07:02:50.624Z,,8906010500863,22GM*288 NIMBU CHATKA SHING BHUJIA,C120
4767,183,,5,5,0,false,2025-04-06T07:02:50.624Z,,8906010500337,22GM*240 ALOO SEV,C121
4768,183,,1,1,0,false,2025-04-06T07:02:50.624Z,,8906010500306,25GM*240 RATLAMI SEV,C124
4769,183,,5,5,0,false,2025-04-06T07:02:50.624Z,,8906010500702,25GM*240 CHANADAL,C125
4770,183,,2,2,0,false,2025-04-06T07:02:50.624Z,,8906010500399,25GM*240 KHATA MITHA MIX,C128
4771,183,,5,5,0,false,2025-04-06T07:02:50.624Z,,8906010503949,25GM*240 C.P NAMKIN (LASANIYA),C148
4772,182,,45,45,0,false,2025-04-06T07:02:50.699Z,,8906010500023,15GM*192 CRUNCHEM SIMPLY SALTED WAFERS,C001
4773,182,,10,10,0,false,2025-04-06T07:02:50.699Z,,8906010500047,15GM*192 CRUNCHEM MASALA MASTI WAFERS,C002
4774,182,,10,10,0,false,2025-04-06T07:02:50.699Z,,8906010500818,15GM*192 CRUNCHEM CREAM & ONION WAFERS,C003
4775,182,,10,10,0,false,2025-04-06T07:02:50.699Z,,8906010500481,15GM*192 CRUNCHEM TOMATO TWIST WAFERS,C004
4776,182,,10,10,0,false,2025-04-06T07:02:50.699Z,,8906010500474,15GM*192 CRUNCHEM CHAT CHASKA WAFERS,C005
4777,182,,5,5,0,false,2025-04-06T07:02:50.699Z,,8906010502492,15GM*192 CRUNCHEM PERI PERI WAFERS,C006
4778,182,,5,5,0,false,2025-04-06T07:02:50.699Z,,8906010500016,30GM*120 CRUNCHEM SIMPLY SALTED WAFERS,C007
4779,182,,5,5,0,false,2025-04-06T07:02:50.699Z,,8906010500870,30GM*120 CRUNCHEM CREAM & ONION WAFERS,C009
4780,182,,3,3,0,false,2025-04-06T07:02:50.699Z,,8906010501198,30GM*120 CRUNCHEM PIZZY MASALA WAFERS,C010
4781,182,,3,3,0,false,2025-04-06T07:02:50.699Z,,8906010501952,30GM*120 RUMBLES PUDINA TWIST WAFERS,C011
4782,182,,1,1,0,false,2025-04-06T07:02:50.699Z,,8906010502348,22GM*192 AMAIZE CHEESE CHILLI NACHOS,C020
4783,182,,24,24,0,false,2025-04-06T07:02:50.699Z,,8906010501228,22GM*120 SCOOPITOS MASALA,C027
4784,182,,3,3,0,false,2025-04-06T07:02:50.699Z,,8906010504724,22GM*120 SNACK'EM PONGA PLAIN,C031
4785,182,,48,48,0,false,2025-04-06T07:02:50.699Z,,8906010500900,22GM*120 WHEELOS MASALA,C032
4786,182,,5,5,0,false,2025-04-06T07:02:50.699Z,,8906010503444,22GM*144 FUNNE SPICY PUNCH,C033
4787,182,,6,6,0,false,2025-04-06T07:02:50.699Z,,8906010500764,25GM*240 C.P.NAMKIN {MASALA MASTI},C035
4788,182,,6,6,0,false,2025-04-06T07:02:50.699Z,,8906010500627,25GM*240 C.P.NAMKIN {TANGY TOMATO},C036
4789,182,,10,10,0,false,2025-04-06T07:02:50.699Z,,8906010500894,25GM*240 C.P.NAMKIN {CHINESE CHATKA},C037
4790,182,,24,24,0,false,2025-04-06T07:02:50.699Z,,8906010502119,25GM*240 C.P.NAMKIN {FLAMIN HOT},C038
4791,182,,4,4,0,false,2025-04-06T07:02:50.699Z,,8906010502973,25GM*192 PAPDI GATHIYA,C039
4792,182,,10,10,0,false,2025-04-06T07:02:50.699Z,,8906010503451,22GM*144 NOODLE STICKS MASALA,C040
4793,182,,10,10,0,false,2025-04-06T07:02:50.699Z,,0_7,22GM*120 GIPPI TORNADO FLAMIN CHILLI,C041
4794,182,,16,16,0,false,2025-04-06T07:02:50.699Z,,8906010502232,22GM*240 PUNJABI TADKA,C042
4795,182,,5,5,0,false,2025-04-06T07:02:50.699Z,,8906010500245,25GM*240 MASALA SEV MURMURA,C044
4796,182,,5,5,0,false,2025-04-06T07:02:50.699Z,,8906010502041,22GM*240 BHEL MIX,C046
4797,182,,5,5,0,false,2025-04-06T07:02:50.699Z,,8906010503512,135GM*24 CRUNCHEM SIMPLY SALTED WAFERS,C052
4798,182,,5,5,0,false,2025-04-06T07:02:50.699Z,,8906010503550,135GM*24 CRUNCHEM CREAM & ONION WAFERS,C054
4799,182,,1,1,0,false,2025-04-06T07:02:50.699Z,,8906010500511,50GM*120 C.P.NAMKIN (MASALA MASTI),C060
4800,182,,1,1,0,false,2025-04-06T07:02:50.699Z,,8906010503987,SOFT IMLI CANDY ( 3.5GM*220*10 JAR ),C065
4801,182,,1,1,0,false,2025-04-06T07:02:50.699Z,,8906010503574,16GM*24PKT*12JAR RICH CHOCOLATE CREAM WAFERS,C066
4802,182,,1,1,0,false,2025-04-06T07:02:50.699Z,,8906010503260,16GM*24PKT*12JAR JUICY STRAWBERRY CREAM WAFERS,C068
4803,182,,15,15,0,false,2025-04-06T07:02:50.699Z,,8906010501822,70GM*100 GIPPI MASALA NOODLES,C089
4690,180,,135,135,0,false,2025-04-06T07:02:50.536Z,,8906010500559,22GM*240 MAGDAL,C118
4691,180,,30,30,0,false,2025-04-06T07:02:50.536Z,,8906010500863,22GM*288 NIMBU CHATKA SHING BHUJIA,C120
4692,180,,30,30,0,false,2025-04-06T07:02:50.536Z,,8906010500337,22GM*240 ALOO SEV,C121
4693,180,,10,10,0,false,2025-04-06T07:02:50.536Z,,8906010500429,25GM*240 GATHIYA,C123
4694,180,,5,5,0,false,2025-04-06T07:02:50.536Z,,8906010500306,25GM*240 RATLAMI SEV,C124
4695,180,,20,20,0,false,2025-04-06T07:02:50.536Z,,8906010500702,25GM*240 CHANADAL,C125
4696,180,,5,5,0,false,2025-04-06T07:02:50.536Z,,8906010503420,20GM*288 MASALA PEAS,C126
4697,180,,30,30,0,false,2025-04-06T07:02:50.536Z,,8906010500368,25GM*240 TIKHA MITHA MIX,C127
4698,180,,24,24,0,false,2025-04-06T07:02:50.536Z,,8906010502683,40GM*30 SALTED PEANUTS,C144
4699,180,,12,12,0,false,2025-04-06T07:02:50.536Z,,8906010500078,22GM*240 FARALI CHEVDO,C149
4700,180,,5,5,0,false,2025-04-06T07:02:50.536Z,,8906010503826,30GM*120 RUMBLES HOT CHILI WAFERS,C153
4701,180,,15,15,0,false,2025-04-06T07:02:50.536Z,,8906010504298,70GM*100 GIPPI FLAMIN' CHILLI NOODLES,C187
4702,185,,30,30,0,false,2025-04-06T07:02:50.613Z,,8906010500047,15GM*192 CRUNCHEM MASALA MASTI WAFERS,C002
4703,185,,30,30,0,false,2025-04-06T07:02:50.613Z,,8906010500818,15GM*192 CRUNCHEM CREAM & ONION WAFERS,C003
4704,185,,30,30,0,false,2025-04-06T07:02:50.613Z,,8906010500481,15GM*192 CRUNCHEM TOMATO TWIST WAFERS,C004
4705,185,,30,30,0,false,2025-04-06T07:02:50.613Z,,8906010500474,15GM*192 CRUNCHEM CHAT CHASKA WAFERS,C005
4706,185,,60,60,0,false,2025-04-06T07:02:50.613Z,,8906010502492,15GM*192 CRUNCHEM PERI PERI WAFERS,C006
4707,185,,48,48,0,false,2025-04-06T07:02:50.613Z,,8906010501228,22GM*120 SCOOPITOS MASALA,C027
4708,185,,24,24,0,false,2025-04-06T07:02:50.613Z,,8906010500900,22GM*120 WHEELOS MASALA,C032
4709,185,,24,24,0,false,2025-04-06T07:02:50.613Z,,8906010500764,25GM*240 C.P.NAMKIN {MASALA MASTI},C035
4710,185,,24,24,0,false,2025-04-06T07:02:50.613Z,,8906010500627,25GM*240 C.P.NAMKIN {TANGY TOMATO},C036
4711,185,,30,30,0,false,2025-04-06T07:02:50.613Z,,8906010500894,25GM*240 C.P.NAMKIN {CHINESE CHATKA},C037
4712,185,,24,24,0,false,2025-04-06T07:02:50.613Z,,8906010502119,25GM*240 C.P.NAMKIN {FLAMIN HOT},C038
4713,185,,1,1,0,false,2025-04-06T07:02:50.613Z,,8906010502591,65GM*72 CRUNCHEM SIMPLY SALTED WAFERS,C047
4714,185,,1,1,0,false,2025-04-06T07:02:50.613Z,,8906010502607,65GM*72 CRUNCHEM MASALA MASTI WAFERS,C048
4715,185,,1,1,0,false,2025-04-06T07:02:50.613Z,,8906010503628,65GM*72 CRUNCHEM TOMATO TWIST WAFERS,C051
4716,185,,5,5,0,false,2025-04-06T07:02:50.613Z,,8906010503512,135GM*24 CRUNCHEM SIMPLY SALTED WAFERS,C052
4717,185,,5,5,0,false,2025-04-06T07:02:50.613Z,,8906010503529,135GM*24 CRUNCHEM MASALA MASTI WAFERS,C053
4718,185,,5,5,0,false,2025-04-06T07:02:50.613Z,,8906010503550,135GM*24 CRUNCHEM CREAM & ONION WAFERS,C054
4719,185,,8,8,0,false,2025-04-06T07:02:50.613Z,,8906010503109,135GM*24 RUMBLES PUDINA TWIST WAFERS,C055
4720,185,,5,5,0,false,2025-04-06T07:02:50.613Z,,8906010503482,135GM*24  CRUNCHEM  TOMATO TWIST WAFERS,C056
4721,185,,30,30,0,false,2025-04-06T07:02:50.613Z,,8906010500047,15GM*192 CRUNCHEM MASALA MASTI WAFERS,C002
4722,185,,30,30,0,false,2025-04-06T07:02:50.613Z,,8906010500818,15GM*192 CRUNCHEM CREAM & ONION WAFERS,C003
4723,185,,30,30,0,false,2025-04-06T07:02:50.613Z,,8906010500481,15GM*192 CRUNCHEM TOMATO TWIST WAFERS,C004
4724,185,,30,30,0,false,2025-04-06T07:02:50.613Z,,8906010500474,15GM*192 CRUNCHEM CHAT CHASKA WAFERS,C005
4725,185,,60,60,0,false,2025-04-06T07:02:50.613Z,,8906010502492,15GM*192 CRUNCHEM PERI PERI WAFERS,C006
4726,185,,48,48,0,false,2025-04-06T07:02:50.613Z,,8906010501228,22GM*120 SCOOPITOS MASALA,C027
4727,185,,24,24,0,false,2025-04-06T07:02:50.613Z,,8906010500900,22GM*120 WHEELOS MASALA,C032
4728,185,,24,24,0,false,2025-04-06T07:02:50.613Z,,8906010500764,25GM*240 C.P.NAMKIN {MASALA MASTI},C035
4729,185,,24,24,0,false,2025-04-06T07:02:50.613Z,,8906010500627,25GM*240 C.P.NAMKIN {TANGY TOMATO},C036
4730,185,,30,30,0,false,2025-04-06T07:02:50.613Z,,8906010500894,25GM*240 C.P.NAMKIN {CHINESE CHATKA},C037
4731,185,,24,24,0,false,2025-04-06T07:02:50.613Z,,8906010502119,25GM*240 C.P.NAMKIN {FLAMIN HOT},C038
4732,185,,1,1,0,false,2025-04-06T07:02:50.613Z,,8906010502591,65GM*72 CRUNCHEM SIMPLY SALTED WAFERS,C047
4733,185,,1,1,0,false,2025-04-06T07:02:50.613Z,,8906010502607,65GM*72 CRUNCHEM MASALA MASTI WAFERS,C048
4734,185,,1,1,0,false,2025-04-06T07:02:50.613Z,,8906010503628,65GM*72 CRUNCHEM TOMATO TWIST WAFERS,C051
4735,185,,5,5,0,false,2025-04-06T07:02:50.613Z,,8906010503512,135GM*24 CRUNCHEM SIMPLY SALTED WAFERS,C052
4736,185,,5,5,0,false,2025-04-06T07:02:50.613Z,,8906010503529,135GM*24 CRUNCHEM MASALA MASTI WAFERS,C053
4737,185,,5,5,0,false,2025-04-06T07:02:50.613Z,,8906010503550,135GM*24 CRUNCHEM CREAM & ONION WAFERS,C054
4738,185,,8,8,0,false,2025-04-06T07:02:50.613Z,,8906010503109,135GM*24 RUMBLES PUDINA TWIST WAFERS,C055
4739,185,,5,5,0,false,2025-04-06T07:02:50.613Z,,8906010503482,135GM*24  CRUNCHEM  TOMATO TWIST WAFERS,C056
4819,184,,10,10,0,false,2025-04-06T07:02:50.703Z,,8906010500047,15GM*192 CRUNCHEM MASALA MASTI WAFERS,C002
4820,184,,10,10,0,false,2025-04-06T07:02:50.703Z,,8906010500474,15GM*192 CRUNCHEM CHAT CHASKA WAFERS,C005
4821,184,,15,15,0,false,2025-04-06T07:02:50.703Z,,8906010502294,22GM*192 AMAIZE FLAMIN' HOT NACHOS,C019
4822,184,,5,5,0,false,2025-04-06T07:02:50.703Z,,8906010500269,22GM*144 POP RINGS MASALA,C029
4823,184,,5,5,0,false,2025-04-06T07:02:50.703Z,,8906010501419,22GM*144 POP RINGS YUMMY CHEESE,C030
4824,184,,6,6,0,false,2025-04-06T07:02:50.703Z,,8906010501327,22GM*240 YUMSTIX CHATPATA MASALA,C034
4825,184,,12,12,0,false,2025-04-06T07:02:50.703Z,,8906010500627,25GM*240 C.P.NAMKIN {TANGY TOMATO},C036
4826,184,,20,20,0,false,2025-04-06T07:02:50.703Z,,0_7,22GM*120 GIPPI TORNADO FLAMIN CHILLI,C041
4827,184,,32,32,0,false,2025-04-06T07:02:50.703Z,,8906010502232,22GM*240 PUNJABI TADKA,C042
4828,184,,15,15,0,false,2025-04-06T07:02:50.703Z,,8906010500214,25GM*240 SEV MURMURA,C043
4829,184,,10,10,0,false,2025-04-06T07:02:50.703Z,,8906010500245,25GM*240 MASALA SEV MURMURA,C044
4830,184,,10,10,0,false,2025-04-06T07:02:50.703Z,,8906010502041,22GM*240 BHEL MIX,C046
4831,184,,5,5,0,false,2025-04-06T07:02:50.703Z,,8906010503512,135GM*24 CRUNCHEM SIMPLY SALTED WAFERS,C052
4832,184,,5,5,0,false,2025-04-06T07:02:50.703Z,,8906010503529,135GM*24 CRUNCHEM MASALA MASTI WAFERS,C053
4833,184,,5,5,0,false,2025-04-06T07:02:50.703Z,,8906010503550,135GM*24 CRUNCHEM CREAM & ONION WAFERS,C054
4834,184,,5,5,0,false,2025-04-06T07:02:50.703Z,,8906010503482,135GM*24  CRUNCHEM  TOMATO TWIST WAFERS,C056
4804,182,,3,3,0,false,2025-04-06T07:02:50.699Z,,8906010500382,240GM*20 TIKHA MITHA MIX,C094
4805,182,,5,5,0,false,2025-04-06T07:02:50.699Z,,8906010500566,500GM*10 TIKHA MITHA MIX,C104
4806,182,,1,1,0,false,2025-04-06T07:02:50.699Z,,8906010504700,210GM*20 BHUJIA SEV,C110
4807,182,,20,20,0,false,2025-04-06T07:02:50.699Z,,8906010500559,22GM*240 MAGDAL,C118
4808,182,,5,5,0,false,2025-04-06T07:02:50.699Z,,8906010500276,22GM*288 SHING BHUJIA,C119
4809,182,,10,10,0,false,2025-04-06T07:02:50.699Z,,8906010500863,22GM*288 NIMBU CHATKA SHING BHUJIA,C120
4810,182,,10,10,0,false,2025-04-06T07:02:50.699Z,,8906010500337,22GM*240 ALOO SEV,C121
4811,182,,5,5,0,false,2025-04-06T07:02:50.699Z,,8906010500702,25GM*240 CHANADAL,C125
4812,182,,12,12,0,false,2025-04-06T07:02:50.699Z,,8906010502683,40GM*30 SALTED PEANUTS,C144
4813,182,,5,5,0,false,2025-04-06T07:02:50.699Z,,8906010503949,25GM*240 C.P NAMKIN (LASANIYA),C148
4814,182,,12,12,0,false,2025-04-06T07:02:50.699Z,,8906010500078,22GM*240 FARALI CHEVDO,C149
4815,182,,1,1,0,false,2025-04-06T07:02:50.699Z,,8906010504199,22GM*240 KATAK BATAK CHILLI LEMON,C154
4816,182,,2,2,0,false,2025-04-06T07:02:50.699Z,,8906010504250,22GM*240 KATAK BATAK DESI MASALA,C155
4817,182,,2,2,0,false,2025-04-06T07:02:50.699Z,,8906010504205,22GM*120 SNACK'EM PONGA MASALA,C161
4818,182,,2,2,0,false,2025-04-06T07:02:50.699Z,,8906010504298,70GM*100 GIPPI FLAMIN' CHILLI NOODLES,C187
4850,181,,60,60,0,false,2025-04-06T07:02:50.775Z,,8906010500023,15GM*192 CRUNCHEM SIMPLY SALTED WAFERS,C001
4851,181,,30,30,0,false,2025-04-06T07:02:50.775Z,,8906010500047,15GM*192 CRUNCHEM MASALA MASTI WAFERS,C002
4852,181,,60,60,0,false,2025-04-06T07:02:50.775Z,,8906010500818,15GM*192 CRUNCHEM CREAM & ONION WAFERS,C003
4853,181,,10,10,0,false,2025-04-06T07:02:50.775Z,,8906010500481,15GM*192 CRUNCHEM TOMATO TWIST WAFERS,C004
4854,181,,15,15,0,false,2025-04-06T07:02:50.775Z,,8906010502492,15GM*192 CRUNCHEM PERI PERI WAFERS,C006
4855,181,,10,10,0,false,2025-04-06T07:02:50.775Z,,8906010500016,30GM*120 CRUNCHEM SIMPLY SALTED WAFERS,C007
4856,181,,5,5,0,false,2025-04-06T07:02:50.775Z,,8906010500030,30GM*120 CRUNCHEM MASALA MASTI WAFERS,C008
4857,181,,3,3,0,false,2025-04-06T07:02:50.775Z,,8906010500870,30GM*120 CRUNCHEM CREAM & ONION WAFERS,C009
4858,181,,3,3,0,false,2025-04-06T07:02:50.775Z,,8906010501198,30GM*120 CRUNCHEM PIZZY MASALA WAFERS,C010
4859,181,,4,4,0,false,2025-04-06T07:02:50.775Z,,8906010501952,30GM*120 RUMBLES PUDINA TWIST WAFERS,C011
4860,181,,3,3,0,false,2025-04-06T07:02:50.775Z,,8906010500498,30GM*120 CRUNCHEM TOMATO TWIST WAFERS,C012
4861,181,,3,3,0,false,2025-04-06T07:02:50.775Z,,8906010500535,30GM*120 CRUNCHEM CHAT CHASKA WAFERS,C013
4862,181,,2,2,0,false,2025-04-06T07:02:50.775Z,,8906010500092,30GM*120 CRUNCHEX SALTED WAFERS,C015
4863,181,,3,3,0,false,2025-04-06T07:02:50.775Z,,8906010501570,30GM*120 CRUNCHEX CHILI TADKA WAFERS,C016
4864,181,,2,2,0,false,2025-04-06T07:02:50.775Z,,8906010502348,22GM*192 AMAIZE CHEESE CHILLI NACHOS,C020
4865,181,,1,1,0,false,2025-04-06T07:02:50.775Z,,8906010502300,45GM*120 AMAIZE FLAMIN' HOT NACHOS,C024
4866,181,,72,72,0,false,2025-04-06T07:02:50.775Z,,8906010501228,22GM*120 SCOOPITOS MASALA,C027
4867,181,,15,15,0,false,2025-04-06T07:02:50.775Z,,8906010501419,22GM*144 POP RINGS YUMMY CHEESE,C030
4868,181,,104,96,0,false,2025-04-06T07:02:50.775Z,,8906010500900,22GM*120 WHEELOS MASALA,C032
4869,181,,72,72,0,false,2025-04-06T07:02:50.775Z,,8906010500764,25GM*240 C.P.NAMKIN {MASALA MASTI},C035
4870,181,,24,24,0,false,2025-04-06T07:02:50.775Z,,8906010500627,25GM*240 C.P.NAMKIN {TANGY TOMATO},C036
4871,181,,10,10,0,false,2025-04-06T07:02:50.775Z,,8906010500894,25GM*240 C.P.NAMKIN {CHINESE CHATKA},C037
4872,181,,24,24,0,false,2025-04-06T07:02:50.775Z,,8906010502119,25GM*240 C.P.NAMKIN {FLAMIN HOT},C038
4873,181,,48,48,0,false,2025-04-06T07:02:50.775Z,,8906010503451,22GM*144 NOODLE STICKS MASALA,C040
4874,181,,35,35,0,false,2025-04-06T07:02:50.775Z,,0_7,22GM*120 GIPPI TORNADO FLAMIN CHILLI,C041
4875,181,,32,32,0,false,2025-04-06T07:02:50.775Z,,8906010502232,22GM*240 PUNJABI TADKA,C042
4876,181,,10,10,0,false,2025-04-06T07:02:50.775Z,,8906010500214,25GM*240 SEV MURMURA,C043
4877,181,,5,5,0,false,2025-04-06T07:02:50.775Z,,8906010500245,25GM*240 MASALA SEV MURMURA,C044
4878,181,,5,5,0,false,2025-04-06T07:02:50.775Z,,8906010502041,22GM*240 BHEL MIX,C046
4879,181,,10,10,0,false,2025-04-06T07:02:50.775Z,,8906010503512,135GM*24 CRUNCHEM SIMPLY SALTED WAFERS,C052
4880,181,,5,5,0,false,2025-04-06T07:02:50.775Z,,8906010503529,135GM*24 CRUNCHEM MASALA MASTI WAFERS,C053
4881,181,,10,10,0,false,2025-04-06T07:02:50.775Z,,8906010503550,135GM*24 CRUNCHEM CREAM & ONION WAFERS,C054
4882,181,,8,8,0,false,2025-04-06T07:02:50.775Z,,8906010503109,135GM*24 RUMBLES PUDINA TWIST WAFERS,C055
4883,181,,7,7,0,false,2025-04-06T07:02:50.775Z,,8906010503482,135GM*24  CRUNCHEM  TOMATO TWIST WAFERS,C056
4884,181,,5,5,0,false,2025-04-06T07:02:50.775Z,,8906010503543,135GM*24 CRUNCHEM CHAT CHASKA WAFERS,C057
4885,181,,5,5,0,false,2025-04-06T07:02:50.775Z,,8906010503604,135GM*24 CRUNCHEX SALTED WAFERS,C058
4886,181,,2,2,0,false,2025-04-06T07:02:50.775Z,,8906010503611,135GM*24 CRUNCHEX CHILI TADKA WAFERS,C059
4887,181,,1,1,0,false,2025-04-06T07:02:50.775Z,,8906010503574,16GM*24PKT*12JAR RICH CHOCOLATE CREAM WAFERS,C066
4888,181,,6,6,0,false,2025-04-06T07:02:50.775Z,,8906010501242,45GM*72 WHEELOS MASALA,C070
4889,181,,2,2,0,false,2025-04-06T07:02:50.775Z,,8906010502133,25GM*240 CHANA JOR GARAM,C076
4890,181,,2,2,0,false,2025-04-06T07:02:50.775Z,,8906010502836,45GM*144 PUNJABI TADKA,C078
4891,181,,10,10,0,false,2025-04-06T07:02:50.775Z,,8906010503697,240GM*20 KHATA MITHA MIX,C093
4892,181,,35,35,0,false,2025-04-06T07:02:50.775Z,,8906010500559,22GM*240 MAGDAL,C118
4893,181,,30,30,0,false,2025-04-06T07:02:50.775Z,,8906010500863,22GM*288 NIMBU CHATKA SHING BHUJIA,C120
4894,181,,5,5,0,false,2025-04-06T07:02:50.775Z,,8906010500429,25GM*240 GATHIYA,C123
4895,181,,2,2,0,false,2025-04-06T07:02:50.775Z,,8906010500368,25GM*240 TIKHA MITHA MIX,C127
4896,181,,2,2,0,false,2025-04-06T07:02:50.775Z,,8906010500399,25GM*240 KHATA MITHA MIX,C128
4897,181,,1,1,0,false,2025-04-06T07:02:50.775Z,,8906010502065,25GM*240 CLASSIC SEV,C129
4898,181,,2,2,0,false,2025-04-06T07:02:50.775Z,,8906010500221,45GM*144 MAGDAL,C134
4899,181,,3,3,0,false,2025-04-06T07:02:50.775Z,,8906010504199,22GM*240 KATAK BATAK CHILLI LEMON,C154
4900,181,,5,5,0,false,2025-04-06T07:02:50.775Z,,8906010504359,22GM*120 SNACK'EM CHOKDI MASALA,C160
4940,171,,81,60,0,false,2025-04-06T07:02:50.850Z,,8906010500023,15GM*192 CRUNCHEM SIMPLY SALTED WAFERS,C001
4835,184,,5,5,0,false,2025-04-06T07:02:50.703Z,,8906010503543,135GM*24 CRUNCHEM CHAT CHASKA WAFERS,C057
4836,184,,5,5,0,false,2025-04-06T07:02:50.703Z,,8906010503604,135GM*24 CRUNCHEX SALTED WAFERS,C058
4837,184,,3,3,0,false,2025-04-06T07:02:50.703Z,,8906010503611,135GM*24 CRUNCHEX CHILI TADKA WAFERS,C059
4838,184,,30,30,0,false,2025-04-06T07:02:50.703Z,,8906010501822,70GM*100 GIPPI MASALA NOODLES,C089
4839,184,,10,10,0,false,2025-04-06T07:02:50.703Z,,8906010500382,240GM*20 TIKHA MITHA MIX,C094
4840,184,,2,2,0,false,2025-04-06T07:02:50.703Z,,8906010500238,250GM*20 MAGDAL,C096
4841,184,,45,45,0,false,2025-04-06T07:02:50.703Z,,8906010500559,22GM*240 MAGDAL,C118
4842,184,,10,10,0,false,2025-04-06T07:02:50.703Z,,8906010500863,22GM*288 NIMBU CHATKA SHING BHUJIA,C120
4843,184,,2,2,0,false,2025-04-06T07:02:50.703Z,,8906010500306,25GM*240 RATLAMI SEV,C124
4844,184,,4,4,0,false,2025-04-06T07:02:50.703Z,,8906010500078,22GM*240 FARALI CHEVDO,C149
4845,184,,5,5,0,false,2025-04-06T07:02:50.703Z,,8906010504250,22GM*240 KATAK BATAK DESI MASALA,C155
4846,184,,20,20,0,false,2025-04-06T07:02:50.703Z,,8906010504298,70GM*100 GIPPI FLAMIN' CHILLI NOODLES,C187
4847,184,,2,2,0,false,2025-04-06T07:02:50.703Z,,8906010504281,13GM*24PKT*12JAR OLEE CHOCO STIX,EOO1
4848,184,,5,5,0,false,2025-04-06T07:02:50.703Z,,A2,ADVERTISEMENT MATERIAL BIG STAND,A002
4849,184,,6,6,0,false,2025-04-06T07:02:50.703Z,,8906010500900,22GM*120 WHEELOS MASALA,C032
4901,188,,15,15,0,false,2025-04-06T07:02:50.784Z,,8906010500023,15GM*192 CRUNCHEM SIMPLY SALTED WAFERS,C001
4902,188,,5,5,0,false,2025-04-06T07:02:50.784Z,,8906010500047,15GM*192 CRUNCHEM MASALA MASTI WAFERS,C002
4903,188,,15,15,0,false,2025-04-06T07:02:50.784Z,,8906010500474,15GM*192 CRUNCHEM CHAT CHASKA WAFERS,C005
4904,188,,5,5,0,false,2025-04-06T07:02:50.784Z,,8906010502492,15GM*192 CRUNCHEM PERI PERI WAFERS,C006
4905,188,,5,5,0,false,2025-04-06T07:02:50.784Z,,8906010501198,30GM*120 CRUNCHEM PIZZY MASALA WAFERS,C010
4906,188,,5,5,0,false,2025-04-06T07:02:50.784Z,,8906010501570,30GM*120 CRUNCHEX CHILI TADKA WAFERS,C016
4907,188,,5,5,0,false,2025-04-06T07:02:50.784Z,,8906010502294,22GM*192 AMAIZE FLAMIN' HOT NACHOS,C019
4908,188,,48,48,0,false,2025-04-06T07:02:50.784Z,,8906010501228,22GM*120 SCOOPITOS MASALA,C027
4909,188,,5,5,0,false,2025-04-06T07:02:50.784Z,,8906010500269,22GM*144 POP RINGS MASALA,C029
4910,188,,10,10,0,false,2025-04-06T07:02:50.784Z,,8906010501419,22GM*144 POP RINGS YUMMY CHEESE,C030
4911,188,,48,48,0,false,2025-04-06T07:02:50.784Z,,8906010500900,22GM*120 WHEELOS MASALA,C032
4912,188,,12,12,0,false,2025-04-06T07:02:50.784Z,,8906010503444,22GM*144 FUNNE SPICY PUNCH,C033
4913,188,,6,6,0,false,2025-04-06T07:02:50.784Z,,8906010501327,22GM*240 YUMSTIX CHATPATA MASALA,C034
4914,188,,24,24,0,false,2025-04-06T07:02:50.784Z,,8906010500764,25GM*240 C.P.NAMKIN {MASALA MASTI},C035
4915,188,,24,24,0,false,2025-04-06T07:02:50.784Z,,8906010500627,25GM*240 C.P.NAMKIN {TANGY TOMATO},C036
4916,188,,10,10,0,false,2025-04-06T07:02:50.784Z,,8906010500894,25GM*240 C.P.NAMKIN {CHINESE CHATKA},C037
4917,188,,24,24,0,false,2025-04-06T07:02:50.784Z,,8906010502119,25GM*240 C.P.NAMKIN {FLAMIN HOT},C038
4918,188,,24,24,0,false,2025-04-06T07:02:50.784Z,,8906010502973,25GM*192 PAPDI GATHIYA,C039
4919,188,,48,48,0,false,2025-04-06T07:02:50.784Z,,8906010503451,22GM*144 NOODLE STICKS MASALA,C040
4920,188,,20,20,0,false,2025-04-06T07:02:50.784Z,,0_7,22GM*120 GIPPI TORNADO FLAMIN CHILLI,C041
4921,188,,64,64,0,false,2025-04-06T07:02:50.784Z,,8906010502232,22GM*240 PUNJABI TADKA,C042
4922,188,,10,10,0,false,2025-04-06T07:02:50.784Z,,8906010500214,25GM*240 SEV MURMURA,C043
4923,188,,30,30,0,false,2025-04-06T07:02:50.784Z,,8906010500245,25GM*240 MASALA SEV MURMURA,C044
4924,188,,10,10,0,false,2025-04-06T07:02:50.784Z,,8906010502041,22GM*240 BHEL MIX,C046
4925,188,,3,3,0,false,2025-04-06T07:02:50.784Z,,8906010503512,135GM*24 CRUNCHEM SIMPLY SALTED WAFERS,C052
4926,188,,3,3,0,false,2025-04-06T07:02:50.784Z,,8906010504120,24GM*40PKT*6 DUMBAR PEANUT CHIKKI,C062
4927,188,,5,5,0,false,2025-04-06T07:02:50.784Z,,8906010501822,70GM*100 GIPPI MASALA NOODLES,C089
4928,188,,25,25,0,false,2025-04-06T07:02:50.784Z,,8906010500559,22GM*240 MAGDAL,C118
4929,188,,5,5,0,false,2025-04-06T07:02:50.784Z,,8906010500276,22GM*288 SHING BHUJIA,C119
4930,188,,15,15,0,false,2025-04-06T07:02:50.784Z,,8906010500863,22GM*288 NIMBU CHATKA SHING BHUJIA,C120
4931,188,,30,30,0,false,2025-04-06T07:02:50.784Z,,8906010500337,22GM*240 ALOO SEV,C121
4932,188,,2,2,0,false,2025-04-06T07:02:50.784Z,,8906010500702,25GM*240 CHANADAL,C125
4933,188,,2,2,0,false,2025-04-06T07:02:50.784Z,,8906010503420,20GM*288 MASALA PEAS,C126
4934,188,,3,3,0,false,2025-04-06T07:02:50.784Z,,8906010500368,25GM*240 TIKHA MITHA MIX,C127
4935,188,,10,10,0,false,2025-04-06T07:02:50.784Z,,8906010503949,25GM*240 C.P NAMKIN (LASANIYA),C148
4936,188,,6,6,0,false,2025-04-06T07:02:50.784Z,,8906010500078,22GM*240 FARALI CHEVDO,C149
4937,188,,24,24,0,false,2025-04-06T07:02:50.784Z,,8906010504359,22GM*120 SNACK'EM CHOKDI MASALA,C160
4938,188,,6,6,0,false,2025-04-06T07:02:50.784Z,,8906010504205,22GM*120 SNACK'EM PONGA MASALA,C161
4939,188,,5,5,0,false,2025-04-06T07:02:50.784Z,,8906010504298,70GM*100 GIPPI FLAMIN' CHILLI NOODLES,C187
4976,187,,30,30,0,false,2025-04-06T07:02:50.860Z,,8906010500023,15GM*192 CRUNCHEM SIMPLY SALTED WAFERS,C001
4977,187,,24,24,0,false,2025-04-06T07:02:50.860Z,,8906010500764,25GM*240 C.P.NAMKIN {MASALA MASTI},C035
4978,187,,24,24,0,false,2025-04-06T07:02:50.860Z,,8906010500627,25GM*240 C.P.NAMKIN {TANGY TOMATO},C036
4979,187,,24,24,0,false,2025-04-06T07:02:50.860Z,,8906010502973,25GM*192 PAPDI GATHIYA,C039
4980,187,,64,64,0,false,2025-04-06T07:02:50.860Z,,8906010502232,22GM*240 PUNJABI TADKA,C042
4981,187,,30,30,0,false,2025-04-06T07:02:50.860Z,,8906010500245,25GM*240 MASALA SEV MURMURA,C044
4982,187,,45,45,0,false,2025-04-06T07:02:50.860Z,,8906010500559,22GM*240 MAGDAL,C118
4983,187,,30,30,0,false,2025-04-06T07:02:50.860Z,,8906010500863,22GM*288 NIMBU CHATKA SHING BHUJIA,C120
4984,187,,7,7,0,false,2025-04-06T07:02:50.860Z,,8906010500900,22GM*120 WHEELOS MASALA,C032
5010,186,,30,30,0,false,2025-04-06T07:02:50.936Z,,8906010500023,15GM*192 CRUNCHEM SIMPLY SALTED WAFERS,C001
5011,186,,10,10,0,false,2025-04-06T07:02:50.936Z,,8906010500047,15GM*192 CRUNCHEM MASALA MASTI WAFERS,C002
5012,186,,30,30,0,false,2025-04-06T07:02:50.936Z,,8906010500818,15GM*192 CRUNCHEM CREAM & ONION WAFERS,C003
5013,186,,10,10,0,false,2025-04-06T07:02:50.936Z,,8906010500481,15GM*192 CRUNCHEM TOMATO TWIST WAFERS,C004
4941,171,,30,30,0,false,2025-04-06T07:02:50.850Z,,8906010500818,15GM*192 CRUNCHEM CREAM & ONION WAFERS,C003
4942,171,,30,30,0,false,2025-04-06T07:02:50.850Z,,8906010500481,15GM*192 CRUNCHEM TOMATO TWIST WAFERS,C004
4943,171,,10,10,0,false,2025-04-06T07:02:50.850Z,,8906010500474,15GM*192 CRUNCHEM CHAT CHASKA WAFERS,C005
4944,171,,10,10,0,false,2025-04-06T07:02:50.850Z,,8906010502492,15GM*192 CRUNCHEM PERI PERI WAFERS,C006
4945,171,,5,5,0,false,2025-04-06T07:02:50.850Z,,8906010500016,30GM*120 CRUNCHEM SIMPLY SALTED WAFERS,C007
4946,171,,5,5,0,false,2025-04-06T07:02:50.850Z,,8906010500870,30GM*120 CRUNCHEM CREAM & ONION WAFERS,C009
4947,171,,3,3,0,false,2025-04-06T07:02:50.850Z,,8906010501198,30GM*120 CRUNCHEM PIZZY MASALA WAFERS,C010
4948,171,,2,2,0,false,2025-04-06T07:02:50.850Z,,8906010500535,30GM*120 CRUNCHEM CHAT CHASKA WAFERS,C013
4949,171,,2,2,0,false,2025-04-06T07:02:50.850Z,,8906010502508,30GM*120 CRUNCHEM PERI PERI WAFERS,C014
4950,171,,20,20,0,false,2025-04-06T07:02:50.850Z,,8906010502294,22GM*192 AMAIZE FLAMIN' HOT NACHOS,C019
4951,171,,72,72,0,false,2025-04-06T07:02:50.850Z,,8906010501228,22GM*120 SCOOPITOS MASALA,C027
4952,171,,15,15,0,false,2025-04-06T07:02:50.850Z,,8906010500269,22GM*144 POP RINGS MASALA,C029
4953,171,,15,15,0,false,2025-04-06T07:02:50.850Z,,8906010501419,22GM*144 POP RINGS YUMMY CHEESE,C030
4954,171,,3,3,0,false,2025-04-06T07:02:50.850Z,,8906010504724,22GM*120 SNACK'EM PONGA PLAIN,C031
4955,171,,48,48,0,false,2025-04-06T07:02:50.850Z,,8906010500764,25GM*240 C.P.NAMKIN {MASALA MASTI},C035
4956,171,,24,24,0,false,2025-04-06T07:02:50.850Z,,8906010500627,25GM*240 C.P.NAMKIN {TANGY TOMATO},C036
4957,171,,5,5,0,false,2025-04-06T07:02:50.850Z,,8906010500894,25GM*240 C.P.NAMKIN {CHINESE CHATKA},C037
4958,171,,48,48,0,false,2025-04-06T07:02:50.850Z,,8906010502119,25GM*240 C.P.NAMKIN {FLAMIN HOT},C038
4959,171,,12,12,0,false,2025-04-06T07:02:50.850Z,,8906010502973,25GM*192 PAPDI GATHIYA,C039
4960,171,,72,72,0,false,2025-04-06T07:02:50.850Z,,8906010503451,22GM*144 NOODLE STICKS MASALA,C040
4961,171,,25,25,0,false,2025-04-06T07:02:50.850Z,,0_7,22GM*120 GIPPI TORNADO FLAMIN CHILLI,C041
4962,171,,96,96,0,false,2025-04-06T07:02:50.850Z,,8906010502232,22GM*240 PUNJABI TADKA,C042
4963,171,,5,5,0,false,2025-04-06T07:02:50.850Z,,8906010500214,25GM*240 SEV MURMURA,C043
4964,171,,5,5,0,false,2025-04-06T07:02:50.850Z,,8906010500245,25GM*240 MASALA SEV MURMURA,C044
4965,171,,5,5,0,false,2025-04-06T07:02:50.850Z,,8906010502041,22GM*240 BHEL MIX,C046
4966,171,,2,2,0,false,2025-04-06T07:02:50.850Z,,8906010502133,25GM*240 CHANA JOR GARAM,C076
4967,171,,45,45,0,false,2025-04-06T07:02:50.850Z,,8906010500559,22GM*240 MAGDAL,C118
4968,171,,60,60,0,false,2025-04-06T07:02:50.850Z,,8906010500863,22GM*288 NIMBU CHATKA SHING BHUJIA,C120
4969,171,,30,30,0,false,2025-04-06T07:02:50.850Z,,8906010500337,22GM*240 ALOO SEV,C121
4970,171,,5,5,0,false,2025-04-06T07:02:50.850Z,,8906010503949,25GM*240 C.P NAMKIN (LASANIYA),C148
4971,171,,48,48,0,false,2025-04-06T07:02:50.850Z,,8906010500078,22GM*240 FARALI CHEVDO,C149
4972,171,,2,2,0,false,2025-04-06T07:02:50.850Z,,8906010504199,22GM*240 KATAK BATAK CHILLI LEMON,C154
4973,171,,2,2,0,false,2025-04-06T07:02:50.850Z,,8906010504250,22GM*240 KATAK BATAK DESI MASALA,C155
4974,171,,5,5,0,false,2025-04-06T07:02:50.850Z,,8906010504205,22GM*120 SNACK'EM PONGA MASALA,C161
4975,171,,24,24,0,false,2025-04-06T07:02:50.850Z,,8906010500900,22GM*120 WHEELOS MASALA,C032
4985,194,,30,30,0,false,2025-04-06T07:02:50.925Z,,8906010500023,15GM*192 CRUNCHEM SIMPLY SALTED WAFERS,C001
4986,194,,15,15,0,false,2025-04-06T07:02:50.925Z,,8906010500818,15GM*192 CRUNCHEM CREAM & ONION WAFERS,C003
4987,194,,15,15,0,false,2025-04-06T07:02:50.925Z,,8906010500474,15GM*192 CRUNCHEM CHAT CHASKA WAFERS,C005
4988,194,,5,5,0,false,2025-04-06T07:02:50.925Z,,8906010500016,30GM*120 CRUNCHEM SIMPLY SALTED WAFERS,C007
4989,194,,5,5,0,false,2025-04-06T07:02:50.925Z,,8906010500535,30GM*120 CRUNCHEM CHAT CHASKA WAFERS,C013
4990,194,,5,5,0,false,2025-04-06T07:02:50.925Z,,8906010501570,30GM*120 CRUNCHEX CHILI TADKA WAFERS,C016
4991,194,,10,10,0,false,2025-04-06T07:02:50.925Z,,8906010502294,22GM*192 AMAIZE FLAMIN' HOT NACHOS,C019
4992,194,,10,10,0,false,2025-04-06T07:02:50.925Z,,8906010500269,22GM*144 POP RINGS MASALA,C029
4993,194,,24,24,0,false,2025-04-06T07:02:50.925Z,,8906010500764,25GM*240 C.P.NAMKIN {MASALA MASTI},C035
4994,194,,12,12,0,false,2025-04-06T07:02:50.925Z,,8906010500627,25GM*240 C.P.NAMKIN {TANGY TOMATO},C036
4995,194,,6,6,0,false,2025-04-06T07:02:50.925Z,,8906010502973,25GM*192 PAPDI GATHIYA,C039
4996,194,,5,5,0,false,2025-04-06T07:02:50.925Z,,0_7,22GM*120 GIPPI TORNADO FLAMIN CHILLI,C041
4997,194,,16,16,0,false,2025-04-06T07:02:50.925Z,,8906010502232,22GM*240 PUNJABI TADKA,C042
4998,194,,10,10,0,false,2025-04-06T07:02:50.925Z,,8906010500214,25GM*240 SEV MURMURA,C043
4999,194,,10,10,0,false,2025-04-06T07:02:50.925Z,,8906010500245,25GM*240 MASALA SEV MURMURA,C044
5000,194,,20,20,0,false,2025-04-06T07:02:50.925Z,,8906010500559,22GM*240 MAGDAL,C118
5001,194,,5,5,0,false,2025-04-06T07:02:50.925Z,,8906010500276,22GM*288 SHING BHUJIA,C119
5002,194,,10,10,0,false,2025-04-06T07:02:50.925Z,,8906010500337,22GM*240 ALOO SEV,C121
5003,194,,2,2,0,false,2025-04-06T07:02:50.925Z,,8906010500429,25GM*240 GATHIYA,C123
5004,194,,2,2,0,false,2025-04-06T07:02:50.925Z,,8906010500306,25GM*240 RATLAMI SEV,C124
5005,194,,2,2,0,false,2025-04-06T07:02:50.925Z,,8906010500702,25GM*240 CHANADAL,C125
5006,194,,5,5,0,false,2025-04-06T07:02:50.925Z,,8906010500368,25GM*240 TIKHA MITHA MIX,C127
5007,194,,1,1,0,false,2025-04-06T07:02:50.925Z,,8906010500221,45GM*144 MAGDAL,C134
5008,194,,1,1,0,false,2025-04-06T07:02:50.925Z,,8906010500344,45GM*180 ALOO SEV,C136
5009,194,,12,12,0,false,2025-04-06T07:02:50.925Z,,8906010502683,40GM*30 SALTED PEANUTS,C144
5048,198,,60,60,0,false,2025-04-06T07:02:51.002Z,,8906010500023,15GM*192 CRUNCHEM SIMPLY SALTED WAFERS,C001
5049,198,,60,60,0,false,2025-04-06T07:02:51.002Z,,8906010500818,15GM*192 CRUNCHEM CREAM & ONION WAFERS,C003
5050,198,,30,30,0,false,2025-04-06T07:02:51.002Z,,8906010500481,15GM*192 CRUNCHEM TOMATO TWIST WAFERS,C004
5051,198,,30,30,0,false,2025-04-06T07:02:51.002Z,,8906010502492,15GM*192 CRUNCHEM PERI PERI WAFERS,C006
5052,198,,15,15,0,false,2025-04-06T07:02:51.002Z,,8906010502355,45GM*120 AMAIZE CHEESE CHILLI NACHOS,C025
5053,198,,48,48,0,false,2025-04-06T07:02:51.002Z,,8906010501228,22GM*120 SCOOPITOS MASALA,C027
5054,198,,15,15,0,false,2025-04-06T07:02:51.002Z,,8906010500269,22GM*144 POP RINGS MASALA,C029
5014,186,,10,10,0,false,2025-04-06T07:02:50.936Z,,8906010500474,15GM*192 CRUNCHEM CHAT CHASKA WAFERS,C005
5015,186,,10,10,0,false,2025-04-06T07:02:50.936Z,,8906010502492,15GM*192 CRUNCHEM PERI PERI WAFERS,C006
5016,186,,5,5,0,false,2025-04-06T07:02:50.936Z,,8906010500016,30GM*120 CRUNCHEM SIMPLY SALTED WAFERS,C007
5017,186,,5,5,0,false,2025-04-06T07:02:50.936Z,,8906010500030,30GM*120 CRUNCHEM MASALA MASTI WAFERS,C008
5018,186,,3,3,0,false,2025-04-06T07:02:50.936Z,,8906010501570,30GM*120 CRUNCHEX CHILI TADKA WAFERS,C016
5019,186,,50,50,0,false,2025-04-06T07:02:50.936Z,,8906010502294,22GM*192 AMAIZE FLAMIN' HOT NACHOS,C019
5020,186,,4,4,0,false,2025-04-06T07:02:50.936Z,,8906010502300,45GM*120 AMAIZE FLAMIN' HOT NACHOS,C024
5021,186,,48,48,0,false,2025-04-06T07:02:50.936Z,,8906010501228,22GM*120 SCOOPITOS MASALA,C027
5022,186,,96,96,0,false,2025-04-06T07:02:50.936Z,,8906010500900,22GM*120 WHEELOS MASALA,C032
5023,186,,72,72,0,false,2025-04-06T07:02:50.936Z,,8906010500764,25GM*240 C.P.NAMKIN {MASALA MASTI},C035
5024,186,,24,24,0,false,2025-04-06T07:02:50.936Z,,8906010500627,25GM*240 C.P.NAMKIN {TANGY TOMATO},C036
5025,186,,5,5,0,false,2025-04-06T07:02:50.936Z,,8906010500894,25GM*240 C.P.NAMKIN {CHINESE CHATKA},C037
5026,186,,72,72,0,false,2025-04-06T07:02:50.936Z,,8906010502119,25GM*240 C.P.NAMKIN {FLAMIN HOT},C038
5027,186,,24,24,0,false,2025-04-06T07:02:50.936Z,,8906010502973,25GM*192 PAPDI GATHIYA,C039
5028,186,,12,12,0,false,2025-04-06T07:02:50.936Z,,8906010503451,22GM*144 NOODLE STICKS MASALA,C040
5029,186,,25,25,0,false,2025-04-06T07:02:50.936Z,,0_7,22GM*120 GIPPI TORNADO FLAMIN CHILLI,C041
5030,186,,120,120,0,false,2025-04-06T07:02:50.936Z,,8906010502232,22GM*240 PUNJABI TADKA,C042
5031,186,,10,10,0,false,2025-04-06T07:02:50.936Z,,8906010500214,25GM*240 SEV MURMURA,C043
5032,186,,5,5,0,false,2025-04-06T07:02:50.936Z,,8906010500245,25GM*240 MASALA SEV MURMURA,C044
5033,186,,3,3,0,false,2025-04-06T07:02:50.936Z,,8906010503512,135GM*24 CRUNCHEM SIMPLY SALTED WAFERS,C052
5034,186,,3,3,0,false,2025-04-06T07:02:50.936Z,,8906010500511,50GM*120 C.P.NAMKIN (MASALA MASTI),C060
5035,186,,4,4,0,false,2025-04-06T07:02:50.936Z,,8906010501242,45GM*72 WHEELOS MASALA,C070
5036,186,,10,10,0,false,2025-04-06T07:02:50.936Z,,8906010502133,25GM*240 CHANA JOR GARAM,C076
5037,186,,5,5,0,false,2025-04-06T07:02:50.936Z,,8906010501822,70GM*100 GIPPI MASALA NOODLES,C089
5038,186,,15,15,0,false,2025-04-06T07:02:50.936Z,,8906010500559,22GM*240 MAGDAL,C118
5039,186,,60,60,0,false,2025-04-06T07:02:50.936Z,,8906010500863,22GM*288 NIMBU CHATKA SHING BHUJIA,C120
5040,186,,15,15,0,false,2025-04-06T07:02:50.936Z,,8906010500337,22GM*240 ALOO SEV,C121
5041,186,,4,4,0,false,2025-04-06T07:02:50.936Z,,8906010500429,25GM*240 GATHIYA,C123
5042,186,,1,1,0,false,2025-04-06T07:02:50.936Z,,8906010500306,25GM*240 RATLAMI SEV,C124
5043,186,,5,5,0,false,2025-04-06T07:02:50.936Z,,8906010500702,25GM*240 CHANADAL,C125
5044,186,,5,5,0,false,2025-04-06T07:02:50.936Z,,8906010503949,25GM*240 C.P NAMKIN (LASANIYA),C148
5045,186,,24,24,0,false,2025-04-06T07:02:50.936Z,,8906010500078,22GM*240 FARALI CHEVDO,C149
5046,186,,2,2,0,false,2025-04-06T07:02:50.936Z,,8906010504199,22GM*240 KATAK BATAK CHILLI LEMON,C154
5047,186,,2,2,0,false,2025-04-06T07:02:50.936Z,,8906010504281,13GM*24PKT*12JAR OLEE CHOCO STIX,EOO1
5080,193,,24,24,0,false,2025-04-06T07:02:51.012Z,,8906010500764,25GM*240 C.P.NAMKIN {MASALA MASTI},C035
5081,193,,24,24,0,false,2025-04-06T07:02:51.012Z,,8906010500627,25GM*240 C.P.NAMKIN {TANGY TOMATO},C036
5082,193,,30,30,0,false,2025-04-06T07:02:51.012Z,,8906010500214,25GM*240 SEV MURMURA,C043
5083,193,,30,30,0,false,2025-04-06T07:02:51.012Z,,8906010500245,25GM*240 MASALA SEV MURMURA,C044
5084,193,,5,5,0,false,2025-04-06T07:02:51.012Z,,8906010502041,22GM*240 BHEL MIX,C046
5085,193,,5,5,0,false,2025-04-06T07:02:51.012Z,,A2,ADVERTISEMENT MATERIAL BIG STAND,A002
5086,193,,11,11,0,false,2025-04-06T07:02:51.012Z,,8906010500900,22GM*120 WHEELOS MASALA,C032
5139,190,,30,30,0,false,2025-04-06T07:02:51.088Z,,8906010500023,15GM*192 CRUNCHEM SIMPLY SALTED WAFERS,C001
5140,190,,5,5,0,false,2025-04-06T07:02:51.088Z,,8906010500047,15GM*192 CRUNCHEM MASALA MASTI WAFERS,C002
5141,190,,30,30,0,false,2025-04-06T07:02:51.088Z,,8906010500818,15GM*192 CRUNCHEM CREAM & ONION WAFERS,C003
5142,190,,30,30,0,false,2025-04-06T07:02:51.088Z,,8906010500481,15GM*192 CRUNCHEM TOMATO TWIST WAFERS,C004
5143,190,,5,5,0,false,2025-04-06T07:02:51.088Z,,8906010500474,15GM*192 CRUNCHEM CHAT CHASKA WAFERS,C005
5144,190,,5,5,0,false,2025-04-06T07:02:51.088Z,,8906010502492,15GM*192 CRUNCHEM PERI PERI WAFERS,C006
5145,190,,5,5,0,false,2025-04-06T07:02:51.088Z,,8906010500870,30GM*120 CRUNCHEM CREAM & ONION WAFERS,C009
5146,190,,5,5,0,false,2025-04-06T07:02:51.088Z,,8906010500498,30GM*120 CRUNCHEM TOMATO TWIST WAFERS,C012
5147,190,,10,10,0,false,2025-04-06T07:02:51.088Z,,8906010502294,22GM*192 AMAIZE FLAMIN' HOT NACHOS,C019
5148,190,,1,1,0,false,2025-04-06T07:02:51.088Z,,8906010502348,22GM*192 AMAIZE CHEESE CHILLI NACHOS,C020
5149,190,,48,48,0,false,2025-04-06T07:02:51.088Z,,8906010501228,22GM*120 SCOOPITOS MASALA,C027
5150,190,,5,5,0,false,2025-04-06T07:02:51.088Z,,8906010501419,22GM*144 POP RINGS YUMMY CHEESE,C030
5151,190,,1,1,0,false,2025-04-06T07:02:51.088Z,,8906010504724,22GM*120 SNACK'EM PONGA PLAIN,C031
5152,190,,24,24,0,false,2025-04-06T07:02:51.088Z,,8906010500900,22GM*120 WHEELOS MASALA,C032
5153,190,,6,6,0,false,2025-04-06T07:02:51.088Z,,8906010503444,22GM*144 FUNNE SPICY PUNCH,C033
5154,190,,48,48,0,false,2025-04-06T07:02:51.088Z,,8906010500764,25GM*240 C.P.NAMKIN {MASALA MASTI},C035
5155,190,,24,24,0,false,2025-04-06T07:02:51.088Z,,8906010500627,25GM*240 C.P.NAMKIN {TANGY TOMATO},C036
5156,190,,10,10,0,false,2025-04-06T07:02:51.088Z,,8906010500894,25GM*240 C.P.NAMKIN {CHINESE CHATKA},C037
5157,190,,24,24,0,false,2025-04-06T07:02:51.088Z,,8906010502119,25GM*240 C.P.NAMKIN {FLAMIN HOT},C038
5158,190,,12,12,0,false,2025-04-06T07:02:51.088Z,,8906010502973,25GM*192 PAPDI GATHIYA,C039
5159,190,,48,48,0,false,2025-04-06T07:02:51.088Z,,8906010503451,22GM*144 NOODLE STICKS MASALA,C040
5160,190,,30,30,0,false,2025-04-06T07:02:51.088Z,,0_7,22GM*120 GIPPI TORNADO FLAMIN CHILLI,C041
5161,190,,32,32,0,false,2025-04-06T07:02:51.088Z,,8906010502232,22GM*240 PUNJABI TADKA,C042
5162,190,,15,15,0,false,2025-04-06T07:02:51.088Z,,8906010500214,25GM*240 SEV MURMURA,C043
5163,190,,30,30,0,false,2025-04-06T07:02:51.088Z,,8906010500245,25GM*240 MASALA SEV MURMURA,C044
5164,190,,5,5,0,false,2025-04-06T07:02:51.088Z,,8906010502041,22GM*240 BHEL MIX,C046
5055,198,,30,30,0,false,2025-04-06T07:02:51.002Z,,8906010501419,22GM*144 POP RINGS YUMMY CHEESE,C030
5056,198,,72,48,0,false,2025-04-06T07:02:51.002Z,,8906010500900,22GM*120 WHEELOS MASALA,C032
5057,198,,24,24,0,false,2025-04-06T07:02:51.002Z,,8906010503444,22GM*144 FUNNE SPICY PUNCH,C033
5058,198,,24,24,0,false,2025-04-06T07:02:51.002Z,,8906010500764,25GM*240 C.P.NAMKIN {MASALA MASTI},C035
5059,198,,24,24,0,false,2025-04-06T07:02:51.002Z,,8906010500627,25GM*240 C.P.NAMKIN {TANGY TOMATO},C036
5060,198,,24,24,0,false,2025-04-06T07:02:51.002Z,,8906010502973,25GM*192 PAPDI GATHIYA,C039
5061,198,,24,24,0,false,2025-04-06T07:02:51.002Z,,8906010503451,22GM*144 NOODLE STICKS MASALA,C040
5062,198,,10,10,0,false,2025-04-06T07:02:51.002Z,,0_7,22GM*120 GIPPI TORNADO FLAMIN CHILLI,C041
5063,198,,45,45,0,false,2025-04-06T07:02:51.002Z,,8906010500214,25GM*240 SEV MURMURA,C043
5064,198,,15,15,0,false,2025-04-06T07:02:51.002Z,,8906010502041,22GM*240 BHEL MIX,C046
5065,198,,30,30,0,false,2025-04-06T07:02:51.002Z,,8906010503529,135GM*24 CRUNCHEM MASALA MASTI WAFERS,C053
5066,198,,24,24,0,false,2025-04-06T07:02:51.002Z,,8906010501242,45GM*72 WHEELOS MASALA,C070
5067,198,,10,10,0,false,2025-04-06T07:02:51.002Z,,8906010500542,50GM*120 SEV MURMURA,C080
5068,198,,45,45,0,false,2025-04-06T07:02:51.002Z,,8906010501822,70GM*100 GIPPI MASALA NOODLES,C089
5069,198,,45,45,0,false,2025-04-06T07:02:51.002Z,,8906010500559,22GM*240 MAGDAL,C118
5070,198,,30,30,0,false,2025-04-06T07:02:51.002Z,,8906010500276,22GM*288 SHING BHUJIA,C119
5071,198,,5,5,0,false,2025-04-06T07:02:51.002Z,,8906010500863,22GM*288 NIMBU CHATKA SHING BHUJIA,C120
5072,198,,30,30,0,false,2025-04-06T07:02:51.002Z,,8906010500337,22GM*240 ALOO SEV,C121
5073,198,,16,16,0,false,2025-04-06T07:02:51.002Z,,8906010500429,25GM*240 GATHIYA,C123
5074,198,,10,10,0,false,2025-04-06T07:02:51.002Z,,8906010500306,25GM*240 RATLAMI SEV,C124
5075,198,,10,10,0,false,2025-04-06T07:02:51.002Z,,8906010500702,25GM*240 CHANADAL,C125
5076,198,,30,30,0,false,2025-04-06T07:02:51.002Z,,8906010500368,25GM*240 TIKHA MITHA MIX,C127
5077,198,,24,24,0,false,2025-04-06T07:02:51.002Z,,8906010500078,22GM*240 FARALI CHEVDO,C149
5078,198,,12,12,0,false,2025-04-06T07:02:51.002Z,,8906010504359,22GM*120 SNACK'EM CHOKDI MASALA,C160
5079,198,,5,5,0,false,2025-04-06T07:02:51.002Z,,8906010500047,15GM*192 CRUNCHEM MASALA MASTI WAFERS,C002
5087,199,,30,30,0,false,2025-04-06T07:02:51.076Z,,8906010500023,15GM*192 CRUNCHEM SIMPLY SALTED WAFERS,C001
5088,199,,15,15,0,false,2025-04-06T07:02:51.076Z,,8906010500047,15GM*192 CRUNCHEM MASALA MASTI WAFERS,C002
5089,199,,30,30,0,false,2025-04-06T07:02:51.076Z,,8906010500818,15GM*192 CRUNCHEM CREAM & ONION WAFERS,C003
5090,199,,30,30,0,false,2025-04-06T07:02:51.076Z,,8906010500481,15GM*192 CRUNCHEM TOMATO TWIST WAFERS,C004
5091,199,,15,15,0,false,2025-04-06T07:02:51.076Z,,8906010500474,15GM*192 CRUNCHEM CHAT CHASKA WAFERS,C005
5092,199,,15,15,0,false,2025-04-06T07:02:51.076Z,,8906010502492,15GM*192 CRUNCHEM PERI PERI WAFERS,C006
5093,199,,5,5,0,false,2025-04-06T07:02:51.076Z,,8906010500016,30GM*120 CRUNCHEM SIMPLY SALTED WAFERS,C007
5094,199,,5,5,0,false,2025-04-06T07:02:51.076Z,,8906010500030,30GM*120 CRUNCHEM MASALA MASTI WAFERS,C008
5095,199,,5,5,0,false,2025-04-06T07:02:51.076Z,,8906010500870,30GM*120 CRUNCHEM CREAM & ONION WAFERS,C009
5096,199,,5,5,0,false,2025-04-06T07:02:51.076Z,,8906010501198,30GM*120 CRUNCHEM PIZZY MASALA WAFERS,C010
5097,199,,5,5,0,false,2025-04-06T07:02:51.076Z,,8906010501952,30GM*120 RUMBLES PUDINA TWIST WAFERS,C011
5098,199,,5,5,0,false,2025-04-06T07:02:51.076Z,,8906010500498,30GM*120 CRUNCHEM TOMATO TWIST WAFERS,C012
5099,199,,5,5,0,false,2025-04-06T07:02:51.076Z,,8906010500535,30GM*120 CRUNCHEM CHAT CHASKA WAFERS,C013
5100,199,,5,5,0,false,2025-04-06T07:02:51.076Z,,8906010502508,30GM*120 CRUNCHEM PERI PERI WAFERS,C014
5101,199,,5,5,0,false,2025-04-06T07:02:51.076Z,,8906010500092,30GM*120 CRUNCHEX SALTED WAFERS,C015
5102,199,,10,10,0,false,2025-04-06T07:02:51.076Z,,8906010501570,30GM*120 CRUNCHEX CHILI TADKA WAFERS,C016
5103,199,,2,2,0,false,2025-04-06T07:02:51.076Z,,8906010504311,30GM*120 CRUNCHEX CHILLI LEMON WAFERS,C018
5104,199,,30,30,0,false,2025-04-06T07:02:51.076Z,,8906010502294,22GM*192 AMAIZE FLAMIN' HOT NACHOS,C019
5105,199,,5,5,0,false,2025-04-06T07:02:51.076Z,,8906010502348,22GM*192 AMAIZE CHEESE CHILLI NACHOS,C020
5106,199,,48,48,0,false,2025-04-06T07:02:51.076Z,,8906010501228,22GM*120 SCOOPITOS MASALA,C027
5107,199,,5,5,0,false,2025-04-06T07:02:51.076Z,,8906010500269,22GM*144 POP RINGS MASALA,C029
5108,199,,10,10,0,false,2025-04-06T07:02:51.076Z,,8906010501419,22GM*144 POP RINGS YUMMY CHEESE,C030
5109,199,,12,12,0,false,2025-04-06T07:02:51.076Z,,8906010504724,22GM*120 SNACK'EM PONGA PLAIN,C031
5110,199,,24,24,0,false,2025-04-06T07:02:51.076Z,,8906010500900,22GM*120 WHEELOS MASALA,C032
5111,199,,6,6,0,false,2025-04-06T07:02:51.076Z,,8906010503444,22GM*144 FUNNE SPICY PUNCH,C033
5112,199,,48,48,0,false,2025-04-06T07:02:51.076Z,,8906010500764,25GM*240 C.P.NAMKIN {MASALA MASTI},C035
5113,199,,12,12,0,false,2025-04-06T07:02:51.076Z,,8906010500627,25GM*240 C.P.NAMKIN {TANGY TOMATO},C036
5114,199,,10,10,0,false,2025-04-06T07:02:51.076Z,,8906010500894,25GM*240 C.P.NAMKIN {CHINESE CHATKA},C037
5115,199,,48,48,0,false,2025-04-06T07:02:51.076Z,,8906010502119,25GM*240 C.P.NAMKIN {FLAMIN HOT},C038
5116,199,,24,24,0,false,2025-04-06T07:02:51.076Z,,8906010502973,25GM*192 PAPDI GATHIYA,C039
5117,199,,12,12,0,false,2025-04-06T07:02:51.076Z,,8906010503451,22GM*144 NOODLE STICKS MASALA,C040
5118,199,,15,15,0,false,2025-04-06T07:02:51.076Z,,0_7,22GM*120 GIPPI TORNADO FLAMIN CHILLI,C041
5119,199,,64,64,0,false,2025-04-06T07:02:51.076Z,,8906010502232,22GM*240 PUNJABI TADKA,C042
5120,199,,15,15,0,false,2025-04-06T07:02:51.076Z,,8906010500214,25GM*240 SEV MURMURA,C043
5121,199,,60,60,0,false,2025-04-06T07:02:51.076Z,,8906010500245,25GM*240 MASALA SEV MURMURA,C044
5122,199,,15,15,0,false,2025-04-06T07:02:51.076Z,,8906010502041,22GM*240 BHEL MIX,C046
5123,199,,2,2,0,false,2025-04-06T07:02:51.076Z,,8906010502133,25GM*240 CHANA JOR GARAM,C076
5124,199,,50,50,0,false,2025-04-06T07:02:51.076Z,,8906010501822,70GM*100 GIPPI MASALA NOODLES,C089
5125,199,,45,45,0,false,2025-04-06T07:02:51.076Z,,8906010500559,22GM*240 MAGDAL,C118
5126,199,,10,10,0,false,2025-04-06T07:02:51.076Z,,8906010500276,22GM*288 SHING BHUJIA,C119
5127,199,,5,5,0,false,2025-04-06T07:02:51.076Z,,8906010500863,22GM*288 NIMBU CHATKA SHING BHUJIA,C120
5128,199,,30,30,0,false,2025-04-06T07:02:51.076Z,,8906010500337,22GM*240 ALOO SEV,C121
5129,199,,8,8,0,false,2025-04-06T07:02:51.076Z,,8906010500429,25GM*240 GATHIYA,C123
5130,199,,5,5,0,false,2025-04-06T07:02:51.076Z,,8906010500702,25GM*240 CHANADAL,C125
5131,199,,1,1,0,false,2025-04-06T07:02:51.076Z,,8906010503420,20GM*288 MASALA PEAS,C126
5132,199,,5,5,0,false,2025-04-06T07:02:51.076Z,,8906010500368,25GM*240 TIKHA MITHA MIX,C127
5133,199,,3,3,0,false,2025-04-06T07:02:51.076Z,,8906010502263,25GM*240 NAVRATAN MIX,C132
5134,199,,15,15,0,false,2025-04-06T07:02:51.076Z,,8906010503949,25GM*240 C.P NAMKIN (LASANIYA),C148
5135,199,,5,5,0,false,2025-04-06T07:02:51.076Z,,8906010500078,22GM*240 FARALI CHEVDO,C149
5136,199,,3,3,0,false,2025-04-06T07:02:51.076Z,,8906010503826,30GM*120 RUMBLES HOT CHILI WAFERS,C153
5137,199,,24,24,0,false,2025-04-06T07:02:51.076Z,,8906010504359,22GM*120 SNACK'EM CHOKDI MASALA,C160
5138,199,,20,20,0,false,2025-04-06T07:02:51.076Z,,8906010504298,70GM*100 GIPPI FLAMIN' CHILLI NOODLES,C187
5183,201,,90,90,0,false,2025-04-06T07:02:51.150Z,,8906010500023,15GM*192 CRUNCHEM SIMPLY SALTED WAFERS,C001
5184,201,,30,30,0,false,2025-04-06T07:02:51.150Z,,8906010500818,15GM*192 CRUNCHEM CREAM & ONION WAFERS,C003
5185,201,,30,30,0,false,2025-04-06T07:02:51.150Z,,8906010500481,15GM*192 CRUNCHEM TOMATO TWIST WAFERS,C004
5186,201,,15,15,0,false,2025-04-06T07:02:51.150Z,,8906010502294,22GM*192 AMAIZE FLAMIN' HOT NACHOS,C019
5187,201,,72,72,0,false,2025-04-06T07:02:51.150Z,,8906010501228,22GM*120 SCOOPITOS MASALA,C027
5188,201,,6,6,0,false,2025-04-06T07:02:51.150Z,,8906010504724,22GM*120 SNACK'EM PONGA PLAIN,C031
5189,201,,88,72,0,false,2025-04-06T07:02:51.150Z,,8906010500900,22GM*120 WHEELOS MASALA,C032
5190,201,,2,2,0,false,2025-04-06T07:02:51.150Z,,8906010501327,22GM*240 YUMSTIX CHATPATA MASALA,C034
5191,201,,48,48,0,false,2025-04-06T07:02:51.150Z,,8906010500764,25GM*240 C.P.NAMKIN {MASALA MASTI},C035
5192,201,,24,24,0,false,2025-04-06T07:02:51.150Z,,8906010500627,25GM*240 C.P.NAMKIN {TANGY TOMATO},C036
5193,201,,48,48,0,false,2025-04-06T07:02:51.150Z,,8906010502119,25GM*240 C.P.NAMKIN {FLAMIN HOT},C038
5194,201,,24,24,0,false,2025-04-06T07:02:51.150Z,,8906010502973,25GM*192 PAPDI GATHIYA,C039
5195,201,,48,48,0,false,2025-04-06T07:02:51.150Z,,8906010503451,22GM*144 NOODLE STICKS MASALA,C040
5196,201,,25,25,0,false,2025-04-06T07:02:51.150Z,,0_7,22GM*120 GIPPI TORNADO FLAMIN CHILLI,C041
5197,201,,16,16,0,false,2025-04-06T07:02:51.150Z,,8906010502232,22GM*240 PUNJABI TADKA,C042
5198,201,,30,30,0,false,2025-04-06T07:02:51.150Z,,8906010500245,25GM*240 MASALA SEV MURMURA,C044
5199,201,,10,10,0,false,2025-04-06T07:02:51.150Z,,8906010502041,22GM*240 BHEL MIX,C046
5200,201,,2,2,0,false,2025-04-06T07:02:51.150Z,,8906010502133,25GM*240 CHANA JOR GARAM,C076
5201,201,,20,20,0,false,2025-04-06T07:02:51.150Z,,8906010502256,500GM*10 MAGDAL,C108
5202,201,,45,45,0,false,2025-04-06T07:02:51.150Z,,8906010500559,22GM*240 MAGDAL,C118
5203,201,,10,10,0,false,2025-04-06T07:02:51.150Z,,8906010500337,22GM*240 ALOO SEV,C121
5204,201,,12,12,0,false,2025-04-06T07:02:51.150Z,,8906010500078,22GM*240 FARALI CHEVDO,C149
5205,201,,6,6,0,false,2025-04-06T07:02:51.150Z,,8906010504359,22GM*120 SNACK'EM CHOKDI MASALA,C160
5262,202,,96,96,0,false,2025-04-06T07:02:51.224Z,,8906010501228,22GM*120 SCOOPITOS MASALA,C027
5263,202,,48,48,0,false,2025-04-06T07:02:51.224Z,,8906010500900,22GM*120 WHEELOS MASALA,C032
5264,202,,96,96,0,false,2025-04-06T07:02:51.224Z,,8906010500764,25GM*240 C.P.NAMKIN {MASALA MASTI},C035
5265,202,,24,24,0,false,2025-04-06T07:02:51.224Z,,8906010500627,25GM*240 C.P.NAMKIN {TANGY TOMATO},C036
5266,202,,30,30,0,false,2025-04-06T07:02:51.224Z,,8906010500894,25GM*240 C.P.NAMKIN {CHINESE CHATKA},C037
5267,202,,72,72,0,false,2025-04-06T07:02:51.224Z,,8906010502119,25GM*240 C.P.NAMKIN {FLAMIN HOT},C038
5268,202,,96,96,0,false,2025-04-06T07:02:51.224Z,,8906010502232,22GM*240 PUNJABI TADKA,C042
5269,202,,30,30,0,false,2025-04-06T07:02:51.224Z,,8906010500214,25GM*240 SEV MURMURA,C043
5324,200,,75,60,0,false,2025-04-06T07:02:51.298Z,,8906010500023,15GM*192 CRUNCHEM SIMPLY SALTED WAFERS,C001
5325,200,,30,30,0,false,2025-04-06T07:02:51.298Z,,8906010500047,15GM*192 CRUNCHEM MASALA MASTI WAFERS,C002
5326,200,,30,30,0,false,2025-04-06T07:02:51.298Z,,8906010500818,15GM*192 CRUNCHEM CREAM & ONION WAFERS,C003
5327,200,,30,30,0,false,2025-04-06T07:02:51.298Z,,8906010500481,15GM*192 CRUNCHEM TOMATO TWIST WAFERS,C004
5328,200,,30,30,0,false,2025-04-06T07:02:51.298Z,,8906010500474,15GM*192 CRUNCHEM CHAT CHASKA WAFERS,C005
5329,200,,30,30,0,false,2025-04-06T07:02:51.298Z,,8906010502492,15GM*192 CRUNCHEM PERI PERI WAFERS,C006
5330,200,,15,15,0,false,2025-04-06T07:02:51.298Z,,8906010501570,30GM*120 CRUNCHEX CHILI TADKA WAFERS,C016
5331,200,,24,24,0,false,2025-04-06T07:02:51.298Z,,8906010501228,22GM*120 SCOOPITOS MASALA,C027
5332,200,,6,6,0,false,2025-04-06T07:02:51.298Z,,8906010503444,22GM*144 FUNNE SPICY PUNCH,C033
5333,200,,72,72,0,false,2025-04-06T07:02:51.298Z,,8906010500764,25GM*240 C.P.NAMKIN {MASALA MASTI},C035
5334,200,,24,24,0,false,2025-04-06T07:02:51.298Z,,8906010500627,25GM*240 C.P.NAMKIN {TANGY TOMATO},C036
5335,200,,48,48,0,false,2025-04-06T07:02:51.298Z,,8906010502119,25GM*240 C.P.NAMKIN {FLAMIN HOT},C038
5336,200,,6,6,0,false,2025-04-06T07:02:51.298Z,,8906010503451,22GM*144 NOODLE STICKS MASALA,C040
5337,200,,20,20,0,false,2025-04-06T07:02:51.298Z,,0_7,22GM*120 GIPPI TORNADO FLAMIN CHILLI,C041
5338,200,,32,32,0,false,2025-04-06T07:02:51.298Z,,8906010502232,22GM*240 PUNJABI TADKA,C042
5339,200,,30,30,0,false,2025-04-06T07:02:51.298Z,,8906010500214,25GM*240 SEV MURMURA,C043
5340,200,,60,60,0,false,2025-04-06T07:02:51.298Z,,8906010500245,25GM*240 MASALA SEV MURMURA,C044
5341,200,,50,50,0,false,2025-04-06T07:02:51.298Z,,8906010501822,70GM*100 GIPPI MASALA NOODLES,C089
5342,200,,45,45,0,false,2025-04-06T07:02:51.298Z,,8906010500559,22GM*240 MAGDAL,C118
5343,200,,10,10,0,false,2025-04-06T07:02:51.298Z,,8906010500276,22GM*288 SHING BHUJIA,C119
5344,200,,15,15,0,false,2025-04-06T07:02:51.298Z,,8906010500863,22GM*288 NIMBU CHATKA SHING BHUJIA,C120
5345,200,,30,30,0,false,2025-04-06T07:02:51.298Z,,8906010500368,25GM*240 TIKHA MITHA MIX,C127
5346,200,,20,20,0,false,2025-04-06T07:02:51.298Z,,8906010500399,25GM*240 KHATA MITHA MIX,C128
5347,200,,15,15,0,false,2025-04-06T07:02:51.298Z,,8906010503949,25GM*240 C.P NAMKIN (LASANIYA),C148
5348,200,,10,10,0,false,2025-04-06T07:02:51.298Z,,8906010504298,70GM*100 GIPPI FLAMIN' CHILLI NOODLES,C187
5349,200,,12,12,0,false,2025-04-06T07:02:51.298Z,,8906010500900,22GM*120 WHEELOS MASALA,C032
5417,205,,15,15,0,false,2025-04-06T07:02:51.372Z,,8906010500023,15GM*192 CRUNCHEM SIMPLY SALTED WAFERS,C001
5165,190,,2,2,0,false,2025-04-06T07:02:51.088Z,,8906010503543,135GM*24 CRUNCHEM CHAT CHASKA WAFERS,C057
5166,190,,1,1,0,false,2025-04-06T07:02:51.088Z,,8906010503611,135GM*24 CRUNCHEX CHILI TADKA WAFERS,C059
5167,190,,1,1,0,false,2025-04-06T07:02:51.088Z,,8906010501242,45GM*72 WHEELOS MASALA,C070
5168,190,,1,1,0,false,2025-04-06T07:02:51.088Z,,8906010500177,25GM*180 BANANA MAST MASALA WAFERS,C074
5169,190,,2,2,0,false,2025-04-06T07:02:51.088Z,,8906010502133,25GM*240 CHANA JOR GARAM,C076
5170,190,,15,15,0,false,2025-04-06T07:02:51.088Z,,8906010501822,70GM*100 GIPPI MASALA NOODLES,C089
5171,190,,1,1,0,false,2025-04-06T07:02:51.088Z,,8906010500849,200GM*20 HEALTHY BITES JEERA KHAKHRA,C116
5172,190,,25,25,0,false,2025-04-06T07:02:51.088Z,,8906010500559,22GM*240 MAGDAL,C118
5173,190,,5,5,0,false,2025-04-06T07:02:51.088Z,,8906010500863,22GM*288 NIMBU CHATKA SHING BHUJIA,C120
5174,190,,3,3,0,false,2025-04-06T07:02:51.088Z,,8906010500429,25GM*240 GATHIYA,C123
5175,190,,2,2,0,false,2025-04-06T07:02:51.088Z,,8906010500368,25GM*240 TIKHA MITHA MIX,C127
5176,190,,2,2,0,false,2025-04-06T07:02:51.088Z,,8906010500399,25GM*240 KHATA MITHA MIX,C128
5177,190,,5,5,0,false,2025-04-06T07:02:51.088Z,,8906010503949,25GM*240 C.P NAMKIN (LASANIYA),C148
5178,190,,12,12,0,false,2025-04-06T07:02:51.088Z,,8906010500078,22GM*240 FARALI CHEVDO,C149
5179,190,,5,5,0,false,2025-04-06T07:02:51.088Z,,8906010504359,22GM*120 SNACK'EM CHOKDI MASALA,C160
5180,190,,2,2,0,false,2025-04-06T07:02:51.088Z,,8906010504205,22GM*120 SNACK'EM PONGA MASALA,C161
5181,190,,5,5,0,false,2025-04-06T07:02:51.088Z,,8906010504298,70GM*100 GIPPI FLAMIN' CHILLI NOODLES,C187
5182,190,,1,1,0,false,2025-04-06T07:02:51.088Z,,8906010504281,13GM*24PKT*12JAR OLEE CHOCO STIX,EOO1
5206,172,,30,30,0,false,2025-04-06T07:02:51.166Z,,8906010500023,15GM*192 CRUNCHEM SIMPLY SALTED WAFERS,C001
5207,172,,5,5,0,false,2025-04-06T07:02:51.166Z,,8906010500047,15GM*192 CRUNCHEM MASALA MASTI WAFERS,C002
5208,172,,30,30,0,false,2025-04-06T07:02:51.166Z,,8906010500818,15GM*192 CRUNCHEM CREAM & ONION WAFERS,C003
5209,172,,30,30,0,false,2025-04-06T07:02:51.166Z,,8906010500481,15GM*192 CRUNCHEM TOMATO TWIST WAFERS,C004
5210,172,,30,30,0,false,2025-04-06T07:02:51.166Z,,8906010500016,30GM*120 CRUNCHEM SIMPLY SALTED WAFERS,C007
5211,172,,15,15,0,false,2025-04-06T07:02:51.166Z,,8906010500870,30GM*120 CRUNCHEM CREAM & ONION WAFERS,C009
5212,172,,10,10,0,false,2025-04-06T07:02:51.166Z,,8906010500498,30GM*120 CRUNCHEM TOMATO TWIST WAFERS,C012
5213,172,,25,25,0,false,2025-04-06T07:02:51.166Z,,8906010502294,22GM*192 AMAIZE FLAMIN' HOT NACHOS,C019
5214,172,,2,2,0,false,2025-04-06T07:02:51.166Z,,8906010502300,45GM*120 AMAIZE FLAMIN' HOT NACHOS,C024
5215,172,,48,48,0,false,2025-04-06T07:02:51.166Z,,8906010501228,22GM*120 SCOOPITOS MASALA,C027
5216,172,,25,25,0,false,2025-04-06T07:02:51.166Z,,8906010500269,22GM*144 POP RINGS MASALA,C029
5217,172,,10,10,0,false,2025-04-06T07:02:51.166Z,,8906010501419,22GM*144 POP RINGS YUMMY CHEESE,C030
5218,172,,4,4,0,false,2025-04-06T07:02:51.166Z,,8906010504724,22GM*120 SNACK'EM PONGA PLAIN,C031
5219,172,,96,96,0,false,2025-04-06T07:02:51.166Z,,8906010500900,22GM*120 WHEELOS MASALA,C032
5220,172,,4,4,0,false,2025-04-06T07:02:51.166Z,,8906010503444,22GM*144 FUNNE SPICY PUNCH,C033
5221,172,,48,48,0,false,2025-04-06T07:02:51.166Z,,8906010500764,25GM*240 C.P.NAMKIN {MASALA MASTI},C035
5222,172,,24,24,0,false,2025-04-06T07:02:51.166Z,,8906010500627,25GM*240 C.P.NAMKIN {TANGY TOMATO},C036
5223,172,,5,5,0,false,2025-04-06T07:02:51.166Z,,8906010500894,25GM*240 C.P.NAMKIN {CHINESE CHATKA},C037
5224,172,,24,24,0,false,2025-04-06T07:02:51.166Z,,8906010502119,25GM*240 C.P.NAMKIN {FLAMIN HOT},C038
5225,172,,4,4,0,false,2025-04-06T07:02:51.166Z,,8906010502973,25GM*192 PAPDI GATHIYA,C039
5226,172,,24,24,0,false,2025-04-06T07:02:51.166Z,,8906010503451,22GM*144 NOODLE STICKS MASALA,C040
5227,172,,2,2,0,false,2025-04-06T07:02:51.166Z,,0_7,22GM*120 GIPPI TORNADO FLAMIN CHILLI,C041
5228,172,,64,64,0,false,2025-04-06T07:02:51.166Z,,8906010502232,22GM*240 PUNJABI TADKA,C042
5229,172,,30,30,0,false,2025-04-06T07:02:51.166Z,,8906010500214,25GM*240 SEV MURMURA,C043
5230,172,,60,60,0,false,2025-04-06T07:02:51.166Z,,8906010500245,25GM*240 MASALA SEV MURMURA,C044
5231,172,,2,2,0,false,2025-04-06T07:02:51.166Z,,8906010502041,22GM*240 BHEL MIX,C046
5232,172,,10,10,0,false,2025-04-06T07:02:51.166Z,,8906010503512,135GM*24 CRUNCHEM SIMPLY SALTED WAFERS,C052
5233,172,,5,5,0,false,2025-04-06T07:02:51.166Z,,8906010503529,135GM*24 CRUNCHEM MASALA MASTI WAFERS,C053
5234,172,,5,5,0,false,2025-04-06T07:02:51.166Z,,8906010503550,135GM*24 CRUNCHEM CREAM & ONION WAFERS,C054
5235,172,,5,5,0,false,2025-04-06T07:02:51.166Z,,8906010503482,135GM*24  CRUNCHEM  TOMATO TWIST WAFERS,C056
5236,172,,10,10,0,false,2025-04-06T07:02:51.166Z,,8906010500511,50GM*120 C.P.NAMKIN (MASALA MASTI),C060
5237,172,,2,2,0,false,2025-04-06T07:02:51.166Z,,8906010500610,50GM*120 C.P.NAMKIN (TANGY TOMATO),C061
5238,172,,1,1,0,false,2025-04-06T07:02:51.166Z,,8906010504120,24GM*40PKT*6 DUMBAR PEANUT CHIKKI,C062
5239,172,,1,1,0,false,2025-04-06T07:02:51.166Z,,8906010503666,16GM*24PKT*12JAR TANGY ORANGE CREAM WAFERS,C067
5240,172,,1,1,0,false,2025-04-06T07:02:51.166Z,,8906010503871,16GM*24PKT*12JAR YUMMY VANILLA CREAM WAFERS,C069
5241,172,,6,6,0,false,2025-04-06T07:02:51.166Z,,8906010501242,45GM*72 WHEELOS MASALA,C070
5242,172,,1,1,0,false,2025-04-06T07:02:51.166Z,,8906010502133,25GM*240 CHANA JOR GARAM,C076
5243,172,,2,2,0,false,2025-04-06T07:02:51.166Z,,8906010502836,45GM*144 PUNJABI TADKA,C078
5244,172,,3,3,0,false,2025-04-06T07:02:51.166Z,,8906010501853,250GM*12 SEV MURMURA,C082
5245,172,,3,3,0,false,2025-04-06T07:02:51.166Z,,8906010501860,250GM*12 MASALA SEV MURMURA,C083
5246,172,,10,10,0,false,2025-04-06T07:02:51.166Z,,8906010501822,70GM*100 GIPPI MASALA NOODLES,C089
5247,172,,15,15,0,false,2025-04-06T07:02:51.166Z,,8906010500382,240GM*20 TIKHA MITHA MIX,C094
5248,172,,10,10,0,false,2025-04-06T07:02:51.166Z,,8906010500566,500GM*10 TIKHA MITHA MIX,C104
5249,172,,45,45,0,false,2025-04-06T07:02:51.166Z,,8906010500559,22GM*240 MAGDAL,C118
5250,172,,10,10,0,false,2025-04-06T07:02:51.166Z,,8906010500276,22GM*288 SHING BHUJIA,C119
5251,172,,15,15,0,false,2025-04-06T07:02:51.166Z,,8906010500863,22GM*288 NIMBU CHATKA SHING BHUJIA,C120
5252,172,,5,5,0,false,2025-04-06T07:02:51.166Z,,8906010500337,22GM*240 ALOO SEV,C121
5253,172,,2,2,0,false,2025-04-06T07:02:51.166Z,,8906010500702,25GM*240 CHANADAL,C125
5254,172,,2,2,0,false,2025-04-06T07:02:51.166Z,,8906010503420,20GM*288 MASALA PEAS,C126
5255,172,,1,1,0,false,2025-04-06T07:02:51.166Z,,8906010500221,45GM*144 MAGDAL,C134
5256,172,,12,12,0,false,2025-04-06T07:02:51.166Z,,8906010502683,40GM*30 SALTED PEANUTS,C144
5257,172,,5,5,0,false,2025-04-06T07:02:51.166Z,,8906010503949,25GM*240 C.P NAMKIN (LASANIYA),C148
5258,172,,24,24,0,false,2025-04-06T07:02:51.166Z,,8906010500078,22GM*240 FARALI CHEVDO,C149
5259,172,,10,10,0,false,2025-04-06T07:02:51.166Z,,8906010500085,45GM*180 FARALI CHEVDO,C150
5260,172,,4,4,0,false,2025-04-06T07:02:51.166Z,,8906010504359,22GM*120 SNACK'EM CHOKDI MASALA,C160
5261,172,,4,4,0,false,2025-04-06T07:02:51.166Z,,8906010504205,22GM*120 SNACK'EM PONGA MASALA,C161
5270,192,,30,30,0,false,2025-04-06T07:02:51.243Z,,8906010500023,15GM*192 CRUNCHEM SIMPLY SALTED WAFERS,C001
5271,192,,60,60,0,false,2025-04-06T07:02:51.243Z,,8906010500818,15GM*192 CRUNCHEM CREAM & ONION WAFERS,C003
5272,192,,60,60,0,false,2025-04-06T07:02:51.243Z,,8906010500481,15GM*192 CRUNCHEM TOMATO TWIST WAFERS,C004
5273,192,,60,60,0,false,2025-04-06T07:02:51.243Z,,8906010500474,15GM*192 CRUNCHEM CHAT CHASKA WAFERS,C005
5274,192,,30,30,0,false,2025-04-06T07:02:51.243Z,,8906010502492,15GM*192 CRUNCHEM PERI PERI WAFERS,C006
5275,192,,5,5,0,false,2025-04-06T07:02:51.243Z,,8906010500016,30GM*120 CRUNCHEM SIMPLY SALTED WAFERS,C007
5276,192,,5,5,0,false,2025-04-06T07:02:51.243Z,,8906010500870,30GM*120 CRUNCHEM CREAM & ONION WAFERS,C009
5277,192,,5,5,0,false,2025-04-06T07:02:51.243Z,,8906010501198,30GM*120 CRUNCHEM PIZZY MASALA WAFERS,C010
5278,192,,10,10,0,false,2025-04-06T07:02:51.243Z,,8906010501952,30GM*120 RUMBLES PUDINA TWIST WAFERS,C011
5279,192,,5,5,0,false,2025-04-06T07:02:51.243Z,,8906010500498,30GM*120 CRUNCHEM TOMATO TWIST WAFERS,C012
5280,192,,5,5,0,false,2025-04-06T07:02:51.243Z,,8906010500092,30GM*120 CRUNCHEX SALTED WAFERS,C015
5281,192,,5,5,0,false,2025-04-06T07:02:51.243Z,,8906010501570,30GM*120 CRUNCHEX CHILI TADKA WAFERS,C016
5282,192,,25,25,0,false,2025-04-06T07:02:51.243Z,,8906010502294,22GM*192 AMAIZE FLAMIN' HOT NACHOS,C019
5283,192,,5,5,0,false,2025-04-06T07:02:51.243Z,,8906010502348,22GM*192 AMAIZE CHEESE CHILLI NACHOS,C020
5284,192,,72,72,0,false,2025-04-06T07:02:51.243Z,,8906010501228,22GM*120 SCOOPITOS MASALA,C027
5285,192,,10,10,0,false,2025-04-06T07:02:51.243Z,,8906010500269,22GM*144 POP RINGS MASALA,C029
5286,192,,10,10,0,false,2025-04-06T07:02:51.243Z,,8906010501419,22GM*144 POP RINGS YUMMY CHEESE,C030
5287,192,,6,6,0,false,2025-04-06T07:02:51.243Z,,8906010504724,22GM*120 SNACK'EM PONGA PLAIN,C031
5288,192,,48,48,0,false,2025-04-06T07:02:51.243Z,,8906010500900,22GM*120 WHEELOS MASALA,C032
5289,192,,12,12,0,false,2025-04-06T07:02:51.243Z,,8906010503444,22GM*144 FUNNE SPICY PUNCH,C033
5290,192,,24,24,0,false,2025-04-06T07:02:51.243Z,,8906010500764,25GM*240 C.P.NAMKIN {MASALA MASTI},C035
5291,192,,24,24,0,false,2025-04-06T07:02:51.243Z,,8906010500627,25GM*240 C.P.NAMKIN {TANGY TOMATO},C036
5292,192,,15,15,0,false,2025-04-06T07:02:51.243Z,,8906010500894,25GM*240 C.P.NAMKIN {CHINESE CHATKA},C037
5293,192,,24,24,0,false,2025-04-06T07:02:51.243Z,,8906010502119,25GM*240 C.P.NAMKIN {FLAMIN HOT},C038
5294,192,,12,12,0,false,2025-04-06T07:02:51.243Z,,8906010502973,25GM*192 PAPDI GATHIYA,C039
5295,192,,12,12,0,false,2025-04-06T07:02:51.243Z,,8906010503451,22GM*144 NOODLE STICKS MASALA,C040
5296,192,,20,20,0,false,2025-04-06T07:02:51.243Z,,0_7,22GM*120 GIPPI TORNADO FLAMIN CHILLI,C041
5297,192,,32,32,0,false,2025-04-06T07:02:51.243Z,,8906010502232,22GM*240 PUNJABI TADKA,C042
5298,192,,15,15,0,false,2025-04-06T07:02:51.243Z,,8906010500214,25GM*240 SEV MURMURA,C043
5299,192,,60,60,0,false,2025-04-06T07:02:51.243Z,,8906010500245,25GM*240 MASALA SEV MURMURA,C044
5300,192,,3,3,0,false,2025-04-06T07:02:51.243Z,,8906010503512,135GM*24 CRUNCHEM SIMPLY SALTED WAFERS,C052
5301,192,,3,3,0,false,2025-04-06T07:02:51.243Z,,8906010503529,135GM*24 CRUNCHEM MASALA MASTI WAFERS,C053
5302,192,,3,3,0,false,2025-04-06T07:02:51.243Z,,8906010503482,135GM*24  CRUNCHEM  TOMATO TWIST WAFERS,C056
5303,192,,1,1,0,false,2025-04-06T07:02:51.243Z,,8906010503871,16GM*24PKT*12JAR YUMMY VANILLA CREAM WAFERS,C069
5304,192,,2,2,0,false,2025-04-06T07:02:51.243Z,,8906010502133,25GM*240 CHANA JOR GARAM,C076
5305,192,,2,2,0,false,2025-04-06T07:02:51.243Z,,8906010502836,45GM*144 PUNJABI TADKA,C078
5306,192,,50,50,0,false,2025-04-06T07:02:51.243Z,,8906010501822,70GM*100 GIPPI MASALA NOODLES,C089
5307,192,,1,1,0,false,2025-04-06T07:02:51.243Z,,8906010500382,240GM*20 TIKHA MITHA MIX,C094
5308,192,,1,1,0,false,2025-04-06T07:02:51.243Z,,8906010500566,500GM*10 TIKHA MITHA MIX,C104
5309,192,,1,1,0,false,2025-04-06T07:02:51.243Z,,8906010502256,500GM*10 MAGDAL,C108
5310,192,,45,45,0,false,2025-04-06T07:02:51.243Z,,8906010500559,22GM*240 MAGDAL,C118
5311,192,,10,10,0,false,2025-04-06T07:02:51.243Z,,8906010500276,22GM*288 SHING BHUJIA,C119
5312,192,,10,10,0,false,2025-04-06T07:02:51.243Z,,8906010500863,22GM*288 NIMBU CHATKA SHING BHUJIA,C120
5313,192,,30,30,0,false,2025-04-06T07:02:51.243Z,,8906010500337,22GM*240 ALOO SEV,C121
5314,192,,10,10,0,false,2025-04-06T07:02:51.243Z,,8906010500429,25GM*240 GATHIYA,C123
5315,192,,3,3,0,false,2025-04-06T07:02:51.243Z,,8906010500306,25GM*240 RATLAMI SEV,C124
5316,192,,10,10,0,false,2025-04-06T07:02:51.243Z,,8906010500702,25GM*240 CHANADAL,C125
5317,192,,2,2,0,false,2025-04-06T07:02:51.243Z,,8906010502263,25GM*240 NAVRATAN MIX,C132
5318,192,,1,1,0,false,2025-04-06T07:02:51.243Z,,8906010500221,45GM*144 MAGDAL,C134
5319,192,,15,15,0,false,2025-04-06T07:02:51.243Z,,8906010503239,22GM*60 MASALA CHANA,C147
5320,192,,10,10,0,false,2025-04-06T07:02:51.243Z,,8906010503949,25GM*240 C.P NAMKIN (LASANIYA),C148
5321,192,,3,3,0,false,2025-04-06T07:02:51.243Z,,8906010500078,22GM*240 FARALI CHEVDO,C149
5322,192,,3,3,0,false,2025-04-06T07:02:51.243Z,,8906010503826,30GM*120 RUMBLES HOT CHILI WAFERS,C153
5323,192,,10,10,0,false,2025-04-06T07:02:51.243Z,,8906010504298,70GM*100 GIPPI FLAMIN' CHILLI NOODLES,C187
5350,195,,30,30,0,false,2025-04-06T07:02:51.320Z,,8906010500023,15GM*192 CRUNCHEM SIMPLY SALTED WAFERS,C001
5351,195,,30,30,0,false,2025-04-06T07:02:51.320Z,,8906010500047,15GM*192 CRUNCHEM MASALA MASTI WAFERS,C002
5352,195,,30,30,0,false,2025-04-06T07:02:51.320Z,,8906010500818,15GM*192 CRUNCHEM CREAM & ONION WAFERS,C003
5353,195,,30,30,0,false,2025-04-06T07:02:51.320Z,,8906010500481,15GM*192 CRUNCHEM TOMATO TWIST WAFERS,C004
5354,195,,30,30,0,false,2025-04-06T07:02:51.320Z,,8906010500474,15GM*192 CRUNCHEM CHAT CHASKA WAFERS,C005
5355,195,,30,30,0,false,2025-04-06T07:02:51.320Z,,8906010502492,15GM*192 CRUNCHEM PERI PERI WAFERS,C006
5356,195,,15,15,0,false,2025-04-06T07:02:51.320Z,,8906010500016,30GM*120 CRUNCHEM SIMPLY SALTED WAFERS,C007
5357,195,,10,10,0,false,2025-04-06T07:02:51.320Z,,8906010500030,30GM*120 CRUNCHEM MASALA MASTI WAFERS,C008
5358,195,,15,15,0,false,2025-04-06T07:02:51.320Z,,8906010500870,30GM*120 CRUNCHEM CREAM & ONION WAFERS,C009
5359,195,,15,15,0,false,2025-04-06T07:02:51.320Z,,8906010501198,30GM*120 CRUNCHEM PIZZY MASALA WAFERS,C010
5360,195,,10,10,0,false,2025-04-06T07:02:51.320Z,,8906010501952,30GM*120 RUMBLES PUDINA TWIST WAFERS,C011
5361,195,,10,10,0,false,2025-04-06T07:02:51.320Z,,8906010500498,30GM*120 CRUNCHEM TOMATO TWIST WAFERS,C012
5362,195,,10,10,0,false,2025-04-06T07:02:51.320Z,,8906010500535,30GM*120 CRUNCHEM CHAT CHASKA WAFERS,C013
5363,195,,10,10,0,false,2025-04-06T07:02:51.320Z,,8906010502508,30GM*120 CRUNCHEM PERI PERI WAFERS,C014
5364,195,,3,3,0,false,2025-04-06T07:02:51.320Z,,8906010500092,30GM*120 CRUNCHEX SALTED WAFERS,C015
5365,195,,15,15,0,false,2025-04-06T07:02:51.320Z,,8906010501570,30GM*120 CRUNCHEX CHILI TADKA WAFERS,C016
5366,195,,5,5,0,false,2025-04-06T07:02:51.320Z,,8906010504311,30GM*120 CRUNCHEX CHILLI LEMON WAFERS,C018
5367,195,,30,30,0,false,2025-04-06T07:02:51.320Z,,8906010502294,22GM*192 AMAIZE FLAMIN' HOT NACHOS,C019
5368,195,,24,24,0,false,2025-04-06T07:02:51.320Z,,8906010501228,22GM*120 SCOOPITOS MASALA,C027
5369,195,,10,10,0,false,2025-04-06T07:02:51.320Z,,8906010500269,22GM*144 POP RINGS MASALA,C029
5370,195,,15,15,0,false,2025-04-06T07:02:51.320Z,,8906010501419,22GM*144 POP RINGS YUMMY CHEESE,C030
5371,195,,12,12,0,false,2025-04-06T07:02:51.320Z,,8906010504724,22GM*120 SNACK'EM PONGA PLAIN,C031
5372,195,,20,24,0,false,2025-04-06T07:02:51.320Z,,8906010500900,22GM*120 WHEELOS MASALA,C032
5373,195,,10,10,0,false,2025-04-06T07:02:51.320Z,,8906010503444,22GM*144 FUNNE SPICY PUNCH,C033
5374,195,,24,24,0,false,2025-04-06T07:02:51.320Z,,8906010500764,25GM*240 C.P.NAMKIN {MASALA MASTI},C035
5375,195,,24,24,0,false,2025-04-06T07:02:51.320Z,,8906010500627,25GM*240 C.P.NAMKIN {TANGY TOMATO},C036
5376,195,,15,15,0,false,2025-04-06T07:02:51.320Z,,8906010500894,25GM*240 C.P.NAMKIN {CHINESE CHATKA},C037
5377,195,,24,24,0,false,2025-04-06T07:02:51.320Z,,8906010502119,25GM*240 C.P.NAMKIN {FLAMIN HOT},C038
5378,195,,10,10,0,false,2025-04-06T07:02:51.320Z,,8906010502973,25GM*192 PAPDI GATHIYA,C039
5379,195,,10,10,0,false,2025-04-06T07:02:51.320Z,,8906010503451,22GM*144 NOODLE STICKS MASALA,C040
5380,195,,20,20,0,false,2025-04-06T07:02:51.320Z,,0_7,22GM*120 GIPPI TORNADO FLAMIN CHILLI,C041
5381,195,,32,32,0,false,2025-04-06T07:02:51.320Z,,8906010502232,22GM*240 PUNJABI TADKA,C042
5382,195,,15,15,0,false,2025-04-06T07:02:51.320Z,,8906010500214,25GM*240 SEV MURMURA,C043
5383,195,,30,30,0,false,2025-04-06T07:02:51.320Z,,8906010500245,25GM*240 MASALA SEV MURMURA,C044
5384,195,,15,15,0,false,2025-04-06T07:02:51.320Z,,8906010502041,22GM*240 BHEL MIX,C046
5385,195,,10,10,0,false,2025-04-06T07:02:51.320Z,,8906010503512,135GM*24 CRUNCHEM SIMPLY SALTED WAFERS,C052
5386,195,,10,10,0,false,2025-04-06T07:02:51.320Z,,8906010503529,135GM*24 CRUNCHEM MASALA MASTI WAFERS,C053
5387,195,,10,10,0,false,2025-04-06T07:02:51.320Z,,8906010503550,135GM*24 CRUNCHEM CREAM & ONION WAFERS,C054
5388,195,,10,10,0,false,2025-04-06T07:02:51.320Z,,8906010503109,135GM*24 RUMBLES PUDINA TWIST WAFERS,C055
5389,195,,10,10,0,false,2025-04-06T07:02:51.320Z,,8906010503482,135GM*24  CRUNCHEM  TOMATO TWIST WAFERS,C056
5390,195,,10,10,0,false,2025-04-06T07:02:51.320Z,,8906010503543,135GM*24 CRUNCHEM CHAT CHASKA WAFERS,C057
5391,195,,5,5,0,false,2025-04-06T07:02:51.320Z,,8906010503604,135GM*24 CRUNCHEX SALTED WAFERS,C058
5392,195,,10,10,0,false,2025-04-06T07:02:51.320Z,,8906010503611,135GM*24 CRUNCHEX CHILI TADKA WAFERS,C059
5393,195,,2,2,0,false,2025-04-06T07:02:51.320Z,,8906010500511,50GM*120 C.P.NAMKIN (MASALA MASTI),C060
5394,195,,3,3,0,false,2025-04-06T07:02:51.320Z,,8906010501242,45GM*72 WHEELOS MASALA,C070
5395,195,,15,15,0,false,2025-04-06T07:02:51.320Z,,8906010501822,70GM*100 GIPPI MASALA NOODLES,C089
5396,195,,45,45,0,false,2025-04-06T07:02:51.320Z,,8906010500559,22GM*240 MAGDAL,C118
5397,195,,10,10,0,false,2025-04-06T07:02:51.320Z,,8906010500276,22GM*288 SHING BHUJIA,C119
5398,195,,10,10,0,false,2025-04-06T07:02:51.320Z,,8906010500863,22GM*288 NIMBU CHATKA SHING BHUJIA,C120
5399,195,,5,5,0,false,2025-04-06T07:02:51.320Z,,8906010500337,22GM*240 ALOO SEV,C121
5400,195,,10,10,0,false,2025-04-06T07:02:51.320Z,,8906010500429,25GM*240 GATHIYA,C123
5401,195,,5,5,0,false,2025-04-06T07:02:51.320Z,,8906010500306,25GM*240 RATLAMI SEV,C124
5402,195,,15,15,0,false,2025-04-06T07:02:51.320Z,,8906010500702,25GM*240 CHANADAL,C125
5403,195,,4,4,0,false,2025-04-06T07:02:51.320Z,,8906010503420,20GM*288 MASALA PEAS,C126
5404,195,,3,3,0,false,2025-04-06T07:02:51.320Z,,8906010500368,25GM*240 TIKHA MITHA MIX,C127
5405,195,,3,3,0,false,2025-04-06T07:02:51.320Z,,8906010500399,25GM*240 KHATA MITHA MIX,C128
5406,195,,1,1,0,false,2025-04-06T07:02:51.320Z,,8906010502263,25GM*240 NAVRATAN MIX,C132
5407,195,,15,15,0,false,2025-04-06T07:02:51.320Z,,8906010503949,25GM*240 C.P NAMKIN (LASANIYA),C148
5408,195,,24,24,0,false,2025-04-06T07:02:51.320Z,,8906010500078,22GM*240 FARALI CHEVDO,C149
5409,195,,5,5,0,false,2025-04-06T07:02:51.320Z,,8906010503826,30GM*120 RUMBLES HOT CHILI WAFERS,C153
5410,195,,2,2,0,false,2025-04-06T07:02:51.320Z,,8906010504199,22GM*240 KATAK BATAK CHILLI LEMON,C154
5411,195,,2,2,0,false,2025-04-06T07:02:51.320Z,,8906010504250,22GM*240 KATAK BATAK DESI MASALA,C155
5412,195,,3,3,0,false,2025-04-06T07:02:51.320Z,,8906010504359,22GM*120 SNACK'EM CHOKDI MASALA,C160
5413,195,,3,3,0,false,2025-04-06T07:02:51.320Z,,8906010504205,22GM*120 SNACK'EM PONGA MASALA,C161
5414,195,,10,10,0,false,2025-04-06T07:02:51.320Z,,8906010504298,70GM*100 GIPPI FLAMIN' CHILLI NOODLES,C187
5415,195,,2,2,0,false,2025-04-06T07:02:51.320Z,,8906010504281,13GM*24PKT*12JAR OLEE CHOCO STIX,EOO1
5416,195,,5,5,0,false,2025-04-06T07:02:51.320Z,,A1,ADVERTISEMENT MATERIAL HEAVY STAND,A001
5448,196,,30,30,0,false,2025-04-06T07:02:51.402Z,,8906010500023,15GM*192 CRUNCHEM SIMPLY SALTED WAFERS,C001
5449,196,,10,10,0,false,2025-04-06T07:02:51.402Z,,8906010500047,15GM*192 CRUNCHEM MASALA MASTI WAFERS,C002
5450,196,,30,30,0,false,2025-04-06T07:02:51.402Z,,8906010500818,15GM*192 CRUNCHEM CREAM & ONION WAFERS,C003
5451,196,,30,30,0,false,2025-04-06T07:02:51.402Z,,8906010500481,15GM*192 CRUNCHEM TOMATO TWIST WAFERS,C004
5452,196,,10,10,0,false,2025-04-06T07:02:51.402Z,,8906010500474,15GM*192 CRUNCHEM CHAT CHASKA WAFERS,C005
5418,205,,5,5,0,false,2025-04-06T07:02:51.372Z,,8906010500047,15GM*192 CRUNCHEM MASALA MASTI WAFERS,C002
5419,205,,5,5,0,false,2025-04-06T07:02:51.372Z,,8906010500474,15GM*192 CRUNCHEM CHAT CHASKA WAFERS,C005
5420,205,,5,5,0,false,2025-04-06T07:02:51.372Z,,8906010502492,15GM*192 CRUNCHEM PERI PERI WAFERS,C006
5421,205,,15,15,0,false,2025-04-06T07:02:51.372Z,,8906010502294,22GM*192 AMAIZE FLAMIN' HOT NACHOS,C019
5422,205,,48,48,0,false,2025-04-06T07:02:51.372Z,,8906010501228,22GM*120 SCOOPITOS MASALA,C027
5423,205,,29,24,0,false,2025-04-06T07:02:51.372Z,,8906010500900,22GM*120 WHEELOS MASALA,C032
5424,205,,12,12,0,false,2025-04-06T07:02:51.372Z,,8906010502119,25GM*240 C.P.NAMKIN {FLAMIN HOT},C038
5425,205,,6,6,0,false,2025-04-06T07:02:51.372Z,,8906010502973,25GM*192 PAPDI GATHIYA,C039
5426,205,,48,48,0,false,2025-04-06T07:02:51.372Z,,8906010503451,22GM*144 NOODLE STICKS MASALA,C040
5427,205,,20,20,0,false,2025-04-06T07:02:51.372Z,,0_7,22GM*120 GIPPI TORNADO FLAMIN CHILLI,C041
5428,205,,64,64,0,false,2025-04-06T07:02:51.372Z,,8906010502232,22GM*240 PUNJABI TADKA,C042
5429,205,,1,1,0,false,2025-04-06T07:02:51.372Z,,8906010500245,25GM*240 MASALA SEV MURMURA,C044
5430,205,,1,1,0,false,2025-04-06T07:02:51.372Z,,8906010503512,135GM*24 CRUNCHEM SIMPLY SALTED WAFERS,C052
5431,205,,1,1,0,false,2025-04-06T07:02:51.372Z,,8906010503550,135GM*24 CRUNCHEM CREAM & ONION WAFERS,C054
5432,205,,2,2,0,false,2025-04-06T07:02:51.372Z,,8906010503482,135GM*24  CRUNCHEM  TOMATO TWIST WAFERS,C056
5433,205,,2,2,0,false,2025-04-06T07:02:51.372Z,,8906010503543,135GM*24 CRUNCHEM CHAT CHASKA WAFERS,C057
5434,205,,3,3,0,false,2025-04-06T07:02:51.372Z,,8906010504120,24GM*40PKT*6 DUMBAR PEANUT CHIKKI,C062
5435,205,,1,1,0,false,2025-04-06T07:02:51.372Z,,8906010503574,16GM*24PKT*12JAR RICH CHOCOLATE CREAM WAFERS,C066
5436,205,,1,1,0,false,2025-04-06T07:02:51.372Z,,8906010503666,16GM*24PKT*12JAR TANGY ORANGE CREAM WAFERS,C067
5437,205,,1,1,0,false,2025-04-06T07:02:51.372Z,,8906010503697,240GM*20 KHATA MITHA MIX,C093
5438,205,,2,2,0,false,2025-04-06T07:02:51.372Z,,8906010500382,240GM*20 TIKHA MITHA MIX,C094
5439,205,,2,2,0,false,2025-04-06T07:02:51.372Z,,8906010500566,500GM*10 TIKHA MITHA MIX,C104
5440,205,,1,1,0,false,2025-04-06T07:02:51.372Z,,8906010502478,500GM*10 KHATA MITHA MIX,C105
5441,205,,15,15,0,false,2025-04-06T07:02:51.372Z,,8906010500559,22GM*240 MAGDAL,C118
5442,205,,15,15,0,false,2025-04-06T07:02:51.372Z,,8906010500863,22GM*288 NIMBU CHATKA SHING BHUJIA,C120
5443,205,,6,6,0,false,2025-04-06T07:02:51.372Z,,8906010500078,22GM*240 FARALI CHEVDO,C149
5444,205,,2,2,0,false,2025-04-06T07:02:51.372Z,,8906010504199,22GM*240 KATAK BATAK CHILLI LEMON,C154
5445,205,,2,2,0,false,2025-04-06T07:02:51.372Z,,8906010504359,22GM*120 SNACK'EM CHOKDI MASALA,C160
5446,205,,2,2,0,false,2025-04-06T07:02:51.372Z,,8906010504205,22GM*120 SNACK'EM PONGA MASALA,C161
5447,205,,100,100,0,false,2025-04-06T07:02:51.372Z,,A3,ADVERTISEMENT MATERIAL HANGER,A003
5467,197,,30,30,0,false,2025-04-06T07:02:51.446Z,,8906010500023,15GM*192 CRUNCHEM SIMPLY SALTED WAFERS,C001
5468,197,,30,30,0,false,2025-04-06T07:02:51.446Z,,8906010500047,15GM*192 CRUNCHEM MASALA MASTI WAFERS,C002
5469,197,,30,30,0,false,2025-04-06T07:02:51.446Z,,8906010500818,15GM*192 CRUNCHEM CREAM & ONION WAFERS,C003
5470,197,,30,30,0,false,2025-04-06T07:02:51.446Z,,8906010500481,15GM*192 CRUNCHEM TOMATO TWIST WAFERS,C004
5471,197,,30,30,0,false,2025-04-06T07:02:51.446Z,,8906010500474,15GM*192 CRUNCHEM CHAT CHASKA WAFERS,C005
5472,197,,15,15,0,false,2025-04-06T07:02:51.446Z,,8906010502492,15GM*192 CRUNCHEM PERI PERI WAFERS,C006
5473,197,,30,30,0,false,2025-04-06T07:02:51.446Z,,8906010500016,30GM*120 CRUNCHEM SIMPLY SALTED WAFERS,C007
5474,197,,15,15,0,false,2025-04-06T07:02:51.446Z,,8906010500030,30GM*120 CRUNCHEM MASALA MASTI WAFERS,C008
5475,197,,15,15,0,false,2025-04-06T07:02:51.446Z,,8906010500870,30GM*120 CRUNCHEM CREAM & ONION WAFERS,C009
5476,197,,15,15,0,false,2025-04-06T07:02:51.446Z,,8906010501198,30GM*120 CRUNCHEM PIZZY MASALA WAFERS,C010
5477,197,,5,5,0,false,2025-04-06T07:02:51.446Z,,8906010501952,30GM*120 RUMBLES PUDINA TWIST WAFERS,C011
5478,197,,10,10,0,false,2025-04-06T07:02:51.446Z,,8906010500498,30GM*120 CRUNCHEM TOMATO TWIST WAFERS,C012
5479,197,,15,15,0,false,2025-04-06T07:02:51.446Z,,8906010500535,30GM*120 CRUNCHEM CHAT CHASKA WAFERS,C013
5480,197,,15,15,0,false,2025-04-06T07:02:51.446Z,,8906010502508,30GM*120 CRUNCHEM PERI PERI WAFERS,C014
5481,197,,5,5,0,false,2025-04-06T07:02:51.446Z,,8906010500092,30GM*120 CRUNCHEX SALTED WAFERS,C015
5482,197,,15,15,0,false,2025-04-06T07:02:51.446Z,,8906010501570,30GM*120 CRUNCHEX CHILI TADKA WAFERS,C016
5483,197,,5,5,0,false,2025-04-06T07:02:51.446Z,,8906010504311,30GM*120 CRUNCHEX CHILLI LEMON WAFERS,C018
5484,197,,20,20,0,false,2025-04-06T07:02:51.446Z,,8906010502294,22GM*192 AMAIZE FLAMIN' HOT NACHOS,C019
5485,197,,5,5,0,false,2025-04-06T07:02:51.446Z,,8906010502348,22GM*192 AMAIZE CHEESE CHILLI NACHOS,C020
5486,197,,5,5,0,false,2025-04-06T07:02:51.446Z,,8906010502300,45GM*120 AMAIZE FLAMIN' HOT NACHOS,C024
5487,197,,48,48,0,false,2025-04-06T07:02:51.446Z,,8906010501228,22GM*120 SCOOPITOS MASALA,C027
5488,197,,10,10,0,false,2025-04-06T07:02:51.446Z,,8906010500269,22GM*144 POP RINGS MASALA,C029
5489,197,,10,10,0,false,2025-04-06T07:02:51.446Z,,8906010501419,22GM*144 POP RINGS YUMMY CHEESE,C030
5490,197,,34,24,0,false,2025-04-06T07:02:51.446Z,,8906010500900,22GM*120 WHEELOS MASALA,C032
5491,197,,12,12,0,false,2025-04-06T07:02:51.446Z,,8906010503444,22GM*144 FUNNE SPICY PUNCH,C033
5492,197,,48,48,0,false,2025-04-06T07:02:51.446Z,,8906010500764,25GM*240 C.P.NAMKIN {MASALA MASTI},C035
5493,197,,12,12,0,false,2025-04-06T07:02:51.446Z,,8906010500627,25GM*240 C.P.NAMKIN {TANGY TOMATO},C036
5494,197,,30,30,0,false,2025-04-06T07:02:51.446Z,,8906010500894,25GM*240 C.P.NAMKIN {CHINESE CHATKA},C037
5495,197,,24,24,0,false,2025-04-06T07:02:51.446Z,,8906010502119,25GM*240 C.P.NAMKIN {FLAMIN HOT},C038
5496,197,,24,24,0,false,2025-04-06T07:02:51.446Z,,8906010502973,25GM*192 PAPDI GATHIYA,C039
5497,197,,6,6,0,false,2025-04-06T07:02:51.446Z,,8906010503451,22GM*144 NOODLE STICKS MASALA,C040
5498,197,,10,10,0,false,2025-04-06T07:02:51.446Z,,0_7,22GM*120 GIPPI TORNADO FLAMIN CHILLI,C041
5499,197,,32,32,0,false,2025-04-06T07:02:51.446Z,,8906010502232,22GM*240 PUNJABI TADKA,C042
5500,197,,15,15,0,false,2025-04-06T07:02:51.599Z,,8906010500214,25GM*240 SEV MURMURA,C043
5501,197,,30,30,0,false,2025-04-06T07:02:51.599Z,,8906010500245,25GM*240 MASALA SEV MURMURA,C044
5502,197,,5,5,0,false,2025-04-06T07:02:51.599Z,,8906010502041,22GM*240 BHEL MIX,C046
5453,196,,10,10,0,false,2025-04-06T07:02:51.402Z,,8906010502492,15GM*192 CRUNCHEM PERI PERI WAFERS,C006
5454,196,,10,10,0,false,2025-04-06T07:02:51.402Z,,8906010502294,22GM*192 AMAIZE FLAMIN' HOT NACHOS,C019
5455,196,,24,24,0,false,2025-04-06T07:02:51.402Z,,8906010501228,22GM*120 SCOOPITOS MASALA,C027
5456,196,,10,10,0,false,2025-04-06T07:02:51.402Z,,8906010500269,22GM*144 POP RINGS MASALA,C029
5457,196,,10,10,0,false,2025-04-06T07:02:51.402Z,,8906010501419,22GM*144 POP RINGS YUMMY CHEESE,C030
5458,196,,44,24,0,false,2025-04-06T07:02:51.402Z,,8906010500900,22GM*120 WHEELOS MASALA,C032
5459,196,,12,12,0,false,2025-04-06T07:02:51.402Z,,8906010503444,22GM*144 FUNNE SPICY PUNCH,C033
5460,196,,48,48,0,false,2025-04-06T07:02:51.402Z,,8906010500764,25GM*240 C.P.NAMKIN {MASALA MASTI},C035
5461,196,,12,12,0,false,2025-04-06T07:02:51.402Z,,8906010500627,25GM*240 C.P.NAMKIN {TANGY TOMATO},C036
5462,196,,10,10,0,false,2025-04-06T07:02:51.402Z,,8906010500894,25GM*240 C.P.NAMKIN {CHINESE CHATKA},C037
5463,196,,12,12,0,false,2025-04-06T07:02:51.402Z,,8906010502119,25GM*240 C.P.NAMKIN {FLAMIN HOT},C038
5464,196,,24,24,0,false,2025-04-06T07:02:51.402Z,,8906010502973,25GM*192 PAPDI GATHIYA,C039
5465,196,,2,2,0,false,2025-04-06T07:02:51.402Z,,0_7,22GM*120 GIPPI TORNADO FLAMIN CHILLI,C041
5466,196,,16,16,0,false,2025-04-06T07:02:51.402Z,,8906010502232,22GM*240 PUNJABI TADKA,C042
5529,247,,3,3,0,false,2025-04-06T07:02:51.601Z,,8906010503826,30GM*120 RUMBLES HOT CHILI WAFERS,C153
5530,247,,3,3,0,false,2025-04-06T07:02:51.601Z,,8906010504359,22GM*120 SNACK'EM CHOKDI MASALA,C160
5531,247,,2,2,0,false,2025-04-06T07:02:51.601Z,,8906010504205,22GM*120 SNACK'EM PONGA MASALA,C161
5567,246,,48,48,0,false,2025-04-06T07:02:51.676Z,,8906010500764,25GM*240 C.P.NAMKIN {MASALA MASTI},C035
5568,246,,24,24,0,false,2025-04-06T07:02:51.676Z,,8906010500627,25GM*240 C.P.NAMKIN {TANGY TOMATO},C036
5569,246,,24,24,0,false,2025-04-06T07:02:51.676Z,,8906010502973,25GM*192 PAPDI GATHIYA,C039
5570,246,,32,32,0,false,2025-04-06T07:02:51.676Z,,8906010502232,22GM*240 PUNJABI TADKA,C042
5586,241,,90,90,0,false,2025-04-06T07:02:51.752Z,,8906010500023,15GM*192 CRUNCHEM SIMPLY SALTED WAFERS,C001
5587,241,,30,30,0,false,2025-04-06T07:02:51.752Z,,8906010500047,15GM*192 CRUNCHEM MASALA MASTI WAFERS,C002
5588,241,,60,60,0,false,2025-04-06T07:02:51.752Z,,8906010500818,15GM*192 CRUNCHEM CREAM & ONION WAFERS,C003
5589,241,,60,60,0,false,2025-04-06T07:02:51.752Z,,8906010500481,15GM*192 CRUNCHEM TOMATO TWIST WAFERS,C004
5590,241,,30,30,0,false,2025-04-06T07:02:51.752Z,,8906010500474,15GM*192 CRUNCHEM CHAT CHASKA WAFERS,C005
5591,241,,30,30,0,false,2025-04-06T07:02:51.752Z,,8906010502492,15GM*192 CRUNCHEM PERI PERI WAFERS,C006
5592,241,,24,24,0,false,2025-04-06T07:02:51.752Z,,8906010501228,22GM*120 SCOOPITOS MASALA,C027
5593,241,,5,5,0,false,2025-04-06T07:02:51.752Z,,8906010500269,22GM*144 POP RINGS MASALA,C029
5594,241,,5,5,0,false,2025-04-06T07:02:51.752Z,,8906010501419,22GM*144 POP RINGS YUMMY CHEESE,C030
5595,241,,48,48,0,false,2025-04-06T07:02:51.752Z,,8906010500900,22GM*120 WHEELOS MASALA,C032
5596,241,,24,24,0,false,2025-04-06T07:02:51.752Z,,8906010503444,22GM*144 FUNNE SPICY PUNCH,C033
5597,241,,48,48,0,false,2025-04-06T07:02:51.752Z,,8906010500764,25GM*240 C.P.NAMKIN {MASALA MASTI},C035
5598,241,,24,24,0,false,2025-04-06T07:02:51.752Z,,8906010500627,25GM*240 C.P.NAMKIN {TANGY TOMATO},C036
5599,241,,15,15,0,false,2025-04-06T07:02:51.752Z,,8906010500894,25GM*240 C.P.NAMKIN {CHINESE CHATKA},C037
5600,241,,24,24,0,false,2025-04-06T07:02:51.752Z,,8906010502119,25GM*240 C.P.NAMKIN {FLAMIN HOT},C038
5601,241,,24,24,0,false,2025-04-06T07:02:51.752Z,,8906010503451,22GM*144 NOODLE STICKS MASALA,C040
5602,241,,32,32,0,false,2025-04-06T07:02:51.752Z,,8906010502232,22GM*240 PUNJABI TADKA,C042
5603,241,,30,30,0,false,2025-04-06T07:02:51.752Z,,8906010500214,25GM*240 SEV MURMURA,C043
5604,241,,30,30,0,false,2025-04-06T07:02:51.752Z,,8906010500245,25GM*240 MASALA SEV MURMURA,C044
5605,241,,5,5,0,false,2025-04-06T07:02:51.752Z,,8906010503512,135GM*24 CRUNCHEM SIMPLY SALTED WAFERS,C052
5606,241,,5,5,0,false,2025-04-06T07:02:51.752Z,,8906010503529,135GM*24 CRUNCHEM MASALA MASTI WAFERS,C053
5607,241,,5,5,0,false,2025-04-06T07:02:51.752Z,,8906010503550,135GM*24 CRUNCHEM CREAM & ONION WAFERS,C054
5608,241,,5,5,0,false,2025-04-06T07:02:51.752Z,,8906010503482,135GM*24  CRUNCHEM  TOMATO TWIST WAFERS,C056
5609,241,,5,5,0,false,2025-04-06T07:02:51.752Z,,8906010503543,135GM*24 CRUNCHEM CHAT CHASKA WAFERS,C057
5610,241,,2,2,0,false,2025-04-06T07:02:51.752Z,,8906010503611,135GM*24 CRUNCHEX CHILI TADKA WAFERS,C059
5611,241,,1,1,0,false,2025-04-06T07:02:51.752Z,,8906010500511,50GM*120 C.P.NAMKIN (MASALA MASTI),C060
5612,241,,1,1,0,false,2025-04-06T07:02:51.752Z,,8906010500610,50GM*120 C.P.NAMKIN (TANGY TOMATO),C061
5613,241,,90,90,0,false,2025-04-06T07:02:51.752Z,,8906010500559,22GM*240 MAGDAL,C118
5614,241,,30,30,0,false,2025-04-06T07:02:51.752Z,,8906010500276,22GM*288 SHING BHUJIA,C119
5615,241,,30,30,0,false,2025-04-06T07:02:51.752Z,,8906010500863,22GM*288 NIMBU CHATKA SHING BHUJIA,C120
5616,241,,30,30,0,false,2025-04-06T07:02:51.752Z,,8906010500337,22GM*240 ALOO SEV,C121
5617,241,,8,8,0,false,2025-04-06T07:02:51.752Z,,8906010500702,25GM*240 CHANADAL,C125
5618,241,,5,5,0,false,2025-04-06T07:02:51.752Z,,8906010503420,20GM*288 MASALA PEAS,C126
5619,241,,5,5,0,false,2025-04-06T07:02:51.752Z,,8906010500368,25GM*240 TIKHA MITHA MIX,C127
5620,241,,24,24,0,false,2025-04-06T07:02:51.752Z,,8906010500078,22GM*240 FARALI CHEVDO,C149
5682,245,,30,30,0,false,2025-04-06T07:02:51.828Z,,8906010500023,15GM*192 CRUNCHEM SIMPLY SALTED WAFERS,C001
5683,245,,10,10,0,false,2025-04-06T07:02:51.828Z,,8906010500047,15GM*192 CRUNCHEM MASALA MASTI WAFERS,C002
5684,245,,30,30,0,false,2025-04-06T07:02:51.828Z,,8906010500818,15GM*192 CRUNCHEM CREAM & ONION WAFERS,C003
5685,245,,30,30,0,false,2025-04-06T07:02:51.828Z,,8906010500481,15GM*192 CRUNCHEM TOMATO TWIST WAFERS,C004
5686,245,,10,10,0,false,2025-04-06T07:02:51.828Z,,8906010500474,15GM*192 CRUNCHEM CHAT CHASKA WAFERS,C005
5687,245,,5,5,0,false,2025-04-06T07:02:51.828Z,,8906010502492,15GM*192 CRUNCHEM PERI PERI WAFERS,C006
5688,245,,30,30,0,false,2025-04-06T07:02:51.828Z,,8906010500016,30GM*120 CRUNCHEM SIMPLY SALTED WAFERS,C007
5689,245,,15,15,0,false,2025-04-06T07:02:51.828Z,,8906010500030,30GM*120 CRUNCHEM MASALA MASTI WAFERS,C008
5690,245,,15,15,0,false,2025-04-06T07:02:51.828Z,,8906010500870,30GM*120 CRUNCHEM CREAM & ONION WAFERS,C009
5691,245,,15,15,0,false,2025-04-06T07:02:51.828Z,,8906010501198,30GM*120 CRUNCHEM PIZZY MASALA WAFERS,C010
5503,197,,2,2,0,false,2025-04-06T07:02:51.599Z,,8906010503512,135GM*24 CRUNCHEM SIMPLY SALTED WAFERS,C052
5504,197,,4,4,0,false,2025-04-06T07:02:51.599Z,,8906010503550,135GM*24 CRUNCHEM CREAM & ONION WAFERS,C054
5505,197,,3,3,0,false,2025-04-06T07:02:51.599Z,,8906010503482,135GM*24  CRUNCHEM  TOMATO TWIST WAFERS,C056
5506,197,,5,5,0,false,2025-04-06T07:02:51.599Z,,8906010500511,50GM*120 C.P.NAMKIN (MASALA MASTI),C060
5507,197,,2,2,0,false,2025-04-06T07:02:51.599Z,,8906010502133,25GM*240 CHANA JOR GARAM,C076
5508,197,,8,8,0,false,2025-04-06T07:02:51.599Z,,8906010502836,45GM*144 PUNJABI TADKA,C078
5509,197,,20,20,0,false,2025-04-06T07:02:51.599Z,,8906010501822,70GM*100 GIPPI MASALA NOODLES,C089
5510,197,,2,2,0,false,2025-04-06T07:02:51.599Z,,8906010504649,40GM*120 KATAK BATAK HING JEERA,C111
5511,197,,2,2,0,false,2025-04-06T07:02:51.599Z,,8906010502164,45GM*120 KATAK BATAK CHILLI LEMON,C112
5512,197,,45,45,0,false,2025-04-06T07:02:51.599Z,,8906010500559,22GM*240 MAGDAL,C118
5513,197,,15,15,0,false,2025-04-06T07:02:51.599Z,,8906010500276,22GM*288 SHING BHUJIA,C119
5514,197,,5,5,0,false,2025-04-06T07:02:51.599Z,,8906010500863,22GM*288 NIMBU CHATKA SHING BHUJIA,C120
5515,197,,30,30,0,false,2025-04-06T07:02:51.599Z,,8906010500337,22GM*240 ALOO SEV,C121
5516,197,,10,10,0,false,2025-04-06T07:02:51.599Z,,8906010500429,25GM*240 GATHIYA,C123
5517,197,,5,5,0,false,2025-04-06T07:02:51.599Z,,8906010500306,25GM*240 RATLAMI SEV,C124
5518,197,,5,5,0,false,2025-04-06T07:02:51.599Z,,8906010500702,25GM*240 CHANADAL,C125
5519,197,,5,5,0,false,2025-04-06T07:02:51.599Z,,8906010500368,25GM*240 TIKHA MITHA MIX,C127
5520,197,,5,5,0,false,2025-04-06T07:02:51.599Z,,8906010500399,25GM*240 KHATA MITHA MIX,C128
5521,197,,2,2,0,false,2025-04-06T07:02:51.599Z,,8906010502263,25GM*240 NAVRATAN MIX,C132
5522,197,,12,12,0,false,2025-04-06T07:02:51.599Z,,8906010502683,40GM*30 SALTED PEANUTS,C144
5523,197,,15,15,0,false,2025-04-06T07:02:51.599Z,,8906010503949,25GM*240 C.P NAMKIN (LASANIYA),C148
5524,197,,6,6,0,false,2025-04-06T07:02:51.599Z,,8906010500078,22GM*240 FARALI CHEVDO,C149
5525,197,,2,2,0,false,2025-04-06T07:02:51.599Z,,8906010504199,22GM*240 KATAK BATAK CHILLI LEMON,C154
5526,197,,3,3,0,false,2025-04-06T07:02:51.599Z,,8906010504250,22GM*240 KATAK BATAK DESI MASALA,C155
5527,197,,6,6,0,false,2025-04-06T07:02:51.599Z,,8906010504359,22GM*120 SNACK'EM CHOKDI MASALA,C160
5528,197,,10,10,0,false,2025-04-06T07:02:51.599Z,,8906010504298,70GM*100 GIPPI FLAMIN' CHILLI NOODLES,C187
5532,203,,30,30,0,false,2025-04-06T07:02:51.674Z,,8906010500023,15GM*192 CRUNCHEM SIMPLY SALTED WAFERS,C001
5533,203,,5,5,0,false,2025-04-06T07:02:51.674Z,,8906010500047,15GM*192 CRUNCHEM MASALA MASTI WAFERS,C002
5534,203,,30,30,0,false,2025-04-06T07:02:51.674Z,,8906010500818,15GM*192 CRUNCHEM CREAM & ONION WAFERS,C003
5535,203,,15,15,0,false,2025-04-06T07:02:51.674Z,,8906010500481,15GM*192 CRUNCHEM TOMATO TWIST WAFERS,C004
5536,203,,10,10,0,false,2025-04-06T07:02:51.674Z,,8906010500474,15GM*192 CRUNCHEM CHAT CHASKA WAFERS,C005
5537,203,,5,5,0,false,2025-04-06T07:02:51.674Z,,8906010502492,15GM*192 CRUNCHEM PERI PERI WAFERS,C006
5538,203,,5,5,0,false,2025-04-06T07:02:51.674Z,,8906010500016,30GM*120 CRUNCHEM SIMPLY SALTED WAFERS,C007
5539,203,,2,2,0,false,2025-04-06T07:02:51.674Z,,8906010500870,30GM*120 CRUNCHEM CREAM & ONION WAFERS,C009
5540,203,,5,5,0,false,2025-04-06T07:02:51.674Z,,8906010501198,30GM*120 CRUNCHEM PIZZY MASALA WAFERS,C010
5541,203,,5,5,0,false,2025-04-06T07:02:51.674Z,,8906010501952,30GM*120 RUMBLES PUDINA TWIST WAFERS,C011
5542,203,,3,3,0,false,2025-04-06T07:02:51.674Z,,8906010500498,30GM*120 CRUNCHEM TOMATO TWIST WAFERS,C012
5543,203,,5,5,0,false,2025-04-06T07:02:51.674Z,,8906010500535,30GM*120 CRUNCHEM CHAT CHASKA WAFERS,C013
5544,203,,5,5,0,false,2025-04-06T07:02:51.674Z,,8906010502508,30GM*120 CRUNCHEM PERI PERI WAFERS,C014
5545,203,,5,5,0,false,2025-04-06T07:02:51.674Z,,8906010501570,30GM*120 CRUNCHEX CHILI TADKA WAFERS,C016
5546,203,,2,2,0,false,2025-04-06T07:02:51.674Z,,8906010504311,30GM*120 CRUNCHEX CHILLI LEMON WAFERS,C018
5547,203,,10,10,0,false,2025-04-06T07:02:51.674Z,,8906010502294,22GM*192 AMAIZE FLAMIN' HOT NACHOS,C019
5548,203,,12,12,0,false,2025-04-06T07:02:51.674Z,,8906010501228,22GM*120 SCOOPITOS MASALA,C027
5549,203,,5,5,0,false,2025-04-06T07:02:51.674Z,,8906010500269,22GM*144 POP RINGS MASALA,C029
5550,203,,5,5,0,false,2025-04-06T07:02:51.674Z,,8906010501419,22GM*144 POP RINGS YUMMY CHEESE,C030
5551,203,,24,24,0,false,2025-04-06T07:02:51.674Z,,8906010500900,22GM*120 WHEELOS MASALA,C032
5552,203,,6,6,0,false,2025-04-06T07:02:51.674Z,,8906010503444,22GM*144 FUNNE SPICY PUNCH,C033
5553,203,,24,24,0,false,2025-04-06T07:02:51.674Z,,8906010500764,25GM*240 C.P.NAMKIN {MASALA MASTI},C035
5554,203,,12,12,0,false,2025-04-06T07:02:51.674Z,,8906010500627,25GM*240 C.P.NAMKIN {TANGY TOMATO},C036
5555,203,,10,10,0,false,2025-04-06T07:02:51.674Z,,8906010500894,25GM*240 C.P.NAMKIN {CHINESE CHATKA},C037
5556,203,,24,24,0,false,2025-04-06T07:02:51.674Z,,8906010502119,25GM*240 C.P.NAMKIN {FLAMIN HOT},C038
5557,203,,12,12,0,false,2025-04-06T07:02:51.674Z,,8906010502973,25GM*192 PAPDI GATHIYA,C039
5558,203,,24,24,0,false,2025-04-06T07:02:51.674Z,,8906010503451,22GM*144 NOODLE STICKS MASALA,C040
5559,203,,20,20,0,false,2025-04-06T07:02:51.674Z,,8906010504625,22GM*120 GIPPI TORNADO FLAMIN CHILLI,C041
5560,203,,32,32,0,false,2025-04-06T07:02:51.674Z,,8906010502232,22GM*240 PUNJABI TADKA,C042
5561,203,,10,10,0,false,2025-04-06T07:02:51.674Z,,8906010500214,25GM*240 SEV MURMURA,C043
5562,203,,15,15,0,false,2025-04-06T07:02:51.674Z,,8906010500245,25GM*240 MASALA SEV MURMURA,C044
5563,203,,5,5,0,false,2025-04-06T07:02:51.674Z,,8906010502041,22GM*240 BHEL MIX,C046
5564,203,,2,2,0,false,2025-04-06T07:02:51.674Z,,8906010500511,50GM*120 C.P.NAMKIN (MASALA MASTI),C060
5565,203,,3,3,0,false,2025-04-06T07:02:51.674Z,,8906010504120,24GM*40PKT*6 DUMBAR PEANUT CHIKKI,C062
5566,203,,1,1,0,false,2025-04-06T07:02:51.674Z,,8906010503987,SOFT IMLI CANDY ( 3.5GM*220*10 JAR ),C065
5571,204,,15,15,0,false,2025-04-06T07:02:51.750Z,,8906010500023,15GM*192 CRUNCHEM SIMPLY SALTED WAFERS,C001
5572,204,,10,10,0,false,2025-04-06T07:02:51.750Z,,8906010500047,15GM*192 CRUNCHEM MASALA MASTI WAFERS,C002
5573,204,,15,15,0,false,2025-04-06T07:02:51.750Z,,8906010500481,15GM*192 CRUNCHEM TOMATO TWIST WAFERS,C004
5574,204,,10,10,0,false,2025-04-06T07:02:51.750Z,,8906010500474,15GM*192 CRUNCHEM CHAT CHASKA WAFERS,C005
5575,204,,5,5,0,false,2025-04-06T07:02:51.750Z,,8906010500016,30GM*120 CRUNCHEM SIMPLY SALTED WAFERS,C007
5576,204,,5,5,0,false,2025-04-06T07:02:51.750Z,,8906010500870,30GM*120 CRUNCHEM CREAM & ONION WAFERS,C009
5577,204,,5,5,0,false,2025-04-06T07:02:51.750Z,,8906010500498,30GM*120 CRUNCHEM TOMATO TWIST WAFERS,C012
5578,204,,5,5,0,false,2025-04-06T07:02:51.750Z,,8906010500535,30GM*120 CRUNCHEM CHAT CHASKA WAFERS,C013
5579,204,,2,2,0,false,2025-04-06T07:02:51.750Z,,8906010501570,30GM*120 CRUNCHEX CHILI TADKA WAFERS,C016
5580,204,,5,5,0,false,2025-04-06T07:02:51.750Z,,8906010500269,22GM*144 POP RINGS MASALA,C029
5581,204,,5,5,0,false,2025-04-06T07:02:51.750Z,,8906010501419,22GM*144 POP RINGS YUMMY CHEESE,C030
5582,204,,12,12,0,false,2025-04-06T07:02:51.750Z,,8906010503444,22GM*144 FUNNE SPICY PUNCH,C033
5583,204,,24,24,0,false,2025-04-06T07:02:51.750Z,,8906010500764,25GM*240 C.P.NAMKIN {MASALA MASTI},C035
5584,204,,12,12,0,false,2025-04-06T07:02:51.750Z,,8906010500627,25GM*240 C.P.NAMKIN {TANGY TOMATO},C036
5585,204,,10,10,0,false,2025-04-06T07:02:51.750Z,,8906010500894,25GM*240 C.P.NAMKIN {CHINESE CHATKA},C037
5621,207,,30,30,0,false,2025-04-06T07:02:51.824Z,,8906010500023,15GM*192 CRUNCHEM SIMPLY SALTED WAFERS,C001
5622,207,,5,5,0,false,2025-04-06T07:02:51.824Z,,8906010500047,15GM*192 CRUNCHEM MASALA MASTI WAFERS,C002
5623,207,,15,15,0,false,2025-04-06T07:02:51.824Z,,8906010500818,15GM*192 CRUNCHEM CREAM & ONION WAFERS,C003
5624,207,,30,30,0,false,2025-04-06T07:02:51.824Z,,8906010500481,15GM*192 CRUNCHEM TOMATO TWIST WAFERS,C004
5625,207,,4,4,0,false,2025-04-06T07:02:51.824Z,,8906010500474,15GM*192 CRUNCHEM CHAT CHASKA WAFERS,C005
5626,207,,15,15,0,false,2025-04-06T07:02:51.824Z,,8906010500016,30GM*120 CRUNCHEM SIMPLY SALTED WAFERS,C007
5627,207,,10,10,0,false,2025-04-06T07:02:51.824Z,,8906010500030,30GM*120 CRUNCHEM MASALA MASTI WAFERS,C008
5628,207,,10,10,0,false,2025-04-06T07:02:51.824Z,,8906010500870,30GM*120 CRUNCHEM CREAM & ONION WAFERS,C009
5629,207,,10,10,0,false,2025-04-06T07:02:51.824Z,,8906010500498,30GM*120 CRUNCHEM TOMATO TWIST WAFERS,C012
5630,207,,5,5,0,false,2025-04-06T07:02:51.824Z,,8906010500535,30GM*120 CRUNCHEM CHAT CHASKA WAFERS,C013
5631,207,,5,5,0,false,2025-04-06T07:02:51.824Z,,8906010501570,30GM*120 CRUNCHEX CHILI TADKA WAFERS,C016
5632,207,,30,30,0,false,2025-04-06T07:02:51.824Z,,8906010502294,22GM*192 AMAIZE FLAMIN' HOT NACHOS,C019
5633,207,,1,1,0,false,2025-04-06T07:02:51.824Z,,8906010502348,22GM*192 AMAIZE CHEESE CHILLI NACHOS,C020
5634,207,,1,1,0,false,2025-04-06T07:02:51.824Z,,8906010502300,45GM*120 AMAIZE FLAMIN' HOT NACHOS,C024
5635,207,,24,24,0,false,2025-04-06T07:02:51.824Z,,8906010501228,22GM*120 SCOOPITOS MASALA,C027
5636,207,,5,5,0,false,2025-04-06T07:02:51.824Z,,8906010500269,22GM*144 POP RINGS MASALA,C029
5637,207,,1,1,0,false,2025-04-06T07:02:51.824Z,,8906010501419,22GM*144 POP RINGS YUMMY CHEESE,C030
5638,207,,48,48,0,false,2025-04-06T07:02:51.824Z,,8906010500900,22GM*120 WHEELOS MASALA,C032
5639,207,,5,5,0,false,2025-04-06T07:02:51.824Z,,8906010503444,22GM*144 FUNNE SPICY PUNCH,C033
5640,207,,48,48,0,false,2025-04-06T07:02:51.824Z,,8906010500764,25GM*240 C.P.NAMKIN {MASALA MASTI},C035
5641,207,,24,24,0,false,2025-04-06T07:02:51.824Z,,8906010500627,25GM*240 C.P.NAMKIN {TANGY TOMATO},C036
5642,207,,5,5,0,false,2025-04-06T07:02:51.824Z,,8906010500894,25GM*240 C.P.NAMKIN {CHINESE CHATKA},C037
5643,207,,24,24,0,false,2025-04-06T07:02:51.824Z,,8906010502119,25GM*240 C.P.NAMKIN {FLAMIN HOT},C038
5644,207,,4,4,0,false,2025-04-06T07:02:51.824Z,,8906010502973,25GM*192 PAPDI GATHIYA,C039
5645,207,,24,24,0,false,2025-04-06T07:02:51.824Z,,8906010503451,22GM*144 NOODLE STICKS MASALA,C040
5646,207,,16,16,0,false,2025-04-06T07:02:51.824Z,,8906010502232,22GM*240 PUNJABI TADKA,C042
5647,207,,10,10,0,false,2025-04-06T07:02:51.824Z,,8906010500214,25GM*240 SEV MURMURA,C043
5648,207,,10,10,0,false,2025-04-06T07:02:51.824Z,,8906010500245,25GM*240 MASALA SEV MURMURA,C044
5649,207,,3,3,0,false,2025-04-06T07:02:51.824Z,,8906010502041,22GM*240 BHEL MIX,C046
5650,207,,2,2,0,false,2025-04-06T07:02:51.824Z,,8906010503512,135GM*24 CRUNCHEM SIMPLY SALTED WAFERS,C052
5651,207,,5,5,0,false,2025-04-06T07:02:51.824Z,,8906010503529,135GM*24 CRUNCHEM MASALA MASTI WAFERS,C053
5652,207,,2,2,0,false,2025-04-06T07:02:51.824Z,,8906010503550,135GM*24 CRUNCHEM CREAM & ONION WAFERS,C054
5653,207,,5,5,0,false,2025-04-06T07:02:51.824Z,,8906010503482,135GM*24  CRUNCHEM  TOMATO TWIST WAFERS,C056
5654,207,,1,1,0,false,2025-04-06T07:02:51.824Z,,8906010503611,135GM*24 CRUNCHEX CHILI TADKA WAFERS,C059
5655,207,,5,5,0,false,2025-04-06T07:02:51.824Z,,8906010500511,50GM*120 C.P.NAMKIN (MASALA MASTI),C060
5656,207,,3,3,0,false,2025-04-06T07:02:51.824Z,,8906010500610,50GM*120 C.P.NAMKIN (TANGY TOMATO),C061
5657,207,,5,5,0,false,2025-04-06T07:02:51.824Z,,8906010504120,24GM*40PKT*6 DUMBAR PEANUT CHIKKI,C062
5658,207,,1,1,0,false,2025-04-06T07:02:51.824Z,,8906010503574,16GM*24PKT*12JAR RICH CHOCOLATE CREAM WAFERS,C066
5659,207,,8,8,0,false,2025-04-06T07:02:51.824Z,,8906010501242,45GM*72 WHEELOS MASALA,C070
5660,207,,1,1,0,false,2025-04-06T07:02:51.824Z,,8906010503772,50GM*120 PAPDI GATHIYA,C077
5661,207,,5,5,0,false,2025-04-06T07:02:51.824Z,,8906010502836,45GM*144 PUNJABI TADKA,C078
5662,207,,2,2,0,false,2025-04-06T07:02:51.824Z,,8906010500580,210GM*20 RATLAMI SEV,C086
5663,207,,1,1,0,false,2025-04-06T07:02:51.824Z,,8906010500351,210GM*20 ALOO SEV,C088
5664,207,,10,10,0,false,2025-04-06T07:02:51.824Z,,8906010500382,240GM*20 TIKHA MITHA MIX,C094
5665,207,,1,1,0,false,2025-04-06T07:02:51.824Z,,8906010500238,250GM*20 MAGDAL,C096
5666,207,,1,1,0,false,2025-04-06T07:02:51.824Z,,8906010500290,210GM*20 SHING BHUJIA,C097
5667,207,,5,5,0,false,2025-04-06T07:02:51.824Z,,8906010500566,500GM*10 TIKHA MITHA MIX,C104
5668,207,,1,1,0,false,2025-04-06T07:02:51.824Z,,8906010504700,210GM*20 BHUJIA SEV,C110
5669,207,,30,30,0,false,2025-04-06T07:02:51.824Z,,8906010500559,22GM*240 MAGDAL,C118
5670,207,,5,5,0,false,2025-04-06T07:02:51.824Z,,8906010500276,22GM*288 SHING BHUJIA,C119
5671,207,,5,5,0,false,2025-04-06T07:02:51.824Z,,8906010500863,22GM*288 NIMBU CHATKA SHING BHUJIA,C120
5672,207,,3,3,0,false,2025-04-06T07:02:51.824Z,,8906010500337,22GM*240 ALOO SEV,C121
5673,207,,1,1,0,false,2025-04-06T07:02:51.824Z,,8906010500429,25GM*240 GATHIYA,C123
5674,207,,1,1,0,false,2025-04-06T07:02:51.824Z,,8906010503420,20GM*288 MASALA PEAS,C126
5675,207,,1,1,0,false,2025-04-06T07:02:51.824Z,,8906010500221,45GM*144 MAGDAL,C134
5676,207,,12,12,0,false,2025-04-06T07:02:51.824Z,,8906010502683,40GM*30 SALTED PEANUTS,C144
5677,207,,24,24,0,false,2025-04-06T07:02:51.824Z,,8906010500078,22GM*240 FARALI CHEVDO,C149
5678,207,,2,2,0,false,2025-04-06T07:02:51.824Z,,8906010504199,22GM*240 KATAK BATAK CHILLI LEMON,C154
5679,207,,1,1,0,false,2025-04-06T07:02:51.824Z,,8906010504359,22GM*120 SNACK'EM CHOKDI MASALA,C160
5680,207,,4,4,0,false,2025-04-06T07:02:51.824Z,,8906010504205,22GM*120 SNACK'EM PONGA MASALA,C161
5681,207,,5,5,0,false,2025-04-06T07:02:51.824Z,,A2,ADVERTISEMENT MATERIAL BIG STAND,A002
5736,206,,15,15,0,false,2025-04-06T07:02:51.899Z,,8906010500023,15GM*192 CRUNCHEM SIMPLY SALTED WAFERS,C001
5737,206,,5,5,0,false,2025-04-06T07:02:51.899Z,,8906010500047,15GM*192 CRUNCHEM MASALA MASTI WAFERS,C002
5738,206,,5,5,0,false,2025-04-06T07:02:51.899Z,,8906010500818,15GM*192 CRUNCHEM CREAM & ONION WAFERS,C003
5739,206,,5,5,0,false,2025-04-06T07:02:51.899Z,,8906010500481,15GM*192 CRUNCHEM TOMATO TWIST WAFERS,C004
5740,206,,10,10,0,false,2025-04-06T07:02:51.899Z,,8906010502294,22GM*192 AMAIZE FLAMIN' HOT NACHOS,C019
5741,206,,12,12,0,false,2025-04-06T07:02:51.899Z,,8906010501228,22GM*120 SCOOPITOS MASALA,C027
5742,206,,1,1,0,false,2025-04-06T07:02:51.899Z,,8906010501419,22GM*144 POP RINGS YUMMY CHEESE,C030
5743,206,,1,1,0,false,2025-04-06T07:02:51.899Z,,8906010504724,22GM*120 SNACK'EM PONGA PLAIN,C031
5744,206,,12,12,0,false,2025-04-06T07:02:51.899Z,,8906010500900,22GM*120 WHEELOS MASALA,C032
5745,206,,2,2,0,false,2025-04-06T07:02:51.899Z,,8906010503444,22GM*144 FUNNE SPICY PUNCH,C033
5746,206,,6,6,0,false,2025-04-06T07:02:51.899Z,,8906010500764,25GM*240 C.P.NAMKIN {MASALA MASTI},C035
5747,206,,6,6,0,false,2025-04-06T07:02:51.899Z,,8906010500627,25GM*240 C.P.NAMKIN {TANGY TOMATO},C036
5748,206,,5,5,0,false,2025-04-06T07:02:51.899Z,,8906010500894,25GM*240 C.P.NAMKIN {CHINESE CHATKA},C037
5749,206,,12,12,0,false,2025-04-06T07:02:51.899Z,,8906010502119,25GM*240 C.P.NAMKIN {FLAMIN HOT},C038
5750,206,,4,4,0,false,2025-04-06T07:02:51.899Z,,8906010502973,25GM*192 PAPDI GATHIYA,C039
5751,206,,10,10,0,false,2025-04-06T07:02:51.899Z,,8906010503451,22GM*144 NOODLE STICKS MASALA,C040
5752,206,,5,5,0,false,2025-04-06T07:02:51.899Z,,8906010504625,22GM*120 GIPPI TORNADO FLAMIN CHILLI,C041
5753,206,,16,16,0,false,2025-04-06T07:02:51.899Z,,8906010502232,22GM*240 PUNJABI TADKA,C042
5754,206,,5,5,0,false,2025-04-06T07:02:51.899Z,,8906010500245,25GM*240 MASALA SEV MURMURA,C044
5755,206,,2,2,0,false,2025-04-06T07:02:51.899Z,,8906010502591,65GM*72 CRUNCHEM SIMPLY SALTED WAFERS,C047
5756,206,,1,1,0,false,2025-04-06T07:02:51.899Z,,8906010503628,65GM*72 CRUNCHEM TOMATO TWIST WAFERS,C051
5757,206,,3,3,0,false,2025-04-06T07:02:51.899Z,,8906010503550,135GM*24 CRUNCHEM CREAM & ONION WAFERS,C054
5758,206,,5,5,0,false,2025-04-06T07:02:51.899Z,,8906010504120,24GM*40PKT*6 DUMBAR PEANUT CHIKKI,C062
5759,206,,1,1,0,false,2025-04-06T07:02:51.899Z,,8906010503574,16GM*24PKT*12JAR RICH CHOCOLATE CREAM WAFERS,C066
5760,206,,1,1,0,false,2025-04-06T07:02:51.899Z,,8906010503260,16GM*24PKT*12JAR JUICY STRAWBERRY CREAM WAFERS,C068
5761,206,,1,1,0,false,2025-04-06T07:02:51.899Z,,8906010503871,16GM*24PKT*12JAR YUMMY VANILLA CREAM WAFERS,C069
5762,206,,1,1,0,false,2025-04-06T07:02:51.899Z,,8906010500320,235GM*20 FARALICHEVDO,C084
5763,206,,10,10,0,false,2025-04-06T07:02:51.899Z,,8906010501822,70GM*100 GIPPI MASALA NOODLES,C089
5764,206,,15,15,0,false,2025-04-06T07:02:51.899Z,,8906010500382,240GM*20 TIKHA MITHA MIX,C094
5765,206,,2,2,0,false,2025-04-06T07:02:51.899Z,,8906010500238,250GM*20 MAGDAL,C096
5766,206,,5,5,0,false,2025-04-06T07:02:51.899Z,,8906010500566,500GM*10 TIKHA MITHA MIX,C104
5767,206,,10,10,0,false,2025-04-06T07:02:51.899Z,,8906010500559,22GM*240 MAGDAL,C118
5768,206,,3,3,0,false,2025-04-06T07:02:51.899Z,,8906010500863,22GM*288 NIMBU CHATKA SHING BHUJIA,C120
5769,206,,3,3,0,false,2025-04-06T07:02:51.899Z,,8906010500337,22GM*240 ALOO SEV,C121
5770,206,,2,2,0,false,2025-04-06T07:02:51.899Z,,8906010500702,25GM*240 CHANADAL,C125
5771,206,,3,3,0,false,2025-04-06T07:02:51.899Z,,8906010503949,25GM*240 C.P NAMKIN (LASANIYA),C148
5772,206,,6,6,0,false,2025-04-06T07:02:51.899Z,,8906010500078,22GM*240 FARALI CHEVDO,C149
5773,206,,2,2,0,false,2025-04-06T07:02:51.899Z,,8906010504359,22GM*120 SNACK'EM CHOKDI MASALA,C160
5774,206,,2,2,0,false,2025-04-06T07:02:51.899Z,,8906010504205,22GM*120 SNACK'EM PONGA MASALA,C161
5824,208,,60,60,0,false,2025-04-06T07:02:51.974Z,,8906010500023,15GM*192 CRUNCHEM SIMPLY SALTED WAFERS,C001
5825,208,,30,30,0,false,2025-04-06T07:02:51.974Z,,8906010500818,15GM*192 CRUNCHEM CREAM & ONION WAFERS,C003
5826,208,,30,30,0,false,2025-04-06T07:02:51.974Z,,8906010500481,15GM*192 CRUNCHEM TOMATO TWIST WAFERS,C004
5827,208,,10,10,0,false,2025-04-06T07:02:51.974Z,,8906010502492,15GM*192 CRUNCHEM PERI PERI WAFERS,C006
5828,208,,5,5,0,false,2025-04-06T07:02:51.974Z,,8906010500016,30GM*120 CRUNCHEM SIMPLY SALTED WAFERS,C007
5829,208,,5,5,0,false,2025-04-06T07:02:51.974Z,,8906010500030,30GM*120 CRUNCHEM MASALA MASTI WAFERS,C008
5830,208,,15,15,0,false,2025-04-06T07:02:51.974Z,,8906010500870,30GM*120 CRUNCHEM CREAM & ONION WAFERS,C009
5831,208,,5,5,0,false,2025-04-06T07:02:51.974Z,,8906010501198,30GM*120 CRUNCHEM PIZZY MASALA WAFERS,C010
5832,208,,10,10,0,false,2025-04-06T07:02:51.974Z,,8906010500498,30GM*120 CRUNCHEM TOMATO TWIST WAFERS,C012
5833,208,,5,5,0,false,2025-04-06T07:02:51.974Z,,8906010502508,30GM*120 CRUNCHEM PERI PERI WAFERS,C014
5834,208,,20,20,0,false,2025-04-06T07:02:51.974Z,,8906010502294,22GM*192 AMAIZE FLAMIN' HOT NACHOS,C019
5835,208,,3,3,0,false,2025-04-06T07:02:51.974Z,,8906010502348,22GM*192 AMAIZE CHEESE CHILLI NACHOS,C020
5836,208,,1,3,0,false,2025-04-06T07:02:51.974Z,,8906010504663,25GM*240 AMAIZE JALAPENO CORN CHIPS,C021
5837,208,,2,2,0,false,2025-04-06T07:02:51.974Z,,8906010502300,45GM*120 AMAIZE FLAMIN' HOT NACHOS,C024
5838,208,,3,3,0,false,2025-04-06T07:02:51.974Z,,8906010502355,45GM*120 AMAIZE CHEESE CHILLI NACHOS,C025
5839,208,,48,48,0,false,2025-04-06T07:02:51.974Z,,8906010501228,22GM*120 SCOOPITOS MASALA,C027
5840,208,,25,25,0,false,2025-04-06T07:02:51.974Z,,8906010500269,22GM*144 POP RINGS MASALA,C029
5841,208,,10,10,0,false,2025-04-06T07:02:51.974Z,,8906010501419,22GM*144 POP RINGS YUMMY CHEESE,C030
5842,208,,2,2,0,false,2025-04-06T07:02:51.974Z,,8906010504724,22GM*120 SNACK'EM PONGA PLAIN,C031
5843,208,,72,72,0,false,2025-04-06T07:02:51.974Z,,8906010500900,22GM*120 WHEELOS MASALA,C032
5844,208,,24,24,0,false,2025-04-06T07:02:51.974Z,,8906010503444,22GM*144 FUNNE SPICY PUNCH,C033
5845,208,,6,6,0,false,2025-04-06T07:02:51.974Z,,8906010501327,22GM*240 YUMSTIX CHATPATA MASALA,C034
5846,208,,48,48,0,false,2025-04-06T07:02:51.974Z,,8906010500764,25GM*240 C.P.NAMKIN {MASALA MASTI},C035
5692,245,,10,10,0,false,2025-04-06T07:02:51.828Z,,8906010500498,30GM*120 CRUNCHEM TOMATO TWIST WAFERS,C012
5693,245,,15,15,0,false,2025-04-06T07:02:51.828Z,,8906010500535,30GM*120 CRUNCHEM CHAT CHASKA WAFERS,C013
5694,245,,15,15,0,false,2025-04-06T07:02:51.828Z,,8906010502508,30GM*120 CRUNCHEM PERI PERI WAFERS,C014
5695,245,,15,15,0,false,2025-04-06T07:02:51.828Z,,8906010501570,30GM*120 CRUNCHEX CHILI TADKA WAFERS,C016
5696,245,,15,15,0,false,2025-04-06T07:02:51.828Z,,8906010502294,22GM*192 AMAIZE FLAMIN' HOT NACHOS,C019
5697,245,,5,5,0,false,2025-04-06T07:02:51.828Z,,8906010502348,22GM*192 AMAIZE CHEESE CHILLI NACHOS,C020
5698,245,,5,5,0,false,2025-04-06T07:02:51.828Z,,8906010502300,45GM*120 AMAIZE FLAMIN' HOT NACHOS,C024
5699,245,,48,48,0,false,2025-04-06T07:02:51.828Z,,8906010501228,22GM*120 SCOOPITOS MASALA,C027
5700,245,,15,15,0,false,2025-04-06T07:02:51.828Z,,8906010500269,22GM*144 POP RINGS MASALA,C029
5701,245,,20,20,0,false,2025-04-06T07:02:51.828Z,,8906010501419,22GM*144 POP RINGS YUMMY CHEESE,C030
5702,245,,48,48,0,false,2025-04-06T07:02:51.828Z,,8906010500900,22GM*120 WHEELOS MASALA,C032
5703,245,,12,12,0,false,2025-04-06T07:02:51.828Z,,8906010503444,22GM*144 FUNNE SPICY PUNCH,C033
5704,245,,72,72,0,false,2025-04-06T07:02:51.828Z,,8906010500764,25GM*240 C.P.NAMKIN {MASALA MASTI},C035
5705,245,,24,24,0,false,2025-04-06T07:02:51.828Z,,8906010500627,25GM*240 C.P.NAMKIN {TANGY TOMATO},C036
5706,245,,10,10,0,false,2025-04-06T07:02:51.828Z,,8906010500894,25GM*240 C.P.NAMKIN {CHINESE CHATKA},C037
5707,245,,24,24,0,false,2025-04-06T07:02:51.828Z,,8906010502119,25GM*240 C.P.NAMKIN {FLAMIN HOT},C038
5708,245,,12,12,0,false,2025-04-06T07:02:51.828Z,,8906010503451,22GM*144 NOODLE STICKS MASALA,C040
5709,245,,25,25,0,false,2025-04-06T07:02:51.828Z,,8906010504625,22GM*120 GIPPI TORNADO FLAMIN CHILLI,C041
5710,245,,32,32,0,false,2025-04-06T07:02:51.828Z,,8906010502232,22GM*240 PUNJABI TADKA,C042
5711,245,,15,15,0,false,2025-04-06T07:02:51.828Z,,8906010500214,25GM*240 SEV MURMURA,C043
5712,245,,30,30,0,false,2025-04-06T07:02:51.828Z,,8906010500245,25GM*240 MASALA SEV MURMURA,C044
5713,245,,5,5,0,false,2025-04-06T07:02:51.828Z,,8906010502041,22GM*240 BHEL MIX,C046
5714,245,,1,1,0,false,2025-04-06T07:02:51.828Z,,8906010502607,65GM*72 CRUNCHEM MASALA MASTI WAFERS,C048
5715,245,,1,1,0,false,2025-04-06T07:02:51.828Z,,8906010503512,135GM*24 CRUNCHEM SIMPLY SALTED WAFERS,C052
5716,245,,2,2,0,false,2025-04-06T07:02:51.828Z,,8906010503529,135GM*24 CRUNCHEM MASALA MASTI WAFERS,C053
5717,245,,1,1,0,false,2025-04-06T07:02:51.828Z,,8906010503550,135GM*24 CRUNCHEM CREAM & ONION WAFERS,C054
5718,245,,1,1,0,false,2025-04-06T07:02:51.828Z,,8906010503482,135GM*24  CRUNCHEM  TOMATO TWIST WAFERS,C056
5719,245,,1,1,0,false,2025-04-06T07:02:51.828Z,,8906010503543,135GM*24 CRUNCHEM CHAT CHASKA WAFERS,C057
5720,245,,10,10,0,false,2025-04-06T07:02:51.828Z,,8906010500511,50GM*120 C.P.NAMKIN (MASALA MASTI),C060
5721,245,,8,8,0,false,2025-04-06T07:02:51.828Z,,8906010501242,45GM*72 WHEELOS MASALA,C070
5722,245,,4,4,0,false,2025-04-06T07:02:51.828Z,,8906010501822,70GM*100 GIPPI MASALA NOODLES,C089
5723,245,,20,20,0,false,2025-04-06T07:02:51.828Z,,8906010500559,22GM*240 MAGDAL,C118
5724,245,,15,15,0,false,2025-04-06T07:02:51.828Z,,8906010500276,22GM*288 SHING BHUJIA,C119
5725,245,,10,10,0,false,2025-04-06T07:02:51.828Z,,8906010500863,22GM*288 NIMBU CHATKA SHING BHUJIA,C120
5726,245,,30,30,0,false,2025-04-06T07:02:51.828Z,,8906010500337,22GM*240 ALOO SEV,C121
5727,245,,4,4,0,false,2025-04-06T07:02:51.828Z,,8906010500429,25GM*240 GATHIYA,C123
5728,245,,5,5,0,false,2025-04-06T07:02:51.828Z,,8906010500306,25GM*240 RATLAMI SEV,C124
5729,245,,5,5,0,false,2025-04-06T07:02:51.828Z,,8906010500702,25GM*240 CHANADAL,C125
5730,245,,5,5,0,false,2025-04-06T07:02:51.828Z,,8906010500368,25GM*240 TIKHA MITHA MIX,C127
5731,245,,2,2,0,false,2025-04-06T07:02:51.828Z,,8906010502263,25GM*240 NAVRATAN MIX,C132
5732,245,,10,10,0,false,2025-04-06T07:02:51.828Z,,8906010503949,25GM*240 C.P NAMKIN (LASANIYA),C148
5733,245,,10,10,0,false,2025-04-06T07:02:51.828Z,,8906010504359,22GM*120 SNACK'EM CHOKDI MASALA,C160
5734,245,,3,3,0,false,2025-04-06T07:02:51.828Z,,8906010504205,22GM*120 SNACK'EM PONGA MASALA,C161
5735,245,,2,2,0,false,2025-04-06T07:02:51.828Z,,8906010504298,70GM*100 GIPPI FLAMIN' CHILLI NOODLES,C187
5775,250,,30,30,0,false,2025-04-06T07:02:51.905Z,,8906010500023,15GM*192 CRUNCHEM SIMPLY SALTED WAFERS,C001
5776,250,,30,30,0,false,2025-04-06T07:02:51.905Z,,8906010500481,15GM*192 CRUNCHEM TOMATO TWIST WAFERS,C004
5777,250,,15,15,0,false,2025-04-06T07:02:51.905Z,,8906010500870,30GM*120 CRUNCHEM CREAM & ONION WAFERS,C009
5778,250,,2,2,0,false,2025-04-06T07:02:51.905Z,,8906010502300,45GM*120 AMAIZE FLAMIN' HOT NACHOS,C024
5779,250,,96,96,0,false,2025-04-06T07:02:51.905Z,,8906010501228,22GM*120 SCOOPITOS MASALA,C027
5780,250,,48,48,0,false,2025-04-06T07:02:51.905Z,,8906010500900,22GM*120 WHEELOS MASALA,C032
5781,250,,24,24,0,false,2025-04-06T07:02:51.905Z,,8906010503444,22GM*144 FUNNE SPICY PUNCH,C033
5782,250,,4,4,0,false,2025-04-06T07:02:51.905Z,,8906010501327,22GM*240 YUMSTIX CHATPATA MASALA,C034
5783,250,,24,24,0,false,2025-04-06T07:02:51.905Z,,8906010500627,25GM*240 C.P.NAMKIN {TANGY TOMATO},C036
5784,250,,72,72,0,false,2025-04-06T07:02:51.905Z,,8906010502119,25GM*240 C.P.NAMKIN {FLAMIN HOT},C038
5785,250,,24,24,0,false,2025-04-06T07:02:51.905Z,,8906010502973,25GM*192 PAPDI GATHIYA,C039
5786,250,,96,96,0,false,2025-04-06T07:02:51.905Z,,8906010503451,22GM*144 NOODLE STICKS MASALA,C040
5787,250,,20,20,0,false,2025-04-06T07:02:51.905Z,,8906010504625,22GM*120 GIPPI TORNADO FLAMIN CHILLI,C041
5788,250,,64,64,0,false,2025-04-06T07:02:51.905Z,,8906010502232,22GM*240 PUNJABI TADKA,C042
5789,250,,30,30,0,false,2025-04-06T07:02:51.905Z,,8906010500214,25GM*240 SEV MURMURA,C043
5790,250,,60,60,0,false,2025-04-06T07:02:51.905Z,,8906010500245,25GM*240 MASALA SEV MURMURA,C044
5791,250,,30,30,0,false,2025-04-06T07:02:51.905Z,,8906010502041,22GM*240 BHEL MIX,C046
5792,250,,15,15,0,false,2025-04-06T07:02:51.905Z,,8906010503512,135GM*24 CRUNCHEM SIMPLY SALTED WAFERS,C052
5793,250,,5,5,0,false,2025-04-06T07:02:51.905Z,,8906010503529,135GM*24 CRUNCHEM MASALA MASTI WAFERS,C053
5794,250,,5,5,0,false,2025-04-06T07:02:51.905Z,,8906010503550,135GM*24 CRUNCHEM CREAM & ONION WAFERS,C054
5795,250,,5,5,0,false,2025-04-06T07:02:51.905Z,,8906010503482,135GM*24  CRUNCHEM  TOMATO TWIST WAFERS,C056
5796,250,,5,5,0,false,2025-04-06T07:02:51.905Z,,8906010503543,135GM*24 CRUNCHEM CHAT CHASKA WAFERS,C057
5797,250,,5,5,0,false,2025-04-06T07:02:51.905Z,,8906010503611,135GM*24 CRUNCHEX CHILI TADKA WAFERS,C059
5798,250,,2,2,0,false,2025-04-06T07:02:51.905Z,,8906010500511,50GM*120 C.P.NAMKIN (MASALA MASTI),C060
5799,250,,2,2,0,false,2025-04-06T07:02:51.905Z,,8906010500610,50GM*120 C.P.NAMKIN (TANGY TOMATO),C061
5800,250,,6,6,0,false,2025-04-06T07:02:51.905Z,,8906010501242,45GM*72 WHEELOS MASALA,C070
5801,250,,1,1,0,false,2025-04-06T07:02:51.905Z,,8906010500177,25GM*180 BANANA MAST MASALA WAFERS,C074
5802,250,,1,1,0,false,2025-04-06T07:02:51.905Z,,8906010502836,45GM*144 PUNJABI TADKA,C078
5803,250,,2,2,0,false,2025-04-06T07:02:51.905Z,,8906010500542,50GM*120 SEV MURMURA,C080
5804,250,,2,2,0,false,2025-04-06T07:02:51.905Z,,8906010501259,50GM*120 MASALA SEV MURMURA,C081
5805,250,,1,1,0,false,2025-04-06T07:02:51.905Z,,8906010500320,235GM*20 FARALICHEVDO,C084
5806,250,,3,3,0,false,2025-04-06T07:02:51.905Z,,8906010500382,240GM*20 TIKHA MITHA MIX,C094
5807,250,,1,1,0,false,2025-04-06T07:02:51.905Z,,8906010500238,250GM*20 MAGDAL,C096
5808,250,,1,1,0,false,2025-04-06T07:02:51.905Z,,8906010500290,210GM*20 SHING BHUJIA,C097
5809,250,,10,10,0,false,2025-04-06T07:02:51.905Z,,8906010500566,500GM*10 TIKHA MITHA MIX,C104
5810,250,,5,5,0,false,2025-04-06T07:02:51.905Z,,8906010502256,500GM*10 MAGDAL,C108
5811,250,,1,1,0,false,2025-04-06T07:02:51.905Z,,8906010500825,200GM*20 HEALTHY BITES PLAIN KHAKHRA,C113
5812,250,,1,1,0,false,2025-04-06T07:02:51.905Z,,8906010500856,200GM*20 HEALTHY BITES METHI KHAKHRA,C115
5813,250,,1,1,0,false,2025-04-06T07:02:51.905Z,,8906010500849,200GM*20 HEALTHY BITES JEERA KHAKHRA,C116
5814,250,,45,45,0,false,2025-04-06T07:02:51.905Z,,8906010500559,22GM*240 MAGDAL,C118
5815,250,,30,30,0,false,2025-04-06T07:02:51.905Z,,8906010500337,22GM*240 ALOO SEV,C121
5816,250,,10,10,0,false,2025-04-06T07:02:51.905Z,,8906010500429,25GM*240 GATHIYA,C123
5817,250,,5,5,0,false,2025-04-06T07:02:51.905Z,,8906010500702,25GM*240 CHANADAL,C125
5818,250,,10,10,0,false,2025-04-06T07:02:51.905Z,,8906010500368,25GM*240 TIKHA MITHA MIX,C127
5819,250,,15,15,0,false,2025-04-06T07:02:51.905Z,,8906010503949,25GM*240 C.P NAMKIN (LASANIYA),C148
5820,250,,24,24,0,false,2025-04-06T07:02:51.905Z,,8906010500078,22GM*240 FARALI CHEVDO,C149
5821,250,,2,2,0,false,2025-04-06T07:02:51.905Z,,8906010504199,22GM*240 KATAK BATAK CHILLI LEMON,C154
5822,250,,1,1,0,false,2025-04-06T07:02:51.905Z,,8906010504250,22GM*240 KATAK BATAK DESI MASALA,C155
5823,250,,24,24,0,false,2025-04-06T07:02:51.905Z,,8906010504359,22GM*120 SNACK'EM CHOKDI MASALA,C160
5893,251,,30,30,0,false,2025-04-06T07:02:51.982Z,,8906010500023,15GM*192 CRUNCHEM SIMPLY SALTED WAFERS,C001
5894,251,,30,30,0,false,2025-04-06T07:02:51.982Z,,8906010500481,15GM*192 CRUNCHEM TOMATO TWIST WAFERS,C004
5895,251,,30,30,0,false,2025-04-06T07:02:51.982Z,,8906010502294,22GM*192 AMAIZE FLAMIN' HOT NACHOS,C019
5896,251,,5,5,0,false,2025-04-06T07:02:51.982Z,,8906010500269,22GM*144 POP RINGS MASALA,C029
5897,251,,48,48,0,false,2025-04-06T07:02:51.982Z,,8906010500900,22GM*120 WHEELOS MASALA,C032
5898,251,,24,24,0,false,2025-04-06T07:02:51.982Z,,8906010503444,22GM*144 FUNNE SPICY PUNCH,C033
5899,251,,12,12,0,false,2025-04-06T07:02:51.982Z,,8906010500627,25GM*240 C.P.NAMKIN {TANGY TOMATO},C036
5900,251,,12,12,0,false,2025-04-06T07:02:51.982Z,,8906010503451,22GM*144 NOODLE STICKS MASALA,C040
5901,251,,5,5,0,false,2025-04-06T07:02:51.982Z,,8906010501822,70GM*100 GIPPI MASALA NOODLES,C089
5965,253,,120,120,0,false,2025-04-06T07:02:52.065Z,,8906010500023,15GM*192 CRUNCHEM SIMPLY SALTED WAFERS,C001
5966,253,,10,10,0,false,2025-04-06T07:02:52.065Z,,8906010500481,15GM*192 CRUNCHEM TOMATO TWIST WAFERS,C004
5967,253,,60,60,0,false,2025-04-06T07:02:52.065Z,,8906010500016,30GM*120 CRUNCHEM SIMPLY SALTED WAFERS,C007
5968,253,,5,5,0,false,2025-04-06T07:02:52.065Z,,8906010500030,30GM*120 CRUNCHEM MASALA MASTI WAFERS,C008
5969,253,,5,5,0,false,2025-04-06T07:02:52.065Z,,8906010501570,30GM*120 CRUNCHEX CHILI TADKA WAFERS,C016
5970,253,,15,15,0,false,2025-04-06T07:02:52.065Z,,8906010502294,22GM*192 AMAIZE FLAMIN' HOT NACHOS,C019
5971,253,,15,15,0,false,2025-04-06T07:02:52.065Z,,8906010500269,22GM*144 POP RINGS MASALA,C029
5972,253,,12,12,0,false,2025-04-06T07:02:52.065Z,,8906010504724,22GM*120 SNACK'EM PONGA PLAIN,C031
5973,253,,82,72,0,false,2025-04-06T07:02:52.065Z,,8906010500900,22GM*120 WHEELOS MASALA,C032
5974,253,,12,12,0,false,2025-04-06T07:02:52.065Z,,8906010503444,22GM*144 FUNNE SPICY PUNCH,C033
5975,253,,48,48,0,false,2025-04-06T07:02:52.065Z,,8906010500764,25GM*240 C.P.NAMKIN {MASALA MASTI},C035
5976,253,,48,48,0,false,2025-04-06T07:02:52.065Z,,8906010500627,25GM*240 C.P.NAMKIN {TANGY TOMATO},C036
5977,253,,24,24,0,false,2025-04-06T07:02:52.065Z,,8906010502973,25GM*192 PAPDI GATHIYA,C039
5978,253,,24,24,0,false,2025-04-06T07:02:52.065Z,,8906010503451,22GM*144 NOODLE STICKS MASALA,C040
5979,253,,15,15,0,false,2025-04-06T07:02:52.065Z,,8906010504625,22GM*120 GIPPI TORNADO FLAMIN CHILLI,C041
5980,253,,64,64,0,false,2025-04-06T07:02:52.065Z,,8906010502232,22GM*240 PUNJABI TADKA,C042
5981,253,,30,30,0,false,2025-04-06T07:02:52.065Z,,8906010500214,25GM*240 SEV MURMURA,C043
5982,253,,60,60,0,false,2025-04-06T07:02:52.065Z,,8906010500245,25GM*240 MASALA SEV MURMURA,C044
5983,253,,10,10,0,false,2025-04-06T07:02:52.065Z,,8906010503512,135GM*24 CRUNCHEM SIMPLY SALTED WAFERS,C052
5984,253,,5,5,0,false,2025-04-06T07:02:52.065Z,,8906010503550,135GM*24 CRUNCHEM CREAM & ONION WAFERS,C054
5985,253,,5,5,0,false,2025-04-06T07:02:52.065Z,,8906010503482,135GM*24  CRUNCHEM  TOMATO TWIST WAFERS,C056
5986,253,,6,6,0,false,2025-04-06T07:02:52.065Z,,8906010500511,50GM*120 C.P.NAMKIN (MASALA MASTI),C060
5987,253,,3,3,0,false,2025-04-06T07:02:52.065Z,,8906010500610,50GM*120 C.P.NAMKIN (TANGY TOMATO),C061
5988,253,,3,3,0,false,2025-04-06T07:02:52.065Z,,8906010504120,24GM*40PKT*6 DUMBAR PEANUT CHIKKI,C062
5989,253,,1,1,0,false,2025-04-06T07:02:52.065Z,,8906010504083,16GM*24PKT*12JAR CRUNCHYCOCONUTCREAM WAFERS,C063
5990,253,,1,1,0,false,2025-04-06T07:02:52.065Z,,8906010503994,NIMBU PANI CANDY ( 3.5GM*170*12 JAR ),C064
5991,253,,2,2,0,false,2025-04-06T07:02:52.065Z,,8906010503987,SOFT IMLI CANDY ( 3.5GM*220*10 JAR ),C065
5992,253,,1,1,0,false,2025-04-06T07:02:52.065Z,,8906010503574,16GM*24PKT*12JAR RICH CHOCOLATE CREAM WAFERS,C066
5993,253,,1,1,0,false,2025-04-06T07:02:52.065Z,,8906010503666,16GM*24PKT*12JAR TANGY ORANGE CREAM WAFERS,C067
5994,253,,1,1,0,false,2025-04-06T07:02:52.065Z,,8906010503260,16GM*24PKT*12JAR JUICY STRAWBERRY CREAM WAFERS,C068
5995,253,,5,5,0,false,2025-04-06T07:02:52.065Z,,8906010502836,45GM*144 PUNJABI TADKA,C078
5996,253,,3,3,0,false,2025-04-06T07:02:52.065Z,,8906010501259,50GM*120 MASALA SEV MURMURA,C081
5847,208,,12,12,0,false,2025-04-06T07:02:51.974Z,,8906010500627,25GM*240 C.P.NAMKIN {TANGY TOMATO},C036
5848,208,,10,10,0,false,2025-04-06T07:02:51.974Z,,8906010500894,25GM*240 C.P.NAMKIN {CHINESE CHATKA},C037
5849,208,,24,24,0,false,2025-04-06T07:02:51.974Z,,8906010502119,25GM*240 C.P.NAMKIN {FLAMIN HOT},C038
5850,208,,12,12,0,false,2025-04-06T07:02:51.974Z,,8906010502973,25GM*192 PAPDI GATHIYA,C039
5851,208,,24,24,0,false,2025-04-06T07:02:51.974Z,,8906010503451,22GM*144 NOODLE STICKS MASALA,C040
5852,208,,5,5,0,false,2025-04-06T07:02:51.974Z,,8906010504625,22GM*120 GIPPI TORNADO FLAMIN CHILLI,C041
5853,208,,32,32,0,false,2025-04-06T07:02:51.974Z,,8906010502232,22GM*240 PUNJABI TADKA,C042
5854,208,,30,30,0,false,2025-04-06T07:02:51.974Z,,8906010500214,25GM*240 SEV MURMURA,C043
5855,208,,30,30,0,false,2025-04-06T07:02:51.974Z,,8906010500245,25GM*240 MASALA SEV MURMURA,C044
5856,208,,5,5,0,false,2025-04-06T07:02:51.974Z,,8906010502041,22GM*240 BHEL MIX,C046
5857,208,,5,5,0,false,2025-04-06T07:02:51.974Z,,8906010503512,135GM*24 CRUNCHEM SIMPLY SALTED WAFERS,C052
5858,208,,5,5,0,false,2025-04-06T07:02:51.974Z,,8906010503529,135GM*24 CRUNCHEM MASALA MASTI WAFERS,C053
5859,208,,5,5,0,false,2025-04-06T07:02:51.974Z,,8906010503550,135GM*24 CRUNCHEM CREAM & ONION WAFERS,C054
5860,208,,1,1,0,false,2025-04-06T07:02:51.974Z,,8906010503109,135GM*24 RUMBLES PUDINA TWIST WAFERS,C055
5861,208,,5,5,0,false,2025-04-06T07:02:51.974Z,,8906010503482,135GM*24  CRUNCHEM  TOMATO TWIST WAFERS,C056
5862,208,,3,3,0,false,2025-04-06T07:02:51.974Z,,8906010500511,50GM*120 C.P.NAMKIN (MASALA MASTI),C060
5863,208,,5,5,0,false,2025-04-06T07:02:51.974Z,,8906010500610,50GM*120 C.P.NAMKIN (TANGY TOMATO),C061
5864,208,,3,3,0,false,2025-04-06T07:02:51.974Z,,8906010504120,24GM*40PKT*6 DUMBAR PEANUT CHIKKI,C062
5865,208,,1,1,0,false,2025-04-06T07:02:51.974Z,,8906010503994,NIMBU PANI CANDY ( 3.5GM*170*12 JAR ),C064
5866,208,,3,3,0,false,2025-04-06T07:02:51.974Z,,8906010503987,SOFT IMLI CANDY ( 3.5GM*220*10 JAR ),C065
5867,208,,1,1,0,false,2025-04-06T07:02:51.974Z,,8906010503574,16GM*24PKT*12JAR RICH CHOCOLATE CREAM WAFERS,C066
5868,208,,1,1,0,false,2025-04-06T07:02:51.974Z,,8906010503666,16GM*24PKT*12JAR TANGY ORANGE CREAM WAFERS,C067
5869,208,,1,1,0,false,2025-04-06T07:02:51.974Z,,8906010503260,16GM*24PKT*12JAR JUICY STRAWBERRY CREAM WAFERS,C068
5870,208,,1,1,0,false,2025-04-06T07:02:51.974Z,,8906010503871,16GM*24PKT*12JAR YUMMY VANILLA CREAM WAFERS,C069
5871,208,,4,4,0,false,2025-04-06T07:02:51.974Z,,8906010501242,45GM*72 WHEELOS MASALA,C070
5872,208,,5,5,0,false,2025-04-06T07:02:51.974Z,,8906010501488,45GM*90 POP RINGS MASALA,C071
5873,208,,5,5,0,false,2025-04-06T07:02:51.974Z,,8906010501495,45GM*90 POP RINGS YUMMY CHEESE,C072
5874,208,,2,2,0,false,2025-04-06T07:02:51.974Z,,8906010500153,25GM*180 BANANA MAST MARI WAFERS,C073
5875,208,,2,2,0,false,2025-04-06T07:02:51.974Z,,8906010500177,25GM*180 BANANA MAST MASALA WAFERS,C074
5876,208,,5,5,0,false,2025-04-06T07:02:51.974Z,,8906010500382,240GM*20 TIKHA MITHA MIX,C094
5877,208,,5,5,0,false,2025-04-06T07:02:51.974Z,,8906010500566,500GM*10 TIKHA MITHA MIX,C104
5878,208,,45,45,0,false,2025-04-06T07:02:51.974Z,,8906010500559,22GM*240 MAGDAL,C118
5879,208,,15,15,0,false,2025-04-06T07:02:51.974Z,,8906010500276,22GM*288 SHING BHUJIA,C119
5880,208,,15,15,0,false,2025-04-06T07:02:51.974Z,,8906010500863,22GM*288 NIMBU CHATKA SHING BHUJIA,C120
5881,208,,15,15,0,false,2025-04-06T07:02:51.974Z,,8906010500337,22GM*240 ALOO SEV,C121
5882,208,,2,2,0,false,2025-04-06T07:02:51.974Z,,8906010500429,25GM*240 GATHIYA,C123
5883,208,,5,5,0,false,2025-04-06T07:02:51.974Z,,8906010500702,25GM*240 CHANADAL,C125
5884,208,,5,5,0,false,2025-04-06T07:02:51.974Z,,8906010503420,20GM*288 MASALA PEAS,C126
5885,208,,12,12,0,false,2025-04-06T07:02:51.974Z,,8906010502683,40GM*30 SALTED PEANUTS,C144
5886,208,,15,15,0,false,2025-04-06T07:02:51.974Z,,8906010503239,22GM*60 MASALA CHANA,C147
5887,208,,5,5,0,false,2025-04-06T07:02:51.974Z,,8906010503949,25GM*240 C.P NAMKIN (LASANIYA),C148
5888,208,,48,48,0,false,2025-04-06T07:02:51.974Z,,8906010500078,22GM*240 FARALI CHEVDO,C149
5889,208,,6,6,0,false,2025-04-06T07:02:51.974Z,,8906010504359,22GM*120 SNACK'EM CHOKDI MASALA,C160
5890,208,,2,2,0,false,2025-04-06T07:02:51.974Z,,8906010504205,22GM*120 SNACK'EM PONGA MASALA,C161
5891,208,,5,5,0,false,2025-04-06T07:02:51.974Z,,A2,ADVERTISEMENT MATERIAL BIG STAND,A002
5892,208,,100,100,0,false,2025-04-06T07:02:51.974Z,,A3,ADVERTISEMENT MATERIAL HANGER,A003
5902,153,,5,5,0,false,2025-04-06T07:02:52.050Z,,8906010500023,15GM*192 CRUNCHEM SIMPLY SALTED WAFERS,C001
5903,153,,5,5,0,false,2025-04-06T07:02:52.050Z,,8906010500818,15GM*192 CRUNCHEM CREAM & ONION WAFERS,C003
5904,153,,5,5,0,false,2025-04-06T07:02:52.050Z,,8906010502492,15GM*192 CRUNCHEM PERI PERI WAFERS,C006
5905,153,,30,30,0,false,2025-04-06T07:02:52.050Z,,8906010500016,30GM*120 CRUNCHEM SIMPLY SALTED WAFERS,C007
5906,153,,30,30,0,false,2025-04-06T07:02:52.050Z,,8906010500030,30GM*120 CRUNCHEM MASALA MASTI WAFERS,C008
5907,153,,30,30,0,false,2025-04-06T07:02:52.050Z,,8906010500870,30GM*120 CRUNCHEM CREAM & ONION WAFERS,C009
5908,153,,15,15,0,false,2025-04-06T07:02:52.050Z,,8906010501198,30GM*120 CRUNCHEM PIZZY MASALA WAFERS,C010
5909,153,,30,30,0,false,2025-04-06T07:02:52.050Z,,8906010500498,30GM*120 CRUNCHEM TOMATO TWIST WAFERS,C012
5910,153,,30,30,0,false,2025-04-06T07:02:52.050Z,,8906010500535,30GM*120 CRUNCHEM CHAT CHASKA WAFERS,C013
5911,153,,30,30,0,false,2025-04-06T07:02:52.050Z,,8906010502508,30GM*120 CRUNCHEM PERI PERI WAFERS,C014
5912,153,,5,5,0,false,2025-04-06T07:02:52.050Z,,8906010502294,22GM*192 AMAIZE FLAMIN' HOT NACHOS,C019
5913,153,,6,6,0,false,2025-04-06T07:02:52.050Z,,8906010502348,22GM*192 AMAIZE CHEESE CHILLI NACHOS,C020
5914,153,,15,15,0,false,2025-04-06T07:02:52.050Z,,8906010502300,45GM*120 AMAIZE FLAMIN' HOT NACHOS,C024
5915,153,,5,5,0,false,2025-04-06T07:02:52.050Z,,8906010502355,45GM*120 AMAIZE CHEESE CHILLI NACHOS,C025
5916,153,,12,12,0,false,2025-04-06T07:02:52.050Z,,8906010501228,22GM*120 SCOOPITOS MASALA,C027
5917,153,,5,5,0,false,2025-04-06T07:02:52.050Z,,8906010500269,22GM*144 POP RINGS MASALA,C029
5918,153,,5,5,0,false,2025-04-06T07:02:52.050Z,,8906010501419,22GM*144 POP RINGS YUMMY CHEESE,C030
5919,153,,48,48,0,false,2025-04-06T07:02:52.050Z,,8906010500900,22GM*120 WHEELOS MASALA,C032
5920,153,,48,48,0,false,2025-04-06T07:02:52.050Z,,8906010500764,25GM*240 C.P.NAMKIN {MASALA MASTI},C035
5921,153,,48,48,0,false,2025-04-06T07:02:52.050Z,,8906010500627,25GM*240 C.P.NAMKIN {TANGY TOMATO},C036
5922,153,,10,10,0,false,2025-04-06T07:02:52.050Z,,8906010500894,25GM*240 C.P.NAMKIN {CHINESE CHATKA},C037
5923,153,,48,48,0,false,2025-04-06T07:02:52.050Z,,8906010502119,25GM*240 C.P.NAMKIN {FLAMIN HOT},C038
5924,153,,4,4,0,false,2025-04-06T07:02:52.050Z,,8906010502973,25GM*192 PAPDI GATHIYA,C039
5925,153,,16,16,0,false,2025-04-06T07:02:52.050Z,,8906010502232,22GM*240 PUNJABI TADKA,C042
5926,153,,5,5,0,false,2025-04-06T07:02:52.050Z,,8906010500214,25GM*240 SEV MURMURA,C043
5927,153,,5,5,0,false,2025-04-06T07:02:52.050Z,,8906010500245,25GM*240 MASALA SEV MURMURA,C044
5928,153,,5,5,0,false,2025-04-06T07:02:52.050Z,,8906010502041,22GM*240 BHEL MIX,C046
5929,153,,5,5,0,false,2025-04-06T07:02:52.050Z,,8906010503512,135GM*24 CRUNCHEM SIMPLY SALTED WAFERS,C052
5930,153,,15,15,0,false,2025-04-06T07:02:52.050Z,,8906010503550,135GM*24 CRUNCHEM CREAM & ONION WAFERS,C054
5931,153,,5,5,0,false,2025-04-06T07:02:52.050Z,,8906010503109,135GM*24 RUMBLES PUDINA TWIST WAFERS,C055
5932,153,,7,7,0,false,2025-04-06T07:02:52.050Z,,8906010503482,135GM*24  CRUNCHEM  TOMATO TWIST WAFERS,C056
5933,153,,5,5,0,false,2025-04-06T07:02:52.050Z,,8906010503611,135GM*24 CRUNCHEX CHILI TADKA WAFERS,C059
5934,153,,2,2,0,false,2025-04-06T07:02:52.050Z,,8906010500511,50GM*120 C.P.NAMKIN (MASALA MASTI),C060
5935,153,,2,2,0,false,2025-04-06T07:02:52.050Z,,8906010500610,50GM*120 C.P.NAMKIN (TANGY TOMATO),C061
5936,153,,1,1,0,false,2025-04-06T07:02:52.050Z,,8906010503994,NIMBU PANI CANDY ( 3.5GM*170*12 JAR ),C064
5937,153,,2,2,0,false,2025-04-06T07:02:52.050Z,,8906010503574,16GM*24PKT*12JAR RICH CHOCOLATE CREAM WAFERS,C066
5938,153,,1,1,0,false,2025-04-06T07:02:52.050Z,,8906010503666,16GM*24PKT*12JAR TANGY ORANGE CREAM WAFERS,C067
5939,153,,1,1,0,false,2025-04-06T07:02:52.050Z,,8906010503260,16GM*24PKT*12JAR JUICY STRAWBERRY CREAM WAFERS,C068
5940,153,,1,1,0,false,2025-04-06T07:02:52.050Z,,8906010503871,16GM*24PKT*12JAR YUMMY VANILLA CREAM WAFERS,C069
5941,153,,12,12,0,false,2025-04-06T07:02:52.050Z,,8906010501242,45GM*72 WHEELOS MASALA,C070
5942,153,,1,1,0,false,2025-04-06T07:02:52.050Z,,8906010501488,45GM*90 POP RINGS MASALA,C071
5943,153,,1,1,0,false,2025-04-06T07:02:52.050Z,,8906010501495,45GM*90 POP RINGS YUMMY CHEESE,C072
5944,153,,1,1,0,false,2025-04-06T07:02:52.050Z,,8906010502133,25GM*240 CHANA JOR GARAM,C076
5945,153,,1,1,0,false,2025-04-06T07:02:52.050Z,,8906010503772,50GM*120 PAPDI GATHIYA,C077
5946,153,,1,1,0,false,2025-04-06T07:02:52.050Z,,8906010501259,50GM*120 MASALA SEV MURMURA,C081
5947,153,,5,5,0,false,2025-04-06T07:02:52.050Z,,8906010501822,70GM*100 GIPPI MASALA NOODLES,C089
5948,153,,1,1,0,false,2025-04-06T07:02:52.050Z,,8906010500382,240GM*20 TIKHA MITHA MIX,C094
5949,153,,2,2,0,false,2025-04-06T07:02:52.050Z,,8906010500832,200GM*20 HEALTHY BITES MASALA KHAKHRA,C114
5950,153,,1,1,0,false,2025-04-06T07:02:52.050Z,,8906010500856,200GM*20 HEALTHY BITES METHI KHAKHRA,C115
5951,153,,10,10,0,false,2025-04-06T07:02:52.050Z,,8906010500559,22GM*240 MAGDAL,C118
5952,153,,2,2,0,false,2025-04-06T07:02:52.050Z,,8906010500276,22GM*288 SHING BHUJIA,C119
5953,153,,3,3,0,false,2025-04-06T07:02:52.050Z,,8906010500863,22GM*288 NIMBU CHATKA SHING BHUJIA,C120
5954,153,,10,10,0,false,2025-04-06T07:02:52.050Z,,8906010500337,22GM*240 ALOO SEV,C121
5955,153,,4,4,0,false,2025-04-06T07:02:52.050Z,,8906010500429,25GM*240 GATHIYA,C123
5956,153,,5,5,0,false,2025-04-06T07:02:52.050Z,,8906010500221,45GM*144 MAGDAL,C134
5957,153,,1,1,0,false,2025-04-06T07:02:52.050Z,,8906010500283,45GM*180 SHING BHUJIA,C135
5958,153,,1,1,0,false,2025-04-06T07:02:52.050Z,,8906010502676,40GM*180 BHUJIA SEV,C137
5959,153,,12,12,0,false,2025-04-06T07:02:52.050Z,,8906010502683,40GM*30 SALTED PEANUTS,C144
5960,153,,5,5,0,false,2025-04-06T07:02:52.050Z,,8906010503949,25GM*240 C.P NAMKIN (LASANIYA),C148
5961,153,,4,4,0,false,2025-04-06T07:02:52.050Z,,8906010500078,22GM*240 FARALI CHEVDO,C149
5962,153,,2,2,0,false,2025-04-06T07:02:52.050Z,,8906010500085,45GM*180 FARALI CHEVDO,C150
5963,153,,15,15,0,false,2025-04-06T07:02:52.050Z,,8906010503826,30GM*120 RUMBLES HOT CHILI WAFERS,C153
5964,153,,6,6,0,false,2025-04-06T07:02:52.050Z,,8906010504205,22GM*120 SNACK'EM PONGA MASALA,C161
6012,239,,60,60,0,false,2025-04-06T07:02:52.125Z,,8906010500023,15GM*192 CRUNCHEM SIMPLY SALTED WAFERS,C001
6013,239,,60,60,0,false,2025-04-06T07:02:52.125Z,,8906010500818,15GM*192 CRUNCHEM CREAM & ONION WAFERS,C003
6014,239,,60,60,0,false,2025-04-06T07:02:52.125Z,,8906010500481,15GM*192 CRUNCHEM TOMATO TWIST WAFERS,C004
6015,239,,10,10,0,false,2025-04-06T07:02:52.125Z,,8906010500016,30GM*120 CRUNCHEM SIMPLY SALTED WAFERS,C007
6016,239,,15,15,0,false,2025-04-06T07:02:52.125Z,,8906010500030,30GM*120 CRUNCHEM MASALA MASTI WAFERS,C008
6017,239,,30,30,0,false,2025-04-06T07:02:52.125Z,,8906010500870,30GM*120 CRUNCHEM CREAM & ONION WAFERS,C009
6018,239,,15,15,0,false,2025-04-06T07:02:52.125Z,,8906010501198,30GM*120 CRUNCHEM PIZZY MASALA WAFERS,C010
6019,239,,15,15,0,false,2025-04-06T07:02:52.125Z,,8906010500498,30GM*120 CRUNCHEM TOMATO TWIST WAFERS,C012
6020,239,,15,15,0,false,2025-04-06T07:02:52.125Z,,8906010500535,30GM*120 CRUNCHEM CHAT CHASKA WAFERS,C013
6021,239,,10,10,0,false,2025-04-06T07:02:52.125Z,,8906010502508,30GM*120 CRUNCHEM PERI PERI WAFERS,C014
6022,239,,30,30,0,false,2025-04-06T07:02:52.125Z,,8906010501570,30GM*120 CRUNCHEX CHILI TADKA WAFERS,C016
6023,239,,10,10,0,false,2025-04-06T07:02:52.125Z,,8906010502294,22GM*192 AMAIZE FLAMIN' HOT NACHOS,C019
6024,239,,5,5,0,false,2025-04-06T07:02:52.125Z,,8906010502300,45GM*120 AMAIZE FLAMIN' HOT NACHOS,C024
6025,239,,24,24,0,false,2025-04-06T07:02:52.125Z,,8906010501228,22GM*120 SCOOPITOS MASALA,C027
6026,239,,20,20,0,false,2025-04-06T07:02:52.125Z,,8906010501419,22GM*144 POP RINGS YUMMY CHEESE,C030
6027,239,,78,72,0,false,2025-04-06T07:02:52.125Z,,8906010500900,22GM*120 WHEELOS MASALA,C032
6028,239,,48,48,0,false,2025-04-06T07:02:52.125Z,,8906010500764,25GM*240 C.P.NAMKIN {MASALA MASTI},C035
6029,239,,12,12,0,false,2025-04-06T07:02:52.125Z,,8906010500627,25GM*240 C.P.NAMKIN {TANGY TOMATO},C036
6030,239,,10,10,0,false,2025-04-06T07:02:52.125Z,,8906010500894,25GM*240 C.P.NAMKIN {CHINESE CHATKA},C037
6031,239,,24,24,0,false,2025-04-06T07:02:52.125Z,,8906010502119,25GM*240 C.P.NAMKIN {FLAMIN HOT},C038
6032,239,,12,12,0,false,2025-04-06T07:02:52.125Z,,8906010502973,25GM*192 PAPDI GATHIYA,C039
6033,239,,12,12,0,false,2025-04-06T07:02:52.125Z,,8906010503451,22GM*144 NOODLE STICKS MASALA,C040
6034,239,,10,10,0,false,2025-04-06T07:02:52.125Z,,8906010504625,22GM*120 GIPPI TORNADO FLAMIN CHILLI,C041
5997,253,,10,10,0,false,2025-04-06T07:02:52.065Z,,8906010500320,235GM*20 FARALICHEVDO,C084
5998,253,,30,30,0,false,2025-04-06T07:02:52.065Z,,8906010501822,70GM*100 GIPPI MASALA NOODLES,C089
5999,253,,10,10,0,false,2025-04-06T07:02:52.065Z,,8906010500382,240GM*20 TIKHA MITHA MIX,C094
6000,253,,10,10,0,false,2025-04-06T07:02:52.065Z,,8906010500566,500GM*10 TIKHA MITHA MIX,C104
6001,253,,45,45,0,false,2025-04-06T07:02:52.065Z,,8906010500559,22GM*240 MAGDAL,C118
6002,253,,30,30,0,false,2025-04-06T07:02:52.065Z,,8906010500863,22GM*288 NIMBU CHATKA SHING BHUJIA,C120
6003,253,,5,5,0,false,2025-04-06T07:02:52.065Z,,8906010500337,22GM*240 ALOO SEV,C121
6004,253,,5,5,0,false,2025-04-06T07:02:52.065Z,,8906010500429,25GM*240 GATHIYA,C123
6005,253,,5,5,0,false,2025-04-06T07:02:52.065Z,,8906010500702,25GM*240 CHANADAL,C125
6006,253,,3,3,0,false,2025-04-06T07:02:52.065Z,,8906010500221,45GM*144 MAGDAL,C134
6007,253,,48,48,0,false,2025-04-06T07:02:52.065Z,,8906010500078,22GM*240 FARALI CHEVDO,C149
6008,253,,5,5,0,false,2025-04-06T07:02:52.065Z,,8906010500085,45GM*180 FARALI CHEVDO,C150
6009,253,,1,1,0,false,2025-04-06T07:02:52.065Z,,8906010500412,45GM*180 NIMBU CHATKA SHING BHUJIA,V157
6010,253,,12,12,0,false,2025-04-06T07:02:52.065Z,,8906010504359,22GM*120 SNACK'EM CHOKDI MASALA,C160
6011,253,,3,3,0,false,2025-04-06T07:02:52.065Z,,8906010504281,13GM*24PKT*12JAR OLEE CHOCO STIX,EOO1
6035,239,,32,32,0,false,2025-04-06T07:02:52.125Z,,8906010502232,22GM*240 PUNJABI TADKA,C042
6036,239,,15,15,0,false,2025-04-06T07:02:52.125Z,,8906010500214,25GM*240 SEV MURMURA,C043
6037,239,,45,45,0,false,2025-04-06T07:02:52.125Z,,8906010500245,25GM*240 MASALA SEV MURMURA,C044
6038,239,,10,10,0,false,2025-04-06T07:02:52.125Z,,8906010502041,22GM*240 BHEL MIX,C046
6039,239,,3,3,0,false,2025-04-06T07:02:52.125Z,,8906010503512,135GM*24 CRUNCHEM SIMPLY SALTED WAFERS,C052
6040,239,,3,3,0,false,2025-04-06T07:02:52.125Z,,8906010503550,135GM*24 CRUNCHEM CREAM & ONION WAFERS,C054
6041,239,,30,30,0,false,2025-04-06T07:02:52.125Z,,8906010501822,70GM*100 GIPPI MASALA NOODLES,C089
6042,239,,45,45,0,false,2025-04-06T07:02:52.125Z,,8906010500559,22GM*240 MAGDAL,C118
6043,239,,30,30,0,false,2025-04-06T07:02:52.125Z,,8906010500276,22GM*288 SHING BHUJIA,C119
6044,239,,10,10,0,false,2025-04-06T07:02:52.125Z,,8906010500863,22GM*288 NIMBU CHATKA SHING BHUJIA,C120
6045,239,,30,30,0,false,2025-04-06T07:02:52.125Z,,8906010500337,22GM*240 ALOO SEV,C121
6046,239,,10,10,0,false,2025-04-06T07:02:52.125Z,,8906010500429,25GM*240 GATHIYA,C123
6047,239,,2,2,0,false,2025-04-06T07:02:52.125Z,,8906010500306,25GM*240 RATLAMI SEV,C124
6048,239,,5,5,0,false,2025-04-06T07:02:52.125Z,,8906010500702,25GM*240 CHANADAL,C125
6049,239,,5,5,0,false,2025-04-06T07:02:52.125Z,,8906010500368,25GM*240 TIKHA MITHA MIX,C127
6050,239,,1,1,0,false,2025-04-06T07:02:52.125Z,,8906010502263,25GM*240 NAVRATAN MIX,C132
6051,239,,2,2,0,false,2025-04-06T07:02:52.125Z,,8906010504199,22GM*240 KATAK BATAK CHILLI LEMON,C154
6052,239,,5,5,0,false,2025-04-06T07:02:52.125Z,,8906010504359,22GM*120 SNACK'EM CHOKDI MASALA,C160
6053,239,,100,100,0,false,2025-04-06T07:02:52.125Z,,A3,ADVERTISEMENT MATERIAL HANGER,A003
6054,244,,90,90,0,false,2025-04-06T07:02:52.201Z,,8906010500023,15GM*192 CRUNCHEM SIMPLY SALTED WAFERS,C001
6055,244,,30,30,0,false,2025-04-06T07:02:52.201Z,,8906010500818,15GM*192 CRUNCHEM CREAM & ONION WAFERS,C003
6056,244,,60,60,0,false,2025-04-06T07:02:52.201Z,,8906010500481,15GM*192 CRUNCHEM TOMATO TWIST WAFERS,C004
6057,244,,30,30,0,false,2025-04-06T07:02:52.201Z,,8906010500016,30GM*120 CRUNCHEM SIMPLY SALTED WAFERS,C007
6058,244,,5,5,0,false,2025-04-06T07:02:52.201Z,,8906010500030,30GM*120 CRUNCHEM MASALA MASTI WAFERS,C008
6059,244,,30,30,0,false,2025-04-06T07:02:52.201Z,,8906010502294,22GM*192 AMAIZE FLAMIN' HOT NACHOS,C019
6060,244,,5,5,0,false,2025-04-06T07:02:52.201Z,,8906010500269,22GM*144 POP RINGS MASALA,C029
6061,244,,66,48,0,false,2025-04-06T07:02:52.201Z,,8906010500900,22GM*120 WHEELOS MASALA,C032
6062,244,,96,96,0,false,2025-04-06T07:02:52.201Z,,8906010500764,25GM*240 C.P.NAMKIN {MASALA MASTI},C035
6063,244,,72,72,0,false,2025-04-06T07:02:52.201Z,,8906010500627,25GM*240 C.P.NAMKIN {TANGY TOMATO},C036
6064,244,,30,30,0,false,2025-04-06T07:02:52.201Z,,8906010500214,25GM*240 SEV MURMURA,C043
6065,244,,150,150,0,false,2025-04-06T07:02:52.201Z,,8906010500245,25GM*240 MASALA SEV MURMURA,C044
6066,244,,15,15,0,false,2025-04-06T07:02:52.201Z,,8906010502041,22GM*240 BHEL MIX,C046
6067,244,,15,15,0,false,2025-04-06T07:02:52.201Z,,8906010503512,135GM*24 CRUNCHEM SIMPLY SALTED WAFERS,C052
6068,244,,5,5,0,false,2025-04-06T07:02:52.201Z,,8906010501259,50GM*120 MASALA SEV MURMURA,C081
6069,244,,10,10,0,false,2025-04-06T07:02:52.201Z,,8906010500320,235GM*20 FARALICHEVDO,C084
6070,244,,10,10,0,false,2025-04-06T07:02:52.201Z,,8906010501822,70GM*100 GIPPI MASALA NOODLES,C089
6071,244,,10,10,0,false,2025-04-06T07:02:52.201Z,,8906010500382,240GM*20 TIKHA MITHA MIX,C094
6072,244,,10,10,0,false,2025-04-06T07:02:52.201Z,,8906010500566,500GM*10 TIKHA MITHA MIX,C104
6073,244,,10,10,0,false,2025-04-06T07:02:52.201Z,,8906010500559,22GM*240 MAGDAL,C118
6074,244,,15,15,0,false,2025-04-06T07:02:52.201Z,,8906010500276,22GM*288 SHING BHUJIA,C119
6075,244,,15,15,0,false,2025-04-06T07:02:52.201Z,,8906010500863,22GM*288 NIMBU CHATKA SHING BHUJIA,C120
6076,244,,30,30,0,false,2025-04-06T07:02:52.201Z,,8906010500337,22GM*240 ALOO SEV,C121
6077,244,,5,5,0,false,2025-04-06T07:02:52.201Z,,8906010500429,25GM*240 GATHIYA,C123
6078,244,,30,30,0,false,2025-04-06T07:02:52.201Z,,8906010500368,25GM*240 TIKHA MITHA MIX,C127
6079,244,,5,5,0,false,2025-04-06T07:02:52.201Z,,8906010500375,50GM*150 TIKHA MITHA MIX,C140
6080,244,,8,8,0,false,2025-04-06T07:02:52.201Z,,8906010500085,45GM*180 FARALI CHEVDO,C150
6081,244,,3,3,0,false,2025-04-06T07:02:52.201Z,,8906010504281,13GM*24PKT*12JAR OLEE CHOCO STIX,EOO1
6082,217,,60,60,0,false,2025-04-06T07:02:52.277Z,,8906010500023,15GM*192 CRUNCHEM SIMPLY SALTED WAFERS,C001
6083,217,,30,30,0,false,2025-04-06T07:02:52.277Z,,8906010500818,15GM*192 CRUNCHEM CREAM & ONION WAFERS,C003
6084,217,,60,60,0,false,2025-04-06T07:02:52.277Z,,8906010500481,15GM*192 CRUNCHEM TOMATO TWIST WAFERS,C004
6085,217,,30,30,0,false,2025-04-06T07:02:52.277Z,,8906010500016,30GM*120 CRUNCHEM SIMPLY SALTED WAFERS,C007
6086,217,,10,10,0,false,2025-04-06T07:02:52.277Z,,8906010500030,30GM*120 CRUNCHEM MASALA MASTI WAFERS,C008
6087,217,,15,15,0,false,2025-04-06T07:02:52.277Z,,8906010500870,30GM*120 CRUNCHEM CREAM & ONION WAFERS,C009
6088,217,,10,10,0,false,2025-04-06T07:02:52.277Z,,8906010501198,30GM*120 CRUNCHEM PIZZY MASALA WAFERS,C010
6089,217,,30,30,0,false,2025-04-06T07:02:52.277Z,,8906010501952,30GM*120 RUMBLES PUDINA TWIST WAFERS,C011
6090,217,,30,30,0,false,2025-04-06T07:02:52.277Z,,8906010500498,30GM*120 CRUNCHEM TOMATO TWIST WAFERS,C012
6091,217,,15,15,0,false,2025-04-06T07:02:52.277Z,,8906010500535,30GM*120 CRUNCHEM CHAT CHASKA WAFERS,C013
6092,217,,15,15,0,false,2025-04-06T07:02:52.277Z,,8906010502508,30GM*120 CRUNCHEM PERI PERI WAFERS,C014
6093,217,,30,30,0,false,2025-04-06T07:02:52.277Z,,8906010500092,30GM*120 CRUNCHEX SALTED WAFERS,C015
6094,217,,60,60,0,false,2025-04-06T07:02:52.277Z,,8906010501570,30GM*120 CRUNCHEX CHILI TADKA WAFERS,C016
6095,217,,15,15,0,false,2025-04-06T07:02:52.277Z,,8906010504311,30GM*120 CRUNCHEX CHILLI LEMON WAFERS,C018
6096,217,,50,50,0,false,2025-04-06T07:02:52.277Z,,8906010502294,22GM*192 AMAIZE FLAMIN' HOT NACHOS,C019
6097,217,,72,72,0,false,2025-04-06T07:02:52.277Z,,8906010500900,22GM*120 WHEELOS MASALA,C032
6098,217,,72,72,0,false,2025-04-06T07:02:52.277Z,,8906010502973,25GM*192 PAPDI GATHIYA,C039
6099,217,,25,25,0,false,2025-04-06T07:02:52.277Z,,8906010504625,22GM*120 GIPPI TORNADO FLAMIN CHILLI,C041
6100,217,,5,5,0,false,2025-04-06T07:02:52.277Z,,8906010503512,135GM*24 CRUNCHEM SIMPLY SALTED WAFERS,C052
6101,217,,5,5,0,false,2025-04-06T07:02:52.277Z,,8906010503529,135GM*24 CRUNCHEM MASALA MASTI WAFERS,C053
6102,217,,5,5,0,false,2025-04-06T07:02:52.277Z,,8906010503550,135GM*24 CRUNCHEM CREAM & ONION WAFERS,C054
6103,217,,5,5,0,false,2025-04-06T07:02:52.277Z,,8906010503482,135GM*24  CRUNCHEM  TOMATO TWIST WAFERS,C056
6104,217,,5,5,0,false,2025-04-06T07:02:52.277Z,,8906010503611,135GM*24 CRUNCHEX CHILI TADKA WAFERS,C059
6105,217,,6,6,0,false,2025-04-06T07:02:52.277Z,,8906010500511,50GM*120 C.P.NAMKIN (MASALA MASTI),C060
6106,217,,2,2,0,false,2025-04-06T07:02:52.277Z,,8906010504120,24GM*40PKT*6 DUMBAR PEANUT CHIKKI,C062
6107,217,,1,1,0,false,2025-04-06T07:02:52.277Z,,8906010503574,16GM*24PKT*12JAR RICH CHOCOLATE CREAM WAFERS,C066
6108,217,,6,6,0,false,2025-04-06T07:02:52.277Z,,8906010501242,45GM*72 WHEELOS MASALA,C070
6109,217,,2,2,0,false,2025-04-06T07:02:52.277Z,,8906010502133,25GM*240 CHANA JOR GARAM,C076
6110,217,,10,10,0,false,2025-04-06T07:02:52.277Z,,8906010501822,70GM*100 GIPPI MASALA NOODLES,C089
6111,217,,2,2,0,false,2025-04-06T07:02:52.277Z,,8906010502317,400GM*10 SHING BHUJIA,C106
6112,217,,2,2,0,false,2025-04-06T07:02:52.277Z,,8906010502256,500GM*10 MAGDAL,C108
6113,217,,30,30,0,false,2025-04-06T07:02:52.277Z,,8906010500863,22GM*288 NIMBU CHATKA SHING BHUJIA,C120
6114,217,,30,30,0,false,2025-04-06T07:02:52.277Z,,8906010500337,22GM*240 ALOO SEV,C121
6115,217,,5,5,0,false,2025-04-06T07:02:52.277Z,,8906010500702,25GM*240 CHANADAL,C125
6116,217,,30,30,0,false,2025-04-06T07:02:52.277Z,,8906010500368,25GM*240 TIKHA MITHA MIX,C127
6117,217,,45,45,0,false,2025-04-06T07:02:52.277Z,,8906010500399,25GM*240 KHATA MITHA MIX,C128
6118,217,,5,5,0,false,2025-04-06T07:02:52.277Z,,8906010500344,45GM*180 ALOO SEV,C136
6119,217,,30,30,0,false,2025-04-06T07:02:52.277Z,,8906010503949,25GM*240 C.P NAMKIN (LASANIYA),C148
6120,217,,15,15,0,false,2025-04-06T07:02:52.277Z,,8906010503826,30GM*120 RUMBLES HOT CHILI WAFERS,C153
6121,217,,15,15,0,false,2025-04-06T07:02:52.277Z,,8906010504298,70GM*100 GIPPI FLAMIN' CHILLI NOODLES,C187
6122,242,,60,60,0,false,2025-04-06T07:02:52.353Z,,8906010500023,15GM*192 CRUNCHEM SIMPLY SALTED WAFERS,C001
6123,242,,30,30,0,false,2025-04-06T07:02:52.353Z,,8906010500481,15GM*192 CRUNCHEM TOMATO TWIST WAFERS,C004
6124,242,,30,30,0,false,2025-04-06T07:02:52.353Z,,8906010501570,30GM*120 CRUNCHEX CHILI TADKA WAFERS,C016
6125,242,,120,120,0,false,2025-04-06T07:02:52.353Z,,8906010501228,22GM*120 SCOOPITOS MASALA,C027
6126,242,,48,48,0,false,2025-04-06T07:02:52.353Z,,8906010500627,25GM*240 C.P.NAMKIN {TANGY TOMATO},C036
6127,242,,48,48,0,false,2025-04-06T07:02:52.353Z,,8906010502973,25GM*192 PAPDI GATHIYA,C039
6128,242,,96,96,0,false,2025-04-06T07:02:52.353Z,,8906010502232,22GM*240 PUNJABI TADKA,C042
6129,242,,30,30,0,false,2025-04-06T07:02:52.353Z,,8906010500214,25GM*240 SEV MURMURA,C043
6130,242,,150,150,0,false,2025-04-06T07:02:52.353Z,,8906010500245,25GM*240 MASALA SEV MURMURA,C044
6131,242,,15,15,0,false,2025-04-06T07:02:52.353Z,,8906010501822,70GM*100 GIPPI MASALA NOODLES,C089
6132,242,,20,20,0,false,2025-04-06T07:02:52.353Z,,8906010500566,500GM*10 TIKHA MITHA MIX,C104
6133,242,,45,45,0,false,2025-04-06T07:02:52.353Z,,8906010500559,22GM*240 MAGDAL,C118
6134,242,,30,30,0,false,2025-04-06T07:02:52.353Z,,8906010500337,22GM*240 ALOO SEV,C121
6135,242,,120,120,0,false,2025-04-06T07:02:52.353Z,,8906010500368,25GM*240 TIKHA MITHA MIX,C127
6136,242,,15,15,0,false,2025-04-06T07:02:52.353Z,,8906010503239,22GM*60 MASALA CHANA,C147
6137,242,,120,120,0,false,2025-04-06T07:02:52.353Z,,8906010500078,22GM*240 FARALI CHEVDO,C149
6138,247,,15,15,0,false,2025-04-06T07:02:52.429Z,,8906010500023,15GM*192 CRUNCHEM SIMPLY SALTED WAFERS,C001
6139,247,,10,10,0,false,2025-04-06T07:02:52.429Z,,8906010500047,15GM*192 CRUNCHEM MASALA MASTI WAFERS,C002
6140,247,,10,10,0,false,2025-04-06T07:02:52.429Z,,8906010500818,15GM*192 CRUNCHEM CREAM & ONION WAFERS,C003
6141,247,,10,10,0,false,2025-04-06T07:02:52.429Z,,8906010500481,15GM*192 CRUNCHEM TOMATO TWIST WAFERS,C004
6142,247,,5,5,0,false,2025-04-06T07:02:52.429Z,,8906010500474,15GM*192 CRUNCHEM CHAT CHASKA WAFERS,C005
6143,247,,30,30,0,false,2025-04-06T07:02:52.429Z,,8906010500016,30GM*120 CRUNCHEM SIMPLY SALTED WAFERS,C007
6144,247,,15,15,0,false,2025-04-06T07:02:52.429Z,,8906010500030,30GM*120 CRUNCHEM MASALA MASTI WAFERS,C008
6145,247,,30,30,0,false,2025-04-06T07:02:52.429Z,,8906010500870,30GM*120 CRUNCHEM CREAM & ONION WAFERS,C009
6146,247,,15,15,0,false,2025-04-06T07:02:52.429Z,,8906010500498,30GM*120 CRUNCHEM TOMATO TWIST WAFERS,C012
6147,247,,15,15,0,false,2025-04-06T07:02:52.429Z,,8906010500535,30GM*120 CRUNCHEM CHAT CHASKA WAFERS,C013
6148,247,,10,10,0,false,2025-04-06T07:02:52.429Z,,8906010502508,30GM*120 CRUNCHEM PERI PERI WAFERS,C014
6149,247,,5,5,0,false,2025-04-06T07:02:52.429Z,,8906010501570,30GM*120 CRUNCHEX CHILI TADKA WAFERS,C016
6150,247,,10,10,0,false,2025-04-06T07:02:52.429Z,,8906010502294,22GM*192 AMAIZE FLAMIN' HOT NACHOS,C019
6151,247,,2,2,0,false,2025-04-06T07:02:52.429Z,,8906010504663,25GM*240 AMAIZE JALAPENO CORN CHIPS,C021
6152,247,,5,5,0,false,2025-04-06T07:02:52.429Z,,8906010502300,45GM*120 AMAIZE FLAMIN' HOT NACHOS,C024
6153,247,,5,5,0,false,2025-04-06T07:02:52.429Z,,8906010502355,45GM*120 AMAIZE CHEESE CHILLI NACHOS,C025
6154,247,,12,12,0,false,2025-04-06T07:02:52.429Z,,8906010501228,22GM*120 SCOOPITOS MASALA,C027
6155,247,,4,4,0,false,2025-04-06T07:02:52.429Z,,8906010500269,22GM*144 POP RINGS MASALA,C029
6156,247,,4,4,0,false,2025-04-06T07:02:52.429Z,,8906010501419,22GM*144 POP RINGS YUMMY CHEESE,C030
6157,247,,58,48,0,false,2025-04-06T07:02:52.429Z,,8906010500900,22GM*120 WHEELOS MASALA,C032
6158,247,,3,3,0,false,2025-04-06T07:02:52.429Z,,8906010503444,22GM*144 FUNNE SPICY PUNCH,C033
6159,247,,24,24,0,false,2025-04-06T07:02:52.429Z,,8906010500764,25GM*240 C.P.NAMKIN {MASALA MASTI},C035
6160,247,,12,12,0,false,2025-04-06T07:02:52.429Z,,8906010500627,25GM*240 C.P.NAMKIN {TANGY TOMATO},C036
6161,247,,5,5,0,false,2025-04-06T07:02:52.429Z,,8906010500894,25GM*240 C.P.NAMKIN {CHINESE CHATKA},C037
6162,247,,12,12,0,false,2025-04-06T07:02:52.429Z,,8906010502119,25GM*240 C.P.NAMKIN {FLAMIN HOT},C038
6163,247,,12,12,0,false,2025-04-06T07:02:52.429Z,,8906010502973,25GM*192 PAPDI GATHIYA,C039
6164,247,,6,6,0,false,2025-04-06T07:02:52.429Z,,8906010503451,22GM*144 NOODLE STICKS MASALA,C040
6165,247,,5,5,0,false,2025-04-06T07:02:52.429Z,,8906010504625,22GM*120 GIPPI TORNADO FLAMIN CHILLI,C041
6166,247,,16,16,0,false,2025-04-06T07:02:52.429Z,,8906010502232,22GM*240 PUNJABI TADKA,C042
6167,247,,10,10,0,false,2025-04-06T07:02:52.429Z,,8906010500214,25GM*240 SEV MURMURA,C043
6168,247,,15,15,0,false,2025-04-06T07:02:52.429Z,,8906010500245,25GM*240 MASALA SEV MURMURA,C044
6169,247,,5,5,0,false,2025-04-06T07:02:52.429Z,,8906010502041,22GM*240 BHEL MIX,C046
6170,247,,10,10,0,false,2025-04-06T07:02:52.429Z,,8906010503512,135GM*24 CRUNCHEM SIMPLY SALTED WAFERS,C052
6171,247,,10,10,0,false,2025-04-06T07:02:52.429Z,,8906010503529,135GM*24 CRUNCHEM MASALA MASTI WAFERS,C053
6172,247,,15,15,0,false,2025-04-06T07:02:52.429Z,,8906010503550,135GM*24 CRUNCHEM CREAM & ONION WAFERS,C054
6173,247,,10,10,0,false,2025-04-06T07:02:52.429Z,,8906010503482,135GM*24  CRUNCHEM  TOMATO TWIST WAFERS,C056
6174,247,,10,10,0,false,2025-04-06T07:02:52.429Z,,8906010503543,135GM*24 CRUNCHEM CHAT CHASKA WAFERS,C057
6175,247,,5,5,0,false,2025-04-06T07:02:52.429Z,,8906010503611,135GM*24 CRUNCHEX CHILI TADKA WAFERS,C059
6176,247,,10,10,0,false,2025-04-06T07:02:52.429Z,,8906010500511,50GM*120 C.P.NAMKIN (MASALA MASTI),C060
6177,247,,8,8,0,false,2025-04-06T07:02:52.429Z,,8906010500610,50GM*120 C.P.NAMKIN (TANGY TOMATO),C061
6178,247,,24,24,0,false,2025-04-06T07:02:52.429Z,,8906010501242,45GM*72 WHEELOS MASALA,C070
6179,247,,2,2,0,false,2025-04-06T07:02:52.429Z,,8906010501488,45GM*90 POP RINGS MASALA,C071
6180,247,,2,2,0,false,2025-04-06T07:02:52.429Z,,8906010501495,45GM*90 POP RINGS YUMMY CHEESE,C072
6181,247,,3,3,0,false,2025-04-06T07:02:52.429Z,,8906010502836,45GM*144 PUNJABI TADKA,C078
6182,247,,2,2,0,false,2025-04-06T07:02:52.429Z,,8906010500542,50GM*120 SEV MURMURA,C080
6183,247,,5,5,0,false,2025-04-06T07:02:52.429Z,,8906010501259,50GM*120 MASALA SEV MURMURA,C081
6184,247,,1,1,0,false,2025-04-06T07:02:52.429Z,,8906010500320,235GM*20 FARALICHEVDO,C084
6185,247,,1,1,0,false,2025-04-06T07:02:52.429Z,,8906010500351,210GM*20 ALOO SEV,C088
6186,247,,10,10,0,false,2025-04-06T07:02:52.429Z,,8906010501822,70GM*100 GIPPI MASALA NOODLES,C089
6187,247,,1,1,0,false,2025-04-06T07:02:52.429Z,,8906010500382,240GM*20 TIKHA MITHA MIX,C094
6188,247,,1,1,0,false,2025-04-06T07:02:52.429Z,,8906010500238,250GM*20 MAGDAL,C096
6189,247,,10,10,0,false,2025-04-06T07:02:52.429Z,,8906010500559,22GM*240 MAGDAL,C118
6190,247,,5,5,0,false,2025-04-06T07:02:52.429Z,,8906010500276,22GM*288 SHING BHUJIA,C119
6191,247,,2,2,0,false,2025-04-06T07:02:52.429Z,,8906010500863,22GM*288 NIMBU CHATKA SHING BHUJIA,C120
6192,247,,5,5,0,false,2025-04-06T07:02:52.429Z,,8906010500337,22GM*240 ALOO SEV,C121
6193,247,,4,4,0,false,2025-04-06T07:02:52.429Z,,8906010500429,25GM*240 GATHIYA,C123
6194,247,,2,2,0,false,2025-04-06T07:02:52.429Z,,8906010500368,25GM*240 TIKHA MITHA MIX,C127
6195,247,,3,3,0,false,2025-04-06T07:02:52.429Z,,8906010500221,45GM*144 MAGDAL,C134
6196,247,,1,1,0,false,2025-04-06T07:02:52.429Z,,8906010500283,45GM*180 SHING BHUJIA,C135
6197,247,,3,3,0,false,2025-04-06T07:02:52.429Z,,8906010500375,50GM*150 TIKHA MITHA MIX,C140
6198,247,,5,5,0,false,2025-04-06T07:02:52.429Z,,8906010503949,25GM*240 C.P NAMKIN (LASANIYA),C148
6199,247,,6,6,0,false,2025-04-06T07:02:52.429Z,,8906010500078,22GM*240 FARALI CHEVDO,C149
6200,247,,2,2,0,false,2025-04-06T07:02:52.429Z,,8906010500085,45GM*180 FARALI CHEVDO,C150
6202,23,466,10,10,0,false,2025-04-06T07:23:47.663Z,C001,TESTBARCODE,Test Item,C001-Display