id,order_number,date,dealer,plant,status,quantity,amount,created_by_id,created_at,notes,is_backed_up,vehicle_number
12,64382,2025-04-02T15:50:54.359Z,AASWAD ENTERPRISES - SANGAMNER,VALSAD,PENDING DESP,724,521271,5,2025-04-02T04:54:50.158Z,Auto-generated from loading operation #27 when status changed to READY≈DESP. Storekeeper: BADELAL VARMA (DISPATCH {VALSAD}). Vehicle: 77 {GJ-15-AV-4725}. This entry will not be affected if the loading operation is deleted.,false,77 {GJ-15-AV-4725}
13,64356,2025-04-02T15:50:54.359Z,SHREE VYANKATESH TRADERS - WALUJ,VALSAD,PENDING DESP,977,724326,5,2025-04-02T05:04:39.197Z,Auto-generated from loading operation #23 when status changed to READY≈DESP. Storekeeper: BADELAL VARMA (DISPATCH {VALSAD}). Vehicle: 03 {MH-06-AQ-2325}. This entry will not be affected if the loading operation is deleted.,false,03 {MH-06-AQ-2325}
14,64385,2025-04-02T15:50:54.359Z,MAHAVIR TRADERS - PATHARDI,VALSAD,PENDING DESP,898,656464,2,2025-04-02T05:10:13.479Z,Auto-generated from loading operation #26 when status changed to READY≈DESP. Storekeeper: PRIYANK PATEL (DISPATCH {VALSAD}). Vehicle: 26 {MH-46-F-5525}. This entry will not be affected if the loading operation is deleted.,false,26 {MH-46-F-5525}
15,64376,2025-04-02T15:50:54.359Z,VIJAY LAXMI ENTERPRISES - BHIWANDI,VALSAD,PENDING DESP,639,489331,5,2025-04-02T05:34:45.195Z,Auto-generated from loading operation #30 when status changed to READY≈DESP. Storekeeper: BADELAL VARMA (DISPATCH {VALSAD}). Vehicle: 177{GJ-15-AX-4925}. This entry will not be affected if the loading operation is deleted.,false,177{GJ-15-AX-4925}
16,64355,2025-04-02T15:50:54.359Z,JAIN DISTRIBUTORS - C S NAGAR,VALSAD,PENDING DESP,824,634828,4,2025-04-02T05:36:56.773Z,Auto-generated from loading operation #29 when status changed to READY≈DESP. Storekeeper: YAGNIK PATEL (BILLING). Vehicle: 178{GJ-15-AX-5025}. This entry will not be affected if the loading operation is deleted.,false,178{GJ-15-AX-5025}
17,64375,2025-04-02T15:50:54.359Z,AMRITKAR ENTERPRISES - DOMBIVLI,VALSAD,PENDING DESP,233,176386,5,2025-04-02T05:41:57.488Z,Auto-generated from loading operation #32 when status changed to READY≈DESP. Storekeeper: BADELAL VARMA (DISPATCH {VALSAD}). Vehicle: 177{GJ-15-AX-4925}. This entry will not be affected if the loading operation is deleted.,false,177{GJ-15-AX-4925}
18,64377,2025-04-02T15:50:54.359Z,EKDANT ENTERPRISES - TITWALA,VALSAD,PENDING DESP,899,648570,4,2025-04-02T06:27:36.985Z,Auto-generated from loading operation #33 when status changed to READY≈DESP. Storekeeper: YAGNIK PATEL (BILLING). Vehicle: 47 {MH-46-AR-6725}. This entry will not be affected if the loading operation is deleted.,false,47 {MH-46-AR-6725}
20,64365,2025-04-02T15:50:54.359Z,KIRTAN AGENCY - URAN,VALSAD,PENDING DESP,331,232686,5,2025-04-02T06:40:57.684Z,Auto-generated from loading operation #38 when status changed to READY≈DESP. Storekeeper: BADELAL VARMA (DISPATCH {VALSAD}). Vehicle: 95 {GJ-15-AV-6525}. This entry will not be affected if the loading operation is deleted.,false,95 {GJ-15-AV-6525}
21,64374,2025-04-02T15:50:54.359Z,CHHAYA ENTERPRISES - AMBERNATH,VALSAD,PENDING DESP,732,540899,9,2025-04-02T06:45:39.296Z,Auto-generated from loading operation #35 when status changed to READY≈DESP. Storekeeper: PRIYANK PATEL (DISPATCH {VALSAD}). Vehicle: 92 {GJ-15-AV-6225}. This entry will not be affected if the loading operation is deleted.,false,92 {GJ-15-AV-6225}
161,64407,2025-04-03,TANMAY MARKETING - AMBEJOGAI,VALSAD,PENDING DESP,749,0,5,2025-04-03T10:24:36.712Z,Auto-generated from Load Operation #106. Storekeeper: Unknown,false,56{MH-46-BF-3825}
172,64381,2025-04-02,MAHESH ENTERPRISES - HADAPSAR,VALSAD,PENDING DESP,878,0,4,2025-04-03T12:30:03.984Z,Auto-generated from Load Operation #40. Storekeeper: Unknown,false,56{MH-46-BF-3825}
174,64384,2025-04-02,SHREE GAJANAN AGENCIES - SHRIRAMPUR,VALSAD,PENDING DESP,769,0,4,2025-04-03T12:30:03.984Z,Auto-generated from Load Operation #24. Storekeeper: Unknown,false,MH-46-BF-3825
207,64367,2025-04-02,SAI KRUPA ENTERPRISE - KALYAN,VALSAD,PENDING DESP,729,0,3,2025-04-04T01:40:46.182Z,Auto-generated from Load Operation #51. Storekeeper: Unknown,false,56{MH-46-BF-3825}
223,64509,2025-04-04,JAY AMBE TRADERS - JAWAHAR,VALSAD,PENDING DESP,882,0,13,2025-04-04T06:17:46.704Z,Auto-generated from Load Operation #121. Storekeeper: Unknown,false,56{MH-46-BF-3825}
226,64486,2025-04-04,PADMAVATI AGENCY - KATRAJ BIBWEWADI,VALSAD,PENDING DESP,849,0,4,2025-04-04T06:17:47.259Z,Auto-generated from Load Operation #127. Storekeeper: Unknown,false,56{MH-46-BF-3825}
227,64500,2025-04-04,CHHAYA ENTERPRISES - AMBERNATH,VALSAD,PENDING DESP,887,0,11,2025-04-04T06:17:47.612Z,Auto-generated from Load Operation #116. Storekeeper: Unknown,false,56{MH-46-BF-3825}
230,64448,2025-04-03,AVENUE SUPERMARTS LTD - NIMSHIRGAON,VALSAD,PENDING DESP,975,0,3,2025-04-04T06:17:48.080Z,Auto-generated from Load Operation #112. Storekeeper: Unknown,false,56{MH-46-BF-3825}
235,64448,2025-04-03,AVENUE SUPERMARTS LTD - NIMSHIRGAON,VALSAD,PENDING DESP,975,0,3,2025-04-04T06:23:33.034Z,Auto-generated from Load Operation #112. Storekeeper: Unknown,false,56{MH-46-BF-3825}
236,64489,2025-04-04,SHIV ENTERPRISES - KONDHWA,VALSAD,PENDING DESP,828,0,16,2025-04-04T06:23:33.894Z,Auto-generated from Load Operation #118. Storekeeper: Unknown,false,56{MH-46-BF-3825}
237,64511,2025-04-04,BHAIRAV ENTERPRISES - RABALE,VALSAD,PENDING DESP,739,0,11,2025-04-04T06:23:34.518Z,Auto-generated from Load Operation #119. Storekeeper: Unknown,false,56{MH-46-BF-3825}
238,64500,2025-04-04,CHHAYA ENTERPRISES - AMBERNATH,VALSAD,PENDING DESP,887,0,11,2025-04-04T06:23:35.175Z,Auto-generated from Load Operation #116. Storekeeper: Unknown,false,56{MH-46-BF-3825}
241,64515,2025-04-04,SHUBHANKAR AGENCY - PARNER,VALSAD,PENDING DESP,777,0,16,2025-04-04T06:23:35.433Z,Auto-generated from Load Operation #115. Storekeeper: Unknown,false,56{MH-46-BF-3825}
243,64509,2025-04-04,JAY AMBE TRADERS - JAWAHAR,VALSAD,PENDING DESP,882,0,13,2025-04-04T06:23:35.817Z,Auto-generated from Load Operation #121. Storekeeper: Unknown,false,56{MH-46-BF-3825}
245,64359,2025-04-02,OMKAR DISTRIBUTORS - NARAYANGAON,VALSAD,PENDING DESP,879,597271,3,2025-04-04T06:34:16.394Z,Auto-generated from Load Operation #49. Storekeeper: Unknown,false,56{MH-46-BF-3825}
444,64587,2025-04-06,JAIN DISTRIBUTORS - C S NAGAR,VALSAD,PENDING DESP,228,0,3,2025-04-08T09:13:09.742Z,Auto-generated from Load Operation #302. Storekeeper: Unknown,false,56{MH-46-BF-3825}
445,64656,2025-04-07,AARYA ENTERPRISES - NIGDI,VALSAD,PENDING DESP,823,0,4,2025-04-08T09:13:09.743Z,Auto-generated from Load Operation #300. Storekeeper: Unknown,false,56{MH-46-BF-3825}
446,64672,2025-04-07,VIHAN ENTERPRISES - NERAL,VALSAD,PENDING DESP,753,0,4,2025-04-08T09:13:09.747Z,Auto-generated from Load Operation #288. Storekeeper: Unknown,false,56{MH-46-BF-3825}
447,64677,2025-04-07,UMANG AGENCY - SHELAR,VALSAD,PENDING DESP,857,0,5,2025-04-08T09:13:09.762Z,Auto-generated from Load Operation #287. Storekeeper: Unknown,false,56{MH-46-BF-3825}
448,64662,2025-04-07,RUDRA ENTERPRISES - C S NAGAR,VALSAD,PENDING DESP,268,0,5,2025-04-08T09:13:09.766Z,Auto-generated from Load Operation #277. Storekeeper: Unknown,false,56{MH-46-BF-3825}
23,64364,2025-04-02T15:50:54.359Z,VIGHNESH ENTERPRISES - ULWE,VALSAD,PENDING DESP,401,269164,5,2025-04-02T06:54:00.996Z,Auto-generated from loading operation #37 when status changed to READY≈DESP. Storekeeper: BADELAL VARMA (DISPATCH {VALSAD}). Vehicle: 95 {GJ-15-AV-6525}. This entry will not be affected if the loading operation is deleted.,false,95 {GJ-15-AV-6525}
32,64357,2025-04-02T15:50:54.359Z,SATISH ENTERPRISES - GANGAPUR,VALSAD,PENDING DESP,676,451593,9,2025-04-02T08:26:45.137Z,Auto-generated from loading operation #41 when status changed to READY≈DESP. Storekeeper: PRIYANK PATEL (DISPATCH {VALSAD}). Vehicle: 51 {MH-46-BB-9825}. This entry will not be affected if the loading operation is deleted.,false,51 {MH-46-BB-9825}
33,64354,2025-04-02T15:50:54.359Z,BAJRANG TRADERS - C S NAGAR,VALSAD,PENDING DESP,901,708087,5,2025-04-02T08:27:58.940Z,Auto-generated from loading operation #34 when status changed to READY≈DESP. Storekeeper: BADELAL VARMA (DISPATCH {VALSAD}). Vehicle: 03 {MH-06-AQ-2325}. This entry will not be affected if the loading operation is deleted.,false,03 {MH-06-AQ-2325}
34,64380,2025-04-02T15:50:54.359Z,SHREE SAI AGENCIES - NANDED,VALSAD,PENDING DESP,828,522580,4,2025-04-02T08:29:06.295Z,Auto-generated from loading operation #25 when status changed to READY≈DESP. Storekeeper: YAGNIK PATEL (BILLING). Vehicle: 03 {MH-06-AQ-2325}. This entry will not be affected if the loading operation is deleted.,false,03 {MH-06-AQ-2325}
35,64384,2025-04-02T15:50:54.359Z,SHREE GAJANAN AGENCIES - SHRIRAMPUR,VALSAD,PENDING DESP,769,514337,4,2025-04-02T08:29:58.618Z,Auto-generated from loading operation #24 when status changed to READY≈DESP. Storekeeper: YAGNIK PATEL (BILLING). Vehicle: 87{GJ-15-AV-5725}. This entry will not be affected if the loading operation is deleted.,false,87{GJ-15-AV-5725}
36,64381,2025-04-02T15:50:54.359Z,MAHESH ENTERPRISES - HADAPSAR,VALSAD,PENDING DESP,878,630471,4,2025-04-02T08:30:09.819Z,Auto-generated from loading operation #40 when status changed to READY≈DESP. Storekeeper: YAGNIK PATEL (BILLING). Vehicle: 52 {MH-46-BB-9925}. This entry will not be affected if the loading operation is deleted.,false,52 {MH-46-BB-9925}
37,64366,2025-04-02T15:50:54.359Z,NAVYA ENTERPRISES - GHANSOLI,VALSAD,PENDING DESP,1106,675560,9,2025-04-02T08:36:05.645Z,Auto-generated from loading operation #43 when status changed to READY≈DESP. Storekeeper: PRIYANK PATEL (DISPATCH {VALSAD}). Vehicle: 115 {GJ-15-AV-8625}. This entry will not be affected if the loading operation is deleted.,false,115 {GJ-15-AV-8625}
39,64387,2025-04-02T15:50:54.359Z,VAIBHAV AGENCY - AHMEDNAGAR,VALSAD,PENDING DESP,911,616202,5,2025-04-02T08:43:52.296Z,Auto-generated from loading operation #39 when status changed to READY≈DESP. Storekeeper: BADELAL VARMA (DISPATCH {VALSAD}). Vehicle: 52 {MH-46-BB-9925}. This entry will not be affected if the loading operation is deleted.,false,52 {MH-46-BB-9925}
40,64371,2025-04-02T15:50:54.359Z,HASMUKH TEA DEPOT - DAPOLI,VALSAD,PENDING DESP,763,574109,9,2025-04-02T08:46:29.709Z,Auto-generated from loading operation #44 when status changed to READY≈DESP. Storekeeper: PRIYANK PATEL (DISPATCH {VALSAD}). Vehicle: 99 {GJ-15-AV-7125}. This entry will not be affected if the loading operation is deleted.,false,99 {GJ-15-AV-7125}
41,64358,2025-04-02T15:50:54.359Z,SAI AGENCY - KALAS,VALSAD,PENDING DESP,691,508721,5,2025-04-02T08:52:02.740Z,Auto-generated from loading operation #42 when status changed to READY≈DESP. Storekeeper: BADELAL VARMA (DISPATCH {VALSAD}). Vehicle: 73 {GJ-15-AV-4325}. This entry will not be affected if the loading operation is deleted.,false,73 {GJ-15-AV-4325}
42,64353,2025-04-02T15:50:54.359Z,RUDRA ENTERPRISES - C S NAGAR,VALSAD,PENDING DESP,902,685206,4,2025-04-02T09:09:59.353Z,Auto-generated from loading operation #46 when status changed to READY≈DESP. Storekeeper: YAGNIK PATEL (BILLING). Vehicle: 128 {GJ-15-AV-6907}. This entry will not be affected if the loading operation is deleted.,false,128 {GJ-15-AV-6907}
44,64362,2025-04-02T15:50:54.359Z,SATPUTE & SONS - SATARA,VALSAD,PENDING DESP,864,641811,9,2025-04-02T09:42:40.862Z,Auto-generated from loading operation #45 when status changed to READY≈DESP. Storekeeper: PRIYANK PATEL (DISPATCH {VALSAD}). Vehicle: 164{GJ-15-AX-3625}. This entry will not be affected if the loading operation is deleted.,false,164{GJ-15-AX-3625}
46,64373,2025-04-02T15:50:54.359Z,CHHAYA ENTERPRISES - AMBERNATH,VALSAD,PENDING DESP,890,662573,2,2025-04-02T11:01:48.499Z,Auto-generated from loading operation #22 when status changed to READY≈DESP. Storekeeper: PRIYANK PATEL (DISPATCH {VALSAD}). Vehicle: 179{GJ-15-AX-5125}. This entry will not be affected if the loading operation is deleted.,false,179{GJ-15-AX-5125}
48,64360,2025-04-02T15:50:54.359Z,OMKAR DISTRIBUTORS - NARAYANGAON,VALSAD,PENDING DESP,790,629455,3,2025-04-02T11:33:48.553Z,Auto-generated from loading operation #50 when status changed to READY≈DESP. Storekeeper: Yash patel (IT). Vehicle: 108 {GJ-15-AV-7825}. This entry will not be affected if the loading operation is deleted.,false,108 {GJ-15-AV-7825}
49,64367,2025-04-02T15:50:54.359Z,SAI KRUPA ENTERPRISE - KALYAN,VALSAD,PENDING DESP,729,538746,3,2025-04-02T11:35:21.896Z,Auto-generated from loading operation #51 when status changed to READY≈DESP. Storekeeper: Yash patel (IT). Vehicle: 35 {MH-46-AF-7525}. This entry will not be affected if the loading operation is deleted.,false,35 {MH-46-AF-7525}
70,64417,2025-04-03T15:50:54.359Z,JAGDMBA AGENCIES - OMERGA,VALSAD,PENDING DESP,950,0,12,2025-04-02T15:51:06.265Z,Auto-generated from Load Operation #63. Storekeeper: Unknown,false,56{MH-46-BF-3825}
76,64426,2025-04-03T15:50:54.359Z,SANGAM ENTERPRISES - BANER,VALSAD,PENDING DESP,834,0,11,2025-04-02T15:51:08.668Z,Auto-generated from Load Operation #65. Storekeeper: Unknown,false,56{MH-46-BF-3825}
88,64370,2025-04-02T17:50:23.422Z,VAHANVATI AGENCY - KHED,VALSAD,PENDING DESP,812,581353,3,2025-04-02T17:51:20.522Z,Auto-generated from Load Operation #54. Storekeeper: Unknown,false,56{MH-46-BF-3825}
86,64412,2025-04-03T15:50:54.359Z,AMARNATH AGENCY - LATUR,VALSAD,PENDING DESP,496,414610,12,2025-04-02T16:38:24.364Z,Auto-generated from loading operation #67 when status changed to READY≈DESP. Storekeeper: AKSHAY PATEL (DISPATCH {VALSAD}). Vehicle: Not assigned. This entry will not be affected if the loading operation is deleted.,false,Not assigned
87,64427,2025-04-03T15:50:54.359Z,SANGAM ENTERPRISES - BANER,VALSAD,PENDING DESP,648,505318,11,2025-04-02T17:16:47.748Z,Auto-generated from loading operation #66 when status changed to READY≈DESP. Storekeeper: DIVYANG PATEL (DISPATCH {VALSAD}). Vehicle: 95 AV6525. This entry will not be affected if the loading operation is deleted.,false,95 AV6525
89,64433,2025-04-03T15:50:54.359Z,SHRUSHTI ENTERPRISES - KHALAPUR,VALSAD,PENDING DESP,827,593479,14,2025-04-02T23:43:10.133Z,Auto-generated from loading operation #72 when status changed to READY≈DESP. Storekeeper: YASH S PATEL (DISPATCH {VALSAD}). Vehicle: Not assigned. This entry will not be affected if the loading operation is deleted.,false,Not assigned
90,64436,2025-04-03T15:50:54.359Z,SHOURYA ENTERPRISES - RAJAPUR,VALSAD,PENDING DESP,489,369362,5,2025-04-03T04:57:53.883Z,Auto-generated from loading operation #80 when status changed to READY≈DESP. Storekeeper: BADELAL VARMA (DISPATCH {VALSAD}). Vehicle: 78. This entry will not be affected if the loading operation is deleted.,false,78
50,64368,2025-04-02T15:50:54.359Z,PRAGATI SALES AGENCY - VASHI,VALSAD,PENDING DESP,728,569205,3,2025-04-02T11:36:39.697Z,Auto-generated from loading operation #52 when status changed to READY≈DESP. Storekeeper: Yash patel (IT). Vehicle: 64 {GJ-15-AV-2530 }. This entry will not be affected if the loading operation is deleted.,false,64 {GJ-15-AV-2530 }
51,64369,2025-04-02T15:50:54.359Z,PRABHU SALES AGENCY - PANVEL,VALSAD,PENDING DESP,847,629572,3,2025-04-02T11:37:41.080Z,Auto-generated from loading operation #53 when status changed to READY≈DESP. Storekeeper: Yash patel (IT). Vehicle: 69 {GJ-15-AV-2785}. This entry will not be affected if the loading operation is deleted.,false,69 {GJ-15-AV-2785}
53,64378,2025-04-02T15:50:54.359Z,S K SALES - DIVA,VALSAD,PENDING DESP,884,621424,4,2025-04-02T11:40:57.768Z,Auto-generated from loading operation #55 when status changed to READY≈DESP. Storekeeper: YAGNIK PATEL (BILLING). Vehicle: 143{GJ-15-AX-1525}. This entry will not be affected if the loading operation is deleted.,false,143{GJ-15-AX-1525}
54,64379,2025-04-02T15:50:54.359Z,GANESH TRADING CO - BASMAT,VALSAD,PENDING DESP,800,561441,4,2025-04-02T11:41:49.574Z,Auto-generated from loading operation #56 when status changed to READY≈DESP. Storekeeper: YAGNIK PATEL (BILLING). Vehicle: 134 {GJ-15-AX-0525}. This entry will not be affected if the loading operation is deleted.,false,134 {GJ-15-AX-0525}
55,64383,2025-04-02T15:50:54.359Z,MAHESH AGENCY - NEWASA,VALSAD,PENDING DESP,752,552829,4,2025-04-02T11:42:54.339Z,Auto-generated from loading operation #57 when status changed to READY≈DESP. Storekeeper: YAGNIK PATEL (BILLING). Vehicle: 67 {GJ-15-AV-2694}. This entry will not be affected if the loading operation is deleted.,false,67 {GJ-15-AV-2694}
56,64386,2025-04-02T15:50:54.359Z,SHRI GURUKRUPA AGENCIES - AGADGAON,VALSAD,PENDING DESP,963,600976,4,2025-04-02T11:44:30.481Z,Auto-generated from loading operation #58 when status changed to READY≈DESP. Storekeeper: YAGNIK PATEL (BILLING). Vehicle: 146{GJ-15-AX-2525}. This entry will not be affected if the loading operation is deleted.,false,146{GJ-15-AX-2525}
57,64388,2025-04-02T15:50:54.359Z,SONA ENTERPRISES - SHEVGAON,VALSAD,PENDING DESP,877,618954,4,2025-04-02T11:45:40.498Z,Auto-generated from loading operation #59 when status changed to READY≈DESP. Storekeeper: YAGNIK PATEL (BILLING). Vehicle: 159{GJ-15-AX-3025}. This entry will not be affected if the loading operation is deleted.,false,159{GJ-15-AX-3025}
58,64389,2025-04-02T15:50:54.359Z,DNYANESHWAR MAULI ENTERPRISES - KEDGAON,VALSAD,PENDING DESP,870,622581,4,2025-04-02T11:46:57.221Z,Auto-generated from loading operation #60 when status changed to READY≈DESP. Storekeeper: YAGNIK PATEL (BILLING). Vehicle: 147{GJ-15-AX-3225}. This entry will not be affected if the loading operation is deleted.,false,147{GJ-15-AX-3225}
60,64361,2025-04-02T15:50:54.359Z,RAJLAXMI ENTERPRISES - SATARA,VALSAD,PENDING DESP,884,632092,9,2025-04-02T12:14:50.032Z,Auto-generated from loading operation #48 when status changed to READY≈DESP. Storekeeper: PRIYANK PATEL (DISPATCH {VALSAD}). Vehicle: 36 {MH-46-AF-7825}. This entry will not be affected if the loading operation is deleted.,false,36 {MH-46-AF-7825}
62,64372,2025-04-02T15:50:54.359Z,PRAMUKH AGENCY - ROHA,VALSAD,PENDING DESP,738,531836,4,2025-04-02T12:34:21.716Z,Auto-generated from loading operation #61 when status changed to READY≈DESP. Storekeeper: YAGNIK PATEL (BILLING). Vehicle: 96 {GJ-15-AV-6625}. This entry will not be affected if the loading operation is deleted.,false,96 {GJ-15-AV-6625}
110,64441,2025-04-03T15:50:54.359Z,CHHAYA ENTERPRISES - AMBERNATH,VALSAD,PENDING DESP,995,169436,11,2025-04-03T08:07:21.758Z,Auto-generated from Load Operation #70. Storekeeper: Unknown,false,56{MH-46-BF-3825}
173,64374,2025-04-02,CHHAYA ENTERPRISES - AMBERNATH,VALSAD,PENDING DESP,732,0,9,2025-04-03T12:30:03.984Z,Auto-generated from Load Operation #35. Storekeeper: Unknown,false,56{MH-46-BF-3825}
176,64376,2025-04-02,VIJAY LAXMI ENTERPRISES - BHIWANDI,VALSAD,PENDING DESP,639,0,5,2025-04-03T12:30:03.983Z,Auto-generated from Load Operation #30. Storekeeper: Unknown,false,56{MH-46-BF-3825}
181,64416,03-04-2025,KAMLABHAVANI AGENCY - KARMALA,VALSAD,PENDING DESP,325,233035,6,2025-04-03T12:43:18.835Z,Auto-generated from loading operation #109 when status changed to READY≈DESP. Storekeeper: PRIYANK PATEL (DISPATCH {VALSAD}). Vehicle: 69. This entry will not be affected if the loading operation is deleted.,false,69
185,64448,03-04-2025,AVENUE SUPERMARTS LTD - NIMSHIRGAON,VALSAD,PENDING DESP,975,662209,3,2025-04-03T13:00:50.091Z,Auto-generated from loading operation #112 when status changed to READY≈DESP. Storekeeper: Yash patel (IT). Vehicle: Not assigned. This entry will not be affected if the loading operation is deleted.,false,Not assigned
194,64370,2025-04-02,VAHANVATI AGENCY - KHED,VALSAD,PENDING DESP,812,0,3,2025-04-04T01:40:46.095Z,Auto-generated from Load Operation #54. Storekeeper: Unknown,false,56{MH-46-BF-3825}
199,64382,2025-04-02,AASWAD ENTERPRISES - SANGAMNER,VALSAD,PENDING DESP,724,0,5,2025-04-04T01:40:46.115Z,Auto-generated from Load Operation #27. Storekeeper: Unknown,false,56{MH-46-BF-3825}
210,64512,04-04-2025,DHANSHREE AGENCIES - NAGAR KARJAT,VALSAD,PENDING DESP,758,547212,11,2025-04-04T04:22:28.511Z,Auto-generated from loading operation #117 when status changed to READY≈DESP. Storekeeper: DIVYANG PATEL (DISPATCH {VALSAD}). Vehicle: 35. This entry will not be affected if the loading operation is deleted.,false,35
213,64505,04-04-2025,EKDANT ENTERPRISES - TITWALA,VALSAD,PENDING DESP,858,659018,11,2025-04-04T05:16:37.532Z,Auto-generated from loading operation #123 when status changed to READY≈DESP. Storekeeper: DIVYANG PATEL (DISPATCH {VALSAD}). Vehicle: 184. This entry will not be affected if the loading operation is deleted.,false,184
220,64494,04-04-2025,TULJA ENTERPRISES - KHATAV,VALSAD,PENDING DESP,320,236147,5,2025-04-04T06:11:24.007Z,Auto-generated from loading operation #129 when status changed to READY≈DESP. Storekeeper: BADELAL VARMA (DISPATCH {VALSAD}). Vehicle: 99. This entry will not be affected if the loading operation is deleted.,false,99
231,64419,2025-04-03,SIDDHESHWAR AGENCIES - NILANGA,VALSAD,PENDING DESP,863,0,3,2025-04-04T06:17:48.136Z,Auto-generated from Load Operation #113. Storekeeper: Unknown,false,56{MH-46-BF-3825}
239,64419,2025-04-03,SIDDHESHWAR AGENCIES - NILANGA,VALSAD,PENDING DESP,863,0,3,2025-04-04T06:23:35.233Z,Auto-generated from Load Operation #113. Storekeeper: Unknown,false,56{MH-46-BF-3825}
91,64437,2025-04-03T15:50:54.359Z,SUVARNA ENTERPRISES - LANJA,VALSAD,PENDING DESP,250,185778,5,2025-04-03T05:05:12.668Z,Auto-generated from loading operation #79 when status changed to READY≈DESP. Storekeeper: BADELAL VARMA (DISPATCH {VALSAD}). Vehicle: 78. This entry will not be affected if the loading operation is deleted.,false,78
92,64413,2025-04-03T15:50:54.359Z,VISHNUPANT TRADERS - KALAMB,VALSAD,PENDING DESP,436,315392,4,2025-04-03T05:05:28.611Z,Auto-generated from loading operation #75 when status changed to READY≈DESP. Storekeeper: YAGNIK PATEL (BILLING). Vehicle: 160. This entry will not be affected if the loading operation is deleted.,false,160
246,64480,04-04-2025,MAYURESHWAR AGENCIES - KHANDALA,VALSAD,PENDING DESP,402,278757,12,2025-04-04T06:41:10.799Z,Auto-generated from loading operation #134 when status changed to READY≈DESP. Storekeeper: AKSHAY PATEL (DISPATCH {VALSAD}). Vehicle: 87. This entry will not be affected if the loading operation is deleted.,false,87
126,64363,2025-04-02T15:50:54.359Z,SHREE BALAJI SERVICES - JALKOT,VALSAD,PENDING DESP,892,660162,2,2025-04-03T09:07:52.305Z,Auto-generated from loading operation #31 when status changed to READY≈DESP. Storekeeper: PRIYANK PATEL (DISPATCH {VALSAD}). Vehicle: 176 {GJ-15-AX-4825}. This entry will not be affected if the loading operation is deleted.,false,176 {GJ-15-AX-4825}
182,64415,03-04-2025,BHAGWAN MAHAVIR ENTERPRISES - BARSHI,VALSAD,PENDING DESP,615,424877,6,2025-04-03T12:49:01.597Z,Auto-generated from loading operation #108 when status changed to READY≈DESP. Storekeeper: PRIYANK PATEL (DISPATCH {VALSAD}). Vehicle: 69. This entry will not be affected if the loading operation is deleted.,false,69
247,64479,04-04-2025,MAULI ENTERPRISES - BHOR,VALSAD,PENDING DESP,335,239164,12,2025-04-04T06:46:39.885Z,Auto-generated from loading operation #137 when status changed to READY≈DESP. Storekeeper: AKSHAY PATEL (DISPATCH {VALSAD}). Vehicle: 87. This entry will not be affected if the loading operation is deleted.,false,87
186,64419,03-04-2025,SIDDHESHWAR AGENCIES - NILANGA,VALSAD,PENDING DESP,863,610024,3,2025-04-03T13:04:25.044Z,Auto-generated from loading operation #113 when status changed to READY≈DESP. Storekeeper: Yash patel (IT). Vehicle: Not assigned. This entry will not be affected if the loading operation is deleted.,false,Not assigned
147,64445,2025-04-03T15:50:54.359Z,GURUKRUPA ENTERPRISES - KALAMBOLI,VALSAD,PENDING DESP,900,0,14,2025-04-03T09:53:24.838Z,Auto-generated from Load Operation #69. Storekeeper: Unknown,false,56{MH-46-BF-3825}
200,64418,2025-04-03,SAI AGENCY - UJANI,VALSAD,PENDING DESP,809,0,11,2025-04-04T01:40:46.119Z,Auto-generated from Load Operation #68. Storekeeper: Unknown,false,56{MH-46-BF-3825}
164,64361,2025-04-02,RAJLAXMI ENTERPRISES - SATARA,VALSAD,PENDING DESP,894,0,9,2025-04-03T12:30:03.901Z,Auto-generated from Load Operation #48. Storekeeper: Unknown,false,56{MH-46-BF-3825}
170,64388,2025-04-02,SONA ENTERPRISES - SHEVGAON,VALSAD,PENDING DESP,879,0,4,2025-04-03T12:30:03.928Z,Auto-generated from Load Operation #59. Storekeeper: Unknown,false,56{MH-46-BF-3825}
175,64367,2025-04-02,SAI KRUPA ENTERPRISE - KALYAN,VALSAD,PENDING DESP,729,0,3,2025-04-03T12:30:03.985Z,Auto-generated from Load Operation #51. Storekeeper: Unknown,false,56{MH-46-BF-3825}
120,64442,2025-04-03T15:50:54.359Z,UMANG AGENCY - SHELAR,VALSAD,PENDING DESP,876,665658,9,2025-04-03T08:13:11.496Z,Auto-generated from loading operation #83 when status changed to READY≈DESP. Storekeeper: PRIYANK PATEL (DISPATCH {VALSAD}). Vehicle: Not assigned. This entry will not be affected if the loading operation is deleted.,false,Not assigned
121,64402,2025-04-03T15:50:54.359Z,RANA AGENCY - PAITHAN,VALSAD,PENDING DESP,924,670588,5,2025-04-03T08:41:42.913Z,Auto-generated from loading operation #98 when status changed to READY≈DESP. Storekeeper: BADELAL VARMA (DISPATCH {VALSAD}). Vehicle: 177. This entry will not be affected if the loading operation is deleted.,false,177
124,64410,2025-04-03T15:50:54.359Z,SHIVAM MARKETING - PATHARI,VALSAD,PENDING DESP,930,669033,3,2025-04-03T08:55:40.060Z,Auto-generated from loading operation #101 when status changed to READY≈DESP. Storekeeper: Yash patel (IT). Vehicle: Not assigned. This entry will not be affected if the loading operation is deleted.,false,Not assigned
128,64425,2025-04-03T15:50:54.359Z,VAHANVATI AGENCY - LONAVALA,VALSAD,PENDING DESP,973,693593,4,2025-04-03T09:09:52.579Z,Auto-generated from loading operation #92 when status changed to READY≈DESP. Storekeeper: YAGNIK PATEL (BILLING). Vehicle: 157. This entry will not be affected if the loading operation is deleted.,false,157
130,64422,2025-04-03T15:50:54.359Z,KESHARIYA AGENCIES - MANJARI,VALSAD,PENDING DESP,856,631771,9,2025-04-03T09:14:27.799Z,Auto-generated from loading operation #99 when status changed to READY≈DESP. Storekeeper: PRIYANK PATEL (DISPATCH {VALSAD}). Vehicle: Not assigned. This entry will not be affected if the loading operation is deleted.,false,Not assigned
138,64420,2025-04-03T15:50:54.359Z,DAMKONDWAR AGENCY - MUKRAMABAD,VALSAD,PENDING DESP,861,0,9,2025-04-03T09:28:53.626Z,Auto-generated from Load Operation #104. Storekeeper: Unknown,false,56{MH-46-BF-3825}
139,64423,2025-04-03T15:50:54.359Z,MAHESH ENTERPRISES - HADAPSAR,VALSAD,PENDING DESP,694,0,9,2025-04-03T09:28:53.694Z,Auto-generated from Load Operation #100. Storekeeper: Unknown,false,56{MH-46-BF-3825}
140,64421,2025-04-03T15:50:54.359Z,MAHAVEER TRADERS - LOHA,VALSAD,PENDING DESP,859,0,5,2025-04-03T09:28:53.722Z,Auto-generated from Load Operation #102. Storekeeper: Unknown,false,56{MH-46-BF-3825}
141,64430,2025-04-03T15:50:54.359Z,SHIVSAI AGENCY - ALIBAUG,VALSAD,PENDING DESP,733,0,9,2025-04-03T09:28:53.728Z,Auto-generated from Load Operation #93. Storekeeper: Unknown,false,56{MH-46-BF-3825}
178,64356,2025-04-02,SHREE VYANKATESH TRADERS - WALUJ,VALSAD,PENDING DESP,977,0,5,2025-04-03T12:30:03.986Z,Auto-generated from Load Operation #23. Storekeeper: Unknown,false,56{MH-46-BF-3825}
211,64504,04-04-2025,NAVNEET ENTERPRISES - KALYAN,VALSAD,PENDING DESP,761,571575,16,2025-04-04T04:24:26.948Z,Auto-generated from loading operation #122 when status changed to READY≈DESP. Storekeeper: TEJASH M PATEL (DISPATCH {VALSAD}). Vehicle: 92. This entry will not be affected if the loading operation is deleted.,false,92
214,64359,2025-04-02,OMKAR DISTRIBUTORS - NARAYANGAON,VALSAD,PENDING DESP,879,597271,3,2025-04-04T05:16:40.907Z,Auto-generated from Load Operation #49. Storekeeper: Unknown,false,56{MH-46-BF-3825}
232,64485,04-04-2025,SHARAD AGENCY - KUTHRUD,VALSAD,PENDING DESP,756,585193,6,2025-04-04T06:21:24.295Z,Auto-generated from loading operation #128 when status changed to READY≈DESP. Storekeeper: PRIYANK PATEL (DISPATCH {VALSAD}). Vehicle: 75. This entry will not be affected if the loading operation is deleted.,false,75
240,64406,2025-04-03,RAMLING AGENCY - WADWANI,VALSAD,PENDING DESP,165,0,5,2025-04-04T06:23:35.364Z,Auto-generated from Load Operation #111. Storekeeper: Unknown,false,56{MH-46-BF-3825}
242,64444,2025-04-03,CHINMAY TRADERS - SINHAGADH,VALSAD,PENDING DESP,868,0,4,2025-04-04T06:23:35.650Z,Auto-generated from Load Operation #110. Storekeeper: Unknown,false,56{MH-46-BF-3825}
249,64478,04-04-2025,MORYA SALES - MORGAON,VALSAD,PENDING DESP,317,232347,5,2025-04-04T08:44:04.027Z,Auto-generated from loading operation #145 when status changed to READY≈DESP. Storekeeper: BADELAL VARMA (DISPATCH {VALSAD}). Vehicle: 12. This entry will not be affected if the loading operation is deleted.,false,12
251,64503,04-04-2025,MAHEK AGENCY - MUMBRA,VALSAD,PENDING DESP,925,707670,6,2025-04-04T10:10:12.769Z,Auto-generated from loading operation #138 when status changed to READY≈DESP. Storekeeper: PRIYANK PATEL (DISPATCH {VALSAD}). Vehicle: 126. This entry will not be affected if the loading operation is deleted.,false,126
252,64493,04-04-2025,MEGHA ENTERPRISES - DEHU ROAD,VALSAD,PENDING DESP,830,602506,4,2025-04-04T10:19:18.305Z,Auto-generated from loading operation #130 when status changed to READY≈DESP. Storekeeper: YAGNIK PATEL (BILLING). Vehicle: 185. This entry will not be affected if the loading operation is deleted.,false,185
253,64508,04-04-2025,SHREE SAI AGENCIES - NANDED,VALSAD,PENDING DESP,880,677051,12,2025-04-04T10:38:32.300Z,Auto-generated from loading operation #152 when status changed to READY≈DESP. Storekeeper: AKSHAY PATEL (DISPATCH {VALSAD}). Vehicle: 162. This entry will not be affected if the loading operation is deleted.,false,162
93,64431,2025-04-03T15:50:54.359Z,PRABHU SALES AGENCY - PANVEL,VALSAD,PENDING DESP,921,704805,9,2025-04-03T05:13:21.346Z,Auto-generated from loading operation #77 when status changed to READY≈DESP. Storekeeper: PRIYANK PATEL (DISPATCH {VALSAD}). Vehicle: Not assigned. This entry will not be affected if the loading operation is deleted.,false,Not assigned
94,64432,2025-04-03T15:50:54.359Z,K K MARKETING - KADAV,VALSAD,PENDING DESP,845,584028,7,2025-04-03T05:14:21.289Z,Auto-generated from loading operation #76 when status changed to READY≈DESP. Storekeeper: DIVYESH PATEL (DISPATCH {VALSAD}). Vehicle: Not assigned. This entry will not be affected if the loading operation is deleted.,false,Not assigned
95,64434,2025-04-03T15:50:54.359Z,OM ENTERPRISES - MURBAD,VALSAD,PENDING DESP,905,646882,5,2025-04-03T05:14:56.474Z,Auto-generated from loading operation #73 when status changed to READY≈DESP. Storekeeper: BADELAL VARMA (DISPATCH {VALSAD}). Vehicle: 147 {GJ-15-AX-3225}. This entry will not be affected if the loading operation is deleted.,false,147 {GJ-15-AX-3225}
96,64409,2025-04-03T15:50:54.359Z,ISHWARKRUPA MARKETING - PARLI VAIJNATH,VALSAD,PENDING DESP,947,663321,4,2025-04-03T05:26:42.310Z,Auto-generated from loading operation #81 when status changed to READY≈DESP. Storekeeper: YAGNIK PATEL (BILLING). Vehicle: 05. This entry will not be affected if the loading operation is deleted.,false,05
97,64404,2025-04-03T15:50:54.359Z,SAI SAMARTH AGENCY - VAIJAPUR,VALSAD,PENDING DESP,982,706549,12,2025-04-03T05:31:46.221Z,Auto-generated from loading operation #71 when status changed to READY≈DESP. Storekeeper: AKSHAY PATEL (DISPATCH {VALSAD}). Vehicle: Not assigned. This entry will not be affected if the loading operation is deleted.,false,Not assigned
98,64411,2025-04-03T15:50:54.359Z,AMARNATH AGENCY - LATUR,VALSAD,PENDING DESP,897,635166,9,2025-04-03T05:42:13.024Z,Auto-generated from loading operation #78 when status changed to READY≈DESP. Storekeeper: PRIYANK PATEL (DISPATCH {VALSAD}). Vehicle: Not assigned. This entry will not be affected if the loading operation is deleted.,false,Not assigned
99,64414,2025-04-03T15:50:54.359Z,F K DISTRIBUTORS - DHARASHIV,VALSAD,PENDING DESP,868,605252,4,2025-04-03T05:52:07.837Z,Auto-generated from loading operation #74 when status changed to READY≈DESP. Storekeeper: YAGNIK PATEL (BILLING). Vehicle: 169. This entry will not be affected if the loading operation is deleted.,false,169
100,64440,2025-04-03T15:50:54.359Z,VEDANT ENTERPRISES - SAWANTWADI,VALSAD,PENDING DESP,856,631333,4,2025-04-03T05:56:07.068Z,Auto-generated from loading operation #82 when status changed to READY≈DESP. Storekeeper: YAGNIK PATEL (BILLING). Vehicle: 146. This entry will not be affected if the loading operation is deleted.,false,146
101,64438,2025-04-03T15:50:54.359Z,PARAB TRADERS - MALVAN,VALSAD,PENDING DESP,268,200290,5,2025-04-03T06:09:33.858Z,Auto-generated from loading operation #89 when status changed to READY≈DESP. Storekeeper: BADELAL VARMA (DISPATCH {VALSAD}). Vehicle: Not assigned. This entry will not be affected if the loading operation is deleted.,false,Not assigned
102,64439,2025-04-03T15:50:54.359Z,SANDEEP AGENCY - KANKAVALI,VALSAD,PENDING DESP,684,499268,5,2025-04-03T06:10:37.884Z,Auto-generated from loading operation #84 when status changed to READY≈DESP. Storekeeper: BADELAL VARMA (DISPATCH {VALSAD}). Vehicle: 158. This entry will not be affected if the loading operation is deleted.,false,158
103,64447,2025-04-03T15:50:54.359Z,NAVKAR TRADERS - SHIRUR KASAR,VALSAD,PENDING DESP,348,249979,4,2025-04-03T06:15:25.514Z,Auto-generated from loading operation #90 when status changed to READY≈DESP. Storekeeper: YAGNIK PATEL (BILLING). Vehicle: Not assigned. This entry will not be affected if the loading operation is deleted.,false,Not assigned
104,64446,2025-04-03T15:50:54.359Z,JAIN AGENCY - BEED,VALSAD,PENDING DESP,433,319489,4,2025-04-03T06:16:26.521Z,Auto-generated from loading operation #91 when status changed to READY≈DESP. Storekeeper: YAGNIK PATEL (BILLING). Vehicle: 96. This entry will not be affected if the loading operation is deleted.,false,96
105,64429,2025-04-03T15:50:54.359Z,JAISWAL ENTERPRISES - PEN,VALSAD,PENDING DESP,913,667188,7,2025-04-03T06:25:27.397Z,Auto-generated from loading operation #94 when status changed to READY≈DESP. Storekeeper: DIVYESH PATEL (DISPATCH {VALSAD}). Vehicle: Not assigned. This entry will not be affected if the loading operation is deleted.,false,Not assigned
106,64443,2025-04-03T15:50:54.359Z,SHRI SWAMI SAMARTH AGENCY - NARSI,VALSAD,PENDING DESP,768,578623,5,2025-04-03T07:06:52.637Z,Auto-generated from loading operation #96 when status changed to READY≈DESP. Storekeeper: BADELAL VARMA (DISPATCH {VALSAD}). Vehicle: 81. This entry will not be affected if the loading operation is deleted.,false,81
131,64428,2025-04-03T15:50:54.359Z,MAULI AGENCIES - PCMC,VALSAD,PENDING DESP,867,624868,4,2025-04-03T09:20:48.088Z,Auto-generated from loading operation #103 when status changed to READY≈DESP. Storekeeper: YAGNIK PATEL (BILLING). Vehicle: 122. This entry will not be affected if the loading operation is deleted.,false,122
132,64405,2025-04-03T15:50:54.359Z,BALAJI AGENCIES - ASTHI,VALSAD,PENDING DESP,940,668109,7,2025-04-03T09:21:19.937Z,Auto-generated from loading operation #97 when status changed to READY≈DESP. Storekeeper: DIVYESH PATEL (DISPATCH {VALSAD}). Vehicle: Not assigned. This entry will not be affected if the loading operation is deleted.,false,Not assigned
155,64435,2025-04-03T15:50:54.359Z,SANJARI ENTERPRISE - RATNAGIRI,VALSAD,PENDING DESP,785,553970,4,2025-04-03T09:54:01.721Z,Auto-generated from loading operation #107 when status changed to READY≈DESP. Storekeeper: YAGNIK PATEL (BILLING). Vehicle: 123. This entry will not be affected if the loading operation is deleted.,false,123
196,64389,2025-04-02,DNYANESHWAR MAULI ENTERPRISES - KEDGAON,VALSAD,PENDING DESP,870,0,4,2025-04-04T01:40:46.103Z,Auto-generated from Load Operation #60. Storekeeper: Unknown,false,56{MH-46-BF-3825}
201,64369,2025-04-02,PRABHU SALES AGENCY - PANVEL,VALSAD,PENDING DESP,847,0,3,2025-04-04T01:40:46.124Z,Auto-generated from Load Operation #53. Storekeeper: Unknown,false,56{MH-46-BF-3825}
205,64384,2025-04-02,SHREE GAJANAN AGENCIES - SHRIRAMPUR,VALSAD,PENDING DESP,769,0,4,2025-04-04T01:40:46.149Z,Auto-generated from Load Operation #24. Storekeeper: Unknown,false,MH-46-BF-3825
159,64359,2025-04-02,OMKAR DISTRIBUTORS - NARAYANGAON,VALSAD,PENDING DESP,879,597271,3,2025-04-03T10:15:14.504Z,Auto-generated from Load Operation #49. Storekeeper: Unknown,false,56{MH-46-BF-3825}
171,64385,2025-04-02,MAHAVIR TRADERS - PATHARDI,VALSAD,PENDING DESP,898,0,2,2025-04-03T12:30:03.937Z,Auto-generated from Load Operation #26. Storekeeper: Unknown,false,56{MH-46-BF-3825}
233,64484,04-04-2025,MAHI ENTERPRISES - WARJE,VALSAD,PENDING DESP,659,472315,12,2025-04-04T06:22:56.735Z,Auto-generated from loading operation #125 when status changed to READY≈DESP. Storekeeper: AKSHAY PATEL (DISPATCH {VALSAD}). Vehicle: 77. This entry will not be affected if the loading operation is deleted.,false,77
284,64359,2025-04-02,OMKAR DISTRIBUTORS - NARAYANGAON,VALSAD,PENDING DESP,879,597271,3,2025-04-05T05:45:56.621Z,Auto-generated from Load Operation #49. Storekeeper: Unknown,false,56{MH-46-BF-3825}
290,64502,2025-04-04,LAXMI MARKETING - BADLAPUR,VALSAD,PENDING DESP,969,625826,9,2025-04-05T06:17:01.041Z,Auto-generated from Load Operation #126. Storekeeper: Unknown,false,56{MH-46-BF-3825}
332,64611,2025-04-06,LAXMI MARKETING - BADLAPUR,VALSAD,PENDING DESP,968,656155,11,2025-04-06T10:50:24.365Z,Auto-generated from Load Operation #239. Storekeeper: Unknown,false,56{MH-46-BF-3825}
134,64424,2025-04-03T15:50:54.359Z,RAJASHREE SALES - RASTA PETH,VALSAD,PENDING DESP,728,547946,7,2025-04-03T09:23:03.027Z,Auto-generated from loading operation #95 when status changed to READY≈DESP. Storekeeper: DIVYESH PATEL (DISPATCH {VALSAD}). Vehicle: 62. This entry will not be affected if the loading operation is deleted.,false,62
137,64403,2025-04-03T15:50:54.359Z,OM GURUDATTA AGENCY - KANNAD,VALSAD,PENDING DESP,766,549570,7,2025-04-03T09:28:02.970Z,Auto-generated from loading operation #105 when status changed to READY≈DESP. Storekeeper: DIVYESH PATEL (DISPATCH {VALSAD}). Vehicle: 64. This entry will not be affected if the loading operation is deleted.,false,64
162,64370,2025-04-02,VAHANVATI AGENCY - KHED,VALSAD,PENDING DESP,812,581353,3,2025-04-03T12:30:03.892Z,Auto-generated from Load Operation #54. Storekeeper: Unknown,false,56{MH-46-BF-3825}
177,64355,2025-04-02,JAIN DISTRIBUTORS - C S NAGAR,VALSAD,PENDING DESP,824,0,4,2025-04-03T12:30:03.985Z,Auto-generated from Load Operation #29. Storekeeper: Unknown,false,56{MH-46-BF-3825}
179,64387,2025-04-02,VAIBHAV AGENCY - AHMEDNAGAR,VALSAD,PENDING DESP,911,0,5,2025-04-03T12:30:03.983Z,Auto-generated from Load Operation #39. Storekeeper: Unknown,false,56{MH-46-BF-3825}
180,64444,03-04-2025,CHINMAY TRADERS - SINHAGADH,VALSAD,PENDING DESP,868,607342,4,2025-04-03T12:35:52.554Z,Auto-generated from loading operation #110 when status changed to READY≈DESP. Storekeeper: YAGNIK PATEL (BILLING). Vehicle: 177. This entry will not be affected if the loading operation is deleted.,false,177
184,64406,03-04-2025,RAMLING AGENCY - WADWANI,VALSAD,PENDING DESP,165,111206,5,2025-04-03T12:53:54.670Z,Auto-generated from loading operation #111 when status changed to READY≈DESP. Storekeeper: BADELAL VARMA (DISPATCH {VALSAD}). Vehicle: 53. This entry will not be affected if the loading operation is deleted.,false,53
187,64515,04-04-2025,SHUBHANKAR AGENCY - PARNER,VALSAD,PENDING DESP,777,526626,16,2025-04-03T17:13:50.126Z,Auto-generated from loading operation #115 when status changed to READY≈DESP. Storekeeper: TEJASH M PATEL (DISPATCH {VALSAD}). Vehicle: 94 . This entry will not be affected if the loading operation is deleted.,false,94 
188,64500,04-04-2025,CHHAYA ENTERPRISES - AMBERNATH,VALSAD,PENDING DESP,887,698534,11,2025-04-03T17:43:34.771Z,Auto-generated from loading operation #116 when status changed to READY≈DESP. Storekeeper: DIVYANG PATEL (DISPATCH {VALSAD}). Vehicle: 148. This entry will not be affected if the loading operation is deleted.,false,148
189,64511,04-04-2025,BHAIRAV ENTERPRISES - RABALE,VALSAD,PENDING DESP,739,534622,11,2025-04-03T18:42:20.298Z,Auto-generated from loading operation #119 when status changed to READY≈DESP. Storekeeper: DIVYANG PATEL (DISPATCH {VALSAD}). Vehicle: 90. This entry will not be affected if the loading operation is deleted.,false,90
190,64499,04-04-2025,SHRI SWAMI SAMARTH AGENCIES - CHIPLUN,VALSAD,PENDING DESP,836,624171,13,2025-04-03T18:52:57.838Z,Auto-generated from loading operation #120 when status changed to READY≈DESP. Storekeeper: DEVEN PATEL (DISPATCH {VALSAD}). Vehicle: 108. This entry will not be affected if the loading operation is deleted.,false,108
191,64509,04-04-2025,JAY AMBE TRADERS - JAWAHAR,VALSAD,PENDING DESP,881,686701,13,2025-04-03T19:18:07.457Z,Auto-generated from loading operation #121 when status changed to READY≈DESP. Storekeeper: DEVEN PATEL (DISPATCH {VALSAD}). Vehicle: 59. This entry will not be affected if the loading operation is deleted.,false,59
192,64383,2025-04-02,MAHESH AGENCY - NEWASA,VALSAD,PENDING DESP,752,0,4,2025-04-04T01:40:46.070Z,Auto-generated from Load Operation #57. Storekeeper: Unknown,false,56{MH-46-BF-3825}
197,64408,2025-04-03,SHREYAS AGENCY - MAJALGAON,VALSAD,PENDING DESP,917,0,11,2025-04-04T01:40:46.114Z,Auto-generated from Load Operation #64. Storekeeper: Unknown,false,56{MH-46-BF-3825}
203,64368,2025-04-02,PRAGATI SALES AGENCY - VASHI,VALSAD,PENDING DESP,728,0,3,2025-04-04T01:40:46.140Z,Auto-generated from Load Operation #52. Storekeeper: Unknown,false,56{MH-46-BF-3825}
206,64378,2025-04-02,S K SALES - DIVA,VALSAD,PENDING DESP,884,0,4,2025-04-04T01:40:46.162Z,Auto-generated from Load Operation #55. Storekeeper: Unknown,false,56{MH-46-BF-3825}
208,64489,04-04-2025,SHIV ENTERPRISES - KONDHWA,VALSAD,PENDING DESP,785,590666,16,2025-04-04T04:04:31.640Z,Auto-generated from loading operation #118 when status changed to READY≈DESP. Storekeeper: TEJASH M PATEL (DISPATCH {VALSAD}). Vehicle: 15. This entry will not be affected if the loading operation is deleted.,false,15
209,64486,04-04-2025,PADMAVATI AGENCY - KATRAJ BIBWEWADI,VALSAD,PENDING DESP,847,626389,4,2025-04-04T04:17:50.101Z,Auto-generated from loading operation #127 when status changed to READY≈DESP. Storekeeper: YAGNIK PATEL (BILLING). Vehicle: Not assigned. This entry will not be affected if the loading operation is deleted.,false,Not assigned
212,64501,04-04-2025,CHHAYA ENTERPRISES - AMBERNATH,VALSAD,PENDING DESP,789,592590,13,2025-04-04T04:56:12.658Z,Auto-generated from loading operation #124 when status changed to READY≈DESP. Storekeeper: DEVEN PATEL (DISPATCH {VALSAD}). Vehicle: 147. This entry will not be affected if the loading operation is deleted.,false,147
219,64495,04-04-2025,YASH AGENCISES - FALTAN,VALSAD,PENDING DESP,378,244685,5,2025-04-04T06:10:46.798Z,Auto-generated from loading operation #133 when status changed to READY≈DESP. Storekeeper: BADELAL VARMA (DISPATCH {VALSAD}). Vehicle: 99. This entry will not be affected if the loading operation is deleted.,false,99
221,64429,2025-04-03,JAISWAL ENTERPRISES - PEN,VALSAD,PENDING DESP,913,645660,7,2025-04-04T06:17:45.708Z,Auto-generated from Load Operation #94. Storekeeper: Unknown,false,56{MH-46-BF-3825}
225,64505,2025-04-04,EKDANT ENTERPRISES - TITWALA,VALSAD,PENDING DESP,860,0,11,2025-04-04T06:17:47.194Z,Auto-generated from Load Operation #123. Storekeeper: Unknown,false,56{MH-46-BF-3825}
228,64444,2025-04-03,CHINMAY TRADERS - SINHAGADH,VALSAD,PENDING DESP,868,0,4,2025-04-04T06:17:47.759Z,Auto-generated from Load Operation #110. Storekeeper: Unknown,false,56{MH-46-BF-3825}
229,64406,2025-04-03,RAMLING AGENCY - WADWANI,VALSAD,PENDING DESP,165,0,5,2025-04-04T06:17:48.011Z,Auto-generated from Load Operation #111. Storekeeper: Unknown,false,56{MH-46-BF-3825}
234,64429,2025-04-03,JAISWAL ENTERPRISES - PEN,VALSAD,PENDING DESP,913,645660,7,2025-04-04T06:23:27.031Z,Auto-generated from Load Operation #94. Storekeeper: Unknown,false,56{MH-46-BF-3825}
244,64502,04-04-2025,LAXMI MARKETING - BADLAPUR,VALSAD,PENDING DESP,967,646074,9,2025-04-04T06:30:07.098Z,Auto-generated from loading operation #126 when status changed to READY≈DESP. Storekeeper: PRIYANK PATEL (DISPATCH {VALSAD}). Vehicle: 152. This entry will not be affected if the loading operation is deleted.,false,152
248,64488,04-04-2025,AARYA ENTERPRISES - NIGDI,VALSAD,PENDING DESP,827,602568,5,2025-04-04T07:00:31.623Z,Auto-generated from loading operation #135 when status changed to READY≈DESP. Storekeeper: BADELAL VARMA (DISPATCH {VALSAD}). Vehicle: 167. This entry will not be affected if the loading operation is deleted.,false,167
250,64477,04-04-2025,GANESH AGENCY - DAUND,VALSAD,PENDING DESP,624,447330,5,2025-04-04T08:45:53.220Z,Auto-generated from loading operation #147 when status changed to READY≈DESP. Storekeeper: BADELAL VARMA (DISPATCH {VALSAD}). Vehicle: 12. This entry will not be affected if the loading operation is deleted.,false,12
333,64484,2025-04-04,MAHI ENTERPRISES - WARJE,VALSAD,PENDING DESP,659,468079,12,2025-04-06T10:50:26.799Z,Auto-generated from Load Operation #125. Storekeeper: Unknown,false,56{MH-46-BF-3825}
254,64492,04-04-2025,VEDANT ENTERPRISES - CHAKAN,VALSAD,PENDING DESP,875,629902,12,2025-04-04T10:40:22.978Z,Auto-generated from loading operation #143 when status changed to READY≈DESP. Storekeeper: AKSHAY PATEL (DISPATCH {VALSAD}). Vehicle: 33. This entry will not be affected if the loading operation is deleted.,false,33
255,64476,04-04-2025,OMKAR AGENCIES - SHIRUR,VALSAD,PENDING DESP,883,654466,12,2025-04-04T11:05:44.931Z,Auto-generated from loading operation #155 when status changed to READY≈DESP. Storekeeper: AKSHAY PATEL (DISPATCH {VALSAD}). Vehicle: Not assigned. This entry will not be affected if the loading operation is deleted.,false,Not assigned
256,64487,04-04-2025,PUNYAI ENTERPRISES - DHANKAWADI,VALSAD,PENDING DESP,886,688572,12,2025-04-04T11:09:10.377Z,Auto-generated from loading operation #131 when status changed to READY≈DESP. Storekeeper: AKSHAY PATEL (DISPATCH {VALSAD}). Vehicle: 55. This entry will not be affected if the loading operation is deleted.,false,55
257,64487,04-04-2025,PUNYAI ENTERPRISES - DHANKAWADI,VALSAD,PENDING DESP,886,688572,12,2025-04-04T11:09:10.459Z,Auto-generated from loading operation #131 when status changed to READY≈DESP. Storekeeper: AKSHAY PATEL (DISPATCH {VALSAD}). Vehicle: 55. This entry will not be affected if the loading operation is deleted.,false,55
258,64496,04-04-2025,SHREYA AGENCIES - AKLUJ,VALSAD,PENDING DESP,828,549472,12,2025-04-04T11:09:53.239Z,Auto-generated from loading operation #139 when status changed to READY≈DESP. Storekeeper: AKSHAY PATEL (DISPATCH {VALSAD}). Vehicle: 168. This entry will not be affected if the loading operation is deleted.,false,168
259,64510,04-04-2025,SHREE JALARAM AGENCIES - JAMBHULPADA,VALSAD,PENDING DESP,761,552072,4,2025-04-04T11:19:35.783Z,Auto-generated from loading operation #146 when status changed to READY≈DESP. Storekeeper: YAGNIK PATEL (BILLING). Vehicle: 21. This entry will not be affected if the loading operation is deleted.,false,21
260,64482,04-04-2025,YASH ENTERPRISES - VAI,VALSAD,PENDING DESP,491,351726,5,2025-04-04T11:24:03.904Z,Auto-generated from loading operation #158 when status changed to READY≈DESP. Storekeeper: BADELAL VARMA (DISPATCH {VALSAD}). Vehicle: 105. This entry will not be affected if the loading operation is deleted.,false,105
261,64481,04-04-2025,DIVYANSHU ENTERPRISES - PANCHGANI,VALSAD,PENDING DESP,288,215498,5,2025-04-04T11:25:06.646Z,Auto-generated from loading operation #157 when status changed to READY≈DESP. Storekeeper: BADELAL VARMA (DISPATCH {VALSAD}). Vehicle: 105. This entry will not be affected if the loading operation is deleted.,false,105
262,64481,04-04-2025,DIVYANSHU ENTERPRISES - PANCHGANI,VALSAD,PENDING DESP,288,215498,5,2025-04-04T11:25:06.734Z,Auto-generated from loading operation #157 when status changed to READY≈DESP. Storekeeper: BADELAL VARMA (DISPATCH {VALSAD}). Vehicle: 105. This entry will not be affected if the loading operation is deleted.,false,105
263,64506,04-04-2025,OM ENTERPRISES - MURBAD,VALSAD,PENDING DESP,892,643040,5,2025-04-04T11:30:39.481Z,Auto-generated from loading operation #140 when status changed to READY≈DESP. Storekeeper: BADELAL VARMA (DISPATCH {VALSAD}). Vehicle: 98. This entry will not be affected if the loading operation is deleted.,false,98
264,64513,04-04-2025,OMKARESHWAR AGENCY - SHRIGONDA,VALSAD,PENDING DESP,505,350151,6,2025-04-04T11:37:38.582Z,Auto-generated from loading operation #148 when status changed to READY≈DESP. Storekeeper: PRIYANK PATEL (DISPATCH {VALSAD}). Vehicle: 125. This entry will not be affected if the loading operation is deleted.,false,125
265,64507,04-04-2025,SHYAM AGENCY - BHIWANDI,VALSAD,PENDING DESP,874,654074,5,2025-04-04T11:40:32.179Z,Auto-generated from loading operation #154 when status changed to READY≈DESP. Storekeeper: BADELAL VARMA (DISPATCH {VALSAD}). Vehicle: 119. This entry will not be affected if the loading operation is deleted.,false,119
266,64514,04-04-2025,RAJ AGENCIES - SHREEGONDA,VALSAD,PENDING DESP,425,330646,9,2025-04-04T11:42:15.032Z,Auto-generated from loading operation #149 when status changed to READY≈DESP. Storekeeper: PRIYANK PATEL (DISPATCH {VALSAD}). Vehicle: 125. This entry will not be affected if the loading operation is deleted.,false,125
267,64498,04-04-2025,JAIN DISTRIBUTORS - C S NAGAR,VALSAD,PENDING DESP,879,671473,9,2025-04-04T12:00:51.079Z,Auto-generated from loading operation #144 when status changed to READY≈DESP. Storekeeper: PRIYANK PATEL (DISPATCH {VALSAD}). Vehicle: 163. This entry will not be affected if the loading operation is deleted.,false,163
268,64475,04-04-2025,GAJANAN ENTERPRISES - INDAPUR,VALSAD,PENDING DESP,878,623357,5,2025-04-04T12:21:22.707Z,Auto-generated from loading operation #159 when status changed to READY≈DESP. Storekeeper: BADELAL VARMA (DISPATCH {VALSAD}). Vehicle: 181. This entry will not be affected if the loading operation is deleted.,false,181
269,64491,04-04-2025,OMKAR DISTRIBUTORS - NARAYANGAON,VALSAD,PENDING DESP,840,623050,5,2025-04-04T12:28:11.384Z,Auto-generated from loading operation #136 when status changed to READY≈DESP. Storekeeper: BADELAL VARMA (DISPATCH {VALSAD}). Vehicle: 159. This entry will not be affected if the loading operation is deleted.,false,159
270,64490,04-04-2025,SHIV ENTERPRISES - KONDHWA,VALSAD,PENDING DESP,815,568172,12,2025-04-04T14:10:26.348Z,Auto-generated from loading operation #156 when status changed to READY≈DESP. Storekeeper: AKSHAY PATEL (DISPATCH {VALSAD}). Vehicle: 178. This entry will not be affected if the loading operation is deleted.,false,178
271,64497,04-04-2025,RUDRA ENTERPRISES - C S NAGAR,VALSAD,PENDING DESP,936,753730,5,2025-04-04T14:29:13.971Z,Auto-generated from loading operation #160 when status changed to READY≈DESP. Storekeeper: BADELAL VARMA (DISPATCH {VALSAD}). Vehicle: 118. This entry will not be affected if the loading operation is deleted.,false,118
272,64578,05-04-2025,RADHIKA AGENCIES - PARBHANI,VALSAD,PENDING DESP,846,551225,11,2025-04-04T18:01:16.248Z,Auto-generated from loading operation #164 when status changed to READY≈DESP. Storekeeper: DIVYANG PATEL (DISPATCH {VALSAD}). Vehicle: 133. This entry will not be affected if the loading operation is deleted.,false,133
273,64570,05-04-2025,CHHAYA ENTERPRISES - AMBERNATH,VALSAD,PENDING DESP,912,687608,16,2025-04-04T18:11:35.232Z,Auto-generated from loading operation #165 when status changed to READY≈DESP. Storekeeper: TEJASH M PATEL (DISPATCH {VALSAD}). Vehicle: 176. This entry will not be affected if the loading operation is deleted.,false,176
274,64542,05-04-2025,SACHIN AGENCIES - KOLHAPUR,VALSAD,PENDING DESP,840,567442,11,2025-04-04T18:24:21.449Z,Auto-generated from loading operation #168 when status changed to READY≈DESP. Storekeeper: DIVYANG PATEL (DISPATCH {VALSAD}). Vehicle: 165. This entry will not be affected if the loading operation is deleted.,false,165
275,64549,05-04-2025,NEW BALLALESHWR AGENCY - SANGLI,VALSAD,PENDING DESP,827,580196,16,2025-04-04T19:27:14.646Z,Auto-generated from loading operation #166 when status changed to READY≈DESP. Storekeeper: TEJASH M PATEL (DISPATCH {VALSAD}). Vehicle: 180. This entry will not be affected if the loading operation is deleted.,false,180
276,64559,05-04-2025,PARSHURAM NARAYAN BHINGARDE - SANGMESHWAR,VALSAD,PENDING DESP,723,543036,11,2025-04-04T19:27:55.775Z,Auto-generated from loading operation #170 when status changed to READY≈DESP. Storekeeper: DIVYANG PATEL (DISPATCH {VALSAD}). Vehicle: 73. This entry will not be affected if the loading operation is deleted.,false,73
334,64359,2025-04-02,OMKAR DISTRIBUTORS - NARAYANGAON,VALSAD,PENDING DESP,879,597271,3,2025-04-06T10:50:29.631Z,Auto-generated from Load Operation #49. Storekeeper: Unknown,false,56{MH-46-BF-3825}
277,64572,05-04-2025,JAY AMBE MARKETING - VADA,VALSAD,PENDING DESP,906,702438,16,2025-04-04T19:36:07.705Z,Auto-generated from loading operation #167 when status changed to READY≈DESP. Storekeeper: TEJASH M PATEL (DISPATCH {VALSAD}). Vehicle: 46. This entry will not be affected if the loading operation is deleted.,false,46
278,64577,05-04-2025,G M SALES - RAJGURUNAGAR,VALSAD,PENDING DESP,682,500678,5,2025-04-05T04:07:34.647Z,Auto-generated from loading operation #174 when status changed to READY≈DESP. Storekeeper: BADELAL VARMA (DISPATCH {VALSAD}). Vehicle: 72. This entry will not be affected if the loading operation is deleted.,false,72
279,64562,05-04-2025,PRABHU SALES AGENCY - PANVEL,VALSAD,PENDING DESP,859,626922,4,2025-04-05T04:09:51.773Z,Auto-generated from loading operation #175 when status changed to READY≈DESP. Storekeeper: YAGNIK PATEL (BILLING). Vehicle: 150. This entry will not be affected if the loading operation is deleted.,false,150
280,64541,05-04-2025,SUMAN TRADERS - PETH VADGAON,VALSAD,PENDING DESP,485,333532,4,2025-04-05T04:13:03.492Z,Auto-generated from loading operation #176 when status changed to READY≈DESP. Storekeeper: YAGNIK PATEL (BILLING). Vehicle: 157. This entry will not be affected if the loading operation is deleted.,false,157
281,64540,05-04-2025,HANUMANDAS KRUPA MARKETING - SHIROLI,VALSAD,PENDING DESP,350,239749,4,2025-04-05T04:14:26.899Z,Auto-generated from loading operation #177 when status changed to READY≈DESP. Storekeeper: YAGNIK PATEL (BILLING). Vehicle: 157. This entry will not be affected if the loading operation is deleted.,false,157
282,64557,05-04-2025,SHIV SALES - SOLAPUR,VALSAD,PENDING DESP,899,580711,4,2025-04-05T04:17:43.481Z,Auto-generated from loading operation #178 when status changed to READY≈DESP. Storekeeper: YAGNIK PATEL (BILLING). Vehicle: 116. This entry will not be affected if the loading operation is deleted.,false,116
283,64558,05-04-2025,SHIV SALES - SOLAPUR,VALSAD,PENDING DESP,816,569734,4,2025-04-05T04:20:50.618Z,Auto-generated from loading operation #173 when status changed to READY≈DESP. Storekeeper: YAGNIK PATEL (BILLING). Vehicle: 164. This entry will not be affected if the loading operation is deleted.,false,164
285,64571,05-04-2025,OM ENTERPRISES - MURBAD,VALSAD,PENDING DESP,878,631233,4,2025-04-05T05:57:19.697Z,Auto-generated from loading operation #179 when status changed to READY≈DESP. Storekeeper: YAGNIK PATEL (BILLING). Vehicle: 49. This entry will not be affected if the loading operation is deleted.,false,49
286,64564,05-04-2025,KIRTAN AGENCY - URAN,VALSAD,PENDING DESP,947,731549,5,2025-04-05T05:57:31.199Z,Auto-generated from loading operation #180 when status changed to READY≈DESP. Storekeeper: BADELAL VARMA (DISPATCH {VALSAD}). Vehicle: 186. This entry will not be affected if the loading operation is deleted.,false,186
287,64560,05-04-2025,HASMUKH TEA DEPOT - DAPOLI,VALSAD,PENDING DESP,385,268107,4,2025-04-05T06:00:50.692Z,Auto-generated from loading operation #185 when status changed to READY≈DESP. Storekeeper: YAGNIK PATEL (BILLING). Vehicle: 92. This entry will not be affected if the loading operation is deleted.,false,92
288,64560,05-04-2025,HASMUKH TEA DEPOT - DAPOLI,VALSAD,PENDING DESP,385,268107,4,2025-04-05T06:00:50.841Z,Auto-generated from loading operation #185 when status changed to READY≈DESP. Storekeeper: YAGNIK PATEL (BILLING). Vehicle: 92. This entry will not be affected if the loading operation is deleted.,false,92
289,64561,05-04-2025,VAHANVATI AGENCY - KHED,VALSAD,PENDING DESP,324,244546,4,2025-04-05T06:10:43.081Z,Auto-generated from loading operation #184 when status changed to READY≈DESP. Storekeeper: YAGNIK PATEL (BILLING). Vehicle: 92. This entry will not be affected if the loading operation is deleted.,false,92
291,64554,05-04-2025,HIREN RETAILING ENTERPRISES - SOLAPUR,VALSAD,PENDING DESP,616,428276,5,2025-04-05T06:19:34.069Z,Auto-generated from loading operation #188 when status changed to READY≈DESP. Storekeeper: BADELAL VARMA (DISPATCH {VALSAD}). Vehicle: 52. This entry will not be affected if the loading operation is deleted.,false,52
292,64555,05-04-2025,RAGHAV ENTERPRISES - SOLAPUR,VALSAD,PENDING DESP,278,231923,5,2025-04-05T06:22:08.287Z,Auto-generated from loading operation #187 when status changed to READY≈DESP. Storekeeper: BADELAL VARMA (DISPATCH {VALSAD}). Vehicle: 52. This entry will not be affected if the loading operation is deleted.,false,52
293,64536,05-04-2025,SHREE BIRADEV MARKETING - ICHALKARANJI,VALSAD,PENDING DESP,838,617912,4,2025-04-05T06:33:29.639Z,Auto-generated from loading operation #186 when status changed to READY≈DESP. Storekeeper: YAGNIK PATEL (BILLING). Vehicle: 59. This entry will not be affected if the loading operation is deleted.,false,59
294,64550,05-04-2025,NAMARATA AGENCY - MALGAON,VALSAD,PENDING DESP,129,101026,5,2025-04-05T06:59:48.468Z,Auto-generated from loading operation #193 when status changed to READY≈DESP. Storekeeper: BADELAL VARMA (DISPATCH {VALSAD}). Vehicle: 64. This entry will not be affected if the loading operation is deleted.,false,64
295,64551,05-04-2025,LALA AGENCIES - MIRAJ,VALSAD,PENDING DESP,578,406344,5,2025-04-05T07:00:28.392Z,Auto-generated from loading operation #190 when status changed to READY≈DESP. Storekeeper: BADELAL VARMA (DISPATCH {VALSAD}). Vehicle: 64. This entry will not be affected if the loading operation is deleted.,false,64
296,64546,05-04-2025,ADITYA ENTERPRISES - VITA,VALSAD,PENDING DESP,880,629674,5,2025-04-05T07:53:06.045Z,Auto-generated from loading operation #172 when status changed to READY≈DESP. Storekeeper: BADELAL VARMA (DISPATCH {VALSAD}). Vehicle: 09. This entry will not be affected if the loading operation is deleted.,false,09
297,64573,05-04-2025,S K SALES - DIVA,VALSAD,PENDING DESP,935,670290,4,2025-04-05T08:37:22.477Z,Auto-generated from loading operation #192 when status changed to READY≈DESP. Storekeeper: YAGNIK PATEL (BILLING). Vehicle: 26. This entry will not be affected if the loading operation is deleted.,false,26
298,64576,05-04-2025,MHATRE ENTERPRISES - NAVELI,VALSAD,PENDING DESP,915,683156,5,2025-04-05T08:44:26.848Z,Auto-generated from loading operation #195 when status changed to READY≈DESP. Storekeeper: BADELAL VARMA (DISPATCH {VALSAD}). Vehicle: 111. This entry will not be affected if the loading operation is deleted.,false,111
299,64565,05-04-2025,YACHIKET ENTERPRISES - NAVI MUMBAI,VALSAD,PENDING DESP,499,362433,12,2025-04-05T08:44:32.187Z,Auto-generated from loading operation #196 when status changed to READY≈DESP. Storekeeper: AKSHAY PATEL (DISPATCH {VALSAD}). Vehicle: 66. This entry will not be affected if the loading operation is deleted.,false,66
300,64569,05-04-2025,GURUPRASAD ENTERPRISES - THANE,VALSAD,PENDING DESP,920,714920,12,2025-04-05T08:46:21.412Z,Auto-generated from loading operation #191 when status changed to READY≈DESP. Storekeeper: AKSHAY PATEL (DISPATCH {VALSAD}). Vehicle: 128. This entry will not be affected if the loading operation is deleted.,false,128
301,64563,05-04-2025,SAI GANESH AGENCY - SALAV,VALSAD,PENDING DESP,772,549590,12,2025-04-05T08:47:31.235Z,Auto-generated from loading operation #189 when status changed to READY≈DESP. Storekeeper: AKSHAY PATEL (DISPATCH {VALSAD}). Vehicle: 83. This entry will not be affected if the loading operation is deleted.,false,83
302,64535,05-04-2025,RAJDEEP AGENCIES - MALHARPETH,VALSAD,PENDING DESP,459,327430,12,2025-04-05T08:47:49.834Z,Auto-generated from loading operation #183 when status changed to READY≈DESP. Storekeeper: AKSHAY PATEL (DISPATCH {VALSAD}). Vehicle: 177. This entry will not be affected if the loading operation is deleted.,false,177
303,64534,05-04-2025,JYOTIRLING TRADERS & SIDHAI AGENCY - MALKAPUR,VALSAD,PENDING DESP,407,282935,12,2025-04-05T08:48:13.480Z,Auto-generated from loading operation #182 when status changed to READY≈DESP. Storekeeper: AKSHAY PATEL (DISPATCH {VALSAD}). Vehicle: 177. This entry will not be affected if the loading operation is deleted.,false,177
304,64545,05-04-2025,SWARUP AGENCY - KOLHAPUR,VALSAD,PENDING DESP,828,560187,12,2025-04-05T08:48:40.148Z,Auto-generated from loading operation #181 when status changed to READY≈DESP. Storekeeper: AKSHAY PATEL (DISPATCH {VALSAD}). Vehicle: 147. This entry will not be affected if the loading operation is deleted.,false,147
305,64537,05-04-2025,MAHALAXMI AGENCY - KOLHAPUR,VALSAD,PENDING DESP,871,634811,12,2025-04-05T08:50:39.838Z,Auto-generated from loading operation #171 when status changed to READY≈DESP. Storekeeper: AKSHAY PATEL (DISPATCH {VALSAD}). Vehicle: 16. This entry will not be affected if the loading operation is deleted.,false,16
306,64566,05-04-2025,VIGHNESH ENTERPRISES - ULWE,VALSAD,PENDING DESP,238,180449,12,2025-04-05T08:56:32.508Z,Auto-generated from loading operation #194 when status changed to READY≈DESP. Storekeeper: AKSHAY PATEL (DISPATCH {VALSAD}). Vehicle: 66. This entry will not be affected if the loading operation is deleted.,false,66
307,64567,05-04-2025,PRAGATI SALES AGENCY - VASHI,VALSAD,PENDING DESP,876,617384,5,2025-04-05T09:28:48.979Z,Auto-generated from loading operation #198 when status changed to READY≈DESP. Storekeeper: BADELAL VARMA (DISPATCH {VALSAD}). Vehicle: 182. This entry will not be affected if the loading operation is deleted.,false,182
308,64574,05-04-2025,SUSHILA ENTERPRISES - KALYAN,VALSAD,PENDING DESP,886,661958,12,2025-04-05T09:35:13.091Z,Auto-generated from loading operation #199 when status changed to READY≈DESP. Storekeeper: AKSHAY PATEL (DISPATCH {VALSAD}). Vehicle: 58. This entry will not be affected if the loading operation is deleted.,false,58
309,64552,05-04-2025,SHREENATH AGENCY - KARAD,VALSAD,PENDING DESP,701,467535,4,2025-04-05T09:40:51.568Z,Auto-generated from loading operation #201 when status changed to READY≈DESP. Storekeeper: YAGNIK PATEL (BILLING). Vehicle: 100. This entry will not be affected if the loading operation is deleted.,false,100
310,64543,05-04-2025,SACHIN AGENCIES - KOLHAPUR,VALSAD,PENDING DESP,492,355816,12,2025-04-05T09:53:52.125Z,Auto-generated from loading operation #202 when status changed to READY≈DESP. Storekeeper: AKSHAY PATEL (DISPATCH {VALSAD}). Vehicle: 152. This entry will not be affected if the loading operation is deleted.,false,152
311,64575,05-04-2025,SHREE GOVIND ENTERPRISES - KONGAON,VALSAD,PENDING DESP,769,599607,5,2025-04-05T10:05:53.512Z,Auto-generated from loading operation #200 when status changed to READY≈DESP. Storekeeper: BADELAL VARMA (DISPATCH {VALSAD}). Vehicle: 65. This entry will not be affected if the loading operation is deleted.,false,65
312,64544,05-04-2025,SUBHASH AGENCY - BHUDARGAD,VALSAD,PENDING DESP,432,216110,12,2025-04-05T10:20:29.031Z,Auto-generated from loading operation #205 when status changed to READY≈DESP. Storekeeper: AKSHAY PATEL (DISPATCH {VALSAD}). Vehicle: 152. This entry will not be affected if the loading operation is deleted.,false,152
313,64568,05-04-2025,KARTHIK  ENTERPRISES - THANE,VALSAD,PENDING DESP,919,690913,4,2025-04-05T10:33:54.373Z,Auto-generated from loading operation #197 when status changed to READY≈DESP. Storekeeper: YAGNIK PATEL (BILLING). Vehicle: 117. This entry will not be affected if the loading operation is deleted.,false,117
314,64539,05-04-2025,RISHIRAJ AGENCY - CHINCHWAD,VALSAD,PENDING DESP,388,275804,4,2025-04-05T10:47:35.644Z,Auto-generated from loading operation #203 when status changed to READY≈DESP. Storekeeper: YAGNIK PATEL (BILLING). Vehicle: 148. This entry will not be affected if the loading operation is deleted.,false,148
315,64538,05-04-2025,SHREE SAI DATTA ENTERPRISES - KOLHAPUR,VALSAD,PENDING DESP,140,104672,4,2025-04-05T10:48:33.779Z,Auto-generated from loading operation #204 when status changed to READY≈DESP. Storekeeper: YAGNIK PATEL (BILLING). Vehicle: 148. This entry will not be affected if the loading operation is deleted.,false,148
316,64533,05-04-2025,BHAGYODYA AGENCIES - ISLAMPUR,VALSAD,PENDING DESP,580,413577,5,2025-04-05T10:58:51.442Z,Auto-generated from loading operation #207 when status changed to READY≈DESP. Storekeeper: BADELAL VARMA (DISPATCH {VALSAD}). Vehicle: 90. This entry will not be affected if the loading operation is deleted.,false,90
317,64532,05-04-2025,SARSWATI AGENCY - SHIRALA,VALSAD,PENDING DESP,215,153553,5,2025-04-05T11:05:57.671Z,Auto-generated from loading operation #206 when status changed to READY≈DESP. Storekeeper: BADELAL VARMA (DISPATCH {VALSAD}). Vehicle: 90. This entry will not be affected if the loading operation is deleted.,false,90
318,64553,05-04-2025,JAY SHANKAR TRADING - KARAD,VALSAD,PENDING DESP,986,624467,11,2025-04-05T13:52:11.223Z,Auto-generated from loading operation #208 when status changed to READY≈DESP. Storekeeper: DIVYANG PATEL (DISPATCH {VALSAD}). Vehicle: 02. This entry will not be affected if the loading operation is deleted.,false,02
319,64483,04-04-2025,M S ENTERPRISES - KHADAKWASLA,VALSAD,PENDING DESP,653,502520,9,2025-04-05T14:04:02.927Z,Auto-generated from loading operation #153 when status changed to READY≈DESP. Storekeeper: PRIYANK PATEL (DISPATCH {VALSAD}). Vehicle: 67. This entry will not be affected if the loading operation is deleted.,false,67
320,64611,06-04-2025,LAXMI MARKETING - BADLAPUR,VALSAD,PENDING DESP,968,656155,11,2025-04-06T04:16:36.871Z,Auto-generated from loading operation #239 when status changed to READY≈DESP. Storekeeper: DIVYANG PATEL (DISPATCH {VALSAD}). Vehicle: 159. This entry will not be affected if the loading operation is deleted.,false,159
321,64593,06-04-2025,SHREE VYANKATESH TRADERS - WALUJ,VALSAD,PENDING DESP,860,672469,16,2025-04-06T04:36:07.971Z,Auto-generated from loading operation #244 when status changed to READY≈DESP. Storekeeper: TEJASH M PATEL (DISPATCH {VALSAD}). Vehicle: 54. This entry will not be affected if the loading operation is deleted.,false,54
322,64589,06-04-2025,PUJA BHAKTI DISTRIBUTORS - C S NAGAR,VALSAD,PENDING DESP,890,670876,16,2025-04-06T04:49:30.550Z,Auto-generated from loading operation #217 when status changed to READY≈DESP. Storekeeper: TEJASH M PATEL (DISPATCH {VALSAD}). Vehicle: 115. This entry will not be affected if the loading operation is deleted.,false,115
323,64619,06-04-2025,SHRI SWAMI SAMARTH AGENCY - NARSI,VALSAD,PENDING DESP,977,745545,5,2025-04-06T04:54:28.582Z,Auto-generated from loading operation #242 when status changed to READY≈DESP. Storekeeper: BADELAL VARMA (DISPATCH {VALSAD}). Vehicle: 163. This entry will not be affected if the loading operation is deleted.,false,163
324,64599,06-04-2025,SANSKRUTI ENTERPRISES - WAGHOLI,VALSAD,PENDING DESP,581,427112,11,2025-04-06T05:01:56.076Z,Auto-generated from loading operation #247 when status changed to READY≈DESP. Storekeeper: DIVYANG PATEL (DISPATCH {VALSAD}). Vehicle: 75. This entry will not be affected if the loading operation is deleted.,false,75
325,64600,06-04-2025,VAISHNAV ENTERPRISES - PUNE,VALSAD,PENDING DESP,128,104372,11,2025-04-06T05:02:25.824Z,Auto-generated from loading operation #246 when status changed to READY≈DESP. Storekeeper: DIVYANG PATEL (DISPATCH {VALSAD}). Vehicle: 75. This entry will not be affected if the loading operation is deleted.,false,75
443,64598,2025-04-06,MAHESH ENTERPRISES - HADAPSAR,VALSAD,PENDING DESP,709,0,3,2025-04-08T09:13:09.732Z,Auto-generated from Load Operation #310. Storekeeper: Unknown,false,56{MH-46-BF-3825}
326,64606,06-04-2025,MAHI ENTERPRISES - MAHAD,VALSAD,PENDING DESP,884,670806,12,2025-04-06T05:08:30.387Z,Auto-generated from loading operation #241 when status changed to READY≈DESP. Storekeeper: AKSHAY PATEL (DISPATCH {VALSAD}). Vehicle: 167. This entry will not be affected if the loading operation is deleted.,false,167
327,64609,06-04-2025,VINAYAK ENTERPRISES - KAMOTHA,VALSAD,PENDING DESP,812,594258,12,2025-04-06T05:19:35.763Z,Auto-generated from loading operation #245 when status changed to READY≈DESP. Storekeeper: AKSHAY PATEL (DISPATCH {VALSAD}). Vehicle: 151. This entry will not be affected if the loading operation is deleted.,false,151
328,64604,06-04-2025,SAHAJANAND AGENCY - SOLAPUR,VALSAD,PENDING DESP,915,632392,13,2025-04-06T05:26:21.358Z,Auto-generated from loading operation #250 when status changed to READY≈DESP. Storekeeper: DEVEN PATEL (DISPATCH {VALSAD}). Vehicle: 117. This entry will not be affected if the loading operation is deleted.,false,117
329,64615,06-04-2025,SARSWATI AGENCY - WRANGA PHATHA,VALSAD,PENDING DESP,196,118964,12,2025-04-06T05:29:04.731Z,Auto-generated from loading operation #251 when status changed to READY≈DESP. Storekeeper: AKSHAY PATEL (DISPATCH {VALSAD}). Vehicle: 78. This entry will not be affected if the loading operation is deleted.,false,78
330,64621,06-04-2025,MAHESH AGENCY - NEWASA,VALSAD,PENDING DESP,918,689354,13,2025-04-06T05:30:31.174Z,Auto-generated from loading operation #253 when status changed to READY≈DESP. Storekeeper: DEVEN PATEL (DISPATCH {VALSAD}). Vehicle: 158. This entry will not be affected if the loading operation is deleted.,false,158
335,64633,06-04-2025,KIRANAKART - PADGHA,VALSAD,PENDING DESP,973,644474,5,2025-04-06T11:45:15.910Z,Auto-generated from loading operation #266 when status changed to READY≈DESP. Storekeeper: BADELAL VARMA (DISPATCH {VALSAD}). Vehicle: 51. This entry will not be affected if the loading operation is deleted.,false,51
336,64595,06-04-2025,AMARNATH AGENCY - LATUR,VALSAD,PENDING DESP,979,707411,5,2025-04-06T11:48:59.709Z,Auto-generated from loading operation #267 when status changed to READY≈DESP. Storekeeper: BADELAL VARMA (DISPATCH {VALSAD}). Vehicle: 33. This entry will not be affected if the loading operation is deleted.,false,33
337,64595,06-04-2025,AMARNATH AGENCY - LATUR,VALSAD,PENDING DESP,979,707411,5,2025-04-06T11:48:59.725Z,Auto-generated from loading operation #267 when status changed to READY≈DESP. Storekeeper: BADELAL VARMA (DISPATCH {VALSAD}). Vehicle: 33. This entry will not be affected if the loading operation is deleted.,false,33
338,64601,06-04-2025,VAISHNAV ENTERPRISES - PUNE,VALSAD,PENDING DESP,883,632305,5,2025-04-06T11:52:55.791Z,Auto-generated from loading operation #268 when status changed to READY≈DESP. Storekeeper: BADELAL VARMA (DISPATCH {VALSAD}). Vehicle: 121. This entry will not be affected if the loading operation is deleted.,false,121
339,64591,06-04-2025,BAJRANG TRADERS - C S NAGAR,VALSAD,PENDING DESP,420,345649,16,2025-04-06T12:55:42.144Z,Auto-generated from loading operation #269 when status changed to READY≈DESP. Storekeeper: TEJASH M PATEL (DISPATCH {VALSAD}). Vehicle: 143. This entry will not be affected if the loading operation is deleted.,false,143
340,64592,06-04-2025,SHREE VYANKATESH TRADERS - WALUJ,VALSAD,PENDING DESP,432,274486,16,2025-04-06T12:59:04.434Z,Auto-generated from loading operation #270 when status changed to READY≈DESP. Storekeeper: TEJASH M PATEL (DISPATCH {VALSAD}). Vehicle: 143. This entry will not be affected if the loading operation is deleted.,false,143
341,64607,06-04-2025,R G AGENCY - LONERE,VALSAD,PENDING DESP,872,637273,11,2025-04-06T13:32:45.289Z,Auto-generated from loading operation #248 when status changed to READY≈DESP. Storekeeper: DIVYANG PATEL (DISPATCH {VALSAD}). Vehicle: 124. This entry will not be affected if the loading operation is deleted.,false,124
342,64620,06-04-2025,AASWAD ENTERPRISES - SANGAMNER,VALSAD,PENDING DESP,793,606873,16,2025-04-06T14:30:36.054Z,Auto-generated from loading operation #271 when status changed to READY≈DESP. Storekeeper: TEJASH M PATEL (DISPATCH {VALSAD}). Vehicle: 108. This entry will not be affected if the loading operation is deleted.,false,108
343,64625,06-04-2025,SHREE GAJANAN AGENCIES - SHRIRAMPUR,VALSAD,PENDING DESP,898,641696,16,2025-04-06T16:18:21.763Z,Auto-generated from loading operation #272 when status changed to READY≈DESP. Storekeeper: TEJASH M PATEL (DISPATCH {VALSAD}). Vehicle: 176. This entry will not be affected if the loading operation is deleted.,false,176
344,64676,07-04-2025,NAVNEET ENTERPRISES - KALYAN,VALSAD,PENDING DESP,849,629397,16,2025-04-06T23:08:33.346Z,Auto-generated from loading operation #273 when status changed to READY≈DESP. Storekeeper: TEJASH M PATEL (DISPATCH {VALSAD}). Vehicle: 181. This entry will not be affected if the loading operation is deleted.,false,181
345,64662,07-04-2025,RUDRA ENTERPRISES - C S NAGAR,VALSAD,PENDING DESP,252,208406,5,2025-04-07T04:22:01.678Z,Auto-generated from loading operation #277 when status changed to READY≈DESP. Storekeeper: BADELAL VARMA (DISPATCH {VALSAD}). Vehicle: 46. This entry will not be affected if the loading operation is deleted.,false,46
346,64548,05-04-2025,SHRI RAM MARKETING - JAYSINGPUR,VALSAD,PENDING DESP,347,238013,16,2025-04-07T05:16:10.894Z,Auto-generated from loading operation #209 when status changed to READY≈DESP. Storekeeper: TEJASH M PATEL (DISPATCH {VALSAD}). Vehicle: 119. This entry will not be affected if the loading operation is deleted.,false,119
347,64675,07-04-2025,CHHAYA ENTERPRISES - AMBERNATH,VALSAD,PENDING DESP,880,680265,4,2025-04-07T05:31:22.036Z,Auto-generated from loading operation #279 when status changed to READY≈DESP. Storekeeper: YAGNIK PATEL (BILLING). Vehicle: 168. This entry will not be affected if the loading operation is deleted.,false,168
348,64547,05-04-2025,GURUMAULI ENTERPRISES - TASGAON,VALSAD,PENDING DESP,493,335499,3,2025-04-07T05:32:28.922Z,Auto-generated from loading operation #284 when status changed to READY≈DESP. Storekeeper: Yash patel (IT). Vehicle: 119. This entry will not be affected if the loading operation is deleted.,false,119
349,64650,07-04-2025,VAHANVATI AGENCY - LONAVALA,VALSAD,PENDING DESP,955,674911,6,2025-04-07T05:42:47.253Z,Auto-generated from loading operation #274 when status changed to READY≈DESP. Storekeeper: PRIYANK PATEL (DISPATCH {VALSAD}). Vehicle: 105. This entry will not be affected if the loading operation is deleted.,false,105
350,64653,07-04-2025,MEGHA ENTERPRISES - DEHU ROAD,VALSAD,PENDING DESP,877,616289,5,2025-04-07T05:43:01.185Z,Auto-generated from loading operation #280 when status changed to READY≈DESP. Storekeeper: BADELAL VARMA (DISPATCH {VALSAD}). Vehicle: 112. This entry will not be affected if the loading operation is deleted.,false,112
351,64660,07-04-2025,M/S. ANUJ AGENCY - PHULAMBRI,VALSAD,PENDING DESP,827,616433,5,2025-04-07T05:45:20.164Z,Auto-generated from loading operation #278 when status changed to READY≈DESP. Storekeeper: BADELAL VARMA (DISPATCH {VALSAD}). Vehicle: 92. This entry will not be affected if the loading operation is deleted.,false,92
352,64670,07-04-2025,SHRUSHTI ENTERPRISES - KHALAPUR,VALSAD,PENDING DESP,569,340692,12,2025-04-07T06:06:28.834Z,Auto-generated from loading operation #283 when status changed to READY≈DESP. Storekeeper: AKSHAY PATEL (DISPATCH {VALSAD}). Vehicle: 184. This entry will not be affected if the loading operation is deleted.,false,184
441,64597,2025-04-06,KESHARIYA AGENCIES - MANJARI,VALSAD,PENDING DESP,916,0,3,2025-04-08T09:13:09.731Z,Auto-generated from Load Operation #309. Storekeeper: Unknown,false,56{MH-46-BF-3825}
353,64673,07-04-2025,SANJARI ENTERPRISE - RATNAGIRI,VALSAD,PENDING DESP,907,664984,4,2025-04-07T06:09:29.790Z,Auto-generated from loading operation #285 when status changed to READY≈DESP. Storekeeper: YAGNIK PATEL (BILLING). Vehicle: 111. This entry will not be affected if the loading operation is deleted.,false,111
354,64671,07-04-2025,K K MARKETING - KADAV,VALSAD,PENDING DESP,405,308197,12,2025-04-07T06:10:40.847Z,Auto-generated from loading operation #286 when status changed to READY≈DESP. Storekeeper: AKSHAY PATEL (DISPATCH {VALSAD}). Vehicle: 184. This entry will not be affected if the loading operation is deleted.,false,184
355,64677,07-04-2025,UMANG AGENCY - SHELAR,VALSAD,PENDING DESP,849,622917,5,2025-04-07T06:21:15.777Z,Auto-generated from loading operation #287 when status changed to READY≈DESP. Storekeeper: BADELAL VARMA (DISPATCH {VALSAD}). Vehicle: 178. This entry will not be affected if the loading operation is deleted.,false,178
356,64663,07-04-2025,VARSHA ENTERPRISES - C S NAGAR,VALSAD,PENDING DESP,568,438680,5,2025-04-07T06:25:09.618Z,Auto-generated from loading operation #276 when status changed to READY≈DESP. Storekeeper: BADELAL VARMA (DISPATCH {VALSAD}). Vehicle: 46. This entry will not be affected if the loading operation is deleted.,false,46
357,64654,07-04-2025,SANGAM ENTERPRISES - BANER,VALSAD,PENDING DESP,851,670995,4,2025-04-07T06:48:37.910Z,Auto-generated from loading operation #289 when status changed to READY≈DESP. Storekeeper: YAGNIK PATEL (BILLING). Vehicle: 99. This entry will not be affected if the loading operation is deleted.,false,99
358,64669,07-04-2025,SHYAM AGENCY - BHIWANDI,VALSAD,PENDING DESP,893,645991,12,2025-04-07T07:11:09.923Z,Auto-generated from loading operation #290 when status changed to READY≈DESP. Storekeeper: AKSHAY PATEL (DISPATCH {VALSAD}). Vehicle: 122. This entry will not be affected if the loading operation is deleted.,false,122
359,64679,07-04-2025,SHREYA AGENCIES - AKLUJ,VALSAD,PENDING DESP,756,521560,5,2025-04-07T08:26:42.351Z,Auto-generated from loading operation #295 when status changed to READY≈DESP. Storekeeper: BADELAL VARMA (DISPATCH {VALSAD}). Vehicle: 66. This entry will not be affected if the loading operation is deleted.,false,66
360,64661,07-04-2025,RUDRA ENTERPRISES - C S NAGAR,VALSAD,PENDING DESP,900,671357,4,2025-04-07T08:42:52.403Z,Auto-generated from loading operation #275 when status changed to READY≈DESP. Storekeeper: YAGNIK PATEL (BILLING). Vehicle: 47. This entry will not be affected if the loading operation is deleted.,false,47
361,64649,07-04-2025,MANGALMURTI ENTERPRISES - LONIKAND,VALSAD,PENDING DESP,205,155532,4,2025-04-07T08:44:01.889Z,Auto-generated from loading operation #296 when status changed to READY≈DESP. Storekeeper: YAGNIK PATEL (BILLING). Vehicle: 146. This entry will not be affected if the loading operation is deleted.,false,146
362,64672,07-04-2025,VIHAN ENTERPRISES - NERAL,VALSAD,PENDING DESP,753,570658,4,2025-04-07T08:44:45.781Z,Auto-generated from loading operation #288 when status changed to READY≈DESP. Storekeeper: YAGNIK PATEL (BILLING). Vehicle: 89. This entry will not be affected if the loading operation is deleted.,false,89
363,64666,07-04-2025,SHRINIVASA AGENCIES - AHMADPUR,VALSAD,PENDING DESP,910,653170,5,2025-04-07T09:10:30.863Z,Auto-generated from loading operation #299 when status changed to READY≈DESP. Storekeeper: BADELAL VARMA (DISPATCH {VALSAD}). Vehicle: 54. This entry will not be affected if the loading operation is deleted.,false,54
364,64652,07-04-2025,BALAJI ENTERPRISES - ALANDI DEVACHI,VALSAD,PENDING DESP,929,690841,5,2025-04-07T09:23:18.181Z,Auto-generated from loading operation #291 when status changed to READY≈DESP. Storekeeper: BADELAL VARMA (DISPATCH {VALSAD}). Vehicle: 113. This entry will not be affected if the loading operation is deleted.,false,113
365,64586,06-04-2025,JAIN DISTRIBUTORS - C S NAGAR,VALSAD,PENDING DESP,960,717215,3,2025-04-07T09:25:57.270Z,Auto-generated from loading operation #301 when status changed to READY≈DESP. Storekeeper: Yash patel (IT). Vehicle: Not assigned. This entry will not be affected if the loading operation is deleted.,false,Not assigned
366,64586,06-04-2025,JAIN DISTRIBUTORS - C S NAGAR,VALSAD,PENDING DESP,960,717215,3,2025-04-07T09:25:57.404Z,Auto-generated from loading operation #301 when status changed to READY≈DESP. Storekeeper: Yash patel (IT). Vehicle: Not assigned. This entry will not be affected if the loading operation is deleted.,false,Not assigned
367,64657,07-04-2025,OM ENTERPRISES - TATHAWADI,VALSAD,PENDING DESP,851,634278,5,2025-04-07T09:26:48.522Z,Auto-generated from loading operation #281 when status changed to READY≈DESP. Storekeeper: BADELAL VARMA (DISPATCH {VALSAD}). Vehicle: 26. This entry will not be affected if the loading operation is deleted.,false,26
368,64656,07-04-2025,AARYA ENTERPRISES - NIGDI,VALSAD,PENDING DESP,823,623604,4,2025-04-07T09:28:11.647Z,Auto-generated from loading operation #300 when status changed to READY≈DESP. Storekeeper: YAGNIK PATEL (BILLING). Vehicle: 44. This entry will not be affected if the loading operation is deleted.,false,44
369,64587,06-04-2025,JAIN DISTRIBUTORS - C S NAGAR,VALSAD,PENDING DESP,228,157276,3,2025-04-07T09:28:36.530Z,Auto-generated from loading operation #302 when status changed to READY≈DESP. Storekeeper: Yash patel (IT). Vehicle: Not assigned. This entry will not be affected if the loading operation is deleted.,false,Not assigned
370,64588,06-04-2025,PUJA BHAKTI DISTRIBUTORS - C S NAGAR,VALSAD,PENDING DESP,598,455783,3,2025-04-07T09:32:23.367Z,Auto-generated from loading operation #304 when status changed to READY≈DESP. Storekeeper: Yash patel (IT). Vehicle: Not assigned. This entry will not be affected if the loading operation is deleted.,false,Not assigned
371,64668,07-04-2025,SHIVSAI AGENCY - ALIBAUG,VALSAD,PENDING DESP,771,593562,12,2025-04-07T09:34:47.827Z,Auto-generated from loading operation #305 when status changed to READY≈DESP. Storekeeper: AKSHAY PATEL (DISPATCH {VALSAD}). Vehicle: 35. This entry will not be affected if the loading operation is deleted.,false,35
372,64655,07-04-2025,SANGAM ENTERPRISES - BANER,VALSAD,PENDING DESP,801,529458,4,2025-04-07T09:39:39.580Z,Auto-generated from loading operation #293 when status changed to READY≈DESP. Storekeeper: YAGNIK PATEL (BILLING). Vehicle: 160. This entry will not be affected if the loading operation is deleted.,false,160
373,64667,07-04-2025,JAISWAL ENTERPRISES - PEN,VALSAD,PENDING DESP,891,657762,5,2025-04-07T09:58:27.120Z,Auto-generated from loading operation #303 when status changed to READY≈DESP. Storekeeper: BADELAL VARMA (DISPATCH {VALSAD}). Vehicle: 179. This entry will not be affected if the loading operation is deleted.,false,179
374,64590,06-04-2025,BAJRANG TRADERS - C S NAGAR,VALSAD,PENDING DESP,945,706931,3,2025-04-07T10:17:26.126Z,Auto-generated from loading operation #306 when status changed to READY≈DESP. Storekeeper: Yash patel (IT). Vehicle: Not assigned. This entry will not be affected if the loading operation is deleted.,false,Not assigned
375,64594,06-04-2025,RANA AGENCY - PAITHAN,VALSAD,PENDING DESP,893,635729,3,2025-04-07T10:23:27.074Z,Auto-generated from loading operation #307 when status changed to READY≈DESP. Storekeeper: Yash patel (IT). Vehicle: Not assigned. This entry will not be affected if the loading operation is deleted.,false,Not assigned
376,64596,06-04-2025,BRAMHANI SALES - TALEGAON,VALSAD,PENDING DESP,696,510664,3,2025-04-07T10:28:27.084Z,Auto-generated from loading operation #308 when status changed to READY≈DESP. Storekeeper: Yash patel (IT). Vehicle: Not assigned. This entry will not be affected if the loading operation is deleted.,false,Not assigned
377,64597,06-04-2025,KESHARIYA AGENCIES - MANJARI,VALSAD,PENDING DESP,916,684251,3,2025-04-07T10:32:46.225Z,Auto-generated from loading operation #309 when status changed to READY≈DESP. Storekeeper: Yash patel (IT). Vehicle: Not assigned. This entry will not be affected if the loading operation is deleted.,false,Not assigned
378,64598,06-04-2025,MAHESH ENTERPRISES - HADAPSAR,VALSAD,PENDING DESP,709,545017,3,2025-04-07T10:35:30.935Z,Auto-generated from loading operation #310 when status changed to READY≈DESP. Storekeeper: Yash patel (IT). Vehicle: Not assigned. This entry will not be affected if the loading operation is deleted.,false,Not assigned
379,64602,06-04-2025,TIRUPATI ENTERPRISES - KHARADI,VALSAD,PENDING DESP,899,655077,3,2025-04-07T10:39:07.267Z,Auto-generated from loading operation #311 when status changed to READY≈DESP. Storekeeper: Yash patel (IT). Vehicle: Not assigned. This entry will not be affected if the loading operation is deleted.,false,Not assigned
380,64603,06-04-2025,OMKAR DISTRIBUTORS - NARAYANGAON,VALSAD,PENDING DESP,942,718129,3,2025-04-07T10:40:58.182Z,Auto-generated from loading operation #312 when status changed to READY≈DESP. Storekeeper: Yash patel (IT). Vehicle: Not assigned. This entry will not be affected if the loading operation is deleted.,false,Not assigned
381,64605,06-04-2025,DHANLAXMI TRADERS - KHOPOLI,VALSAD,PENDING DESP,734,550935,3,2025-04-07T10:43:20.824Z,Auto-generated from loading operation #313 when status changed to READY≈DESP. Storekeeper: Yash patel (IT). Vehicle: Not assigned. This entry will not be affected if the loading operation is deleted.,false,Not assigned
382,64664,07-04-2025,VARSHA ENTERPRISES - C S NAGAR,VALSAD,PENDING DESP,915,721171,12,2025-04-07T10:47:38.725Z,Auto-generated from loading operation #298 when status changed to READY≈DESP. Storekeeper: AKSHAY PATEL (DISPATCH {VALSAD}). Vehicle: 58. This entry will not be affected if the loading operation is deleted.,false,58
383,64608,06-04-2025,GURUKRUPA ENTERPRISES - KALAMBOLI,VALSAD,PENDING DESP,972,649382,3,2025-04-07T10:49:51.831Z,Auto-generated from loading operation #314 when status changed to READY≈DESP. Storekeeper: Yash patel (IT). Vehicle: 69. This entry will not be affected if the loading operation is deleted.,false,69
384,64659,07-04-2025,SHREE GANESH AGENCIES - PAUD,VALSAD,PENDING DESP,733,518804,12,2025-04-07T10:52:07.161Z,Auto-generated from loading operation #297 when status changed to READY≈DESP. Storekeeper: AKSHAY PATEL (DISPATCH {VALSAD}). Vehicle: 77. This entry will not be affected if the loading operation is deleted.,false,77
385,64659,07-04-2025,SHREE GANESH AGENCIES - PAUD,VALSAD,PENDING DESP,733,518804,12,2025-04-07T10:52:07.241Z,Auto-generated from loading operation #297 when status changed to READY≈DESP. Storekeeper: AKSHAY PATEL (DISPATCH {VALSAD}). Vehicle: 77. This entry will not be affected if the loading operation is deleted.,false,77
386,64659,07-04-2025,SHREE GANESH AGENCIES - PAUD,VALSAD,PENDING DESP,733,518804,12,2025-04-07T10:52:07.262Z,Auto-generated from loading operation #297 when status changed to READY≈DESP. Storekeeper: AKSHAY PATEL (DISPATCH {VALSAD}). Vehicle: 77. This entry will not be affected if the loading operation is deleted.,false,77
387,64659,07-04-2025,SHREE GANESH AGENCIES - PAUD,VALSAD,PENDING DESP,733,518804,12,2025-04-07T10:52:07.343Z,Auto-generated from loading operation #297 when status changed to READY≈DESP. Storekeeper: AKSHAY PATEL (DISPATCH {VALSAD}). Vehicle: 77. This entry will not be affected if the loading operation is deleted.,false,77
388,64658,07-04-2025,RUHI ENTERPRISES - PCMC,VALSAD,PENDING DESP,300,248971,12,2025-04-07T10:52:11.924Z,Auto-generated from loading operation #282 when status changed to READY≈DESP. Storekeeper: AKSHAY PATEL (DISPATCH {VALSAD}). Vehicle: 12. This entry will not be affected if the loading operation is deleted.,false,12
389,64610,06-04-2025,YASHVI ENTERPRISE - DOMBIVLI,VALSAD,PENDING DESP,699,534727,3,2025-04-07T10:52:40.717Z,Auto-generated from loading operation #315 when status changed to READY≈DESP. Storekeeper: Yash patel (IT). Vehicle: 74. This entry will not be affected if the loading operation is deleted.,false,74
390,64612,06-04-2025,MAHEK AGENCY - MUMBRA,VALSAD,PENDING DESP,831,608871,3,2025-04-07T10:56:20.629Z,Auto-generated from loading operation #316 when status changed to READY≈DESP. Storekeeper: Yash patel (IT). Vehicle: Not assigned. This entry will not be affected if the loading operation is deleted.,false,Not assigned
391,64613,06-04-2025,OM ENTERPRISES - MURBAD,VALSAD,PENDING DESP,858,637049,3,2025-04-07T11:00:05.594Z,Auto-generated from loading operation #317 when status changed to READY≈DESP. Storekeeper: Yash patel (IT). Vehicle: Not assigned. This entry will not be affected if the loading operation is deleted.,false,Not assigned
392,64614,06-04-2025,SHREE SAI AGENCIES - NANDED,VALSAD,PENDING DESP,539,419922,3,2025-04-07T11:01:31.927Z,Auto-generated from loading operation #318 when status changed to READY≈DESP. Storekeeper: Yash patel (IT). Vehicle: 78. This entry will not be affected if the loading operation is deleted.,false,78
393,64616,06-04-2025,SHYAM AGENCY - BHIWANDI,VALSAD,PENDING DESP,967,769081,3,2025-04-07T11:08:25.986Z,Auto-generated from loading operation #319 when status changed to READY≈DESP. Storekeeper: Yash patel (IT). Vehicle: 108. This entry will not be affected if the loading operation is deleted.,false,108
394,64647,07-04-2025,SHUBHANKAR AGENCY - PARNER,VALSAD,PENDING DESP,894,669727,5,2025-04-07T12:09:00.055Z,Auto-generated from loading operation #320 when status changed to READY≈DESP. Storekeeper: BADELAL VARMA (DISPATCH {VALSAD}). Vehicle: 166. This entry will not be affected if the loading operation is deleted.,false,166
395,64674,07-04-2025,CHHAYA ENTERPRISES - AMBERNATH,VALSAD,PENDING DESP,859,629484,12,2025-04-07T12:16:45.012Z,Auto-generated from loading operation #323 when status changed to READY≈DESP. Storekeeper: AKSHAY PATEL (DISPATCH {VALSAD}). Vehicle: 107. This entry will not be affected if the loading operation is deleted.,false,107
396,64617,06-04-2025,F K DISTRIBUTORS - DHARASHIV,VALSAD,PENDING DESP,754,573505,3,2025-04-07T12:20:01.652Z,Auto-generated from loading operation #324 when status changed to READY≈DESP. Storekeeper: Yash patel (IT). Vehicle: Not assigned. This entry will not be affected if the loading operation is deleted.,false,Not assigned
397,64618,06-04-2025,SAI AGENCY - KALAS,VALSAD,PENDING DESP,841,614377,3,2025-04-07T12:22:38.882Z,Auto-generated from loading operation #325 when status changed to READY≈DESP. Storekeeper: Yash patel (IT). Vehicle: 126. This entry will not be affected if the loading operation is deleted.,false,126
398,64622,06-04-2025,VAIBHAV AGENCY - AHMEDNAGAR,VALSAD,PENDING DESP,750,545453,3,2025-04-07T12:24:59.329Z,Auto-generated from loading operation #326 when status changed to READY≈DESP. Storekeeper: Yash patel (IT). Vehicle: Not assigned. This entry will not be affected if the loading operation is deleted.,false,Not assigned
399,64623,06-04-2025,TRIMURTI TRADERS - RAHURI,VALSAD,PENDING DESP,804,577461,3,2025-04-07T12:29:38.243Z,Auto-generated from loading operation #327 when status changed to READY≈DESP. Storekeeper: Yash patel (IT). Vehicle: 62. This entry will not be affected if the loading operation is deleted.,false,62
400,64624,06-04-2025,RUCHITA TRADERS - DEOLALI RAHURI,VALSAD,PENDING DESP,768,542289,3,2025-04-07T12:32:42.932Z,Auto-generated from loading operation #328 when status changed to READY≈DESP. Storekeeper: Yash patel (IT). Vehicle: 35. This entry will not be affected if the loading operation is deleted.,false,35
401,64626,06-04-2025,SHRI GURUKRUPA AGENCIES - AGADGAON,VALSAD,PENDING DESP,921,648993,3,2025-04-07T12:39:25.683Z,Auto-generated from loading operation #329 when status changed to READY≈DESP. Storekeeper: Yash patel (IT). Vehicle: 125. This entry will not be affected if the loading operation is deleted.,false,125
402,64626,06-04-2025,SHRI GURUKRUPA AGENCIES - AGADGAON,VALSAD,PENDING DESP,921,648993,3,2025-04-07T12:39:25.727Z,Auto-generated from loading operation #329 when status changed to READY≈DESP. Storekeeper: Yash patel (IT). Vehicle: 125. This entry will not be affected if the loading operation is deleted.,false,125
403,64627,06-04-2025,SWARA ENTERPRISES - SANGAMNER,VALSAD,PENDING DESP,885,650391,3,2025-04-07T12:46:16.325Z,Auto-generated from loading operation #330 when status changed to READY≈DESP. Storekeeper: Yash patel (IT). Vehicle: 15. This entry will not be affected if the loading operation is deleted.,false,15
404,64627,06-04-2025,SWARA ENTERPRISES - SANGAMNER,VALSAD,PENDING DESP,885,650391,3,2025-04-07T12:46:16.778Z,Auto-generated from loading operation #330 when status changed to READY≈DESP. Storekeeper: Yash patel (IT). Vehicle: 15. This entry will not be affected if the loading operation is deleted.,false,15
405,64678,07-04-2025,SHREE SAI AGENCIES - NANDED,VALSAD,PENDING DESP,825,597870,14,2025-04-07T13:00:02.893Z,Auto-generated from loading operation #322 when status changed to READY≈DESP. Storekeeper: YASH S PATEL (DISPATCH {VALSAD}). Vehicle: Not assigned. This entry will not be affected if the loading operation is deleted.,false,Not assigned
406,64680,07-04-2025,RAJASHREE SALES - RASTA PETH,VALSAD,PENDING DESP,725,535785,16,2025-04-07T13:01:35.321Z,Auto-generated from loading operation #321 when status changed to READY≈DESP. Storekeeper: TEJASH M PATEL (DISPATCH {VALSAD}). Vehicle: 67. This entry will not be affected if the loading operation is deleted.,false,67
407,64628,06-04-2025,OM AGENCY - SANGAMNER,VALSAD,PENDING DESP,592,436083,3,2025-04-07T13:05:02.440Z,Auto-generated from loading operation #331 when status changed to READY≈DESP. Storekeeper: Yash patel (IT). Vehicle: Not assigned. This entry will not be affected if the loading operation is deleted.,false,Not assigned
408,64629,06-04-2025,"OM SAI AGENCY - AKOLE, AHMEDNAGAR",VALSAD,PENDING DESP,300,246380,3,2025-04-07T13:06:00.055Z,Auto-generated from loading operation #333 when status changed to READY≈DESP. Storekeeper: Yash patel (IT). Vehicle: Not assigned. This entry will not be affected if the loading operation is deleted.,false,Not assigned
409,64630,06-04-2025,"OM SAI AGENCY - AKOLE, AHMEDNAGAR",VALSAD,PENDING DESP,940,621232,3,2025-04-07T13:13:33.507Z,Auto-generated from loading operation #334 when status changed to READY≈DESP. Storekeeper: Yash patel (IT). Vehicle: 118. This entry will not be affected if the loading operation is deleted.,false,118
410,64630,06-04-2025,"OM SAI AGENCY - AKOLE, AHMEDNAGAR",VALSAD,PENDING DESP,940,621232,3,2025-04-07T13:13:33.544Z,Auto-generated from loading operation #334 when status changed to READY≈DESP. Storekeeper: Yash patel (IT). Vehicle: 118. This entry will not be affected if the loading operation is deleted.,false,118
411,64630,06-04-2025,"OM SAI AGENCY - AKOLE, AHMEDNAGAR",VALSAD,PENDING DESP,940,621232,3,2025-04-07T13:13:33.752Z,Auto-generated from loading operation #334 when status changed to READY≈DESP. Storekeeper: Yash patel (IT). Vehicle: 118. This entry will not be affected if the loading operation is deleted.,false,118
412,64630,06-04-2025,"OM SAI AGENCY - AKOLE, AHMEDNAGAR",VALSAD,PENDING DESP,940,621232,3,2025-04-07T13:13:33.910Z,Auto-generated from loading operation #334 when status changed to READY≈DESP. Storekeeper: Yash patel (IT). Vehicle: 118. This entry will not be affected if the loading operation is deleted.,false,118
413,64632,06-04-2025,KIRANAKART - PADGHA,VALSAD,PENDING DESP,973,644474,3,2025-04-07T13:20:01.701Z,Auto-generated from loading operation #337 when status changed to READY≈DESP. Storekeeper: Yash patel (IT). Vehicle: Not assigned. This entry will not be affected if the loading operation is deleted.,false,Not assigned
414,64634,06-04-2025,KIRANAKART - BHIWANDI,VALSAD,PENDING DESP,992,659688,3,2025-04-07T13:21:21.037Z,Auto-generated from loading operation #338 when status changed to READY≈DESP. Storekeeper: Yash patel (IT). Vehicle: Not assigned. This entry will not be affected if the loading operation is deleted.,false,Not assigned
415,64635,06-04-2025,AVENUE SUPERMARTS LTD - CHANDKHED,VALSAD,PENDING DESP,910,609966,3,2025-04-07T13:22:40.568Z,Auto-generated from loading operation #339 when status changed to READY≈DESP. Storekeeper: Yash patel (IT). Vehicle: Not assigned. This entry will not be affected if the loading operation is deleted.,false,Not assigned
416,64635,06-04-2025,AVENUE SUPERMARTS LTD - CHANDKHED,VALSAD,PENDING DESP,910,609966,3,2025-04-07T13:22:40.571Z,Auto-generated from loading operation #339 when status changed to READY≈DESP. Storekeeper: Yash patel (IT). Vehicle: Not assigned. This entry will not be affected if the loading operation is deleted.,false,Not assigned
417,64631,06-04-2025,SHYAM AGENCY - BHIWANDI,VALSAD,PENDING DESP,156,82525,3,2025-04-07T13:26:02.146Z,Auto-generated from loading operation #336 when status changed to READY≈DESP. Storekeeper: Yash patel (IT). Vehicle: 169. This entry will not be affected if the loading operation is deleted.,false,169
418,64648,07-04-2025,OMKAR AGENCIES - SHIRUR,VALSAD,PENDING DESP,876,636905,14,2025-04-07T14:31:46.092Z,Auto-generated from loading operation #340 when status changed to READY≈DESP. Storekeeper: YASH S PATEL (DISPATCH {VALSAD}). Vehicle: Not assigned. This entry will not be affected if the loading operation is deleted.,false,Not assigned
419,64665,07-04-2025,SAI SAMARTH AGENCY - VAIJAPUR,VALSAD,PENDING DESP,962,681711,16,2025-04-07T14:43:27.688Z,Auto-generated from loading operation #332 when status changed to READY≈DESP. Storekeeper: TEJASH M PATEL (DISPATCH {VALSAD}). Vehicle: 109. This entry will not be affected if the loading operation is deleted.,false,109
420,64651,07-04-2025,MAULI AGENCIES - PCMC,VALSAD,PENDING DESP,843,642228,13,2025-04-07T17:10:12.415Z,Auto-generated from loading operation #343 when status changed to READY≈DESP. Storekeeper: DEVEN PATEL (DISPATCH {VALSAD}). Vehicle: 36. This entry will not be affected if the loading operation is deleted.,false,36
421,64706,08-04-2025,SHIV SALES - SOLAPUR,VALSAD,PENDING DESP,919,656286,16,2025-04-07T17:28:15.926Z,Auto-generated from loading operation #341 when status changed to READY≈DESP. Storekeeper: TEJASH M PATEL (DISPATCH {VALSAD}). Vehicle: 127. This entry will not be affected if the loading operation is deleted.,false,127
422,64699,08-04-2025,TIRUPATI AGENCY - GANGAKHED,VALSAD,PENDING DESP,728,509249,14,2025-04-07T18:02:17.651Z,Auto-generated from loading operation #344 when status changed to READY≈DESP. Storekeeper: YASH S PATEL (DISPATCH {VALSAD}). Vehicle: Not assigned. This entry will not be affected if the loading operation is deleted.,false,Not assigned
423,64730,08-04-2025,SHREE SAI AGENCIES - NANDED,VALSAD,PENDING DESP,737,476878,14,2025-04-07T19:14:19.109Z,Auto-generated from loading operation #342 when status changed to READY≈DESP. Storekeeper: YASH S PATEL (DISPATCH {VALSAD}). Vehicle: Not assigned. This entry will not be affected if the loading operation is deleted.,false,Not assigned
442,64602,2025-04-06,TIRUPATI ENTERPRISES - KHARADI,VALSAD,PENDING DESP,899,0,3,2025-04-08T09:13:09.732Z,Auto-generated from Load Operation #311. Storekeeper: Unknown,false,56{MH-46-BF-3825}
424,64698,08-04-2025,SHRI NARAYANA AGENCIES - GANGAKHED,VALSAD,PENDING DESP,776,546616,14,2025-04-08T04:40:02.479Z,Auto-generated from loading operation #346 when status changed to READY≈DESP. Storekeeper: YASH S PATEL (DISPATCH {VALSAD}). Vehicle: 30. This entry will not be affected if the loading operation is deleted.,false,30
425,64727,08-04-2025,PAVAN AGENCY - PARTUR,VALSAD,PENDING DESP,749,492680,5,2025-04-08T04:43:46.572Z,Auto-generated from loading operation #349 when status changed to READY≈DESP. Storekeeper: BADELAL VARMA (DISPATCH {VALSAD}). Vehicle: 72. This entry will not be affected if the loading operation is deleted.,false,72
426,64704,08-04-2025,SAHAJANAND AGENCY - SOLAPUR,VALSAD,PENDING DESP,891,601316,12,2025-04-08T04:58:48.184Z,Auto-generated from loading operation #348 when status changed to READY≈DESP. Storekeeper: AKSHAY PATEL (DISPATCH {VALSAD}). Vehicle: 167. This entry will not be affected if the loading operation is deleted.,false,167
427,64716,08-04-2025,KIRAN SALES - BORLI,VALSAD,PENDING DESP,817,599141,5,2025-04-08T05:26:55.474Z,Auto-generated from loading operation #345 when status changed to READY≈DESP. Storekeeper: BADELAL VARMA (DISPATCH {VALSAD}). Vehicle: 108. This entry will not be affected if the loading operation is deleted.,false,108
428,64729,08-04-2025,SHREE SAI AGENCIES - NANDED,VALSAD,PENDING DESP,859,675864,14,2025-04-08T05:47:58.157Z,Auto-generated from loading operation #356 when status changed to READY≈DESP. Storekeeper: YASH S PATEL (DISPATCH {VALSAD}). Vehicle: 106. This entry will not be affected if the loading operation is deleted.,false,106
429,64712,08-04-2025,GURUKRUPA ENTERPRISES - KALAMBOLI,VALSAD,PENDING DESP,881,644215,12,2025-04-08T06:02:28.841Z,Auto-generated from loading operation #353 when status changed to READY≈DESP. Storekeeper: AKSHAY PATEL (DISPATCH {VALSAD}). Vehicle: 147. This entry will not be affected if the loading operation is deleted.,false,147
430,64707,08-04-2025,DISHA AGENCIES - MOHOL,VALSAD,PENDING DESP,651,456701,14,2025-04-08T06:11:51.178Z,Auto-generated from loading operation #351 when status changed to READY≈DESP. Storekeeper: YASH S PATEL (DISPATCH {VALSAD}). Vehicle: 51. This entry will not be affected if the loading operation is deleted.,false,51
431,64726,08-04-2025,SHREE DATT AGENCIES - AMBAD,VALSAD,PENDING DESP,915,681380,12,2025-04-08T06:26:38.192Z,Auto-generated from loading operation #350 when status changed to READY≈DESP. Storekeeper: AKSHAY PATEL (DISPATCH {VALSAD}). Vehicle: 169. This entry will not be affected if the loading operation is deleted.,false,169
432,64718,08-04-2025,SANJARI ENTERPRISE - RATNAGIRI,VALSAD,PENDING DESP,878,625017,5,2025-04-08T06:34:35.171Z,Auto-generated from loading operation #357 when status changed to READY≈DESP. Storekeeper: BADELAL VARMA (DISPATCH {VALSAD}). Vehicle: 176. This entry will not be affected if the loading operation is deleted.,false,176
433,64723,08-04-2025,OM ENTERPRISES - MURBAD,VALSAD,PENDING DESP,911,647484,5,2025-04-08T06:41:13.336Z,Auto-generated from loading operation #352 when status changed to READY≈DESP. Storekeeper: BADELAL VARMA (DISPATCH {VALSAD}). Vehicle: 180. This entry will not be affected if the loading operation is deleted.,false,180
434,64722,08-04-2025,SHYAM AGENCY - BHIWANDI,VALSAD,PENDING DESP,924,674798,12,2025-04-08T06:42:27.762Z,Auto-generated from loading operation #347 when status changed to READY≈DESP. Storekeeper: AKSHAY PATEL (DISPATCH {VALSAD}). Vehicle: 126. This entry will not be affected if the loading operation is deleted.,false,126
435,64700,08-04-2025,SHIV ENTERPRISES - KONDHWA,VALSAD,PENDING DESP,791,587464,14,2025-04-08T07:22:18.012Z,Auto-generated from loading operation #366 when status changed to READY≈DESP. Storekeeper: YASH S PATEL (DISPATCH {VALSAD}). Vehicle: Not assigned. This entry will not be affected if the loading operation is deleted.,false,Not assigned
436,64705,08-04-2025,SAHAJANAND AGENCY - SOLAPUR,VALSAD,PENDING DESP,818,590744,5,2025-04-08T08:47:07.055Z,Auto-generated from loading operation #362 when status changed to READY≈DESP. Storekeeper: BADELAL VARMA (DISPATCH {VALSAD}). Vehicle: 158. This entry will not be affected if the loading operation is deleted.,false,158
437,64731,08-04-2025,PARSHURAM NARAYAN BHINGARDE - SANGMESHWAR,VALSAD,PENDING DESP,777,565566,4,2025-04-08T08:48:59.454Z,Auto-generated from loading operation #364 when status changed to READY≈DESP. Storekeeper: YAGNIK PATEL (BILLING). Vehicle: 62. This entry will not be affected if the loading operation is deleted.,false,62
438,64714,08-04-2025,PRABHU SALES AGENCY - PANVEL,VALSAD,PENDING DESP,212,179602,4,2025-04-08T08:49:35.365Z,Auto-generated from loading operation #355 when status changed to READY≈DESP. Storekeeper: YAGNIK PATEL (BILLING). Vehicle: 65. This entry will not be affected if the loading operation is deleted.,false,65
439,64715,08-04-2025,SHRI SAMARTH KRUPA TRADERS - MOHAPADA,VALSAD,PENDING DESP,514,386154,4,2025-04-08T08:49:57.764Z,Auto-generated from loading operation #354 when status changed to READY≈DESP. Storekeeper: YAGNIK PATEL (BILLING). Vehicle: 65. This entry will not be affected if the loading operation is deleted.,false,65
440,64725,08-04-2025,RADHIKA AGENCIES - PARBHANI,VALSAD,PENDING DESP,125,89502,14,2025-04-08T08:51:51.166Z,Auto-generated from loading operation #365 when status changed to READY≈DESP. Storekeeper: YASH S PATEL (DISPATCH {VALSAD}). Vehicle: Not assigned. This entry will not be affected if the loading operation is deleted.,false,Not assigned
449,64595,2025-04-06,AMARNATH AGENCY - LATUR,VALSAD,PENDING DESP,979,0,5,2025-04-08T09:13:09.779Z,Auto-generated from Load Operation #267. Storekeeper: Unknown,false,56{MH-46-BF-3825}
452,64589,2025-04-06,PUJA BHAKTI DISTRIBUTORS - C S NAGAR,VALSAD,PENDING DESP,890,0,16,2025-04-08T09:13:10.016Z,Auto-generated from Load Operation #217. Storekeeper: Unknown,false,56{MH-46-BF-3825}
461,64507,2025-04-04,SHYAM AGENCY - BHIWANDI,VALSAD,PENDING DESP,874,0,5,2025-04-08T09:13:10.186Z,Auto-generated from Load Operation #154. Storekeeper: Unknown,false,56{MH-46-BF-3825}
474,64405,2025-04-03,BALAJI AGENCIES - ASTHI,VALSAD,PENDING DESP,940,0,7,2025-04-08T09:13:10.502Z,Auto-generated from Load Operation #97. Storekeeper: Unknown,false,56{MH-46-BF-3825}
481,64359,2025-04-02,OMKAR DISTRIBUTORS - NARAYANGAON,VALSAD,PENDING DESP,879,597271,3,2025-04-08T09:13:10.648Z,Auto-generated from Load Operation #49. Storekeeper: Unknown,false,56{MH-46-BF-3825}
450,64675,2025-04-07,CHHAYA ENTERPRISES - AMBERNATH,VALSAD,PENDING DESP,880,0,4,2025-04-08T09:13:09.894Z,Auto-generated from Load Operation #279. Storekeeper: Unknown,false,56{MH-46-BF-3825}
456,64533,2025-04-05,BHAGYODYA AGENCIES - ISLAMPUR,VALSAD,PENDING DESP,585,0,5,2025-04-08T09:13:10.045Z,Auto-generated from Load Operation #207. Storekeeper: Unknown,false,56{MH-46-BF-3825}
462,64490,2025-04-04,SHIV ENTERPRISES - KONDHWA,VALSAD,PENDING DESP,1069,0,12,2025-04-08T09:13:10.188Z,Auto-generated from Load Operation #156. Storekeeper: Unknown,false,56{MH-46-BF-3825}
468,64496,2025-04-04,SHREYA AGENCIES - AKLUJ,VALSAD,PENDING DESP,938,0,12,2025-04-08T09:13:10.232Z,Auto-generated from Load Operation #139. Storekeeper: Unknown,false,56{MH-46-BF-3825}
479,64443,2025-04-03,SHRI SWAMI SAMARTH AGENCY - NARSI,VALSAD,PENDING DESP,798,0,5,2025-04-08T09:13:10.505Z,Auto-generated from Load Operation #96. Storekeeper: Unknown,false,56{MH-46-BF-3825}
484,64374,2025-04-02,CHHAYA ENTERPRISES - AMBERNATH,VALSAD,PENDING DESP,732,0,9,2025-04-08T09:13:10.665Z,Auto-generated from Load Operation #35. Storekeeper: Unknown,false,56{MH-46-BF-3825}
451,64592,2025-04-06,SHREE VYANKATESH TRADERS - WALUJ,VALSAD,PENDING DESP,432,0,16,2025-04-08T09:13:09.895Z,Auto-generated from Load Operation #270. Storekeeper: Unknown,false,56{MH-46-BF-3825}
457,64553,2025-04-05,JAY SHANKAR TRADING - KARAD,VALSAD,PENDING DESP,986,0,11,2025-04-08T09:13:10.064Z,Auto-generated from Load Operation #208. Storekeeper: Unknown,false,56{MH-46-BF-3825}
464,64477,2025-04-04,GANESH AGENCY - DAUND,VALSAD,PENDING DESP,624,0,5,2025-04-08T09:13:10.218Z,Auto-generated from Load Operation #147. Storekeeper: Unknown,false,56{MH-46-BF-3825}
469,64498,2025-04-04,JAIN DISTRIBUTORS - C S NAGAR,VALSAD,PENDING DESP,909,0,9,2025-04-08T09:13:10.262Z,Auto-generated from Load Operation #144. Storekeeper: Unknown,false,56{MH-46-BF-3825}
471,64423,2025-04-03,MAHESH ENTERPRISES - HADAPSAR,VALSAD,PENDING DESP,694,0,9,2025-04-08T09:13:10.500Z,Auto-generated from Load Operation #100. Storekeeper: Unknown,false,56{MH-46-BF-3825}
453,64548,2025-04-05,SHRI RAM MARKETING - JAYSINGPUR,VALSAD,PENDING DESP,362,0,16,2025-04-08T09:13:10.019Z,Auto-generated from Load Operation #209. Storekeeper: Unknown,false,56{MH-46-BF-3825}
460,64482,2025-04-04,YASH ENTERPRISES - VAI,VALSAD,PENDING DESP,489,0,5,2025-04-08T09:13:10.181Z,Auto-generated from Load Operation #158. Storekeeper: Unknown,false,56{MH-46-BF-3825}
473,64424,2025-04-03,RAJASHREE SALES - RASTA PETH,VALSAD,PENDING DESP,748,0,7,2025-04-08T09:13:10.501Z,Auto-generated from Load Operation #95. Storekeeper: Unknown,false,56{MH-46-BF-3825}
485,64354,2025-04-02,BAJRANG TRADERS - C S NAGAR,VALSAD,PENDING DESP,901,0,5,2025-04-08T09:13:10.665Z,Auto-generated from Load Operation #34. Storekeeper: Unknown,false,56{MH-46-BF-3825}
491,64355,2025-04-02,JAIN DISTRIBUTORS - C S NAGAR,VALSAD,PENDING DESP,824,0,4,2025-04-08T09:13:12.213Z,Auto-generated from Load Operation #29. Storekeeper: Unknown,false,56{MH-46-BF-3825}
454,64544,2025-04-05,SUBHASH AGENCY - BHUDARGAD,VALSAD,PENDING DESP,432,0,12,2025-04-08T09:13:10.021Z,Auto-generated from Load Operation #205. Storekeeper: Unknown,false,56{MH-46-BF-3825}
458,64476,2025-04-04,OMKAR AGENCIES - SHIRUR,VALSAD,PENDING DESP,883,0,12,2025-04-08T09:13:10.176Z,Auto-generated from Load Operation #155. Storekeeper: Unknown,false,56{MH-46-BF-3825}
472,64447,2025-04-03,NAVKAR TRADERS - SHIRUR KASAR,VALSAD,PENDING DESP,348,0,4,2025-04-08T09:13:10.501Z,Auto-generated from Load Operation #90. Storekeeper: Unknown,false,56{MH-46-BF-3825}
488,64365,2025-04-02,KIRTAN AGENCY - URAN,VALSAD,PENDING DESP,331,0,5,2025-04-08T09:13:10.714Z,Auto-generated from Load Operation #38. Storekeeper: Unknown,false,56{MH-46-BF-3825}
490,64364,2025-04-02,VIGHNESH ENTERPRISES - ULWE,VALSAD,PENDING DESP,401,0,5,2025-04-08T09:13:12.177Z,Auto-generated from Load Operation #37. Storekeeper: Unknown,false,56{MH-46-BF-3825}
455,64532,2025-04-05,SARSWATI AGENCY - SHIRALA,VALSAD,PENDING DESP,215,0,5,2025-04-08T09:13:10.023Z,Auto-generated from Load Operation #206. Storekeeper: Unknown,false,56{MH-46-BF-3825}
459,64475,2025-04-04,GAJANAN ENTERPRISES - INDAPUR,VALSAD,PENDING DESP,878,71761,5,2025-04-08T09:13:10.179Z,Auto-generated from Load Operation #159. Storekeeper: Unknown,false,56{MH-46-BF-3825}
470,64421,2025-04-03,MAHAVEER TRADERS - LOHA,VALSAD,PENDING DESP,871,0,5,2025-04-08T09:13:10.374Z,Auto-generated from Load Operation #102. Storekeeper: Unknown,false,56{MH-46-BF-3825}
480,64446,2025-04-03,JAIN AGENCY - BEED,VALSAD,PENDING DESP,433,0,4,2025-04-08T09:13:10.528Z,Auto-generated from Load Operation #91. Storekeeper: Unknown,false,56{MH-46-BF-3825}
463,64514,2025-04-04,RAJ AGENCIES - SHREEGONDA,VALSAD,PENDING DESP,425,0,9,2025-04-08T09:13:10.200Z,Auto-generated from Load Operation #149. Storekeeper: Unknown,false,56{MH-46-BF-3825}
478,64430,2025-04-03,SHIVSAI AGENCY - ALIBAUG,VALSAD,PENDING DESP,733,0,9,2025-04-08T09:13:10.504Z,Auto-generated from Load Operation #93. Storekeeper: Unknown,false,56{MH-46-BF-3825}
482,64358,2025-04-02,SAI AGENCY - KALAS,VALSAD,PENDING DESP,691,0,5,2025-04-08T09:13:10.663Z,Auto-generated from Load Operation #42. Storekeeper: Unknown,false,56{MH-46-BF-3825}
465,64510,2025-04-04,SHREE JALARAM AGENCIES - JAMBHULPADA,VALSAD,PENDING DESP,766,0,4,2025-04-08T09:13:10.219Z,Auto-generated from Load Operation #146. Storekeeper: Unknown,false,56{MH-46-BF-3825}
477,64429,2025-04-03,JAISWAL ENTERPRISES - PEN,VALSAD,PENDING DESP,913,0,7,2025-04-08T09:13:10.504Z,Auto-generated from Load Operation #94. Storekeeper: Unknown,false,56{MH-46-BF-3825}
486,64375,2025-04-02,AMRITKAR ENTERPRISES - DOMBIVLI,VALSAD,PENDING DESP,233,0,5,2025-04-08T09:13:10.669Z,Auto-generated from Load Operation #32. Storekeeper: Unknown,false,56{MH-46-BF-3825}
466,64478,2025-04-04,MORYA SALES - MORGAON,VALSAD,PENDING DESP,317,0,5,2025-04-08T09:13:10.228Z,Auto-generated from Load Operation #145. Storekeeper: Unknown,false,56{MH-46-BF-3825}
467,64513,2025-04-04,OMKARESHWAR AGENCY - SHRIGONDA,VALSAD,PENDING DESP,505,0,6,2025-04-08T09:13:10.229Z,Auto-generated from Load Operation #148. Storekeeper: Unknown,false,56{MH-46-BF-3825}
475,64425,2025-04-03,VAHANVATI AGENCY - LONAVALA,VALSAD,PENDING DESP,973,0,4,2025-04-08T09:13:10.503Z,Auto-generated from Load Operation #92. Storekeeper: Unknown,false,56{MH-46-BF-3825}
476,64410,2025-04-03,SHIVAM MARKETING - PATHARI,VALSAD,PENDING DESP,940,0,3,2025-04-08T09:13:10.503Z,Auto-generated from Load Operation #101. Storekeeper: Unknown,false,56{MH-46-BF-3825}
483,64377,2025-04-02,EKDANT ENTERPRISES - TITWALA,VALSAD,PENDING DESP,899,0,4,2025-04-08T09:13:10.663Z,Auto-generated from Load Operation #33. Storekeeper: Unknown,false,56{MH-46-BF-3825}
487,64382,2025-04-02,AASWAD ENTERPRISES - SANGAMNER,VALSAD,PENDING DESP,724,0,5,2025-04-08T09:13:10.713Z,Auto-generated from Load Operation #27. Storekeeper: Unknown,false,56{MH-46-BF-3825}
489,64363,2025-04-02,SHREE BALAJI SERVICES - JALKOT,VALSAD,PENDING DESP,892,0,2,2025-04-08T09:13:12.145Z,Auto-generated from Load Operation #31. Storekeeper: Unknown,false,56{MH-46-BF-3825}
492,64713,08-04-2025,PRABHU SALES AGENCY - PANVEL,VALSAD,PENDING DESP,616,421338,4,2025-04-08T09:31:11.109Z,Auto-generated from loading operation #369 when status changed to READY≈DESP. Storekeeper: YAGNIK PATEL (BILLING). Vehicle: 165. This entry will not be affected if the loading operation is deleted.,false,165
493,64702,08-04-2025,SHITAL AGENCIES - BARAMATI,VALSAD,PENDING DESP,850,614649,5,2025-04-08T09:35:15.747Z,Auto-generated from loading operation #367 when status changed to READY≈DESP. Storekeeper: BADELAL VARMA (DISPATCH {VALSAD}). Vehicle: 107. This entry will not be affected if the loading operation is deleted.,false,107
494,64734,08-04-2025,BALAJI AGENCY - PONDA GOA,VALSAD,PENDING DESP,1030,765920,5,2025-04-08T09:53:43.511Z,Auto-generated from loading operation #370 when status changed to READY≈DESP. Storekeeper: BADELAL VARMA (DISPATCH {VALSAD}). Vehicle: 87. This entry will not be affected if the loading operation is deleted.,false,87
495,64337,01-04-2025,SHREE SAI AGENCIES - PIPARIYA,INDORE,PENDING DESP,252,0,3,2025-04-08T10:13:13.561Z,Auto-generated from MP operation #7 when status changed to READY≈DESP. Storekeeper: Yash patel (IT). Vehicle: 140. This entry will not be affected if the MP operation is deleted.,false,140
496,64298,01-04-2025,PUJA BHAKTI DISTRIBUTORS - C S NAGAR,VALSAD,PENDING DESP,977,759251,2,2025-04-08T10:20:47.099Z,Auto-generated from loading operation #373 when status changed to READY≈DESP. Storekeeper: Vraj (MANAGEMENT). Vehicle: 127{GJ-15-AV-6680}. This entry will not be affected if the loading operation is deleted.,false,127{GJ-15-AV-6680}
497,64299,01-04-2025,MAHAVEER DISTRIBUTORS - KARMAD,VALSAD,PENDING DESP,1074,865270,2,2025-04-08T10:23:06.971Z,Auto-generated from loading operation #374 when status changed to READY≈DESP. Storekeeper: Vraj (MANAGEMENT). Vehicle: 43{MH-46-AR-2625}. This entry will not be affected if the loading operation is deleted.,false,43{MH-46-AR-2625}
498,64709,08-04-2025,R K AGENCIES - PANDHARPUR,VALSAD,PENDING DESP,772,581394,5,2025-04-08T10:30:56.904Z,Auto-generated from loading operation #371 when status changed to READY≈DESP. Storekeeper: BADELAL VARMA (DISPATCH {VALSAD}). Vehicle: 55. This entry will not be affected if the loading operation is deleted.,false,55
499,64710,08-04-2025,VIGHNESHWAR AGENCY - JATH,VALSAD,PENDING DESP,185,139603,5,2025-04-08T10:31:41.930Z,Auto-generated from loading operation #359 when status changed to READY≈DESP. Storekeeper: BADELAL VARMA (DISPATCH {VALSAD}). Vehicle: 55. This entry will not be affected if the loading operation is deleted.,false,55
500,64720,08-04-2025,MAHEK AGENCY - MUMBRA,VALSAD,PENDING DESP,838,626308,3,2025-04-08T10:36:16.921Z,Auto-generated from loading operation #377 when status changed to READY≈DESP. Storekeeper: Yash patel (IT). Vehicle: 116. This entry will not be affected if the loading operation is deleted.,false,116
501,64697,08-04-2025,F K DISTRIBUTORS - DHARASHIV,VALSAD,PENDING DESP,876,611385,3,2025-04-08T10:40:36.757Z,Auto-generated from loading operation #380 when status changed to READY≈DESP. Storekeeper: Yash patel (IT). Vehicle: 128. This entry will not be affected if the loading operation is deleted.,false,128
502,64728,08-04-2025,SWARAJ ENTERPRISES - PARBHANI,VALSAD,PENDING DESP,821,573974,14,2025-04-08T10:51:52.688Z,Auto-generated from loading operation #358 when status changed to READY≈DESP. Storekeeper: YASH S PATEL (DISPATCH {VALSAD}). Vehicle: 49. This entry will not be affected if the loading operation is deleted.,false,49
503,64694,08-04-2025,PUJA BHAKTI DISTRIBUTORS - C S NAGAR,VALSAD,PENDING DESP,880,644073,12,2025-04-08T11:08:06.139Z,Auto-generated from loading operation #361 when status changed to READY≈DESP. Storekeeper: AKSHAY PATEL (DISPATCH {VALSAD}). Vehicle: 124. This entry will not be affected if the loading operation is deleted.,false,124
504,64717,08-04-2025,SHRI SWAMI SAMARTH AGENCIES - CHIPLUN,VALSAD,PENDING DESP,858,622839,12,2025-04-08T11:11:47.829Z,Auto-generated from loading operation #363 when status changed to READY≈DESP. Storekeeper: AKSHAY PATEL (DISPATCH {VALSAD}). Vehicle: 164. This entry will not be affected if the loading operation is deleted.,false,164
505,64703,08-04-2025,HIREN RETAILING ENTERPRISES - SOLAPUR,VALSAD,PENDING DESP,692,464154,16,2025-04-08T13:18:23.862Z,Auto-generated from loading operation #388 when status changed to READY≈DESP. Storekeeper: TEJASH M PATEL (DISPATCH {VALSAD}). Vehicle: 21. This entry will not be affected if the loading operation is deleted.,false,21
506,64732,08-04-2025,CHINMAY TRADERS - SINHAGADH,VALSAD,PENDING DESP,887,666914,11,2025-04-08T14:22:42.087Z,Auto-generated from loading operation #389 when status changed to READY≈DESP. Storekeeper: DIVYANG PATEL (DISPATCH {VALSAD}). Vehicle: 118. This entry will not be affected if the loading operation is deleted.,false,118
507,64711,08-04-2025,SHREENATH AGENCY - KARAD,VALSAD,PENDING DESP,793,547894,16,2025-04-08T15:21:29.110Z,Auto-generated from loading operation #390 when status changed to READY≈DESP. Storekeeper: TEJASH M PATEL (DISPATCH {VALSAD}). Vehicle: 178. This entry will not be affected if the loading operation is deleted.,false,178
508,64695,08-04-2025,MAHAVEER DISTRIBUTORS - KARMAD,VALSAD,PENDING DESP,961,728077,11,2025-04-08T16:20:54.068Z,Auto-generated from loading operation #391 when status changed to READY≈DESP. Storekeeper: DIVYANG PATEL (DISPATCH {VALSAD}). Vehicle: 03. This entry will not be affected if the loading operation is deleted.,false,03
509,64708,08-04-2025,SAMARTH KRUPA ENTERPRISES - AKKALKOT,VALSAD,PENDING DESP,836,558195,14,2025-04-08T17:15:45.642Z,Auto-generated from loading operation #372 when status changed to READY≈DESP. Storekeeper: YASH S PATEL (DISPATCH {VALSAD}). Vehicle: 12. This entry will not be affected if the loading operation is deleted.,false,12
510,64708,08-04-2025,SAMARTH KRUPA ENTERPRISES - AKKALKOT,VALSAD,PENDING DESP,836,558195,14,2025-04-08T17:15:45.708Z,Auto-generated from loading operation #372 when status changed to READY≈DESP. Storekeeper: YASH S PATEL (DISPATCH {VALSAD}). Vehicle: 12. This entry will not be affected if the loading operation is deleted.,false,12
511,64708,08-04-2025,SAMARTH KRUPA ENTERPRISES - AKKALKOT,VALSAD,PENDING DESP,836,558195,14,2025-04-08T17:15:45.814Z,Auto-generated from loading operation #372 when status changed to READY≈DESP. Storekeeper: YASH S PATEL (DISPATCH {VALSAD}). Vehicle: 12. This entry will not be affected if the loading operation is deleted.,false,12
512,64733,08-04-2025,BALAJI AGENCY - PONDA GOA,VALSAD,PENDING DESP,911,707986,12,2025-04-08T17:16:16.852Z,Auto-generated from loading operation #387 when status changed to READY≈DESP. Storekeeper: AKSHAY PATEL (DISPATCH {VALSAD}). Vehicle: 181. This entry will not be affected if the loading operation is deleted.,false,181
513,64735,08-04-2025,MANVI ENTERPRISES - MADGAON,VALSAD,PENDING DESP,1064,739150,4,2025-04-08T17:18:10.594Z,Auto-generated from loading operation #360 when status changed to READY≈DESP. Storekeeper: YAGNIK PATEL (BILLING). Vehicle: 151. This entry will not be affected if the loading operation is deleted.,false,151
514,64735,08-04-2025,MANVI ENTERPRISES - MADGAON,VALSAD,PENDING DESP,1064,739150,4,2025-04-08T17:18:10.626Z,Auto-generated from loading operation #360 when status changed to READY≈DESP. Storekeeper: YAGNIK PATEL (BILLING). Vehicle: 151. This entry will not be affected if the loading operation is deleted.,false,151
515,64735,08-04-2025,MANVI ENTERPRISES - MADGAON,VALSAD,PENDING DESP,1064,739150,4,2025-04-08T17:18:10.629Z,Auto-generated from loading operation #360 when status changed to READY≈DESP. Storekeeper: YAGNIK PATEL (BILLING). Vehicle: 151. This entry will not be affected if the loading operation is deleted.,false,151
516,64735,08-04-2025,MANVI ENTERPRISES - MADGAON,VALSAD,PENDING DESP,1064,739150,4,2025-04-08T17:18:10.790Z,Auto-generated from loading operation #360 when status changed to READY≈DESP. Storekeeper: YAGNIK PATEL (BILLING). Vehicle: 151. This entry will not be affected if the loading operation is deleted.,false,151
517,64735,08-04-2025,MANVI ENTERPRISES - MADGAON,VALSAD,PENDING DESP,1064,739150,4,2025-04-08T17:18:10.832Z,Auto-generated from loading operation #360 when status changed to READY≈DESP. Storekeeper: YAGNIK PATEL (BILLING). Vehicle: 151. This entry will not be affected if the loading operation is deleted.,false,151
518,64735,08-04-2025,MANVI ENTERPRISES - MADGAON,VALSAD,PENDING DESP,1064,739150,4,2025-04-08T17:18:10.865Z,Auto-generated from loading operation #360 when status changed to READY≈DESP. Storekeeper: YAGNIK PATEL (BILLING). Vehicle: 151. This entry will not be affected if the loading operation is deleted.,false,151
519,64735,08-04-2025,MANVI ENTERPRISES - MADGAON,VALSAD,PENDING DESP,1064,739150,4,2025-04-08T17:18:11.000Z,Auto-generated from loading operation #360 when status changed to READY≈DESP. Storekeeper: YAGNIK PATEL (BILLING). Vehicle: 151. This entry will not be affected if the loading operation is deleted.,false,151
520,64788,09-04-2025,CHHAYA ENTERPRISES - AMBERNATH,VALSAD,PENDING DESP,889,698873,4,2025-04-09T04:46:21.563Z,Auto-generated from loading operation #393 when status changed to READY≈DESP. Storekeeper: YAGNIK PATEL (BILLING). Vehicle: 131. This entry will not be affected if the loading operation is deleted.,false,131
521,64791,09-04-2025,EKDANT ENTERPRISES - TITWALA,VALSAD,PENDING DESP,862,626570,3,2025-04-09T05:12:21.114Z,Auto-generated from loading operation #401 when status changed to READY≈DESP. Storekeeper: Yash patel (IT). Vehicle: 40. This entry will not be affected if the loading operation is deleted.,false,40
522,64767,09-04-2025,OMKAR DISTRIBUTORS - NARAYANGAON,VALSAD,PENDING DESP,942,661900,3,2025-04-09T05:16:53.313Z,Auto-generated from loading operation #392 when status changed to READY≈DESP. Storekeeper: Yash patel (IT). Vehicle: 05. This entry will not be affected if the loading operation is deleted.,false,05
523,64763,09-04-2025,JAIN DISTRIBUTORS - C S NAGAR,VALSAD,PENDING DESP,828,663722,3,2025-04-09T05:25:29.352Z,Auto-generated from loading operation #398 when status changed to READY≈DESP. Storekeeper: Yash patel (IT). Vehicle: 184. This entry will not be affected if the loading operation is deleted.,false,184
524,64781,09-04-2025,NAVNEET ENTERPRISES - KALYAN,VALSAD,PENDING DESP,756,563684,3,2025-04-09T05:37:58.102Z,Auto-generated from loading operation #406 when status changed to READY≈DESP. Storekeeper: Yash patel (IT). Vehicle: 50. This entry will not be affected if the loading operation is deleted.,false,50
525,64769,09-04-2025,RAJLAXMI ENTERPRISES - SATARA,VALSAD,PENDING DESP,854,603426,12,2025-04-09T06:14:34.051Z,Auto-generated from loading operation #396 when status changed to READY≈DESP. Storekeeper: AKSHAY PATEL (DISPATCH {VALSAD}). Vehicle: 147. This entry will not be affected if the loading operation is deleted.,false,147
526,64765,09-04-2025,SHREE VYANKATESH TRADERS - WALUJ,VALSAD,PENDING DESP,915,712717,5,2025-04-09T06:16:04.304Z,Auto-generated from loading operation #405 when status changed to READY≈DESP. Storekeeper: BADELAL VARMA (DISPATCH {VALSAD}). Vehicle: 180. This entry will not be affected if the loading operation is deleted.,false,180
527,64808,09-04-2025,SHREE GAJANAN AGENCIES - SHRIRAMPUR,VALSAD,PENDING DESP,385,284198,4,2025-04-09T06:26:21.152Z,Auto-generated from loading operation #412 when status changed to READY≈DESP. Storekeeper: YAGNIK PATEL (BILLING). Vehicle: 43. This entry will not be affected if the loading operation is deleted.,false,43
528,64807,09-04-2025,MAHESH AGENCY - NEWASA,VALSAD,PENDING DESP,389,273900,4,2025-04-09T06:27:38.331Z,Auto-generated from loading operation #408 when status changed to READY≈DESP. Storekeeper: YAGNIK PATEL (BILLING). Vehicle: 43. This entry will not be affected if the loading operation is deleted.,false,43
529,64778,09-04-2025,AASHIRWAD ENTERPRISE - BHIWANDI,VALSAD,PENDING DESP,427,314710,14,2025-04-09T06:55:36.383Z,Auto-generated from loading operation #413 when status changed to READY≈DESP. Storekeeper: YASH S PATEL (DISPATCH {VALSAD}). Vehicle: 16. This entry will not be affected if the loading operation is deleted.,false,16
530,64777,09-04-2025,KARTHIK  ENTERPRISES - THANE,VALSAD,PENDING DESP,381,276161,14,2025-04-09T06:56:03.040Z,Auto-generated from loading operation #407 when status changed to READY≈DESP. Storekeeper: YASH S PATEL (DISPATCH {VALSAD}). Vehicle: 16. This entry will not be affected if the loading operation is deleted.,false,16
531,64803,09-04-2025,MAHAVIR TRADERS - PATHARDI,VALSAD,PENDING DESP,505,373731,5,2025-04-09T07:09:32.770Z,Auto-generated from loading operation #415 when status changed to READY≈DESP. Storekeeper: BADELAL VARMA (DISPATCH {VALSAD}). Vehicle: 105. This entry will not be affected if the loading operation is deleted.,false,105
532,64802,09-04-2025,NAVKAR TRADERS - SHIRUR KASAR,VALSAD,PENDING DESP,306,229787,5,2025-04-09T07:09:55.855Z,Auto-generated from loading operation #411 when status changed to READY≈DESP. Storekeeper: BADELAL VARMA (DISPATCH {VALSAD}). Vehicle: 105. This entry will not be affected if the loading operation is deleted.,false,105
533,64801,09-04-2025,JAY AMBE TRADERS - JAWAHAR,VALSAD,PENDING DESP,886,674626,3,2025-04-09T07:23:51.592Z,Auto-generated from loading operation #409 when status changed to READY≈DESP. Storekeeper: Yash patel (IT). Vehicle: 150. This entry will not be affected if the loading operation is deleted.,false,150
534,64797,09-04-2025,OM ENTERPRISES - TATHAWADI,VALSAD,PENDING DESP,380,256865,5,2025-04-09T08:12:35.769Z,Auto-generated from loading operation #399 when status changed to READY≈DESP. Storekeeper: BADELAL VARMA (DISPATCH {VALSAD}). Vehicle: 15. This entry will not be affected if the loading operation is deleted.,false,15
535,64796,09-04-2025,SHARAD AGENCY - KUTHRUD,VALSAD,PENDING DESP,464,340259,5,2025-04-09T08:13:10.708Z,Auto-generated from loading operation #395 when status changed to READY≈DESP. Storekeeper: BADELAL VARMA (DISPATCH {VALSAD}). Vehicle: 15. This entry will not be affected if the loading operation is deleted.,false,15
536,64793,09-04-2025,S K SALES - DIVA,VALSAD,PENDING DESP,806,573564,14,2025-04-09T08:14:38.503Z,Auto-generated from loading operation #403 when status changed to READY≈DESP. Storekeeper: YASH S PATEL (DISPATCH {VALSAD}). Vehicle: 88. This entry will not be affected if the loading operation is deleted.,false,88
537,64784,09-04-2025,DHANLAXMI TRADERS - KHOPOLI,VALSAD,PENDING DESP,874,657924,14,2025-04-09T08:18:42.875Z,Auto-generated from loading operation #418 when status changed to READY≈DESP. Storekeeper: YASH S PATEL (DISPATCH {VALSAD}). Vehicle: 53. This entry will not be affected if the loading operation is deleted.,false,53
538,64772,09-04-2025,SHREE BALAJI SERVICES - JALKOT,VALSAD,PENDING DESP,813,630476,14,2025-04-09T08:19:39.836Z,Auto-generated from loading operation #414 when status changed to READY≈DESP. Storekeeper: YASH S PATEL (DISPATCH {VALSAD}). Vehicle: 15. This entry will not be affected if the loading operation is deleted.,false,15
539,64762,09-04-2025,BAJRANG TRADERS - C S NAGAR,VALSAD,PENDING DESP,812,623902,14,2025-04-09T08:20:22.465Z,Auto-generated from loading operation #404 when status changed to READY≈DESP. Storekeeper: YASH S PATEL (DISPATCH {VALSAD}). Vehicle: 89. This entry will not be affected if the loading operation is deleted.,false,89
540,64776,09-04-2025,NAVYA ENTERPRISES - GHANSOLI,VALSAD,PENDING DESP,865,604030,5,2025-04-09T08:30:36.537Z,Auto-generated from loading operation #416 when status changed to READY≈DESP. Storekeeper: BADELAL VARMA (DISPATCH {VALSAD}). Vehicle: 121. This entry will not be affected if the loading operation is deleted.,false,121
541,64789,09-04-2025,CHHAYA ENTERPRISES - AMBERNATH,VALSAD,PENDING DESP,855,628722,12,2025-04-09T08:39:30.437Z,Auto-generated from loading operation #417 when status changed to READY≈DESP. Storekeeper: AKSHAY PATEL (DISPATCH {VALSAD}). Vehicle: 09. This entry will not be affected if the loading operation is deleted.,false,09
542,64787,09-04-2025,MAHI ENTERPRISES - MAHAD,VALSAD,PENDING DESP,662,495241,14,2025-04-09T08:47:22.961Z,Auto-generated from loading operation #419 when status changed to READY≈DESP. Storekeeper: YASH S PATEL (DISPATCH {VALSAD}). Vehicle: 77. This entry will not be affected if the loading operation is deleted.,false,77
543,64780,09-04-2025,SUSHILA ENTERPRISES - KALYAN,VALSAD,PENDING DESP,934,700316,4,2025-04-09T08:47:27.661Z,Auto-generated from loading operation #420 when status changed to READY≈DESP. Storekeeper: YAGNIK PATEL (BILLING). Vehicle: 33. This entry will not be affected if the loading operation is deleted.,false,33
544,64810,09-04-2025,SONA ENTERPRISES - SHEVGAON,VALSAD,PENDING DESP,908,649134,12,2025-04-09T08:51:07.628Z,Auto-generated from loading operation #397 when status changed to READY≈DESP. Storekeeper: AKSHAY PATEL (DISPATCH {VALSAD}). Vehicle: 179. This entry will not be affected if the loading operation is deleted.,false,179
545,64775,09-04-2025,KIRTAN AGENCY - URAN,VALSAD,PENDING DESP,892,675048,3,2025-04-09T09:33:00.751Z,Auto-generated from loading operation #424 when status changed to READY≈DESP. Storekeeper: Yash patel (IT). Vehicle: 99. This entry will not be affected if the loading operation is deleted.,false,99
546,64792,09-04-2025,S K SALES - DIVA,VALSAD,PENDING DESP,857,630579,14,2025-04-09T09:35:32.995Z,Auto-generated from loading operation #423 when status changed to READY≈DESP. Storekeeper: YASH S PATEL (DISPATCH {VALSAD}). Vehicle: 143. This entry will not be affected if the loading operation is deleted.,false,143
547,64806,09-04-2025,DNYANESHWAR MAULI ENTERPRISES - KEDGAON,VALSAD,PENDING DESP,757,523458,12,2025-04-09T09:47:06.058Z,Auto-generated from loading operation #422 when status changed to READY≈DESP. Storekeeper: AKSHAY PATEL (DISPATCH {VALSAD}). Vehicle: 94. This entry will not be affected if the loading operation is deleted.,false,94
548,64766,09-04-2025,SATISH ENTERPRISES - GANGAPUR,VALSAD,PENDING DESP,775,578006,5,2025-04-09T10:31:04.952Z,Auto-generated from loading operation #425 when status changed to READY≈DESP. Storekeeper: BADELAL VARMA (DISPATCH {VALSAD}). Vehicle: 35. This entry will not be affected if the loading operation is deleted.,false,35
549,64696,08-04-2025,AMARNATH AGENCY - LATUR,VALSAD,PENDING DESP,1025,810494,3,2025-04-09T10:34:26.141Z,Auto-generated from loading operation #427 when status changed to READY≈DESP. Storekeeper: Yash patel (IT). Vehicle: 122. This entry will not be affected if the loading operation is deleted.,false,122
550,64812,09-04-2025,SAKSHAM ENTERPRISES - BICHOLIM,VALSAD,PENDING DESP,801,619430,3,2025-04-09T10:49:35.048Z,Auto-generated from loading operation #431 when status changed to READY≈DESP. Storekeeper: Yash patel (IT). Vehicle: 90. This entry will not be affected if the loading operation is deleted.,false,90
551,64770,09-04-2025,SATPUTE & SONS - SATARA,VALSAD,PENDING DESP,767,556403,3,2025-04-09T10:51:57.972Z,Auto-generated from loading operation #432 when status changed to READY≈DESP. Storekeeper: Yash patel (IT). Vehicle: 96. This entry will not be affected if the loading operation is deleted.,false,96
552,64768,09-04-2025,OMKAR DISTRIBUTORS - NARAYANGAON,VALSAD,PENDING DESP,869,673624,12,2025-04-09T10:55:23.536Z,Auto-generated from loading operation #430 when status changed to READY≈DESP. Storekeeper: AKSHAY PATEL (DISPATCH {VALSAD}). Vehicle: 46. This entry will not be affected if the loading operation is deleted.,false,46
553,64701,08-04-2025,SHRI BHAVANI AGENCY - TEMBHURNI,VALSAD,PENDING DESP,755,505795,3,2025-04-09T11:00:15.018Z,Auto-generated from loading operation #428 when status changed to READY≈DESP. Storekeeper: Yash patel (IT). Vehicle: Not assigned. This entry will not be affected if the loading operation is deleted.,false,Not assigned
554,64794,09-04-2025,VIJAY LAXMI ENTERPRISES - BHIWANDI,VALSAD,PENDING DESP,355,269764,5,2025-04-09T11:05:07.904Z,Auto-generated from loading operation #421 when status changed to READY≈DESP. Storekeeper: BADELAL VARMA (DISPATCH {VALSAD}). Vehicle: 146. This entry will not be affected if the loading operation is deleted.,false,146
555,64719,08-04-2025,CHHAYA ENTERPRISES - AMBERNATH,VALSAD,PENDING DESP,979,753887,3,2025-04-09T11:08:02.123Z,Auto-generated from loading operation #433 when status changed to READY≈DESP. Storekeeper: Yash patel (IT). Vehicle: Not assigned. This entry will not be affected if the loading operation is deleted.,false,Not assigned
556,64795,09-04-2025,AMRITKAR ENTERPRISES - DOMBIVLI,VALSAD,PENDING DESP,558,421153,5,2025-04-09T11:11:14.335Z,Auto-generated from loading operation #434 when status changed to READY≈DESP. Storekeeper: BADELAL VARMA (DISPATCH {VALSAD}). Vehicle: 14. This entry will not be affected if the loading operation is deleted.,false,14
557,64782,09-04-2025,PRAGATI SALES AGENCY - VASHI,VALSAD,PENDING DESP,869,629861,5,2025-04-09T11:15:02.879Z,Auto-generated from loading operation #429 when status changed to READY≈DESP. Storekeeper: BADELAL VARMA (DISPATCH {VALSAD}). Vehicle: 74. This entry will not be affected if the loading operation is deleted.,false,74
558,64764,09-04-2025,JAIN DISTRIBUTORS - C S NAGAR,VALSAD,PENDING DESP,885,702566,11,2025-04-09T11:20:40.129Z,Auto-generated from loading operation #426 when status changed to READY≈DESP. Storekeeper: DIVYANG PATEL (DISPATCH {VALSAD}). Vehicle: 186. This entry will not be affected if the loading operation is deleted.,false,186
559,64811,09-04-2025,VAIBHAV AGENCY - AHMEDNAGAR,VALSAD,PENDING DESP,883,643173,3,2025-04-09T11:56:31.126Z,Auto-generated from loading operation #437 when status changed to READY≈DESP. Storekeeper: Yash patel (IT). Vehicle: 69. This entry will not be affected if the loading operation is deleted.,false,69
560,64721,08-04-2025,MAHEK AGENCY - MUMBRA,VALSAD,PENDING DESP,648,473414,3,2025-04-09T12:04:36.937Z,Auto-generated from loading operation #438 when status changed to READY≈DESP. Storekeeper: Yash patel (IT). Vehicle: Not assigned. This entry will not be affected if the loading operation is deleted.,false,Not assigned
561,64736,08-04-2025,SAISHYAM AGENCIES - VASCO,VALSAD,PENDING DESP,505,373352,3,2025-04-09T12:12:52.737Z,Auto-generated from loading operation #439 when status changed to READY≈DESP. Storekeeper: Yash patel (IT). Vehicle: Not assigned. This entry will not be affected if the loading operation is deleted.,false,Not assigned
562,64737,08-04-2025,VISHRANTI ENTERPRISES - CUWCOLIM,VALSAD,PENDING DESP,497,342560,3,2025-04-09T12:17:47.718Z,Auto-generated from loading operation #441 when status changed to READY≈DESP. Storekeeper: Yash patel (IT). Vehicle: Not assigned. This entry will not be affected if the loading operation is deleted.,false,Not assigned
563,64799,09-04-2025,KIRANAKART - PADGHA,VALSAD,PENDING DESP,728,480588,11,2025-04-09T13:12:29.809Z,Auto-generated from loading operation #442 when status changed to READY≈DESP. Storekeeper: DIVYANG PATEL (DISPATCH {VALSAD}). Vehicle: 44. This entry will not be affected if the loading operation is deleted.,false,44
564,64800,09-04-2025,SHYAM AGENCY - BHIWANDI,VALSAD,PENDING DESP,932,697191,11,2025-04-09T13:20:50.452Z,Auto-generated from loading operation #436 when status changed to READY≈DESP. Storekeeper: DIVYANG PATEL (DISPATCH {VALSAD}). Vehicle: 113. This entry will not be affected if the loading operation is deleted.,false,113
565,64798,09-04-2025,SHREE GOVIND ENTERPRISES - KONGAON,VALSAD,PENDING DESP,365,287817,11,2025-04-09T13:41:22.614Z,Auto-generated from loading operation #443 when status changed to READY≈DESP. Storekeeper: DIVYANG PATEL (DISPATCH {VALSAD}). Vehicle: 44. This entry will not be affected if the loading operation is deleted.,false,44
566,64790,09-04-2025,GURUPRASAD ENTERPRISES - THANE,VALSAD,PENDING DESP,1053,733328,11,2025-04-09T14:01:31.410Z,Auto-generated from loading operation #435 when status changed to READY≈DESP. Storekeeper: DIVYANG PATEL (DISPATCH {VALSAD}). Vehicle: 119. This entry will not be affected if the loading operation is deleted.,false,119
567,64786,09-04-2025,PRAMUKH AGENCY - ROHA,VALSAD,PENDING DESP,787,633120,13,2025-04-09T14:01:35.414Z,Auto-generated from loading operation #440 when status changed to READY≈DESP. Storekeeper: DEVEN PATEL (DISPATCH {VALSAD}). Vehicle: 66. This entry will not be affected if the loading operation is deleted.,false,66
568,64774,09-04-2025,KIRTAN AGENCY - URAN,VALSAD,PENDING DESP,407,284314,11,2025-04-09T14:18:28.765Z,Auto-generated from loading operation #444 when status changed to READY≈DESP. Storekeeper: DIVYANG PATEL (DISPATCH {VALSAD}). Vehicle: 64. This entry will not be affected if the loading operation is deleted.,false,64
569,64773,09-04-2025,YACHIKET ENTERPRISES - NAVI MUMBAI,VALSAD,PENDING DESP,306,241815,11,2025-04-09T14:44:55.626Z,Auto-generated from loading operation #445 when status changed to READY≈DESP. Storekeeper: DIVYANG PATEL (DISPATCH {VALSAD}). Vehicle: 64. This entry will not be affected if the loading operation is deleted.,false,64
570,64761,09-04-2025,RUDRA ENTERPRISES - C S NAGAR,VALSAD,PENDING DESP,899,696594,11,2025-04-09T17:33:06.948Z,Auto-generated from loading operation #446 when status changed to READY≈DESP. Storekeeper: DIVYANG PATEL (DISPATCH {VALSAD}). Vehicle: 125. This entry will not be affected if the loading operation is deleted.,false,125
571,64839,10-04-2025,F K DISTRIBUTORS - DHARASHIV,VALSAD,PENDING DESP,928,659480,6,2025-04-09T23:06:08.539Z,Auto-generated from loading operation #447 when status changed to READY≈DESP. Storekeeper: PRIYANK PATEL (DISPATCH {VALSAD}). Vehicle: 169. This entry will not be affected if the loading operation is deleted.,false,169
572,64844,10-04-2025,SAI AGENCY - UJANI,VALSAD,PENDING DESP,160,118705,6,2025-04-09T23:58:16.569Z,Auto-generated from loading operation #448 when status changed to READY≈DESP. Storekeeper: PRIYANK PATEL (DISPATCH {VALSAD}). Vehicle: 156. This entry will not be affected if the loading operation is deleted.,false,156
573,64870,10-04-2025,BALAJI AGENCIES - ASTHI,VALSAD,PENDING DESP,297,247090,6,2025-04-10T04:28:12.497Z,Auto-generated from loading operation #450 when status changed to READY≈DESP. Storekeeper: PRIYANK PATEL (DISPATCH {VALSAD}). Vehicle: 99. This entry will not be affected if the loading operation is deleted.,false,99
574,64871,10-04-2025,SHRI GANESH AGENCY - KHARDA,VALSAD,PENDING DESP,446,320429,6,2025-04-10T04:28:45.138Z,Auto-generated from loading operation #449 when status changed to READY≈DESP. Storekeeper: PRIYANK PATEL (DISPATCH {VALSAD}). Vehicle: 99. This entry will not be affected if the loading operation is deleted.,false,99
575,64855,10-04-2025,PRABHU SALES AGENCY - PANVEL,VALSAD,PENDING DESP,648,467526,6,2025-04-10T04:55:23.399Z,Auto-generated from loading operation #452 when status changed to READY≈DESP. Storekeeper: PRIYANK PATEL (DISPATCH {VALSAD}). Vehicle: 47. This entry will not be affected if the loading operation is deleted.,false,47
576,64771,09-04-2025,SHREE BALAJI SERVICES - JALKOT,VALSAD,PENDING DESP,829,493912,3,2025-04-10T04:56:12.253Z,Auto-generated from loading operation #454 when status changed to READY≈DESP. Storekeeper: Yash patel (IT). Vehicle: 165. This entry will not be affected if the loading operation is deleted.,false,165
577,64779,09-04-2025,SAI KRUPA ENTERPRISE - KALYAN,VALSAD,PENDING DESP,993,671115,3,2025-04-10T05:01:45.420Z,Auto-generated from loading operation #455 when status changed to READY≈DESP. Storekeeper: Yash patel (IT). Vehicle: 177. This entry will not be affected if the loading operation is deleted.,false,177
578,64841,10-04-2025,VISHNUPANT TRADERS - KALAMB,VALSAD,PENDING DESP,415,306723,14,2025-04-10T05:44:46.975Z,Auto-generated from loading operation #460 when status changed to READY≈DESP. Storekeeper: YASH S PATEL (DISPATCH {VALSAD}). Vehicle: 160. This entry will not be affected if the loading operation is deleted.,false,160
579,64840,10-04-2025,F K DISTRIBUTORS - DHARASHIV,VALSAD,PENDING DESP,503,378689,14,2025-04-10T05:46:57.313Z,Auto-generated from loading operation #461 when status changed to READY≈DESP. Storekeeper: YASH S PATEL (DISPATCH {VALSAD}). Vehicle: 160. This entry will not be affected if the loading operation is deleted.,false,160
580,64785,09-04-2025,HASMUKH TEA DEPOT - DAPOLI,VALSAD,PENDING DESP,751,567106,3,2025-04-10T05:49:28.187Z,Auto-generated from loading operation #459 when status changed to READY≈DESP. Storekeeper: Yash patel (IT). Vehicle: 75. This entry will not be affected if the loading operation is deleted.,false,75
581,64835,10-04-2025,SHIVAM MARKETING - PATHARI,VALSAD,PENDING DESP,933,685958,5,2025-04-10T06:23:15.603Z,Auto-generated from loading operation #462 when status changed to READY≈DESP. Storekeeper: BADELAL VARMA (DISPATCH {VALSAD}). Vehicle: 33. This entry will not be affected if the loading operation is deleted.,false,33
582,64868,10-04-2025,LAXMI MARKETING - BADLAPUR,VALSAD,PENDING DESP,874,659629,16,2025-04-10T06:25:32.020Z,Auto-generated from loading operation #453 when status changed to READY≈DESP. Storekeeper: TEJASH M PATEL (DISPATCH {VALSAD}). Vehicle: 53. This entry will not be affected if the loading operation is deleted.,false,53
583,64833,10-04-2025,ISHWARKRUPA MARKETING - PARLI VAIJNATH,VALSAD,PENDING DESP,258,200273,5,2025-04-10T06:27:50.423Z,Auto-generated from loading operation #464 when status changed to READY≈DESP. Storekeeper: BADELAL VARMA (DISPATCH {VALSAD}). Vehicle: 50. This entry will not be affected if the loading operation is deleted.,false,50
584,64832,10-04-2025,TANMAY MARKETING - AMBEJOGAI,VALSAD,PENDING DESP,545,412909,5,2025-04-10T06:28:17.360Z,Auto-generated from loading operation #465 when status changed to READY≈DESP. Storekeeper: BADELAL VARMA (DISPATCH {VALSAD}). Vehicle: 50. This entry will not be affected if the loading operation is deleted.,false,50
585,64849,10-04-2025,KESHARIYA AGENCIES - MANJARI,VALSAD,PENDING DESP,951,687413,4,2025-04-10T06:37:56.177Z,Auto-generated from loading operation #456 when status changed to READY≈DESP. Storekeeper: YAGNIK PATEL (BILLING). Vehicle: 26. This entry will not be affected if the loading operation is deleted.,false,26
586,64857,10-04-2025,OM ENTERPRISES - MURBAD,VALSAD,PENDING DESP,905,664674,5,2025-04-10T06:48:07.509Z,Auto-generated from loading operation #463 when status changed to READY≈DESP. Storekeeper: BADELAL VARMA (DISPATCH {VALSAD}). Vehicle: 168. This entry will not be affected if the loading operation is deleted.,false,168
587,64830,10-04-2025,JAIN AGENCY - BEED,VALSAD,PENDING DESP,942,758703,14,2025-04-10T06:50:19.715Z,Auto-generated from loading operation #457 when status changed to READY≈DESP. Storekeeper: YASH S PATEL (DISPATCH {VALSAD}). Vehicle: 116. This entry will not be affected if the loading operation is deleted.,false,116
588,64828,10-04-2025,OM GURUDATTA AGENCY - KANNAD,VALSAD,PENDING DESP,921,666568,5,2025-04-10T08:00:26.565Z,Auto-generated from loading operation #467 when status changed to READY≈DESP. Storekeeper: BADELAL VARMA (DISPATCH {VALSAD}). Vehicle: 150. This entry will not be affected if the loading operation is deleted.,false,150
589,64850,10-04-2025,MAHESH ENTERPRISES - HADAPSAR,VALSAD,PENDING DESP,835,616468,4,2025-04-10T08:39:39.931Z,Auto-generated from loading operation #472 when status changed to READY≈DESP. Storekeeper: YAGNIK PATEL (BILLING). Vehicle: 112. This entry will not be affected if the loading operation is deleted.,false,112
590,64863,10-04-2025,CHHAYA ENTERPRISES - AMBERNATH,VALSAD,PENDING DESP,929,641989,4,2025-04-10T09:04:51.706Z,Auto-generated from loading operation #473 when status changed to READY≈DESP. Storekeeper: YAGNIK PATEL (BILLING). Vehicle: 70. This entry will not be affected if the loading operation is deleted.,false,70
591,64852,10-04-2025,MAULI AGENCIES - PCMC,VALSAD,PENDING DESP,966,657090,16,2025-04-10T09:15:30.699Z,Auto-generated from loading operation #466 when status changed to READY≈DESP. Storekeeper: TEJASH M PATEL (DISPATCH {VALSAD}). Vehicle: 110. This entry will not be affected if the loading operation is deleted.,false,110
592,64783,09-04-2025,PRABHU SALES AGENCY - PANVEL,VALSAD,PENDING DESP,894,647914,3,2025-04-10T09:19:15.816Z,Auto-generated from loading operation #476 when status changed to READY≈DESP. Storekeeper: Yash patel (IT). Vehicle: 120. This entry will not be affected if the loading operation is deleted.,false,120
593,64856,10-04-2025,K K MARKETING - KADAV,VALSAD,PENDING DESP,869,612993,14,2025-04-10T09:23:33.837Z,Auto-generated from loading operation #468 when status changed to READY≈DESP. Storekeeper: YASH S PATEL (DISPATCH {VALSAD}). Vehicle: 146. This entry will not be affected if the loading operation is deleted.,false,146
594,64836,10-04-2025,AMARNATH AGENCY - LATUR,VALSAD,PENDING DESP,954,750069,14,2025-04-10T09:24:42.145Z,Auto-generated from loading operation #458 when status changed to READY≈DESP. Storekeeper: YASH S PATEL (DISPATCH {VALSAD}). Vehicle: 177. This entry will not be affected if the loading operation is deleted.,false,177
595,64831,10-04-2025,SHREYAS AGENCY - MAJALGAON,VALSAD,PENDING DESP,351,247396,14,2025-04-10T09:26:02.246Z,Auto-generated from loading operation #479 when status changed to READY≈DESP. Storekeeper: YASH S PATEL (DISPATCH {VALSAD}). Vehicle: 72. This entry will not be affected if the loading operation is deleted.,false,72
596,64804,09-04-2025,MAHAVIR TRADERS - PATHARDI,VALSAD,PENDING DESP,990,686002,3,2025-04-10T09:26:28.137Z,Auto-generated from loading operation #477 when status changed to READY≈DESP. Storekeeper: Yash patel (IT). Vehicle: 117. This entry will not be affected if the loading operation is deleted.,false,117
597,64805,09-04-2025,AASWAD ENTERPRISES - SANGAMNER,VALSAD,PENDING DESP,925,682413,3,2025-04-10T09:41:08.969Z,Auto-generated from loading operation #481 when status changed to READY≈DESP. Storekeeper: Yash patel (IT). Vehicle: 166. This entry will not be affected if the loading operation is deleted.,false,166
598,64809,09-04-2025,SHRI GURUKRUPA AGENCIES - AGADGAON,VALSAD,PENDING DESP,867,626027,3,2025-04-10T09:45:28.753Z,Auto-generated from loading operation #482 when status changed to READY≈DESP. Storekeeper: Yash patel (IT). Vehicle: 123. This entry will not be affected if the loading operation is deleted.,false,123
599,64869,10-04-2025,BALAJI AGENCIES - ASTHI,VALSAD,PENDING DESP,927,584964,4,2025-04-10T10:06:07.110Z,Auto-generated from loading operation #475 when status changed to READY≈DESP. Storekeeper: YAGNIK PATEL (BILLING). Vehicle: 119. This entry will not be affected if the loading operation is deleted.,false,119
600,64873,10-04-2025,KIRANAKART - KOREGAON,VALSAD,PENDING DESP,1005,668385,5,2025-04-10T10:25:13.585Z,Auto-generated from loading operation #484 when status changed to READY≈DESP. Storekeeper: BADELAL VARMA (DISPATCH {VALSAD}). Vehicle: 67. This entry will not be affected if the loading operation is deleted.,false,67
601,64843,10-04-2025,JAGDMBA AGENCIES - OMERGA,VALSAD,PENDING DESP,781,478686,14,2025-04-10T10:31:32.294Z,Auto-generated from loading operation #480 when status changed to READY≈DESP. Storekeeper: YASH S PATEL (DISPATCH {VALSAD}). Vehicle: 148. This entry will not be affected if the loading operation is deleted.,false,148
602,64864,10-04-2025,UMANG AGENCY - SHELAR,VALSAD,PENDING DESP,801,618341,14,2025-04-10T10:32:09.215Z,Auto-generated from loading operation #485 when status changed to READY≈DESP. Storekeeper: YASH S PATEL (DISPATCH {VALSAD}). Vehicle: 118. This entry will not be affected if the loading operation is deleted.,false,118
603,64865,10-04-2025,JAY AMBE MARKETING - VADA,VALSAD,PENDING DESP,900,697726,5,2025-04-10T10:33:44.993Z,Auto-generated from loading operation #474 when status changed to READY≈DESP. Storekeeper: BADELAL VARMA (DISPATCH {VALSAD}). Vehicle: 133. This entry will not be affected if the loading operation is deleted.,false,133
604,64866,10-04-2025,RANA AGENCY - PAITHAN,VALSAD,PENDING DESP,793,579556,14,2025-04-10T10:35:41.682Z,Auto-generated from loading operation #486 when status changed to READY≈DESP. Storekeeper: YASH S PATEL (DISPATCH {VALSAD}). Vehicle: 107. This entry will not be affected if the loading operation is deleted.,false,107
605,64861,10-04-2025,SANDEEP AGENCY - KANKAVALI,VALSAD,PENDING DESP,530,406439,16,2025-04-10T10:41:30.185Z,Auto-generated from loading operation #478 when status changed to READY≈DESP. Storekeeper: TEJASH M PATEL (DISPATCH {VALSAD}). Vehicle: 65. This entry will not be affected if the loading operation is deleted.,false,65
606,64860,10-04-2025,PARAB TRADERS - MALVAN,VALSAD,PENDING DESP,253,192318,16,2025-04-10T10:42:18.724Z,Auto-generated from loading operation #471 when status changed to READY≈DESP. Storekeeper: TEJASH M PATEL (DISPATCH {VALSAD}). Vehicle: 65. This entry will not be affected if the loading operation is deleted.,false,65
607,64842,10-04-2025,BHAGWAN MAHAVIR ENTERPRISES - BARSHI,VALSAD,PENDING DESP,821,583582,16,2025-04-10T10:50:29.784Z,Auto-generated from loading operation #483 when status changed to READY≈DESP. Storekeeper: TEJASH M PATEL (DISPATCH {VALSAD}). Vehicle: 108. This entry will not be affected if the loading operation is deleted.,false,108
608,64853,10-04-2025,JAISWAL ENTERPRISES - PEN,VALSAD,PENDING DESP,886,653125,5,2025-04-10T11:18:53.785Z,Auto-generated from loading operation #469 when status changed to READY≈DESP. Storekeeper: BADELAL VARMA (DISPATCH {VALSAD}). Vehicle: 58. This entry will not be affected if the loading operation is deleted.,false,58
609,64847,10-04-2025,MAHAVEER TRADERS - LOHA,VALSAD,PENDING DESP,876,596378,5,2025-04-10T11:20:31.336Z,Auto-generated from loading operation #487 when status changed to READY≈DESP. Storekeeper: BADELAL VARMA (DISPATCH {VALSAD}). Vehicle: 121. This entry will not be affected if the loading operation is deleted.,false,121
610,64829,10-04-2025,SAI SAMARTH AGENCY - VAIJAPUR,VALSAD,PENDING DESP,972,683156,11,2025-04-10T13:42:21.622Z,Auto-generated from loading operation #490 when status changed to READY≈DESP. Storekeeper: DIVYANG PATEL (DISPATCH {VALSAD}). Vehicle: 120. This entry will not be affected if the loading operation is deleted.,false,120
611,64846,10-04-2025,DAMKONDWAR AGENCY - MUKRAMABAD,VALSAD,PENDING DESP,100,71761,6,2025-04-10T13:57:00.037Z,Auto-generated from loading operation #492 when status changed to READY≈DESP. Storekeeper: PRIYANK PATEL (DISPATCH {VALSAD}). Vehicle: 143. This entry will not be affected if the loading operation is deleted.,false,143
612,64854,10-04-2025,SHIVSAI AGENCY - ALIBAUG,VALSAD,PENDING DESP,875,682173,6,2025-04-10T14:44:40.138Z,Auto-generated from loading operation #491 when status changed to READY≈DESP. Storekeeper: PRIYANK PATEL (DISPATCH {VALSAD}). Vehicle: 139. This entry will not be affected if the loading operation is deleted.,false,139
613,64827,10-04-2025,PUJA BHAKTI DISTRIBUTORS - C S NAGAR,VALSAD,PENDING DESP,893,652636,6,2025-04-10T14:49:21.876Z,Auto-generated from loading operation #451 when status changed to READY≈DESP. Storekeeper: PRIYANK PATEL (DISPATCH {VALSAD}). Vehicle: 59. This entry will not be affected if the loading operation is deleted.,false,59
614,64834,10-04-2025,ISHWARKRUPA MARKETING - PARLI VAIJNATH,VALSAD,PENDING DESP,962,680209,11,2025-04-10T16:27:23.732Z,Auto-generated from loading operation #495 when status changed to READY≈DESP. Storekeeper: DIVYANG PATEL (DISPATCH {VALSAD}). Vehicle: 17. This entry will not be affected if the loading operation is deleted.,false,17
615,64848,10-04-2025,MAHAVEER TRADERS - LOHA,VALSAD,PENDING DESP,875,623629,11,2025-04-10T16:29:32.162Z,Auto-generated from loading operation #493 when status changed to READY≈DESP. Storekeeper: DIVYANG PATEL (DISPATCH {VALSAD}). Vehicle: 131. This entry will not be affected if the loading operation is deleted.,false,131
616,64845,10-04-2025,SIDDHESHWAR AGENCIES - NILANGA,VALSAD,PENDING DESP,376,214795,6,2025-04-10T16:37:05.695Z,Auto-generated from loading operation #494 when status changed to READY≈DESP. Storekeeper: PRIYANK PATEL (DISPATCH {VALSAD}). Vehicle: 40. This entry will not be affected if the loading operation is deleted.,false,40
617,64837,10-04-2025,AMARNATH AGENCY - LATUR,VALSAD,PENDING DESP,715,508751,16,2025-04-10T16:38:10.341Z,Auto-generated from loading operation #489 when status changed to READY≈DESP. Storekeeper: TEJASH M PATEL (DISPATCH {VALSAD}). Vehicle: 113. This entry will not be affected if the loading operation is deleted.,false,113
618,64838,10-04-2025,SHRI NARASHAM MAHARAJ AGENCIES - WALANDI,VALSAD,PENDING DESP,227,180024,16,2025-04-10T16:38:28.975Z,Auto-generated from loading operation #488 when status changed to READY≈DESP. Storekeeper: TEJASH M PATEL (DISPATCH {VALSAD}). Vehicle: 113. This entry will not be affected if the loading operation is deleted.,false,113
619,64858,10-04-2025,SHOURYA ENTERPRISES - RAJAPUR,VALSAD,PENDING DESP,420,336081,11,2025-04-10T16:49:48.796Z,Auto-generated from loading operation #496 when status changed to READY≈DESP. Storekeeper: DIVYANG PATEL (DISPATCH {VALSAD}). Vehicle: 111. This entry will not be affected if the loading operation is deleted.,false,111
620,64862,10-04-2025,VEDANT ENTERPRISES - SAWANTWADI,VALSAD,PENDING DESP,862,647381,6,2025-04-10T18:09:00.548Z,Auto-generated from loading operation #498 when status changed to READY≈DESP. Storekeeper: PRIYANK PATEL (DISPATCH {VALSAD}). Vehicle: 131. This entry will not be affected if the loading operation is deleted.,false,131
621,64859,10-04-2025,SUVARNA ENTERPRISES - LANJA,VALSAD,PENDING DESP,515,366057,11,2025-04-10T18:18:23.082Z,Auto-generated from loading operation #497 when status changed to READY≈DESP. Storekeeper: DIVYANG PATEL (DISPATCH {VALSAD}). Vehicle: 111. This entry will not be affected if the loading operation is deleted.,false,111
622,64913,11-04-2025,OM ENTERPRISES - TATHAWADI,VALSAD,PENDING DESP,700,470096,16,2025-04-11T05:24:47.253Z,Auto-generated from loading operation #506 when status changed to READY≈DESP. Storekeeper: TEJASH M PATEL (DISPATCH {VALSAD}). Vehicle: 87. This entry will not be affected if the loading operation is deleted.,false,87
623,64935,11-04-2025,OM ENTERPRISES - MURBAD,VALSAD,PENDING DESP,817,567294,15,2025-04-11T05:54:50.267Z,Auto-generated from loading operation #503 when status changed to READY≈DESP. Storekeeper: BHIKHUBHAI PATEL (DISPATCH {VALSAD}). Vehicle: 49. This entry will not be affected if the loading operation is deleted.,false,49
624,64917,11-04-2025,RAJDEEP AGENCIES - MALHARPETH,VALSAD,PENDING DESP,843,603000,12,2025-04-11T05:55:15.849Z,Auto-generated from loading operation #504 when status changed to READY≈DESP. Storekeeper: AKSHAY PATEL (DISPATCH {VALSAD}). Vehicle: 164. This entry will not be affected if the loading operation is deleted.,false,164
625,64918,11-04-2025,YASH ENTERPRISES - VAI,VALSAD,PENDING DESP,736,535446,5,2025-04-11T06:07:38.733Z,Auto-generated from loading operation #500 when status changed to READY≈DESP. Storekeeper: BADELAL VARMA (DISPATCH {VALSAD}). Vehicle: 62. This entry will not be affected if the loading operation is deleted.,false,62
626,64939,11-04-2025,PRABHU SALES AGENCY - PANVEL,VALSAD,PENDING DESP,846,605863,15,2025-04-11T06:20:14.808Z,Auto-generated from loading operation #510 when status changed to READY≈DESP. Storekeeper: BHIKHUBHAI PATEL (DISPATCH {VALSAD}). Vehicle: 178. This entry will not be affected if the loading operation is deleted.,false,178
627,64921,11-04-2025,YASH AGENCISES - FALTAN,VALSAD,PENDING DESP,897,630296,16,2025-04-11T06:24:23.342Z,Auto-generated from loading operation #501 when status changed to READY≈DESP. Storekeeper: TEJASH M PATEL (DISPATCH {VALSAD}). Vehicle: 146. This entry will not be affected if the loading operation is deleted.,false,146
628,64941,11-04-2025,OMKAR AGENCIES - SHIRUR,VALSAD,PENDING DESP,899,677007,5,2025-04-11T08:21:27.022Z,Auto-generated from loading operation #505 when status changed to READY≈DESP. Storekeeper: BADELAL VARMA (DISPATCH {VALSAD}). Vehicle: 179. This entry will not be affected if the loading operation is deleted.,false,179
629,64946,11-04-2025,DHANSHREE AGENCIES - NAGAR KARJAT,VALSAD,PENDING DESP,796,568424,12,2025-04-11T08:47:58.649Z,Auto-generated from loading operation #507 when status changed to READY≈DESP. Storekeeper: AKSHAY PATEL (DISPATCH {VALSAD}). Vehicle: 73. This entry will not be affected if the loading operation is deleted.,false,73
630,64936,11-04-2025,SHYAM AGENCY - BHIWANDI,VALSAD,PENDING DESP,940,723882,16,2025-04-11T08:47:59.310Z,Auto-generated from loading operation #509 when status changed to READY≈DESP. Storekeeper: TEJASH M PATEL (DISPATCH {VALSAD}). Vehicle: 5. This entry will not be affected if the loading operation is deleted.,false,5
631,64929,11-04-2025,GURUKRUPA ENTERPRISES - KALAMBOLI,VALSAD,PENDING DESP,880,659120,14,2025-04-11T08:47:59.992Z,Auto-generated from loading operation #502 when status changed to READY≈DESP. Storekeeper: YASH S PATEL (DISPATCH {VALSAD}). Vehicle: 136. This entry will not be affected if the loading operation is deleted.,false,136
632,64944,11-04-2025,SHUBHANKAR AGENCY - PARNER,VALSAD,PENDING DESP,411,285709,14,2025-04-11T08:48:45.251Z,Auto-generated from loading operation #515 when status changed to READY≈DESP. Storekeeper: YASH S PATEL (DISPATCH {VALSAD}). Vehicle: 180. This entry will not be affected if the loading operation is deleted.,false,180
633,64945,11-04-2025,OMKARESHWAR AGENCY - SHRIGONDA,VALSAD,PENDING DESP,496,346214,14,2025-04-11T08:49:39.344Z,Auto-generated from loading operation #517 when status changed to READY≈DESP. Storekeeper: YASH S PATEL (DISPATCH {VALSAD}). Vehicle: 180. This entry will not be affected if the loading operation is deleted.,false,180
634,64922,11-04-2025,SHREYA AGENCIES - AKLUJ,VALSAD,PENDING DESP,885,638537,12,2025-04-11T08:50:10.303Z,Auto-generated from loading operation #516 when status changed to READY≈DESP. Storekeeper: AKSHAY PATEL (DISPATCH {VALSAD}). Vehicle: 16. This entry will not be affected if the loading operation is deleted.,false,16
635,64910,11-04-2025,PADMAVATI AGENCY - KATRAJ BIBWEWADI,VALSAD,PENDING DESP,653,460108,14,2025-04-11T08:50:51.143Z,Auto-generated from loading operation #518 when status changed to READY≈DESP. Storekeeper: YASH S PATEL (DISPATCH {VALSAD}). Vehicle: 128. This entry will not be affected if the loading operation is deleted.,false,128
636,64938,11-04-2025,ADITYA ENTERPRISES - VITA,VALSAD,PENDING DESP,843,569036,14,2025-04-11T08:57:06.539Z,Auto-generated from loading operation #519 when status changed to READY≈DESP. Storekeeper: YASH S PATEL (DISPATCH {VALSAD}). Vehicle: 44. This entry will not be affected if the loading operation is deleted.,false,44
637,64915,11-04-2025,SHIV ENTERPRISES - KONDHWA,VALSAD,PENDING DESP,801,584976,15,2025-04-11T09:06:02.018Z,Auto-generated from loading operation #521 when status changed to READY≈DESP. Storekeeper: BHIKHUBHAI PATEL (DISPATCH {VALSAD}). Vehicle: 158. This entry will not be affected if the loading operation is deleted.,false,158
638,64943,11-04-2025,RELIANCE RETAILING LTD - CHAKAN,VALSAD,PENDING DESP,325,220266,15,2025-04-11T09:07:21.366Z,Auto-generated from loading operation #522 when status changed to READY≈DESP. Storekeeper: BHIKHUBHAI PATEL (DISPATCH {VALSAD}). Vehicle: 166. This entry will not be affected if the loading operation is deleted.,false,166
639,64942,11-04-2025,VEDANT ENTERPRISES - CHAKAN,VALSAD,PENDING DESP,586,453211,15,2025-04-11T09:08:54.616Z,Auto-generated from loading operation #523 when status changed to READY≈DESP. Storekeeper: BHIKHUBHAI PATEL (DISPATCH {VALSAD}). Vehicle: 166. This entry will not be affected if the loading operation is deleted.,false,166
640,64909,11-04-2025,SHARAD AGENCY - KUTHRUD,VALSAD,PENDING DESP,697,524023,15,2025-04-11T09:11:15.842Z,Auto-generated from loading operation #524 when status changed to READY≈DESP. Storekeeper: BHIKHUBHAI PATEL (DISPATCH {VALSAD}). Vehicle: 21. This entry will not be affected if the loading operation is deleted.,false,21
641,64907,11-04-2025,M S ENTERPRISES - KHADAKWASLA,VALSAD,PENDING DESP,655,494671,16,2025-04-11T09:29:09.466Z,Auto-generated from loading operation #513 when status changed to READY≈DESP. Storekeeper: TEJASH M PATEL (DISPATCH {VALSAD}). Vehicle: 51. This entry will not be affected if the loading operation is deleted.,false,51
642,64920,11-04-2025,YASH AGENCISES - FALTAN,VALSAD,PENDING DESP,548,438839,5,2025-04-11T09:33:09.072Z,Auto-generated from loading operation #520 when status changed to READY≈DESP. Storekeeper: BADELAL VARMA (DISPATCH {VALSAD}). Vehicle: 168. This entry will not be affected if the loading operation is deleted.,false,168
643,64908,11-04-2025,MAHI ENTERPRISES - WARJE,VALSAD,PENDING DESP,674,497616,5,2025-04-11T09:37:55.501Z,Auto-generated from loading operation #512 when status changed to READY≈DESP. Storekeeper: BADELAL VARMA (DISPATCH {VALSAD}). Vehicle: 95. This entry will not be affected if the loading operation is deleted.,false,95
644,64919,11-04-2025,TULJA ENTERPRISES - KHATAV,VALSAD,PENDING DESP,315,225771,5,2025-04-11T09:38:05.896Z,Auto-generated from loading operation #514 when status changed to READY≈DESP. Storekeeper: BADELAL VARMA (DISPATCH {VALSAD}). Vehicle: 168. This entry will not be affected if the loading operation is deleted.,false,168
645,64930,11-04-2025,CHHAYA ENTERPRISES - AMBERNATH,VALSAD,PENDING DESP,776,541447,5,2025-04-11T09:47:02.356Z,Auto-generated from loading operation #508 when status changed to READY≈DESP. Storekeeper: BADELAL VARMA (DISPATCH {VALSAD}). Vehicle: 46. This entry will not be affected if the loading operation is deleted.,false,46
646,64934,11-04-2025,EKDANT ENTERPRISES - TITWALA,VALSAD,PENDING DESP,880,668872,15,2025-04-11T10:21:06.621Z,Auto-generated from loading operation #528 when status changed to READY≈DESP. Storekeeper: BHIKHUBHAI PATEL (DISPATCH {VALSAD}). Vehicle: 152. This entry will not be affected if the loading operation is deleted.,false,152
647,64900,11-04-2025,GAJANAN ENTERPRISES - INDAPUR,VALSAD,PENDING DESP,578,451039,12,2025-04-11T10:28:25.660Z,Auto-generated from loading operation #530 when status changed to READY≈DESP. Storekeeper: AKSHAY PATEL (DISPATCH {VALSAD}). Vehicle: 2. This entry will not be affected if the loading operation is deleted.,false,2
648,64948,11-04-2025,AVENUE SUPERMARTS LTD - NIMSHIRGAON,VALSAD,PENDING DESP,994,675086,5,2025-04-11T10:47:54.545Z,Auto-generated from loading operation #532 when status changed to READY≈DESP. Storekeeper: BADELAL VARMA (DISPATCH {VALSAD}). Vehicle: 105. This entry will not be affected if the loading operation is deleted.,false,105
649,64903,11-04-2025,MORYA SALES - MORGAON,VALSAD,PENDING DESP,444,323037,16,2025-04-11T10:48:53.649Z,Auto-generated from loading operation #527 when status changed to READY≈DESP. Storekeeper: TEJASH M PATEL (DISPATCH {VALSAD}). Vehicle: 12. This entry will not be affected if the loading operation is deleted.,false,12
650,64902,11-04-2025,GANESH AGENCY - DAUND,VALSAD,PENDING DESP,475,349966,16,2025-04-11T10:50:20.896Z,Auto-generated from loading operation #526 when status changed to READY≈DESP. Storekeeper: TEJASH M PATEL (DISPATCH {VALSAD}). Vehicle: 12. This entry will not be affected if the loading operation is deleted.,false,12
651,64932,11-04-2025,MAHEK AGENCY - MUMBRA,VALSAD,PENDING DESP,991,770436,5,2025-04-11T11:11:58.407Z,Auto-generated from loading operation #511 when status changed to READY≈DESP. Storekeeper: BADELAL VARMA (DISPATCH {VALSAD}). Vehicle: 127. This entry will not be affected if the loading operation is deleted.,false,127
652,64901,11-04-2025,KAMLABHAVANI AGENCY - KARMALA,VALSAD,PENDING DESP,320,223489,12,2025-04-11T11:22:38.330Z,Auto-generated from loading operation #531 when status changed to READY≈DESP. Storekeeper: AKSHAY PATEL (DISPATCH {VALSAD}). Vehicle: 2. This entry will not be affected if the loading operation is deleted.,false,2
653,64906,11-04-2025,MAYURESHWAR AGENCIES - KHANDALA,VALSAD,PENDING DESP,687,477026,14,2025-04-11T11:25:58.426Z,Auto-generated from loading operation #536 when status changed to READY≈DESP. Storekeeper: YASH S PATEL (DISPATCH {VALSAD}). Vehicle: 21. This entry will not be affected if the loading operation is deleted.,false,21
654,64931,11-04-2025,CHHAYA ENTERPRISES - AMBERNATH,VALSAD,PENDING DESP,808,636750,15,2025-04-11T11:32:13.842Z,Auto-generated from loading operation #533 when status changed to READY≈DESP. Storekeeper: BHIKHUBHAI PATEL (DISPATCH {VALSAD}). Vehicle: 45. This entry will not be affected if the loading operation is deleted.,false,45
655,64947,11-04-2025,RAJ AGENCIES - SHREEGONDA,VALSAD,PENDING DESP,706,511706,16,2025-04-11T11:34:24.443Z,Auto-generated from loading operation #534 when status changed to READY≈DESP. Storekeeper: TEJASH M PATEL (DISPATCH {VALSAD}). Vehicle: 35. This entry will not be affected if the loading operation is deleted.,false,35
656,64933,11-04-2025,NAVNEET ENTERPRISES - KALYAN,VALSAD,PENDING DESP,712,543343,5,2025-04-11T11:51:09.770Z,Auto-generated from loading operation #535 when status changed to READY≈DESP. Storekeeper: BADELAL VARMA (DISPATCH {VALSAD}). Vehicle: 101. This entry will not be affected if the loading operation is deleted.,false,101
657,64867,10-04-2025,MEGHA ENTERPRISES - DEHU ROAD,VALSAD,PENDING DESP,859,640002,6,2025-04-11T12:02:50.625Z,Auto-generated from loading operation #499 when status changed to READY≈DESP. Storekeeper: PRIYANK PATEL (DISPATCH {VALSAD}). Vehicle: 124. This entry will not be affected if the loading operation is deleted.,false,124
658,64851,10-04-2025,VAHANVATI AGENCY - LONAVALA,VALSAD,PENDING DESP,1084,750516,4,2025-04-11T12:20:29.894Z,Auto-generated from loading operation #537 when status changed to READY≈DESP. Storekeeper: YAGNIK PATEL (BILLING). Vehicle: 109. This entry will not be affected if the loading operation is deleted.,false,109
659,64937,11-04-2025,RAJASHREE SALES - RASTA PETH,VALSAD,PENDING DESP,788,586534,14,2025-04-11T13:01:38.547Z,Auto-generated from loading operation #525 when status changed to READY≈DESP. Storekeeper: YASH S PATEL (DISPATCH {VALSAD}). Vehicle: 69. This entry will not be affected if the loading operation is deleted.,false,69
660,64905,11-04-2025,DIVYANSHU ENTERPRISES - PANCHGANI,VALSAD,PENDING DESP,389,293876,4,2025-04-11T13:02:37.881Z,Auto-generated from loading operation #541 when status changed to READY≈DESP. Storekeeper: YAGNIK PATEL (BILLING). Vehicle: 75. This entry will not be affected if the loading operation is deleted.,false,75
661,64899,11-04-2025,GAJANAN ENTERPRISES - INDAPUR,VALSAD,PENDING DESP,946,644013,15,2025-04-11T13:02:38.757Z,Auto-generated from loading operation #529 when status changed to READY≈DESP. Storekeeper: BHIKHUBHAI PATEL (DISPATCH {VALSAD}). Vehicle: 43. This entry will not be affected if the loading operation is deleted.,false,43
662,64928,11-04-2025,SHRI SWAMI SAMARTH AGENCIES - CHIPLUN,VALSAD,PENDING DESP,864,642558,11,2025-04-11T13:25:57.758Z,Auto-generated from loading operation #544 when status changed to READY≈DESP. Storekeeper: DIVYANG PATEL (DISPATCH {VALSAD}). Vehicle: 54. This entry will not be affected if the loading operation is deleted.,false,54
663,64926,11-04-2025,RUDRA ENTERPRISES - C S NAGAR,VALSAD,PENDING DESP,685,525092,6,2025-04-11T16:13:44.004Z,Auto-generated from loading operation #543 when status changed to READY≈DESP. Storekeeper: PRIYANK PATEL (DISPATCH {VALSAD}). Vehicle: 102. This entry will not be affected if the loading operation is deleted.,false,102
664,64914,11-04-2025,SHIV ENTERPRISES - KONDHWA,VALSAD,PENDING DESP,844,622646,11,2025-04-11T16:13:44.229Z,Auto-generated from loading operation #548 when status changed to READY≈DESP. Storekeeper: DIVYANG PATEL (DISPATCH {VALSAD}). Vehicle: 15. This entry will not be affected if the loading operation is deleted.,false,15
665,64925,11-04-2025,RUDRA ENTERPRISES - C S NAGAR,VALSAD,PENDING DESP,755,594771,11,2025-04-11T16:27:42.032Z,Auto-generated from loading operation #549 when status changed to READY≈DESP. Storekeeper: DIVYANG PATEL (DISPATCH {VALSAD}). Vehicle: 139. This entry will not be affected if the loading operation is deleted.,false,139
666,64927,11-04-2025,JAIN DISTRIBUTORS - C S NAGAR,VALSAD,PENDING DESP,926,715125,11,2025-04-11T17:26:13.850Z,Auto-generated from loading operation #546 when status changed to READY≈DESP. Storekeeper: DIVYANG PATEL (DISPATCH {VALSAD}). Vehicle: 184. This entry will not be affected if the loading operation is deleted.,false,184
667,64912,11-04-2025,OM ENTERPRISES - TATHAWADI,VALSAD,PENDING DESP,848,656359,11,2025-04-12T03:59:10.892Z,Auto-generated from loading operation #550 when status changed to READY≈DESP. Storekeeper: DIVYANG PATEL (DISPATCH {VALSAD}). Vehicle: 53. This entry will not be affected if the loading operation is deleted.,false,53
668,64911,11-04-2025,PUNYAI ENTERPRISES - DHANKAWADI,VALSAD,PENDING DESP,877,668134,4,2025-04-12T04:05:06.001Z,Auto-generated from loading operation #551 when status changed to READY≈DESP. Storekeeper: YAGNIK PATEL (BILLING). Vehicle: 55. This entry will not be affected if the loading operation is deleted.,false,55